gu,dong,year,month,rent_type,housing_category,transaction_count,median_deposit,mean_deposit,std_deposit,q25_deposit,q75_deposit,median_monthly_rent,mean_monthly_rent,std_monthly_rent,new_contract_count,is_partial_year
노원구,공릉동,2021,1,월세,연립다세대,47,1000.0,1627.7,1863.5,1000.0,2000.0,40.0,40.91,8.97,1,0
노원구,공릉동,2021,1,월세,오피스텔,3,1000.0,1633.3,1365.0,850.0,2100.0,45.0,43.33,12.58,0,0
노원구,공릉동,2021,1,전세,연립다세대,19,9000.0,14835.5,10336.6,6650.0,24500.0,,,,2,0
노원구,공릉동,2021,1,전세,오피스텔,2,14425.0,14425.0,4843.7,12712.5,16137.5,,,,0,0
노원구,공릉동,2021,2,월세,연립다세대,33,1000.0,1775.8,1913.8,1000.0,2000.0,40.0,43.24,8.11,2,0
노원구,공릉동,2021,2,월세,오피스텔,3,1000.0,1166.7,763.8,750.0,1500.0,40.0,39.0,1.73,0,0
노원구,공릉동,2021,2,전세,연립다세대,23,13000.0,14184.8,6813.0,10000.0,18100.0,,,,0,0
노원구,공릉동,2021,2,전세,오피스텔,3,12000.0,12000.0,2000.0,11000.0,13000.0,,,,0,0
노원구,공릉동,2021,3,월세,연립다세대,21,3000.0,3028.6,2335.2,1000.0,4000.0,35.0,35.29,16.15,0,0
노원구,공릉동,2021,3,월세,오피스텔,3,1000.0,3333.3,4041.5,1000.0,4500.0,40.0,35.0,22.91,0,0
노원구,공릉동,2021,3,전세,연립다세대,14,13000.0,13250.0,6868.5,8800.0,14000.0,,,,0,0
노원구,공릉동,2021,3,전세,오피스텔,1,10000.0,10000.0,,10000.0,10000.0,,,,0,0
노원구,공릉동,2021,4,월세,연립다세대,20,1917.0,2276.7,1646.7,1000.0,3204.25,36.0,35.5,22.03,0,0
노원구,공릉동,2021,4,월세,오피스텔,2,500.0,500.0,0.0,500.0,500.0,37.5,37.5,17.68,0,0
노원구,공릉동,2021,4,전세,연립다세대,14,13000.0,11985.0,6270.0,7125.0,14925.0,,,,0,0
노원구,공릉동,2021,4,전세,오피스텔,1,9500.0,9500.0,,9500.0,9500.0,,,,0,0
노원구,공릉동,2021,5,월세,연립다세대,19,2000.0,3854.8,4909.9,1000.0,5170.5,45.0,40.26,17.9,1,0
노원구,공릉동,2021,5,월세,오피스텔,2,500.0,500.0,0.0,500.0,500.0,50.0,50.0,0.0,0,0
노원구,공릉동,2021,5,전세,연립다세대,13,15000.0,14761.5,7268.8,7000.0,17800.0,,,,1,0
노원구,공릉동,2021,5,전세,오피스텔,2,12100.0,12100.0,5798.3,10050.0,14150.0,,,,0,0
노원구,공릉동,2021,6,월세,연립다세대,21,1000.0,3948.0,6216.2,1000.0,2000.0,45.0,37.81,18.15,13,0
노원구,공릉동,2021,6,월세,오피스텔,3,1000.0,1000.0,0.0,1000.0,1000.0,50.0,48.33,12.58,3,0
노원구,공릉동,2021,6,전세,연립다세대,9,7870.0,8296.7,2521.5,6300.0,9500.0,,,,5,0
노원구,공릉동,2021,6,전세,오피스텔,1,20000.0,20000.0,,20000.0,20000.0,,,,1,0
노원구,공릉동,2021,7,월세,연립다세대,34,1850.0,3561.2,4284.8,792.25,4859.0,40.0,35.26,14.95,16,0
노원구,공릉동,2021,7,월세,오피스텔,1,500.0,500.0,,500.0,500.0,50.0,50.0,,1,0
노원구,공릉동,2021,7,전세,연립다세대,17,11550.0,14014.7,6013.2,9450.0,19500.0,,,,9,0
노원구,공릉동,2021,7,전세,오피스텔,3,13000.0,12666.7,1527.5,12000.0,13500.0,,,,1,0
노원구,공릉동,2021,8,월세,연립다세대,18,1000.0,3548.9,4806.7,1000.0,2600.0,40.0,36.5,13.46,13,0
노원구,공릉동,2021,8,월세,오피스텔,2,750.0,750.0,353.6,625.0,875.0,46.5,46.5,4.95,2,0
노원구,공릉동,2021,8,전세,연립다세대,18,12500.0,15827.8,7941.8,8800.0,24500.0,,,,10,0
노원구,공릉동,2021,9,월세,연립다세대,17,1000.0,2986.8,3618.5,580.0,3265.0,35.0,37.0,16.77,10,0
노원구,공릉동,2021,9,월세,오피스텔,2,5000.0,5000.0,5656.9,3000.0,7000.0,27.5,27.5,31.82,1,0
노원구,공릉동,2021,9,전세,연립다세대,14,8700.0,11297.9,6711.4,7442.5,14400.0,,,,5,0
노원구,공릉동,2021,9,전세,오피스텔,1,15000.0,15000.0,,15000.0,15000.0,,,,0,0
노원구,공릉동,2021,10,월세,연립다세대,17,3000.0,5812.8,5231.8,1000.0,11000.0,26.0,32.71,25.79,8,0
노원구,공릉동,2021,10,월세,오피스텔,1,500.0,500.0,,500.0,500.0,56.0,56.0,,1,0
노원구,공릉동,2021,10,전세,연립다세대,17,13000.0,15123.5,8344.7,9000.0,24000.0,,,,8,0
노원구,공릉동,2021,11,월세,연립다세대,19,2000.0,3693.2,4663.5,1000.0,4500.0,36.0,34.11,18.23,14,0
노원구,공릉동,2021,11,월세,오피스텔,1,1000.0,1000.0,,1000.0,1000.0,70.0,70.0,,1,0
노원구,공릉동,2021,11,전세,연립다세대,31,6825.0,11308.2,6796.7,6000.0,16000.0,,,,10,0
노원구,공릉동,2021,11,전세,오피스텔,1,10500.0,10500.0,,10500.0,10500.0,,,,0,0
노원구,공릉동,2021,12,월세,연립다세대,60,1711.0,2815.7,2959.2,1000.0,3250.0,40.5,40.4,18.22,45,0
노원구,공릉동,2021,12,월세,오피스텔,1,1000.0,1000.0,,1000.0,1000.0,40.0,40.0,,1,0
노원구,공릉동,2021,12,전세,연립다세대,20,10500.0,14082.5,6636.2,8800.0,18500.0,,,,10,0
노원구,공릉동,2022,1,월세,연립다세대,80,1000.0,2049.8,3033.3,875.0,2000.0,42.0,41.52,14.41,65,0
노원구,공릉동,2022,1,월세,오피스텔,12,1000.0,1250.0,723.0,1000.0,1250.0,51.0,54.58,16.63,11,0
노원구,공릉동,2022,1,전세,연립다세대,26,11500.0,12877.9,6599.4,7125.0,15525.0,,,,14,0
노원구,공릉동,2022,1,전세,오피스텔,4,17000.0,17500.0,3000.0,15000.0,19500.0,,,,4,0
노원구,공릉동,2022,2,월세,연립다세대,56,1000.0,2016.0,2245.5,875.0,2250.0,40.5,40.86,17.39,40,0
노원구,공릉동,2022,2,월세,오피스텔,10,1000.0,1350.0,1081.4,625.0,1750.0,45.0,52.8,16.47,10,0
노원구,공릉동,2022,2,전세,연립다세대,13,16000.0,16461.5,7346.2,9450.0,23000.0,,,,5,0
노원구,공릉동,2022,2,전세,오피스텔,3,22000.0,17500.0,7794.2,15250.0,22000.0,,,,2,0
노원구,공릉동,2022,3,월세,연립다세대,28,1000.0,2210.7,2707.4,500.0,2000.0,43.0,43.46,13.07,20,0
노원구,공릉동,2022,3,월세,오피스텔,2,2500.0,2500.0,707.1,2250.0,2750.0,70.0,70.0,14.14,2,0
노원구,공릉동,2022,3,전세,연립다세대,13,15000.0,13425.0,6611.9,8900.0,17000.0,,,,4,0
노원구,공릉동,2022,3,전세,오피스텔,2,15000.0,15000.0,8485.3,12000.0,18000.0,,,,2,0
노원구,공릉동,2022,4,월세,연립다세대,13,1000.0,3419.2,4302.3,1000.0,4000.0,45.0,43.69,11.16,12,0
노원구,공릉동,2022,4,월세,오피스텔,7,2000.0,2571.4,3347.0,750.0,2000.0,40.0,52.86,35.46,5,0
노원구,공릉동,2022,4,전세,연립다세대,17,15000.0,14024.7,6993.2,7870.0,17000.0,,,,11,0
노원구,공릉동,2022,4,전세,오피스텔,2,15500.0,15500.0,6364.0,13250.0,17750.0,,,,1,0
노원구,공릉동,2022,5,월세,연립다세대,22,2000.0,5227.3,6372.8,1000.0,8500.0,39.0,37.36,16.5,13,0
노원구,공릉동,2022,5,월세,오피스텔,1,1000.0,1000.0,,1000.0,1000.0,40.0,40.0,,1,0
노원구,공릉동,2022,5,전세,연립다세대,10,16500.0,17705.0,6235.6,13425.0,23087.5,,,,4,0
노원구,공릉동,2022,5,전세,오피스텔,1,9200.0,9200.0,,9200.0,9200.0,,,,1,0
노원구,공릉동,2022,6,월세,연립다세대,25,2000.0,2616.0,2561.8,500.0,4000.0,40.0,38.6,12.09,18,0
노원구,공릉동,2022,6,전세,연립다세대,15,12000.0,12856.7,6955.0,9000.0,13750.0,,,,8,0
노원구,공릉동,2022,6,전세,오피스텔,1,10000.0,10000.0,,10000.0,10000.0,,,,0,0
노원구,공릉동,2022,7,월세,연립다세대,27,1000.0,1506.7,1632.8,500.0,2000.0,43.0,43.11,12.65,25,0
노원구,공릉동,2022,7,월세,오피스텔,3,1000.0,1666.7,1154.7,1000.0,2000.0,50.0,51.67,7.64,2,0
노원구,공릉동,2022,7,전세,연립다세대,21,15000.0,15550.5,8071.8,9450.0,20000.0,,,,8,0
노원구,공릉동,2022,7,전세,오피스텔,2,15750.0,15750.0,6010.4,13625.0,17875.0,,,,0,0
노원구,공릉동,2022,8,월세,연립다세대,16,2000.0,4968.8,6510.2,1000.0,7375.0,40.0,38.69,13.99,10,0
노원구,공릉동,2022,8,월세,오피스텔,3,1000.0,1333.3,577.4,1000.0,1500.0,55.0,60.0,22.91,3,0
노원구,공릉동,2022,8,전세,연립다세대,15,14700.0,17023.3,9421.4,10500.0,21000.0,,,,6,0
노원구,공릉동,2022,8,전세,오피스텔,2,9000.0,9000.0,1414.2,8500.0,9500.0,,,,1,0
노원구,공릉동,2022,9,월세,연립다세대,14,2068.0,3402.3,3865.4,1000.0,3000.0,40.0,39.43,16.61,10,0
노원구,공릉동,2022,9,월세,오피스텔,1,3000.0,3000.0,,3000.0,3000.0,20.0,20.0,,0,0
노원구,공릉동,2022,9,전세,연립다세대,9,14400.0,13966.7,6317.0,11500.0,16500.0,,,,2,0
노원구,공릉동,2022,10,월세,연립다세대,16,1000.0,4893.8,7054.7,1000.0,5075.0,41.5,46.25,22.05,13,0
노원구,공릉동,2022,10,월세,오피스텔,5,500.0,1700.0,2413.5,500.0,1000.0,45.0,40.0,17.68,4,0
노원구,공릉동,2022,10,전세,연립다세대,14,10750.0,12121.4,5317.7,9250.0,13912.5,,,,6,0
노원구,공릉동,2022,11,월세,연립다세대,24,1000.0,1770.8,2021.5,1000.0,2000.0,45.0,44.92,12.97,16,0
노원구,공릉동,2022,11,월세,오피스텔,1,1000.0,1000.0,,1000.0,1000.0,40.0,40.0,,1,0
노원구,공릉동,2022,11,전세,연립다세대,19,15000.0,16034.2,8110.5,8250.0,22000.0,,,,7,0
노원구,공릉동,2022,12,월세,연립다세대,87,1000.0,2315.5,2812.1,1000.0,2000.0,42.0,42.01,15.69,75,0
노원구,공릉동,2022,12,월세,오피스텔,7,1000.0,3000.0,3415.7,1000.0,4500.0,50.0,41.43,22.68,7,0
노원구,공릉동,2022,12,전세,연립다세대,29,9000.0,12319.0,5965.1,7500.0,17000.0,,,,14,0
노원구,공릉동,2022,12,전세,오피스텔,1,11000.0,11000.0,,11000.0,11000.0,,,,0,0
노원구,공릉동,2023,1,월세,연립다세대,68,1000.0,2475.6,3015.5,1000.0,2000.0,40.0,38.88,14.7,51,0
노원구,공릉동,2023,1,월세,오피스텔,7,1000.0,1142.9,378.0,1000.0,1000.0,55.0,58.57,16.0,7,0
노원구,공릉동,2023,1,전세,연립다세대,16,9750.0,11688.4,6353.8,7573.75,12575.0,,,,8,0
노원구,공릉동,2023,1,전세,오피스텔,3,11000.0,14000.0,6082.8,10500.0,16000.0,,,,2,0
노원구,공릉동,2023,2,월세,연립다세대,45,1000.0,2204.3,3453.7,500.0,2000.0,43.0,46.56,23.19,33,0
노원구,공릉동,2023,2,월세,오피스텔,6,1500.0,3166.7,3750.6,625.0,4250.0,45.0,36.33,24.9,5,0
노원구,공릉동,2023,2,전세,연립다세대,30,14425.0,13880.0,6233.3,10000.0,17500.0,,,,16,0
노원구,공릉동,2023,2,전세,오피스텔,1,12600.0,12600.0,,12600.0,12600.0,,,,0,0
노원구,공릉동,2023,3,월세,연립다세대,18,2000.0,3208.3,3561.2,1000.0,4000.0,41.0,42.94,18.43,14,0
노원구,공릉동,2023,3,월세,오피스텔,2,750.0,750.0,353.6,625.0,875.0,47.5,47.5,3.54,2,0
노원구,공릉동,2023,3,전세,연립다세대,14,13500.0,15460.5,6889.9,11625.0,20625.0,,,,7,0
노원구,공릉동,2023,4,월세,연립다세대,15,5000.0,5331.9,5162.2,1000.0,8500.0,35.0,38.0,25.68,10,0
노원구,공릉동,2023,4,월세,오피스텔,2,1500.0,1500.0,707.1,1250.0,1750.0,52.5,52.5,31.82,1,0
노원구,공릉동,2023,4,전세,연립다세대,11,14000.0,14366.4,3167.2,11750.0,16500.0,,,,8,0
노원구,공릉동,2023,5,월세,연립다세대,30,2000.0,3503.3,4541.9,1000.0,4625.0,45.0,43.57,22.67,19,0
노원구,공릉동,2023,5,월세,오피스텔,1,1000.0,1000.0,,1000.0,1000.0,45.0,45.0,,1,0
노원구,공릉동,2023,5,전세,연립다세대,17,12000.0,13684.6,5075.2,9800.0,16800.0,,,,5,0
노원구,공릉동,2023,6,월세,연립다세대,41,1000.0,2807.5,3714.2,1000.0,3000.0,42.0,44.44,22.0,36,0
노원구,공릉동,2023,6,월세,오피스텔,1,500.0,500.0,,500.0,500.0,40.0,40.0,,1,0
노원구,공릉동,2023,6,전세,연립다세대,16,12200.0,15187.5,7258.9,11325.0,20500.0,,,,7,0
노원구,공릉동,2023,6,전세,오피스텔,3,9000.0,9633.3,1644.2,8700.0,10250.0,,,,3,0
노원구,공릉동,2023,7,월세,연립다세대,34,1000.0,2058.8,3034.6,1000.0,2000.0,46.5,50.29,18.8,28,0
노원구,공릉동,2023,7,월세,오피스텔,5,1000.0,3000.0,3464.1,1000.0,3000.0,55.0,46.0,24.6,4,0
노원구,공릉동,2023,7,전세,연립다세대,17,10000.0,11132.4,4896.2,7000.0,17000.0,,,,9,0
노원구,공릉동,2023,7,전세,오피스텔,5,15000.0,15760.0,3776.6,14500.0,18800.0,,,,3,0
노원구,공릉동,2023,8,월세,연립다세대,32,1000.0,5365.6,8382.1,900.0,5250.0,40.0,43.44,24.77,23,0
노원구,공릉동,2023,8,월세,오피스텔,6,1500.0,1666.7,1080.1,1000.0,2000.0,51.0,55.33,20.9,5,0
노원구,공릉동,2023,8,전세,연립다세대,18,24500.0,19252.8,10024.0,10087.5,28000.0,,,,12,0
노원구,공릉동,2023,9,월세,연립다세대,23,1000.0,2002.6,2704.1,750.0,2250.0,43.0,51.61,30.83,15,0
노원구,공릉동,2023,9,월세,오피스텔,1,1000.0,1000.0,,1000.0,1000.0,45.0,45.0,,1,0
노원구,공릉동,2023,9,전세,연립다세대,17,15000.0,16625.9,7607.6,10000.0,19000.0,,,,8,0
노원구,공릉동,2023,10,월세,연립다세대,15,1000.0,3333.3,5320.7,1000.0,2250.0,47.0,47.0,13.08,14,0
노원구,공릉동,2023,10,월세,오피스텔,2,750.0,750.0,353.6,625.0,875.0,56.5,56.5,9.19,2,0
노원구,공릉동,2023,10,전세,연립다세대,19,12000.0,13438.8,6068.6,8500.0,15769.0,,,,11,0
노원구,공릉동,2023,11,월세,연립다세대,28,1000.0,3655.3,4025.4,1000.0,7136.0,42.0,42.14,21.79,24,0
노원구,공릉동,2023,11,월세,오피스텔,2,1000.0,1000.0,0.0,1000.0,1000.0,45.0,45.0,0.0,2,0
노원구,공릉동,2023,11,전세,연립다세대,10,9450.0,11495.0,6285.8,6250.0,15500.0,,,,2,0
노원구,공릉동,2023,12,월세,연립다세대,71,1000.0,1430.9,1303.5,1000.0,1500.0,44.0,45.01,12.39,65,0
노원구,공릉동,2023,12,월세,오피스텔,4,1000.0,1000.0,0.0,1000.0,1000.0,50.0,53.75,15.48,4,0
노원구,공릉동,2023,12,전세,연립다세대,12,9500.0,10750.0,4609.8,7000.0,15000.0,,,,8,0
노원구,공릉동,2023,12,전세,오피스텔,1,11000.0,11000.0,,11000.0,11000.0,,,,0,0
노원구,공릉동,2024,1,월세,연립다세대,81,1000.0,2406.2,2677.2,1000.0,3000.0,44.0,40.58,14.51,73,0
노원구,공릉동,2024,1,월세,오피스텔,11,1000.0,2681.8,3318.7,1000.0,2000.0,50.0,51.55,22.18,10,0
노원구,공릉동,2024,1,전세,연립다세대,26,13800.0,12698.5,6136.1,6475.0,15300.0,,,,14,0
노원구,공릉동,2024,2,월세,연립다세대,48,1000.0,2162.5,1943.0,1000.0,3000.0,50.0,48.81,22.53,46,0
노원구,공릉동,2024,2,월세,오피스텔,8,2000.0,2687.5,3195.3,1000.0,2000.0,69.0,61.25,28.37,8,0
노원구,공릉동,2024,2,전세,연립다세대,19,14000.0,14968.4,6877.6,8500.0,20000.0,,,,13,0
노원구,공릉동,2024,3,월세,연립다세대,13,2000.0,3661.5,4362.6,500.0,4000.0,37.0,37.69,16.9,11,0
노원구,공릉동,2024,3,월세,오피스텔,2,750.0,750.0,353.6,625.0,875.0,57.5,57.5,10.61,2,0
노원구,공릉동,2024,3,전세,연립다세대,13,12400.0,12908.8,5858.9,9700.0,16538.0,,,,10,0
노원구,공릉동,2024,4,월세,연립다세대,18,5000.0,6138.9,5115.4,2000.0,9325.0,38.5,40.44,28.96,13,0
노원구,공릉동,2024,4,월세,오피스텔,3,1000.0,833.3,288.7,750.0,1000.0,50.0,50.0,0.0,3,0
노원구,공릉동,2024,4,전세,연립다세대,8,12495.0,11938.8,4587.2,8260.0,15250.0,,,,7,0
노원구,공릉동,2024,4,전세,오피스텔,1,11000.0,11000.0,,11000.0,11000.0,,,,0,0
노원구,공릉동,2024,5,월세,연립다세대,33,2000.0,4787.9,4846.8,1000.0,7500.0,42.0,42.03,23.04,30,0
노원구,공릉동,2024,5,월세,오피스텔,3,1000.0,1166.7,288.7,1000.0,1250.0,50.0,56.67,16.07,3,0
노원구,공릉동,2024,5,전세,연립다세대,22,24575.0,22749.5,7949.4,17222.5,27325.0,,,,18,0
노원구,공릉동,2024,6,월세,연립다세대,54,1000.0,2734.0,4176.0,1000.0,2000.0,43.5,41.57,13.84,50,0
노원구,공릉동,2024,6,월세,오피스텔,3,1000.0,1333.3,577.4,1000.0,1500.0,65.0,61.67,10.41,3,0
노원구,공릉동,2024,6,전세,연립다세대,22,15250.0,19104.2,11048.7,10010.0,32200.0,,,,14,0
노원구,공릉동,2024,6,전세,오피스텔,1,10000.0,10000.0,,10000.0,10000.0,,,,1,0
노원구,공릉동,2024,7,월세,연립다세대,43,2000.0,2827.4,3594.8,1000.0,2250.0,42.0,45.07,19.69,37,0
노원구,공릉동,2024,7,월세,오피스텔,1,2000.0,2000.0,,2000.0,2000.0,75.0,75.0,,1,0
노원구,공릉동,2024,7,전세,연립다세대,6,12250.0,14500.0,7314.4,10000.0,16750.0,,,,4,0
노원구,공릉동,2024,8,월세,연립다세대,34,1000.0,2973.3,4311.2,1000.0,2000.0,44.5,48.21,19.93,32,0
노원구,공릉동,2024,8,월세,오피스텔,1,4000.0,4000.0,,4000.0,4000.0,7.0,7.0,,1,0
노원구,공릉동,2024,8,전세,연립다세대,9,15000.0,15595.1,6690.2,12000.0,20000.0,,,,6,0
노원구,공릉동,2024,8,전세,오피스텔,1,8400.0,8400.0,,8400.0,8400.0,,,,0,0
노원구,공릉동,2024,9,월세,연립다세대,14,2000.0,2434.7,2941.8,1000.0,3000.0,50.0,54.36,24.11,14,0
노원구,공릉동,2024,9,전세,연립다세대,5,10000.0,12950.0,6472.1,10000.0,17000.0,,,,4,0
노원구,공릉동,2024,10,월세,연립다세대,12,2000.0,3975.0,5869.4,1000.0,4375.0,43.0,44.33,33.1,11,0
노원구,공릉동,2024,10,전세,연립다세대,11,13650.0,17059.1,8939.7,12000.0,27000.0,,,,6,0
노원구,공릉동,2024,11,월세,연립다세대,41,2000.0,4468.3,4911.2,1000.0,6500.0,42.0,37.29,17.53,39,0
노원구,공릉동,2024,11,전세,연립다세대,11,12800.0,12345.5,7406.4,6500.0,15200.0,,,,10,0
노원구,공릉동,2024,12,월세,연립다세대,112,1000.0,1896.4,2907.9,1000.0,1000.0,47.0,48.13,16.39,108,0
노원구,공릉동,2024,12,월세,오피스텔,5,8000.0,5260.0,3890.8,1000.0,8000.0,28.0,34.6,26.57,5,0
노원구,공릉동,2024,12,전세,연립다세대,19,10300.0,11814.4,6040.3,7000.0,14950.0,,,,15,0
노원구,공릉동,2025,1,월세,연립다세대,62,1000.0,3008.1,6477.9,1000.0,2000.0,48.0,49.73,20.13,56,0
노원구,공릉동,2025,1,월세,오피스텔,4,6000.0,6750.0,6291.5,1750.0,11000.0,40.0,46.75,40.32,4,0
노원구,공릉동,2025,1,전세,연립다세대,16,10300.0,11685.9,5872.4,6875.0,15000.0,,,,11,0
노원구,공릉동,2025,1,전세,오피스텔,1,9000.0,9000.0,,9000.0,9000.0,,,,1,0
노원구,공릉동,2025,2,월세,연립다세대,80,1000.0,2889.1,5397.1,665.0,2000.0,43.0,40.98,15.37,58,0
노원구,공릉동,2025,2,월세,오피스텔,6,2000.0,4250.0,4491.7,1250.0,8000.0,52.5,56.5,28.57,6,0
노원구,공릉동,2025,2,전세,연립다세대,22,13700.0,17738.6,15714.8,8087.5,23000.0,,,,11,0
노원구,공릉동,2025,2,전세,오피스텔,1,9000.0,9000.0,,9000.0,9000.0,,,,0,0
노원구,공릉동,2025,3,월세,연립다세대,41,1000.0,4265.9,6733.6,100.0,5500.0,28.0,38.37,35.79,24,0
노원구,공릉동,2025,3,전세,연립다세대,9,13000.0,14208.3,5755.6,9000.0,16000.0,,,,5,0
노원구,공릉동,2025,4,월세,연립다세대,32,1000.0,4107.1,7615.5,432.5,4000.0,41.0,42.91,21.19,25,0
노원구,공릉동,2025,4,월세,오피스텔,3,1000.0,1000.0,0.0,1000.0,1000.0,65.0,61.67,5.77,3,0
노원구,공릉동,2025,4,전세,연립다세대,15,19950.0,22786.7,16154.8,15600.0,24000.0,,,,12,0
노원구,공릉동,2025,5,월세,연립다세대,27,2000.0,3737.0,5178.4,1000.0,4000.0,42.0,40.0,16.65,20,0
노원구,공릉동,2025,5,월세,오피스텔,2,1000.0,1000.0,0.0,1000.0,1000.0,75.0,75.0,7.07,2,0
노원구,공릉동,2025,5,전세,연립다세대,10,10395.0,16214.0,19105.6,8950.0,13250.0,,,,8,0
노원구,공릉동,2025,5,전세,오피스텔,1,12000.0,12000.0,,12000.0,12000.0,,,,0,0
노원구,공릉동,2025,6,월세,연립다세대,37,1000.0,3111.6,5601.4,1000.0,3000.0,49.0,51.49,29.82,29,0
노원구,공릉동,2025,6,월세,오피스텔,4,1250.0,3000.0,4062.0,500.0,3750.0,54.0,48.25,27.37,4,0
노원구,공릉동,2025,6,전세,연립다세대,24,18500.0,25250.0,22771.8,10750.0,29000.0,,,,19,0
노원구,공릉동,2025,7,월세,연립다세대,60,1000.0,3861.8,7724.9,1000.0,3000.0,49.0,54.0,28.25,52,0
노원구,공릉동,2025,7,월세,오피스텔,2,1000.0,1000.0,0.0,1000.0,1000.0,67.5,67.5,17.68,2,0
노원구,공릉동,2025,7,전세,연립다세대,12,23000.0,27508.3,22312.1,14500.0,27250.0,,,,7,0
노원구,공릉동,2025,8,월세,연립다세대,34,1000.0,2655.9,5111.4,625.0,1875.0,46.5,47.56,18.05,29,0
노원구,공릉동,2025,8,월세,오피스텔,4,1000.0,1250.0,500.0,1000.0,1250.0,65.0,68.75,25.94,4,0
노원구,공릉동,2025,8,전세,연립다세대,8,27400.0,27076.5,4395.3,24925.0,30478.0,,,,4,0
노원구,공릉동,2025,9,월세,연립다세대,23,2000.0,6174.3,7862.7,1000.0,8300.0,46.0,48.17,22.57,18,0
노원구,공릉동,2025,9,월세,오피스텔,1,1000.0,1000.0,,1000.0,1000.0,80.0,80.0,,1,0
노원구,공릉동,2025,9,전세,연립다세대,11,24000.0,22290.9,9253.2,14850.0,29000.0,,,,9,0
노원구,공릉동,2025,10,월세,연립다세대,18,2000.0,4572.2,4601.8,1000.0,9350.0,44.5,39.83,21.45,15,0
노원구,공릉동,2025,10,월세,오피스텔,1,1000.0,1000.0,,1000.0,1000.0,75.0,75.0,,1,0
노원구,공릉동,2025,10,전세,연립다세대,15,15000.0,24906.7,22707.3,10700.0,30250.0,,,,10,0
노원구,공릉동,2025,11,월세,연립다세대,58,1250.0,3815.2,5420.3,1000.0,3750.0,45.5,44.91,20.7,55,0
노원구,공릉동,2025,11,월세,오피스텔,2,1000.0,1000.0,0.0,1000.0,1000.0,75.0,75.0,21.21,2,0
노원구,공릉동,2025,11,전세,연립다세대,8,11850.0,19625.0,22807.9,9900.0,16025.0,,,,6,0
노원구,공릉동,2025,11,전세,오피스텔,1,9000.0,9000.0,,9000.0,9000.0,,,,1,0
노원구,공릉동,2025,12,월세,연립다세대,161,1000.0,2026.8,3247.5,1000.0,2000.0,45.0,42.91,15.5,151,0
노원구,공릉동,2025,12,월세,오피스텔,4,1000.0,1250.0,500.0,1000.0,1250.0,60.0,61.25,14.36,4,0
노원구,공릉동,2025,12,전세,연립다세대,18,8830.0,15839.1,17686.4,6150.0,18195.0,,,,10,0
노원구,공릉동,2026,1,월세,연립다세대,92,1000.0,2317.3,2667.3,1000.0,2000.0,50.0,48.12,18.69,89,1
노원구,공릉동,2026,1,월세,오피스텔,6,1500.0,2833.3,3125.2,1000.0,2750.0,56.5,56.5,27.17,6,1
노원구,공릉동,2026,1,전세,연립다세대,11,14000.0,12058.5,4141.6,7865.0,15769.0,,,,9,1
노원구,공릉동,2026,2,월세,연립다세대,55,1000.0,2648.2,3258.8,1000.0,2451.5,45.0,40.76,22.8,46,1
노원구,공릉동,2026,2,월세,오피스텔,2,1000.0,1000.0,0.0,1000.0,1000.0,72.5,72.5,10.61,2,1
노원구,공릉동,2026,2,전세,연립다세대,6,10250.0,14816.7,10403.7,9925.0,15150.0,,,,6,1
노원구,공릉동,2026,3,월세,연립다세대,27,1000.0,4432.4,5433.4,1000.0,5250.0,47.0,46.74,24.93,27,1
노원구,공릉동,2026,3,월세,오피스텔,1,1000.0,1000.0,,1000.0,1000.0,60.0,60.0,,1,1
노원구,공릉동,2026,3,전세,연립다세대,11,16500.0,13868.4,4754.1,10330.0,17364.0,,,,9,1
노원구,공릉동,2026,4,월세,연립다세대,26,2000.0,5004.0,6554.6,1000.0,6550.0,45.0,48.85,29.2,23,1
노원구,공릉동,2026,4,월세,오피스텔,3,3000.0,2333.3,1154.7,2000.0,3000.0,75.0,70.0,13.23,3,1
노원구,공릉동,2026,4,전세,연립다세대,14,11788.0,14032.9,11282.4,5775.0,13308.75,,,,9,1
노원구,공릉동,2026,4,전세,오피스텔,1,9600.0,9600.0,,9600.0,9600.0,,,,1,1
노원구,공릉동,2026,5,월세,연립다세대,33,3807.0,5658.7,6441.4,1000.0,5900.0,41.0,40.85,27.01,23,1
노원구,공릉동,2026,5,월세,오피스텔,1,500.0,500.0,,500.0,500.0,58.0,58.0,,1,1
노원구,공릉동,2026,5,전세,연립다세대,10,11850.0,16266.0,9408.2,8465.0,26975.0,,,,4,1
노원구,공릉동,2026,6,월세,연립다세대,45,1000.0,2150.2,2051.3,1000.0,2916.0,49.0,47.58,23.68,41,1
노원구,공릉동,2026,6,전세,연립다세대,11,15200.0,21700.0,10839.3,14300.0,30100.0,,,,5,1
노원구,공릉동,2026,7,월세,연립다세대,46,1000.0,2803.1,4418.0,1000.0,2000.0,46.0,48.07,17.76,44,1
노원구,공릉동,2026,7,전세,연립다세대,9,16000.0,18888.9,9907.1,16000.0,26900.0,,,,6,1
노원구,공릉동,2026,8,월세,연립다세대,26,2000.0,4584.8,5964.0,1000.0,5375.0,38.5,43.92,25.2,22,1
노원구,공릉동,2026,8,전세,연립다세대,3,8100.0,7600.0,953.9,7300.0,8150.0,,,,3,1
노원구,공릉동,2026,9,월세,연립다세대,6,2437.0,5562.3,6274.9,1250.0,9718.5,40.5,49.17,30.92,3,1
노원구,공릉동,2026,9,전세,연립다세대,2,10500.0,10500.0,4666.9,8850.0,12150.0,,,,0,1
노원구,상계동,2021,1,월세,연립다세대,18,2000.0,2290.2,1322.6,1177.5,3000.0,33.0,32.28,17.07,0,0
노원구,상계동,2021,1,월세,오피스텔,8,1000.0,1000.0,462.9,875.0,1000.0,47.5,48.12,10.33,1,0
노원구,상계동,2021,1,전세,연립다세대,24,10000.0,11205.5,5891.4,6375.0,15300.0,,,,1,0
노원구,상계동,2021,1,전세,오피스텔,7,12000.0,11071.4,2620.9,9250.0,13000.0,,,,1,0
노원구,상계동,2021,2,월세,연립다세대,33,3000.0,3596.5,3505.7,1000.0,4604.0,17.0,21.67,15.28,1,0
노원구,상계동,2021,2,월세,오피스텔,11,500.0,1136.4,1629.3,500.0,1000.0,55.0,51.82,8.9,3,0
노원구,상계동,2021,2,전세,연립다세대,29,12000.0,12137.9,4971.2,8000.0,15000.0,,,,1,0
노원구,상계동,2021,2,전세,오피스텔,4,10000.0,10375.0,2056.5,8875.0,11500.0,,,,0,0
노원구,상계동,2021,3,월세,연립다세대,25,1000.0,2897.4,3629.8,501.0,4000.0,32.0,30.52,15.31,1,0
노원구,상계동,2021,3,월세,오피스텔,18,1000.0,1055.6,937.6,500.0,1000.0,43.5,45.22,11.39,1,0
노원구,상계동,2021,3,전세,연립다세대,34,12000.0,13197.1,6216.0,8000.0,18000.0,,,,2,0
노원구,상계동,2021,3,전세,오피스텔,3,11000.0,11933.3,2722.7,10400.0,13000.0,,,,0,0
노원구,상계동,2021,4,월세,연립다세대,16,3826.5,4545.3,3795.5,2125.0,4905.5,27.5,27.12,16.58,1,0
노원구,상계동,2021,4,월세,오피스텔,11,1000.0,1118.2,603.0,650.0,1500.0,45.0,50.18,10.01,0,0
노원구,상계동,2021,4,전세,연립다세대,33,16000.0,16714.4,6620.0,12000.0,21000.0,,,,2,0
노원구,상계동,2021,4,전세,오피스텔,2,13350.0,13350.0,919.2,13025.0,13675.0,,,,0,0
노원구,상계동,2021,5,월세,연립다세대,23,2000.0,2937.3,3067.1,561.0,4818.0,30.0,35.0,16.68,2,0
노원구,상계동,2021,5,월세,오피스텔,8,750.0,1000.0,845.2,500.0,1000.0,40.0,41.88,8.32,1,0
노원구,상계동,2021,5,전세,연립다세대,33,10500.0,11380.3,4695.4,8400.0,13500.0,,,,1,0
노원구,상계동,2021,5,전세,오피스텔,4,13250.0,13025.0,732.0,12750.0,13525.0,,,,0,0
노원구,상계동,2021,6,월세,연립다세대,23,1484.0,3794.2,4825.6,1000.0,4609.5,38.0,37.57,15.36,18,0
노원구,상계동,2021,6,월세,오피스텔,14,1000.0,964.3,365.0,1000.0,1000.0,49.0,50.07,9.82,13,0
노원구,상계동,2021,6,전세,연립다세대,27,12500.0,13183.3,4520.8,9500.0,16000.0,,,,16,0
노원구,상계동,2021,6,전세,오피스텔,2,13100.0,13100.0,141.4,13050.0,13150.0,,,,2,0
노원구,상계동,2021,7,월세,연립다세대,10,1500.0,1656.1,1193.3,625.0,2000.0,38.5,39.4,10.82,7,0
노원구,상계동,2021,7,월세,오피스텔,18,1000.0,1055.6,764.8,500.0,1000.0,50.0,49.89,7.91,17,0
노원구,상계동,2021,7,전세,연립다세대,42,14500.0,16561.9,8479.8,10250.0,20000.0,,,,20,0
노원구,상계동,2021,7,전세,오피스텔,2,12500.0,12500.0,707.1,12250.0,12750.0,,,,2,0
노원구,상계동,2021,8,월세,연립다세대,24,2000.0,2265.6,2160.4,1000.0,3000.0,40.0,43.46,21.2,18,0
노원구,상계동,2021,8,월세,오피스텔,14,500.0,714.3,256.8,500.0,1000.0,51.0,50.14,8.67,12,0
노원구,상계동,2021,8,전세,연립다세대,35,12000.0,13474.3,6063.1,9000.0,17425.0,,,,18,0
노원구,상계동,2021,8,전세,오피스텔,3,12000.0,11850.0,259.8,11775.0,12000.0,,,,1,0
노원구,상계동,2021,9,월세,연립다세대,23,5000.0,7347.7,6662.9,1000.0,13500.0,22.0,25.43,10.54,8,0
노원구,상계동,2021,9,월세,오피스텔,15,1000.0,1133.3,1141.2,500.0,1000.0,45.0,45.87,11.64,14,0
노원구,상계동,2021,9,전세,연립다세대,35,15000.0,15294.3,7599.9,8500.0,20000.0,,,,25,0
노원구,상계동,2021,9,전세,오피스텔,3,12600.0,12366.7,1761.6,11550.0,13300.0,,,,1,0
노원구,상계동,2021,10,월세,연립다세대,18,3000.0,3830.2,5546.1,2000.0,3000.0,33.0,35.61,13.33,9,0
노원구,상계동,2021,10,월세,오피스텔,10,500.0,800.0,483.0,500.0,1000.0,46.5,49.3,6.86,10,0
노원구,상계동,2021,10,전세,연립다세대,36,12000.0,12836.1,6734.9,9212.5,14000.0,,,,14,0
노원구,상계동,2021,10,전세,오피스텔,3,13000.0,13166.7,1258.3,12500.0,13750.0,,,,3,0
노원구,상계동,2021,11,월세,연립다세대,26,3673.5,5994.4,5768.2,1125.0,10500.0,37.0,33.23,16.94,18,0
노원구,상계동,2021,11,월세,오피스텔,19,1000.0,821.1,437.9,500.0,1000.0,53.0,52.0,11.02,16,0
노원구,상계동,2021,11,전세,연립다세대,30,14000.0,16648.6,7785.7,9250.0,23401.0,,,,13,0
노원구,상계동,2021,11,전세,오피스텔,3,12600.0,13233.3,1097.0,12600.0,13550.0,,,,1,0
노원구,상계동,2021,12,월세,연립다세대,37,3366.0,3078.6,2355.3,1000.0,4000.0,17.0,24.16,17.87,11,0
노원구,상계동,2021,12,월세,오피스텔,15,1000.0,1566.7,1374.1,750.0,1750.0,45.0,47.4,12.11,15,0
노원구,상계동,2021,12,전세,연립다세대,24,12000.0,14423.8,7512.3,7375.0,21250.0,,,,13,0
노원구,상계동,2021,12,전세,오피스텔,3,13000.0,11833.3,2466.4,11000.0,13250.0,,,,3,0
노원구,상계동,2022,1,월세,연립다세대,23,2000.0,3600.2,3767.4,1000.0,5000.0,35.0,33.74,14.8,9,0
노원구,상계동,2022,1,월세,오피스텔,15,1000.0,740.0,304.3,500.0,1000.0,50.0,51.0,7.6,11,0
노원구,상계동,2022,1,전세,연립다세대,29,17000.0,15129.3,6533.2,8400.0,20000.0,,,,19,0
노원구,상계동,2022,1,전세,오피스텔,4,13000.0,12500.0,1732.1,12250.0,13250.0,,,,2,0
노원구,상계동,2022,2,월세,연립다세대,37,2000.0,2997.9,3422.2,500.0,3564.0,35.0,34.89,19.79,17,0
노원구,상계동,2022,2,월세,오피스텔,22,500.0,1050.0,945.0,500.0,1000.0,46.0,46.68,7.61,17,0
노원구,상계동,2022,2,전세,연립다세대,27,11000.0,12779.6,5659.2,8800.0,18000.0,,,,11,0
노원구,상계동,2022,3,월세,연립다세대,25,1000.0,4234.0,5190.7,950.0,6000.0,35.0,33.08,15.88,17,0
노원구,상계동,2022,3,월세,오피스텔,22,500.0,1090.9,1783.8,500.0,1000.0,52.5,48.0,11.61,21,0
노원구,상계동,2022,3,전세,연립다세대,38,15375.0,16468.2,8429.1,10250.0,21750.0,,,,21,0
노원구,상계동,2022,3,전세,오피스텔,1,14000.0,14000.0,,14000.0,14000.0,,,,1,0
노원구,상계동,2022,4,월세,연립다세대,24,2000.0,3600.0,3861.5,1000.0,5000.0,40.0,37.88,8.77,20,0
노원구,상계동,2022,4,월세,오피스텔,18,500.0,1100.0,1741.5,500.0,1000.0,45.0,47.06,6.86,14,0
노원구,상계동,2022,4,전세,연립다세대,40,15000.0,16571.0,7723.4,11600.0,21250.0,,,,18,0
노원구,상계동,2022,4,전세,오피스텔,4,9500.0,8387.5,3741.7,7500.0,10387.5,,,,2,0
노원구,상계동,2022,5,월세,연립다세대,24,2459.5,2682.8,1884.8,1000.0,3150.0,37.5,36.92,18.21,10,0
노원구,상계동,2022,5,월세,오피스텔,17,1000.0,1232.4,734.6,1000.0,1500.0,50.0,46.35,9.68,14,0
노원구,상계동,2022,5,전세,연립다세대,36,12500.0,14062.1,6199.4,9975.0,19000.0,,,,23,0
노원구,상계동,2022,5,전세,오피스텔,2,13300.0,13300.0,989.9,12950.0,13650.0,,,,1,0
노원구,상계동,2022,6,월세,연립다세대,24,2166.5,5677.3,5428.0,1000.0,10370.75,30.0,30.62,18.43,11,0
노원구,상계동,2022,6,월세,오피스텔,16,1000.0,1093.8,688.4,500.0,1000.0,55.0,52.94,10.67,15,0
노원구,상계동,2022,6,전세,연립다세대,36,15325.0,15887.5,7215.8,11000.0,20000.0,,,,24,0
노원구,상계동,2022,6,전세,오피스텔,4,13500.0,13125.0,2954.5,11375.0,15250.0,,,,3,0
노원구,상계동,2022,7,월세,연립다세대,29,1250.0,4434.6,5309.5,1000.0,7553.0,35.0,34.72,19.65,15,0
노원구,상계동,2022,7,월세,오피스텔,9,500.0,666.7,250.0,500.0,1000.0,55.0,54.22,7.45,8,0
노원구,상계동,2022,7,전세,연립다세대,35,13000.0,13303.6,5800.3,9975.0,16000.0,,,,14,0
노원구,상계동,2022,7,전세,오피스텔,1,13000.0,13000.0,,13000.0,13000.0,,,,0,0
노원구,상계동,2022,8,월세,연립다세대,26,1000.0,2451.5,3417.5,500.0,3000.0,41.0,43.77,19.28,14,0
노원구,상계동,2022,8,월세,오피스텔,18,1000.0,2472.2,3524.8,550.0,1750.0,49.5,47.39,15.19,15,0
노원구,상계동,2022,8,전세,연립다세대,27,14000.0,13844.4,6012.2,8712.5,16500.0,,,,16,0
노원구,상계동,2022,9,월세,연립다세대,24,3000.0,5170.0,6158.1,1000.0,6868.0,37.5,43.17,32.41,13,0
노원구,상계동,2022,9,월세,오피스텔,10,1000.0,1330.0,1192.6,500.0,1750.0,52.5,53.8,9.0,8,0
노원구,상계동,2022,9,전세,연립다세대,27,14000.0,14253.7,6585.4,9725.0,20000.0,,,,14,0
노원구,상계동,2022,9,전세,오피스텔,1,8900.0,8900.0,,8900.0,8900.0,,,,0,0
노원구,상계동,2022,10,월세,연립다세대,22,4282.0,5784.9,5700.7,1000.0,10662.5,30.0,38.77,30.27,13,0
노원구,상계동,2022,10,월세,오피스텔,21,1000.0,1166.7,966.1,500.0,1000.0,50.0,47.86,9.16,19,0
노원구,상계동,2022,10,전세,연립다세대,35,13650.0,14825.7,6809.4,10000.0,16750.0,,,,17,0
노원구,상계동,2022,10,전세,오피스텔,4,9737.5,10093.8,1344.8,9350.0,10481.25,,,,2,0
노원구,상계동,2022,11,월세,연립다세대,18,1740.0,4779.8,5376.7,1000.0,8592.0,44.5,47.67,25.54,12,0
노원구,상계동,2022,11,월세,오피스텔,17,1000.0,852.9,385.9,500.0,1000.0,55.0,54.94,7.3,16,0
노원구,상계동,2022,11,전세,연립다세대,27,15000.0,16091.9,6331.1,11100.0,22550.0,,,,11,0
노원구,상계동,2022,11,전세,오피스텔,1,10000.0,10000.0,,10000.0,10000.0,,,,1,0
노원구,상계동,2022,12,월세,연립다세대,25,2000.0,2749.8,2147.7,1000.0,3952.0,35.0,35.72,24.68,15,0
노원구,상계동,2022,12,월세,오피스텔,13,1000.0,961.5,379.8,1000.0,1000.0,55.0,55.31,11.35,12,0
노원구,상계동,2022,12,전세,연립다세대,14,14000.0,15060.7,4895.1,11400.0,16750.0,,,,6,0
노원구,상계동,2022,12,전세,오피스텔,2,10250.0,10250.0,3889.1,8875.0,11625.0,,,,2,0
노원구,상계동,2023,1,월세,연립다세대,19,3000.0,4317.9,3848.6,1289.0,5500.0,35.0,37.11,22.11,8,0
노원구,상계동,2023,1,월세,오피스텔,47,1000.0,2751.1,4786.7,1000.0,2000.0,60.0,59.13,21.49,43,0
노원구,상계동,2023,1,전세,연립다세대,21,14000.0,16096.9,8414.7,9435.0,23599.0,,,,12,0
노원구,상계동,2023,1,전세,오피스텔,9,14000.0,13166.7,4387.5,10000.0,14000.0,,,,8,0
노원구,상계동,2023,2,월세,연립다세대,32,1000.0,2341.6,2327.9,500.0,3238.0,43.5,40.38,16.82,20,0
노원구,상계동,2023,2,월세,오피스텔,43,1000.0,1781.4,2057.5,1000.0,2000.0,60.0,59.44,15.46,38,0
노원구,상계동,2023,2,전세,연립다세대,29,13000.0,13917.2,6322.4,10500.0,17000.0,,,,17,0
노원구,상계동,2023,2,전세,오피스텔,18,15000.0,15250.0,2522.0,14000.0,15750.0,,,,16,0
노원구,상계동,2023,3,월세,연립다세대,17,1000.0,4101.9,4701.2,1000.0,7000.0,50.0,40.94,17.06,13,0
노원구,상계동,2023,3,월세,오피스텔,22,1000.0,1659.1,2178.8,500.0,1750.0,57.5,60.18,16.74,22,0
노원구,상계동,2023,3,전세,연립다세대,28,10000.0,12557.5,6521.5,8475.0,13875.0,,,,9,0
노원구,상계동,2023,3,전세,오피스텔,14,16250.0,16250.0,4952.7,15000.0,19500.0,,,,13,0
노원구,상계동,2023,4,월세,연립다세대,24,2000.0,3205.3,3303.4,500.0,5000.0,40.0,41.5,24.56,16,0
노원구,상계동,2023,4,월세,오피스텔,19,1000.0,1342.1,1344.3,750.0,1250.0,55.0,52.89,22.49,15,0
노원구,상계동,2023,4,전세,연립다세대,38,11000.0,13039.5,6393.7,7625.0,16350.0,,,,20,0
노원구,상계동,2023,4,전세,오피스텔,9,22000.0,19933.3,3562.3,17000.0,22000.0,,,,6,0
노원구,상계동,2023,5,월세,연립다세대,16,1000.0,3625.0,4713.5,1000.0,3000.0,40.0,38.38,13.89,14,0
노원구,상계동,2023,5,월세,오피스텔,23,1000.0,1069.6,705.5,750.0,1000.0,60.0,58.35,13.57,20,0
노원구,상계동,2023,5,전세,연립다세대,23,12100.0,11987.0,4084.7,9000.0,14000.0,,,,14,0
노원구,상계동,2023,5,전세,오피스텔,4,11500.0,13693.8,6348.9,10443.75,14750.0,,,,4,0
노원구,상계동,2023,6,월세,연립다세대,30,1250.0,3829.8,4422.6,500.0,5000.0,32.0,33.5,14.98,14,0
노원구,상계동,2023,6,월세,오피스텔,17,1000.0,1382.4,1166.3,500.0,2000.0,50.0,55.53,13.64,15,0
노원구,상계동,2023,6,전세,연립다세대,25,12100.0,12268.0,4796.8,8900.0,13500.0,,,,13,0
노원구,상계동,2023,6,전세,오피스텔,2,11500.0,11500.0,2121.3,10750.0,12250.0,,,,2,0
노원구,상계동,2023,7,월세,연립다세대,24,3268.0,4917.7,4394.1,1000.0,7750.0,25.5,28.29,18.08,14,0
노원구,상계동,2023,7,월세,오피스텔,16,500.0,750.0,408.2,500.0,1000.0,57.5,59.19,18.08,15,0
노원구,상계동,2023,7,전세,연립다세대,33,13000.0,15078.8,5470.8,12000.0,20000.0,,,,20,0
노원구,상계동,2023,7,전세,오피스텔,6,12000.0,13116.7,5142.1,11025.0,12750.0,,,,5,0
노원구,상계동,2023,8,월세,연립다세대,20,1000.0,2496.0,3096.4,875.0,3000.0,41.5,41.3,21.03,16,0
노원구,상계동,2023,8,월세,오피스텔,20,500.0,1875.0,3655.8,500.0,1000.0,48.0,48.75,15.29,18,0
노원구,상계동,2023,8,전세,연립다세대,33,13000.0,14270.5,6432.0,10000.0,17000.0,,,,15,0
노원구,상계동,2023,8,전세,오피스텔,4,10850.0,11050.0,2076.1,9525.0,12375.0,,,,4,0
노원구,상계동,2023,9,월세,연립다세대,24,11559.0,8491.6,6078.0,1750.0,12250.0,31.5,30.17,13.45,11,0
노원구,상계동,2023,9,월세,오피스텔,19,500.0,1263.2,1967.6,500.0,1000.0,50.0,52.16,13.41,18,0
노원구,상계동,2023,9,전세,연립다세대,28,13000.0,14366.4,4892.2,12000.0,17700.0,,,,19,0
노원구,상계동,2023,9,전세,오피스텔,1,16000.0,16000.0,,16000.0,16000.0,,,,1,0
노원구,상계동,2023,10,월세,연립다세대,38,11243.0,8562.9,6593.2,1000.0,15775.5,40.0,40.13,18.62,28,0
노원구,상계동,2023,10,월세,오피스텔,19,1000.0,826.3,334.7,500.0,1000.0,60.0,60.21,13.26,18,0
노원구,상계동,2023,10,전세,연립다세대,34,12500.0,12894.1,4060.5,10000.0,16500.0,,,,20,0
노원구,상계동,2023,10,전세,오피스텔,6,17500.0,17666.7,4412.1,14000.0,21750.0,,,,4,0
노원구,상계동,2023,11,월세,연립다세대,13,1000.0,2869.2,3512.7,500.0,3000.0,45.0,43.69,10.85,12,0
노원구,상계동,2023,11,월세,오피스텔,20,500.0,925.0,674.2,500.0,1000.0,57.5,56.05,7.99,19,0
노원구,상계동,2023,11,전세,연립다세대,21,12000.0,12792.9,4242.6,10000.0,15000.0,,,,10,0
노원구,상계동,2023,11,전세,오피스텔,3,13000.0,12866.7,808.3,12500.0,13300.0,,,,0,0
노원구,상계동,2023,12,월세,연립다세대,31,3952.0,6843.9,6736.8,1000.0,12964.5,34.0,34.03,15.84,13,0
노원구,상계동,2023,12,월세,오피스텔,17,500.0,911.8,565.6,500.0,1000.0,50.0,55.35,15.98,15,0
노원구,상계동,2023,12,전세,연립다세대,20,13000.0,13230.0,4301.3,10000.0,15175.0,,,,12,0
노원구,상계동,2023,12,전세,오피스텔,3,13000.0,12833.3,3253.2,11250.0,14500.0,,,,3,0
노원구,상계동,2024,1,월세,연립다세대,23,1000.0,3656.5,4492.8,1000.0,4544.0,40.0,38.3,13.39,17,0
노원구,상계동,2024,1,월세,오피스텔,32,1000.0,1390.6,1318.2,500.0,1250.0,62.5,60.34,16.68,30,0
노원구,상계동,2024,1,전세,연립다세대,18,12000.0,14450.3,5522.6,12000.0,18250.0,,,,13,0
노원구,상계동,2024,1,전세,오피스텔,6,12500.0,13083.3,3382.6,10500.0,14125.0,,,,5,0
노원구,상계동,2024,2,월세,연립다세대,32,3000.0,5072.2,5149.3,1000.0,9250.0,38.0,38.12,16.7,31,0
노원구,상계동,2024,2,월세,오피스텔,26,1000.0,1273.1,1120.2,500.0,1000.0,51.5,52.15,11.8,24,0
노원구,상계동,2024,2,전세,연립다세대,20,12295.0,13329.5,6422.2,8225.0,17000.0,,,,17,0
노원구,상계동,2024,2,전세,오피스텔,5,14000.0,14000.0,2000.0,12000.0,16000.0,,,,4,0
노원구,상계동,2024,3,월세,연립다세대,29,3000.0,5849.1,5869.3,1000.0,10000.0,40.0,40.86,17.27,27,0
노원구,상계동,2024,3,월세,오피스텔,24,750.0,1312.5,2155.9,500.0,1000.0,52.5,54.17,15.64,22,0
노원구,상계동,2024,3,전세,연립다세대,36,12000.0,11712.5,4189.9,9000.0,15000.0,,,,22,0
노원구,상계동,2024,3,전세,오피스텔,1,16000.0,16000.0,,16000.0,16000.0,,,,1,0
노원구,상계동,2024,4,월세,연립다세대,43,2000.0,5616.2,5992.4,1000.0,10000.0,40.0,39.93,19.89,41,0
노원구,상계동,2024,4,월세,오피스텔,20,1000.0,1465.0,1641.0,500.0,1250.0,50.0,55.6,20.35,17,0
노원구,상계동,2024,4,전세,연립다세대,39,13000.0,14637.2,7335.1,8200.0,20000.0,,,,32,0
노원구,상계동,2024,4,전세,오피스텔,2,18750.0,18750.0,7424.6,16125.0,21375.0,,,,2,0
노원구,상계동,2024,5,월세,연립다세대,35,3000.0,5648.1,5900.4,1000.0,11243.0,35.0,34.14,14.68,32,0
노원구,상계동,2024,5,월세,오피스텔,16,1000.0,1600.0,2461.7,500.0,1250.0,52.5,52.62,13.88,15,0
노원구,상계동,2024,5,전세,연립다세대,26,10750.0,12946.2,5913.9,8800.0,17750.0,,,,20,0
노원구,상계동,2024,5,전세,오피스텔,6,13750.0,14866.7,4792.4,13125.0,16250.0,,,,5,0
노원구,상계동,2024,6,월세,연립다세대,18,2105.5,4678.0,5519.2,1000.0,8436.0,32.5,33.72,14.9,16,0
노원구,상계동,2024,6,월세,오피스텔,11,1000.0,909.1,436.9,500.0,1000.0,60.0,58.55,12.93,11,0
노원구,상계동,2024,6,전세,연립다세대,24,11000.0,12293.3,4926.8,10000.0,15250.0,,,,19,0
노원구,상계동,2024,6,전세,오피스텔,6,11430.0,11322.5,2136.5,9540.0,13275.0,,,,4,0
노원구,상계동,2024,7,월세,연립다세대,38,4181.5,6407.9,6017.1,1000.0,12950.0,32.5,34.05,18.85,35,0
노원구,상계동,2024,7,월세,오피스텔,26,1000.0,1230.8,897.0,500.0,2000.0,55.0,57.08,17.44,26,0
노원구,상계동,2024,7,전세,연립다세대,23,13000.0,13485.4,5132.7,10500.0,15500.0,,,,17,0
노원구,상계동,2024,7,전세,오피스텔,3,15000.0,17666.7,5507.6,14500.0,19500.0,,,,3,0
노원구,상계동,2024,8,월세,연립다세대,28,3569.0,6088.8,5495.1,1000.0,10310.75,29.5,31.93,20.19,24,0
노원구,상계동,2024,8,월세,오피스텔,13,1000.0,1269.2,1091.9,500.0,1000.0,48.0,50.23,10.59,12,0
노원구,상계동,2024,8,전세,연립다세대,20,11250.0,13122.5,7255.1,7375.0,17750.0,,,,15,0
노원구,상계동,2024,8,전세,오피스텔,4,15400.0,16200.0,5901.4,13000.0,18600.0,,,,3,0
노원구,상계동,2024,9,월세,연립다세대,22,2500.0,5212.5,5929.1,1000.0,7750.0,40.0,39.23,15.71,19,0
노원구,상계동,2024,9,월세,오피스텔,13,1000.0,846.2,427.4,500.0,1000.0,55.0,57.46,8.1,13,0
노원구,상계동,2024,9,전세,연립다세대,19,11300.0,12665.3,6278.0,8150.0,14000.0,,,,18,0
노원구,상계동,2024,9,전세,오피스텔,4,12950.0,12475.0,1723.1,12175.0,13250.0,,,,4,0
노원구,상계동,2024,10,월세,연립다세대,24,2330.0,5133.9,5268.9,1000.0,7500.0,32.5,34.96,24.24,19,0
노원구,상계동,2024,10,월세,오피스텔,10,1000.0,1250.0,1338.5,625.0,1000.0,54.0,50.0,14.44,9,0
노원구,상계동,2024,10,전세,연립다세대,15,13000.0,14095.9,6752.8,8750.0,18000.0,,,,13,0
노원구,상계동,2024,10,전세,오피스텔,2,13250.0,13250.0,353.6,13125.0,13375.0,,,,2,0
노원구,상계동,2024,11,월세,연립다세대,30,1509.0,3903.7,4652.0,1067.75,5150.0,32.0,36.4,17.39,17,0
노원구,상계동,2024,11,월세,오피스텔,14,1000.0,2642.9,4605.3,625.0,1000.0,52.5,53.57,20.35,12,0
노원구,상계동,2024,11,전세,연립다세대,18,10600.0,12405.6,4661.7,8500.0,16750.0,,,,17,0
노원구,상계동,2024,11,전세,오피스텔,2,20000.0,20000.0,4242.6,18500.0,21500.0,,,,2,0
노원구,상계동,2024,12,월세,연립다세대,22,2000.0,4148.4,4184.6,1000.0,6500.0,40.0,45.77,31.39,20,0
노원구,상계동,2024,12,월세,오피스텔,18,1000.0,2927.8,4325.0,625.0,2750.0,50.0,51.28,25.37,16,0
노원구,상계동,2024,12,전세,연립다세대,21,12000.0,12731.0,5211.9,8000.0,16500.0,,,,17,0
노원구,상계동,2024,12,전세,오피스텔,13,14000.0,13388.5,5189.7,8900.0,14700.0,,,,9,0
노원구,상계동,2025,1,월세,연립다세대,22,3500.0,4891.4,4679.6,2000.0,5000.0,36.5,34.68,20.06,18,0
노원구,상계동,2025,1,월세,오피스텔,16,1000.0,1656.2,3031.6,1000.0,1000.0,60.0,58.94,7.76,15,0
노원구,상계동,2025,1,전세,연립다세대,22,12500.0,13691.8,6671.3,9230.75,16000.0,,,,15,0
노원구,상계동,2025,1,전세,오피스텔,10,16125.0,15905.0,3997.2,14962.5,17750.0,,,,7,0
노원구,상계동,2025,2,월세,연립다세대,25,3000.0,4843.0,4229.4,1000.0,7400.0,40.0,36.68,20.71,20,0
노원구,상계동,2025,2,월세,오피스텔,23,1000.0,1521.7,2086.1,500.0,1000.0,60.0,64.35,23.8,22,0
노원구,상계동,2025,2,전세,연립다세대,23,13000.0,16100.7,7788.5,10250.0,20000.0,,,,15,0
노원구,상계동,2025,2,전세,오피스텔,11,18000.0,19036.4,3519.7,16900.0,22500.0,,,,4,0
노원구,상계동,2025,3,월세,연립다세대,35,1824.0,4582.5,4690.9,1000.0,7988.0,30.0,34.26,16.71,30,0
노원구,상계동,2025,3,월세,오피스텔,22,1000.0,1768.2,1381.3,1000.0,2750.0,60.0,60.09,19.34,19,0
노원구,상계동,2025,3,전세,연립다세대,30,16500.0,16068.2,7678.1,8500.0,22500.0,,,,20,0
노원구,상계동,2025,3,전세,오피스텔,5,17000.0,18010.0,4806.3,17000.0,22050.0,,,,4,0
노원구,상계동,2025,4,월세,연립다세대,40,2000.0,3944.1,3971.6,1000.0,5000.0,47.5,45.05,21.03,33,0
노원구,상계동,2025,4,월세,오피스텔,19,500.0,1684.2,3163.2,500.0,1000.0,55.0,54.21,22.1,17,0
노원구,상계동,2025,4,전세,연립다세대,22,20000.0,18495.5,6005.0,14250.0,23000.0,,,,13,0
노원구,상계동,2025,4,전세,오피스텔,7,12500.0,13978.6,5552.3,11000.0,16000.0,,,,7,0
노원구,상계동,2025,5,월세,연립다세대,24,3400.0,5588.3,5075.4,1000.0,11250.0,37.5,37.92,23.43,20,0
노원구,상계동,2025,5,월세,오피스텔,16,1000.0,906.2,375.0,500.0,1000.0,61.5,59.94,10.29,15,0
노원구,상계동,2025,5,전세,연립다세대,25,12500.0,12893.8,5197.7,8800.0,17000.0,,,,19,0
노원구,상계동,2025,5,전세,오피스텔,2,16500.0,16500.0,12020.8,12250.0,20750.0,,,,2,0
노원구,상계동,2025,6,월세,연립다세대,39,3000.0,5131.0,5037.1,1000.0,9000.0,40.0,36.21,20.14,38,0
노원구,상계동,2025,6,월세,오피스텔,26,500.0,1346.2,2532.9,500.0,1000.0,57.5,57.46,12.26,24,0
노원구,상계동,2025,6,전세,연립다세대,20,12800.0,12555.0,5498.6,8375.0,14250.0,,,,14,0
노원구,상계동,2025,6,전세,오피스텔,3,17000.0,17333.3,577.4,17000.0,17500.0,,,,3,0
노원구,상계동,2025,7,월세,연립다세대,27,2600.0,4848.3,4717.9,1000.0,8250.0,40.0,37.59,19.16,21,0
노원구,상계동,2025,7,월세,오피스텔,25,1000.0,980.0,549.2,500.0,1000.0,55.0,58.6,14.73,23,0
노원구,상계동,2025,7,전세,연립다세대,18,13000.0,13583.3,7752.1,7250.0,18500.0,,,,11,0
노원구,상계동,2025,7,전세,오피스텔,6,13750.0,16083.3,4821.0,13000.0,18625.0,,,,5,0
노원구,상계동,2025,8,월세,연립다세대,41,5000.0,5251.0,4585.4,1000.0,7349.0,40.0,37.66,16.02,39,0
노원구,상계동,2025,8,월세,오피스텔,21,1000.0,952.4,589.6,500.0,1000.0,58.0,56.9,5.73,19,0
노원구,상계동,2025,8,전세,연립다세대,21,14000.0,14351.1,7415.1,10000.0,20000.0,,,,17,0
노원구,상계동,2025,8,전세,오피스텔,2,12250.0,12250.0,3182.0,11125.0,13375.0,,,,2,0
노원구,상계동,2025,9,월세,연립다세대,32,1250.0,4431.8,5002.9,1000.0,6312.0,38.5,38.12,16.93,28,0
노원구,상계동,2025,9,월세,오피스텔,14,750.0,892.9,525.5,500.0,1000.0,60.0,63.79,17.99,14,0
노원구,상계동,2025,9,전세,연립다세대,25,17000.0,15630.7,6587.1,12000.0,19500.0,,,,20,0
노원구,상계동,2025,9,전세,오피스텔,6,16250.0,16850.0,5464.7,12400.0,21825.0,,,,5,0
노원구,상계동,2025,10,월세,연립다세대,23,3600.0,6449.5,6382.1,1000.0,11229.5,37.0,34.91,17.09,19,0
노원구,상계동,2025,10,월세,오피스텔,15,1000.0,800.0,253.5,500.0,1000.0,58.0,56.33,6.44,14,0
노원구,상계동,2025,10,전세,연립다세대,11,15750.0,15559.1,6424.0,11500.0,20500.0,,,,6,0
노원구,상계동,2025,10,전세,오피스텔,5,14300.0,16560.0,4317.8,13500.0,19000.0,,,,4,0
노원구,상계동,2025,11,월세,연립다세대,31,3000.0,6095.8,6260.0,750.0,10000.0,40.0,41.97,23.41,25,0
노원구,상계동,2025,11,월세,오피스텔,19,500.0,1184.2,1376.5,500.0,1000.0,50.0,54.26,14.29,17,0
노원구,상계동,2025,11,전세,연립다세대,27,18000.0,16535.0,6421.9,11000.0,22500.0,,,,20,0
노원구,상계동,2025,11,전세,오피스텔,4,13575.0,12662.5,2118.7,12500.0,13737.5,,,,1,0
노원구,상계동,2025,12,월세,연립다세대,33,5000.0,5678.9,5501.4,655.0,10000.0,33.0,42.42,30.39,27,0
노원구,상계동,2025,12,월세,오피스텔,26,1000.0,1153.8,771.6,500.0,1750.0,55.0,56.69,10.76,22,0
노원구,상계동,2025,12,전세,연립다세대,19,13000.0,13998.8,5698.0,10450.0,17850.0,,,,15,0
노원구,상계동,2025,12,전세,오피스텔,3,13230.0,13243.3,4750.0,10865.0,15615.0,,,,2,0
노원구,상계동,2026,1,월세,연립다세대,21,6000.0,6678.3,5420.3,2000.0,11762.0,40.0,36.86,18.15,18,1
노원구,상계동,2026,1,월세,오피스텔,27,1000.0,1266.7,1228.2,500.0,1000.0,60.0,60.3,10.12,21,1
노원구,상계동,2026,1,전세,연립다세대,20,12000.0,13375.0,6740.2,8375.0,16500.0,,,,14,1
노원구,상계동,2026,1,전세,오피스텔,8,15400.0,14787.5,5073.9,13375.0,16500.0,,,,7,1
노원구,상계동,2026,2,월세,연립다세대,37,2000.0,3547.9,5875.7,1000.0,3402.0,37.0,39.59,17.87,32,1
노원구,상계동,2026,2,월세,오피스텔,21,1000.0,2014.3,2821.2,500.0,2000.0,60.0,60.38,23.0,19,1
노원구,상계동,2026,2,전세,연립다세대,21,17000.0,16202.4,6936.9,10000.0,20700.0,,,,16,1
노원구,상계동,2026,2,전세,오피스텔,2,14075.0,14075.0,601.0,13862.5,14287.5,,,,1,1
노원구,상계동,2026,3,월세,연립다세대,47,3000.0,5175.6,5391.3,1000.0,7927.0,35.0,37.68,18.85,34,1
노원구,상계동,2026,3,월세,오피스텔,24,1000.0,1520.8,2233.5,500.0,1000.0,60.0,56.17,11.54,22,1
노원구,상계동,2026,3,전세,연립다세대,26,11850.0,12045.1,4526.7,8500.0,14625.0,,,,20,1
노원구,상계동,2026,3,전세,오피스텔,2,18025.0,18025.0,5692.2,16012.5,20037.5,,,,2,1
노원구,상계동,2026,4,월세,연립다세대,34,9000.0,7684.7,5786.9,2250.0,12750.0,40.0,39.24,18.77,28,1
노원구,상계동,2026,4,월세,오피스텔,16,1000.0,1206.2,1219.5,500.0,1000.0,50.0,53.62,12.18,14,1
노원구,상계동,2026,4,전세,연립다세대,9,14000.0,14480.6,5305.0,11025.0,17000.0,,,,5,1
노원구,상계동,2026,4,전세,오피스텔,2,13365.0,13365.0,190.9,13297.5,13432.5,,,,2,1
노원구,상계동,2026,5,월세,연립다세대,29,4385.0,5344.7,4444.2,1500.0,9000.0,40.0,41.31,31.86,19,1
노원구,상계동,2026,5,월세,오피스텔,21,1000.0,1961.9,3265.8,500.0,1000.0,60.0,56.14,19.26,20,1
노원구,상계동,2026,5,전세,연립다세대,26,13700.0,13605.8,3938.9,11625.0,16000.0,,,,16,1
노원구,상계동,2026,5,전세,오피스텔,2,8989.0,8989.0,1797.5,8353.5,9624.5,,,,1,1
노원구,상계동,2026,6,월세,연립다세대,38,2750.0,5586.2,5290.3,1000.0,10450.0,37.0,41.21,25.24,31,1
노원구,상계동,2026,6,월세,오피스텔,18,750.0,1183.3,1569.7,500.0,1000.0,61.0,61.06,11.91,16,1
노원구,상계동,2026,6,전세,연립다세대,19,12000.0,12702.6,3341.8,10900.0,14000.0,,,,12,1
노원구,상계동,2026,6,전세,오피스텔,4,8920.0,9810.0,2163.1,8505.0,10225.0,,,,4,1
노원구,상계동,2026,7,월세,연립다세대,31,4000.0,6967.3,6675.4,1368.5,13450.0,40.0,42.42,21.36,24,1
노원구,상계동,2026,7,월세,오피스텔,22,1000.0,886.4,214.5,1000.0,1000.0,56.5,58.73,8.34,21,1
노원구,상계동,2026,7,전세,연립다세대,16,9475.0,12473.1,6397.8,7987.5,16550.0,,,,11,1
노원구,상계동,2026,7,전세,오피스텔,4,13750.0,15675.0,6594.6,12625.0,16800.0,,,,2,1
노원구,상계동,2026,8,월세,연립다세대,29,3000.0,5618.0,6099.3,1000.0,11568.0,34.0,33.1,19.21,25,1
노원구,상계동,2026,8,월세,오피스텔,16,750.0,812.5,403.1,500.0,1000.0,60.0,63.75,14.44,15,1
노원구,상계동,2026,8,전세,연립다세대,14,17500.0,17689.2,8662.6,10750.0,24714.75,,,,9,1
노원구,상계동,2026,8,전세,오피스텔,3,12000.0,12033.3,2650.2,10700.0,13350.0,,,,1,1
노원구,상계동,2026,9,월세,연립다세대,6,1978.5,2276.2,1593.2,1125.0,2864.25,37.0,36.33,16.87,4,1
노원구,상계동,2026,9,월세,오피스텔,3,1000.0,2833.3,3617.1,750.0,4000.0,65.0,69.67,8.96,2,1
노원구,상계동,2026,9,전세,연립다세대,9,16000.0,14922.2,5765.3,10000.0,17000.0,,,,5,1
노원구,상계동,2026,9,전세,오피스텔,1,20000.0,20000.0,,20000.0,20000.0,,,,1,1
노원구,월계동,2021,1,월세,연립다세대,13,2000.0,2884.6,2866.1,1000.0,3000.0,34.0,33.62,15.47,1,0
노원구,월계동,2021,1,월세,오피스텔,10,1000.0,1200.0,752.8,1000.0,1000.0,50.0,49.0,7.38,0,0
노원구,월계동,2021,1,전세,연립다세대,16,6900.0,8511.9,4521.9,6000.0,8000.0,,,,2,0
노원구,월계동,2021,2,월세,연립다세대,14,1750.0,1989.3,1675.4,1000.0,2000.0,35.0,33.71,8.31,1,0
노원구,월계동,2021,2,월세,오피스텔,5,1000.0,1300.0,670.8,1000.0,2000.0,50.0,48.0,4.47,0,0
노원구,월계동,2021,2,전세,연립다세대,11,7500.0,12527.3,7762.6,6750.0,18900.0,,,,0,0
노원구,월계동,2021,2,전세,오피스텔,2,12000.0,12000.0,1414.2,11500.0,12500.0,,,,0,0
노원구,월계동,2021,3,월세,연립다세대,10,1000.0,1455.2,1186.2,725.0,1789.0,45.0,40.1,10.9,0,0
노원구,월계동,2021,3,월세,오피스텔,4,1500.0,1375.0,750.0,875.0,2000.0,45.0,45.0,5.77,0,0
노원구,월계동,2021,3,전세,연립다세대,6,13000.0,12725.0,4106.5,12250.0,14500.0,,,,0,0
노원구,월계동,2021,4,월세,연립다세대,6,3000.0,2333.3,1472.0,1125.0,3000.0,50.0,46.67,16.33,0,0
노원구,월계동,2021,4,월세,오피스텔,1,4000.0,4000.0,,4000.0,4000.0,30.0,30.0,,0,0
노원구,월계동,2021,4,전세,연립다세대,5,16000.0,14600.0,5128.4,11000.0,17000.0,,,,0,0
노원구,월계동,2021,5,월세,연립다세대,5,1000.0,1720.0,1966.5,500.0,2000.0,37.0,31.0,13.49,0,0
노원구,월계동,2021,5,월세,오피스텔,3,1000.0,833.3,288.7,750.0,1000.0,55.0,53.33,2.89,0,0
노원구,월계동,2021,5,전세,연립다세대,7,10000.0,10642.9,6786.7,6500.0,12000.0,,,,0,0
노원구,월계동,2021,5,전세,오피스텔,1,12500.0,12500.0,,12500.0,12500.0,,,,0,0
노원구,월계동,2021,6,월세,연립다세대,10,1000.0,3525.5,5128.0,500.0,3451.25,37.5,35.7,15.94,6,0
노원구,월계동,2021,6,전세,연립다세대,11,7000.0,9647.3,7716.4,6560.0,8000.0,,,,5,0
노원구,월계동,2021,6,전세,오피스텔,1,12000.0,12000.0,,12000.0,12000.0,,,,1,0
노원구,월계동,2021,7,월세,연립다세대,9,500.0,1022.2,944.4,500.0,1500.0,40.0,33.67,10.45,5,0
노원구,월계동,2021,7,월세,오피스텔,3,2000.0,2000.0,1000.0,1500.0,2500.0,40.0,42.67,6.43,2,0
노원구,월계동,2021,7,전세,연립다세대,20,9000.0,11977.0,7188.5,6375.0,18375.0,,,,9,0
노원구,월계동,2021,7,전세,오피스텔,2,11000.0,11000.0,0.0,11000.0,11000.0,,,,2,0
노원구,월계동,2021,8,월세,연립다세대,10,1836.5,2829.3,2536.8,1000.0,3000.0,40.0,36.9,13.66,5,0
노원구,월계동,2021,8,전세,연립다세대,19,19000.0,18457.6,8630.8,11000.0,20947.5,,,,11,0
노원구,월계동,2021,8,전세,오피스텔,1,11000.0,11000.0,,11000.0,11000.0,,,,1,0
노원구,월계동,2021,9,월세,연립다세대,6,1750.0,5000.0,6058.1,1000.0,8125.0,44.0,44.0,15.07,4,0
노원구,월계동,2021,9,전세,연립다세대,11,15000.0,17063.6,7989.0,13000.0,21000.0,,,,8,0
노원구,월계동,2021,10,월세,연립다세대,7,500.0,2771.4,4147.2,500.0,3000.0,40.0,42.14,9.06,5,0
노원구,월계동,2021,10,월세,오피스텔,1,1500.0,1500.0,,1500.0,1500.0,50.0,50.0,,1,0
노원구,월계동,2021,10,전세,연립다세대,10,10500.0,13350.0,10176.4,6500.0,15500.0,,,,7,0
노원구,월계동,2021,11,월세,연립다세대,7,1000.0,1400.0,1118.0,750.0,1750.0,50.0,42.29,14.8,4,0
노원구,월계동,2021,11,월세,오피스텔,1,2000.0,2000.0,,2000.0,2000.0,45.0,45.0,,1,0
노원구,월계동,2021,11,전세,연립다세대,14,13150.0,13269.3,8390.6,6000.0,15750.0,,,,5,0
노원구,월계동,2021,11,전세,오피스텔,1,11000.0,11000.0,,11000.0,11000.0,,,,1,0
노원구,월계동,2021,12,월세,연립다세대,26,1000.0,2234.6,2554.8,625.0,3000.0,35.0,35.65,11.68,18,0
노원구,월계동,2021,12,월세,오피스텔,1,500.0,500.0,,500.0,500.0,55.0,55.0,,0,0
노원구,월계동,2021,12,전세,연립다세대,20,11000.0,12743.8,8117.8,6225.0,18250.0,,,,9,0
노원구,월계동,2022,1,월세,연립다세대,25,1000.0,2885.3,5255.1,1000.0,1566.0,35.0,36.04,11.58,17,0
노원구,월계동,2022,1,월세,오피스텔,7,1000.0,1857.1,1651.1,750.0,2500.0,40.0,41.43,13.14,4,0
노원구,월계동,2022,1,전세,연립다세대,22,7000.0,11420.1,7546.1,6625.0,15000.0,,,,19,0
노원구,월계동,2022,1,전세,오피스텔,2,11500.0,11500.0,707.1,11250.0,11750.0,,,,2,0
노원구,월계동,2022,2,월세,연립다세대,25,1000.0,1562.6,2670.0,500.0,1064.0,47.0,44.08,11.55,20,0
노원구,월계동,2022,2,월세,오피스텔,3,1000.0,833.3,288.7,750.0,1000.0,53.0,51.0,5.29,3,0
노원구,월계동,2022,2,전세,연립다세대,23,10000.0,14052.2,8489.8,6800.0,21000.0,,,,13,0
노원구,월계동,2022,2,전세,오피스텔,1,11000.0,11000.0,,11000.0,11000.0,,,,0,0
노원구,월계동,2022,3,월세,연립다세대,7,500.0,2224.3,3631.4,267.5,2250.0,45.0,42.86,10.35,4,0
노원구,월계동,2022,3,월세,오피스텔,2,3750.0,3750.0,4596.2,2125.0,5375.0,37.5,37.5,24.75,2,0
노원구,월계동,2022,3,전세,연립다세대,17,16000.0,17352.9,9239.5,12000.0,22000.0,,,,9,0
노원구,월계동,2022,4,월세,연립다세대,7,3500.0,7014.3,7061.7,2000.0,10500.0,36.0,35.57,17.26,2,0
노원구,월계동,2022,4,월세,오피스텔,1,500.0,500.0,,500.0,500.0,55.0,55.0,,1,0
노원구,월계동,2022,4,전세,연립다세대,16,13325.0,14148.8,4394.2,10875.0,16750.0,,,,7,0
노원구,월계동,2022,5,월세,연립다세대,11,1467.0,2988.4,3661.6,1000.0,2710.0,26.0,43.73,33.23,5,0
노원구,월계동,2022,5,월세,오피스텔,2,1500.0,1500.0,707.1,1250.0,1750.0,45.0,45.0,7.07,2,0
노원구,월계동,2022,5,전세,연립다세대,16,10750.0,12143.8,5789.3,7500.0,15000.0,,,,12,0
노원구,월계동,2022,5,전세,오피스텔,1,11000.0,11000.0,,11000.0,11000.0,,,,1,0
노원구,월계동,2022,6,월세,연립다세대,12,1900.0,3100.0,4518.4,1000.0,3000.0,29.5,30.42,17.42,5,0
노원구,월계동,2022,6,월세,오피스텔,2,750.0,750.0,353.6,625.0,875.0,55.0,55.0,0.0,2,0
노원구,월계동,2022,6,전세,연립다세대,15,13500.0,16145.0,11239.9,7500.0,21500.0,,,,11,0
노원구,월계동,2022,7,월세,연립다세대,14,1000.0,2857.1,3586.5,1000.0,3000.0,40.0,38.64,10.76,11,0
노원구,월계동,2022,7,월세,오피스텔,2,750.0,750.0,353.6,625.0,875.0,52.5,52.5,3.54,2,0
노원구,월계동,2022,7,전세,연립다세대,13,12000.0,13500.0,5831.0,10500.0,15000.0,,,,9,0
노원구,월계동,2022,7,전세,오피스텔,1,13000.0,13000.0,,13000.0,13000.0,,,,0,0
노원구,월계동,2022,8,월세,연립다세대,13,1000.0,2423.1,3983.5,1000.0,1000.0,50.0,45.54,16.8,10,0
노원구,월계동,2022,8,월세,오피스텔,1,500.0,500.0,,500.0,500.0,55.0,55.0,,1,0
노원구,월계동,2022,8,전세,연립다세대,15,12000.0,14188.0,5541.4,10000.0,17100.0,,,,9,0
노원구,월계동,2022,9,월세,연립다세대,5,500.0,6460.0,13161.8,500.0,1000.0,44.0,41.8,11.45,4,0
노원구,월계동,2022,9,월세,오피스텔,2,1750.0,1750.0,1060.7,1375.0,2125.0,45.0,45.0,7.07,1,0
노원구,월계동,2022,9,전세,연립다세대,14,12250.0,13470.4,6583.9,9775.0,15000.0,,,,6,0
노원구,월계동,2022,10,월세,연립다세대,10,9750.0,8150.0,6152.9,1875.0,12000.0,37.5,33.1,20.94,6,0
노원구,월계동,2022,10,전세,연립다세대,9,10000.0,13790.4,7146.8,9000.0,20947.0,,,,3,0
노원구,월계동,2022,11,월세,연립다세대,5,1000.0,2600.0,3049.6,1000.0,2000.0,42.0,35.6,10.31,4,0
노원구,월계동,2022,11,월세,오피스텔,3,1000.0,1000.0,500.0,750.0,1250.0,55.0,53.33,7.64,3,0
노원구,월계동,2022,11,전세,연립다세대,17,15000.0,13438.2,6083.2,8000.0,16250.0,,,,5,0
노원구,월계동,2022,12,월세,연립다세대,25,1000.0,1935.6,2450.8,1000.0,2000.0,40.0,41.68,9.69,22,0
노원구,월계동,2022,12,월세,오피스텔,1,500.0,500.0,,500.0,500.0,55.0,55.0,,1,0
노원구,월계동,2022,12,전세,연립다세대,14,8500.0,11633.6,6470.9,6700.0,16375.0,,,,8,0
노원구,월계동,2023,1,월세,연립다세대,25,2000.0,2545.2,2827.4,500.0,3000.0,36.0,34.24,14.66,17,0
노원구,월계동,2023,1,월세,오피스텔,3,500.0,666.7,288.7,500.0,750.0,55.0,53.33,2.89,3,0
노원구,월계동,2023,1,전세,연립다세대,9,8000.0,11543.9,6885.7,8000.0,15000.0,,,,4,0
노원구,월계동,2023,1,전세,오피스텔,1,11550.0,11550.0,,11550.0,11550.0,,,,0,0
노원구,월계동,2023,2,월세,연립다세대,15,2000.0,2800.0,3483.6,1000.0,2250.0,50.0,43.67,16.47,8,0
노원구,월계동,2023,2,월세,오피스텔,3,500.0,1166.7,1154.7,500.0,1500.0,55.0,50.0,8.66,3,0
노원구,월계동,2023,2,전세,연립다세대,11,9975.0,10381.4,4877.7,6615.0,13900.0,,,,7,0
노원구,월계동,2023,3,월세,연립다세대,10,1000.0,7025.0,10320.9,625.0,10962.5,37.5,36.9,22.28,8,0
노원구,월계동,2023,3,전세,연립다세대,6,15500.0,14933.3,7840.1,8250.0,19750.0,,,,1,0
노원구,월계동,2023,3,전세,오피스텔,1,12500.0,12500.0,,12500.0,12500.0,,,,1,0
노원구,월계동,2023,4,월세,연립다세대,4,1500.0,1675.0,1043.6,925.0,2250.0,43.5,48.5,14.71,4,0
노원구,월계동,2023,4,전세,연립다세대,7,12600.0,14677.9,5564.8,10947.5,19375.0,,,,4,0
노원구,월계동,2023,5,월세,연립다세대,9,1000.0,2677.8,2494.4,1000.0,5000.0,50.0,50.33,25.8,8,0
노원구,월계동,2023,5,월세,오피스텔,1,500.0,500.0,,500.0,500.0,55.0,55.0,,1,0
노원구,월계동,2023,5,전세,연립다세대,9,14000.0,14516.7,4752.9,10000.0,19000.0,,,,7,0
노원구,월계동,2023,6,월세,연립다세대,15,1000.0,2736.7,3553.8,500.0,3000.0,38.0,40.27,17.69,11,0
노원구,월계동,2023,6,월세,오피스텔,3,1000.0,1000.0,0.0,1000.0,1000.0,53.0,53.33,3.51,3,0
노원구,월계동,2023,6,전세,연립다세대,10,10900.0,11930.0,3824.5,10000.0,12375.0,,,,8,0
노원구,월계동,2023,7,월세,연립다세대,12,1400.0,1983.3,1544.4,1000.0,2250.0,50.0,55.33,24.04,9,0
노원구,월계동,2023,7,월세,오피스텔,1,1000.0,1000.0,,1000.0,1000.0,50.0,50.0,,1,0
노원구,월계동,2023,7,전세,연립다세대,12,9200.0,12152.1,5735.2,7000.0,17825.0,,,,5,0
노원구,월계동,2023,8,월세,연립다세대,10,2000.0,2800.0,3417.3,1000.0,3000.0,47.5,47.2,12.09,10,0
노원구,월계동,2023,8,월세,오피스텔,2,750.0,750.0,353.6,625.0,875.0,52.5,52.5,3.54,2,0
노원구,월계동,2023,8,전세,연립다세대,9,12500.0,15055.6,5089.5,12000.0,21000.0,,,,5,0
노원구,월계동,2023,9,월세,연립다세대,2,2000.0,2000.0,1414.2,1500.0,2500.0,35.0,35.0,5.66,2,0
노원구,월계동,2023,9,전세,연립다세대,5,17000.0,15200.0,5974.9,10000.0,19000.0,,,,3,0
노원구,월계동,2023,10,월세,연립다세대,7,6000.0,4803.1,3959.6,1000.0,7661.0,35.0,34.43,17.18,3,0
노원구,월계동,2023,10,월세,오피스텔,1,2000.0,2000.0,,2000.0,2000.0,40.0,40.0,,1,0
노원구,월계동,2023,10,전세,연립다세대,10,16000.0,14655.0,6830.2,9975.0,18000.0,,,,7,0
노원구,월계동,2023,11,월세,연립다세대,40,1000.0,2305.0,3361.2,500.0,2125.0,37.0,36.52,13.91,27,0
노원구,월계동,2023,11,월세,오피스텔,7,1000.0,1000.0,500.0,750.0,1000.0,50.0,52.29,3.2,7,0
노원구,월계동,2023,11,전세,연립다세대,11,10000.0,12565.0,6216.0,7700.0,17500.0,,,,7,0
노원구,월계동,2023,11,전세,오피스텔,1,13000.0,13000.0,,13000.0,13000.0,,,,1,0
노원구,월계동,2023,12,월세,연립다세대,60,1000.0,2049.5,2507.0,1000.0,2000.0,43.0,39.82,14.07,56,0
노원구,월계동,2023,12,월세,오피스텔,6,1000.0,1250.0,612.4,1000.0,1750.0,54.0,53.83,4.45,6,0
노원구,월계동,2023,12,전세,연립다세대,10,8000.0,11800.0,7461.8,7000.0,14500.0,,,,9,0
노원구,월계동,2024,1,월세,연립다세대,25,1000.0,2760.0,3139.5,1000.0,3000.0,40.0,37.08,12.6,17,0
노원구,월계동,2024,1,월세,오피스텔,7,1000.0,1714.3,2342.7,750.0,1000.0,52.0,49.57,11.39,7,0
노원구,월계동,2024,1,전세,연립다세대,14,9050.0,13187.5,8988.6,7500.0,12550.0,,,,10,0
노원구,월계동,2024,1,전세,오피스텔,1,13000.0,13000.0,,13000.0,13000.0,,,,1,0
노원구,월계동,2024,2,월세,연립다세대,36,1000.0,2658.8,3974.0,1000.0,3000.0,47.0,41.5,17.2,33,0
노원구,월계동,2024,2,월세,오피스텔,4,1000.0,1000.0,0.0,1000.0,1000.0,53.0,53.25,1.26,3,0
노원구,월계동,2024,2,전세,연립다세대,17,13000.0,17523.5,10093.5,9000.0,29000.0,,,,16,0
노원구,월계동,2024,2,전세,오피스텔,1,9500.0,9500.0,,9500.0,9500.0,,,,1,0
노원구,월계동,2024,3,월세,연립다세대,11,5000.0,6778.2,7229.8,1500.0,8000.0,41.0,40.91,28.22,8,0
노원구,월계동,2024,3,월세,오피스텔,1,1000.0,1000.0,,1000.0,1000.0,55.0,55.0,,1,0
노원구,월계동,2024,3,전세,연립다세대,11,15000.0,16218.2,3154.0,14400.0,19000.0,,,,7,0
노원구,월계동,2024,4,월세,연립다세대,5,4000.0,6800.0,6220.9,2000.0,13000.0,39.0,41.4,28.48,5,0
노원구,월계동,2024,4,월세,오피스텔,1,1000.0,1000.0,,1000.0,1000.0,50.0,50.0,,1,0
노원구,월계동,2024,4,전세,연립다세대,10,12650.0,14130.0,7320.6,8250.0,18500.0,,,,7,0
노원구,월계동,2024,5,월세,연립다세대,6,6250.0,6416.7,5499.2,1375.0,10750.0,43.0,44.0,25.82,5,0
노원구,월계동,2024,5,전세,연립다세대,9,15000.0,13955.6,8730.0,7000.0,19300.0,,,,5,0
노원구,월계동,2024,6,월세,연립다세대,11,2000.0,2327.3,2389.6,500.0,3000.0,40.0,40.64,21.19,10,0
노원구,월계동,2024,6,월세,오피스텔,2,500.0,500.0,0.0,500.0,500.0,59.5,59.5,0.71,2,0
노원구,월계동,2024,6,전세,연립다세대,5,17800.0,16400.0,4877.0,14000.0,19000.0,,,,4,0
노원구,월계동,2024,6,전세,오피스텔,1,11000.0,11000.0,,11000.0,11000.0,,,,1,0
노원구,월계동,2024,7,월세,연립다세대,16,750.0,2400.0,3976.9,500.0,2250.0,37.5,38.19,13.5,13,0
노원구,월계동,2024,7,월세,오피스텔,5,1000.0,2560.0,3774.0,1000.0,1000.0,60.0,47.8,25.64,4,0
노원구,월계동,2024,7,전세,연립다세대,11,19000.0,17500.0,5692.8,13900.0,20000.0,,,,8,0
노원구,월계동,2024,7,전세,오피스텔,2,10500.0,10500.0,707.1,10250.0,10750.0,,,,1,0
노원구,월계동,2024,8,월세,연립다세대,11,1000.0,2512.9,3601.6,971.0,2500.0,40.0,36.73,18.79,10,0
노원구,월계동,2024,8,월세,오피스텔,1,500.0,500.0,,500.0,500.0,55.0,55.0,,1,0
노원구,월계동,2024,8,전세,연립다세대,7,12000.0,13705.3,6792.9,10418.5,13400.0,,,,5,0
노원구,월계동,2024,9,월세,연립다세대,4,7000.0,8087.5,7900.3,2375.0,12712.5,45.0,40.75,24.13,3,0
노원구,월계동,2024,9,월세,오피스텔,2,750.0,750.0,353.6,625.0,875.0,60.0,60.0,0.0,2,0
노원구,월계동,2024,9,전세,연립다세대,8,14750.0,14937.5,4065.9,12250.0,18125.0,,,,7,0
노원구,월계동,2024,10,월세,연립다세대,14,1000.0,3146.2,5682.8,500.0,2375.0,49.5,43.43,18.14,13,0
노원구,월계동,2024,10,월세,오피스텔,3,1000.0,1166.7,763.8,750.0,1500.0,50.0,53.33,5.77,3,0
노원구,월계동,2024,10,전세,연립다세대,12,20500.0,18166.7,6432.6,16000.0,21500.0,,,,8,0
노원구,월계동,2024,10,전세,오피스텔,1,10000.0,10000.0,,10000.0,10000.0,,,,1,0
노원구,월계동,2024,11,월세,연립다세대,34,1000.0,2681.2,2721.5,625.0,4949.0,39.5,38.03,22.15,28,0
노원구,월계동,2024,11,월세,오피스텔,3,1000.0,1000.0,0.0,1000.0,1000.0,52.0,52.33,2.52,3,0
노원구,월계동,2024,11,전세,연립다세대,5,12000.0,15900.0,8458.7,10000.0,25000.0,,,,5,0
노원구,월계동,2024,12,월세,연립다세대,54,1000.0,2300.3,2425.5,1000.0,3000.0,40.0,39.02,15.08,47,0
노원구,월계동,2024,12,월세,오피스텔,1,3000.0,3000.0,,3000.0,3000.0,51.0,51.0,,1,0
노원구,월계동,2024,12,전세,연립다세대,13,7500.0,10270.4,4951.9,6800.0,15000.0,,,,11,0
노원구,월계동,2025,1,월세,연립다세대,26,1000.0,2988.5,3545.6,1000.0,3000.0,40.0,48.35,29.3,20,0
노원구,월계동,2025,1,월세,오피스텔,6,6650.0,6216.7,4787.7,1750.0,10575.0,23.0,28.83,27.85,5,0
노원구,월계동,2025,1,전세,연립다세대,14,8975.0,11942.9,6916.1,7000.0,13250.0,,,,11,0
노원구,월계동,2025,1,전세,오피스텔,1,12000.0,12000.0,,12000.0,12000.0,,,,1,0
노원구,월계동,2025,2,월세,연립다세대,41,1000.0,3241.5,4674.7,1000.0,3000.0,50.0,58.41,28.18,40,0
노원구,월계동,2025,2,월세,오피스텔,9,1000.0,2388.9,3314.5,1000.0,2000.0,52.0,46.78,18.72,5,0
노원구,월계동,2025,2,전세,연립다세대,10,16800.0,18967.0,8249.1,12090.0,25000.0,,,,7,0
노원구,월계동,2025,3,월세,연립다세대,7,1000.0,3214.3,3212.7,1000.0,5000.0,60.0,56.57,14.05,6,0
노원구,월계동,2025,3,월세,오피스텔,2,750.0,750.0,353.6,625.0,875.0,62.5,62.5,3.54,2,0
노원구,월계동,2025,3,전세,연립다세대,12,19595.0,18124.2,7365.3,13625.0,23500.0,,,,6,0
노원구,월계동,2025,4,월세,연립다세대,1,1000.0,1000.0,,1000.0,1000.0,54.0,54.0,,1,0
노원구,월계동,2025,4,전세,연립다세대,6,16000.0,16166.7,4020.8,12500.0,19500.0,,,,4,0
노원구,월계동,2025,5,월세,연립다세대,12,1000.0,4166.7,6022.0,500.0,4750.0,47.5,45.75,17.32,11,0
노원구,월계동,2025,5,월세,오피스텔,2,1000.0,1000.0,0.0,1000.0,1000.0,53.5,53.5,9.19,2,0
노원구,월계동,2025,5,전세,연립다세대,12,11197.5,13228.3,7356.3,8750.0,14175.0,,,,9,0
노원구,월계동,2025,5,전세,오피스텔,1,12500.0,12500.0,,12500.0,12500.0,,,,1,0
노원구,월계동,2025,6,월세,연립다세대,9,1000.0,4500.0,5606.5,1000.0,9000.0,35.0,39.89,20.5,9,0
노원구,월계동,2025,6,월세,오피스텔,3,1000.0,3600.0,4942.7,750.0,5150.0,60.0,40.67,33.49,3,0
노원구,월계동,2025,6,전세,연립다세대,7,11900.0,10414.3,3159.9,7500.0,12750.0,,,,2,0
노원구,월계동,2025,7,월세,연립다세대,10,3000.0,4350.0,4346.5,2000.0,6000.0,40.0,45.2,27.63,8,0
노원구,월계동,2025,7,월세,오피스텔,10,1000.0,1750.0,1495.4,625.0,2750.0,52.0,49.4,11.33,9,0
노원구,월계동,2025,7,전세,연립다세대,11,9000.0,11445.5,6049.5,7500.0,14550.0,,,,8,0
노원구,월계동,2025,8,월세,연립다세대,11,1000.0,3045.5,5135.4,1000.0,1500.0,43.0,50.09,27.38,10,0
노원구,월계동,2025,8,월세,오피스텔,3,1000.0,4333.3,5773.5,1000.0,6000.0,60.0,43.0,29.44,2,0
노원구,월계동,2025,8,전세,연립다세대,8,15500.0,16933.8,8499.8,10352.5,19600.0,,,,5,0
노원구,월계동,2025,9,월세,연립다세대,11,2000.0,3663.6,4140.6,500.0,5000.0,50.0,47.18,16.72,11,0
노원구,월계동,2025,9,월세,오피스텔,3,1000.0,1000.0,0.0,1000.0,1000.0,55.0,55.33,2.52,2,0
노원구,월계동,2025,9,전세,연립다세대,9,17850.0,17094.4,7588.2,14000.0,20000.0,,,,8,0
노원구,월계동,2025,10,월세,연립다세대,9,2000.0,4777.8,5646.6,1000.0,9900.0,50.0,37.56,19.18,6,0
노원구,월계동,2025,10,월세,오피스텔,3,1000.0,4333.3,5773.5,1000.0,6000.0,60.0,43.33,33.29,3,0
노원구,월계동,2025,10,전세,연립다세대,8,15375.0,18162.5,6708.8,14500.0,20500.0,,,,6,0
노원구,월계동,2025,11,월세,연립다세대,23,2000.0,3168.0,3158.4,1000.0,3000.0,39.0,42.74,29.87,21,0
노원구,월계동,2025,11,월세,오피스텔,6,1000.0,1083.3,491.6,1000.0,1000.0,60.0,59.5,4.18,6,0
노원구,월계동,2025,11,전세,연립다세대,10,17150.0,16460.0,2829.3,14250.0,18675.0,,,,9,0
노원구,월계동,2025,12,월세,연립다세대,45,2000.0,2997.1,3257.2,1000.0,3000.0,37.0,34.36,18.89,40,0
노원구,월계동,2025,12,월세,오피스텔,13,1000.0,2692.3,4151.0,1000.0,1000.0,60.0,52.0,21.66,11,0
노원구,월계동,2025,12,전세,연립다세대,13,9000.0,9469.2,2787.6,7100.0,12000.0,,,,10,0
노원구,월계동,2025,12,전세,오피스텔,1,13000.0,13000.0,,13000.0,13000.0,,,,0,0
노원구,월계동,2026,1,월세,연립다세대,27,1000.0,4259.3,4687.8,1000.0,9300.0,40.0,42.52,22.58,27,1
노원구,월계동,2026,1,월세,오피스텔,4,1000.0,3450.0,5034.2,950.0,3500.0,56.0,45.25,24.46,2,1
노원구,월계동,2026,1,전세,연립다세대,9,13400.0,16011.1,7377.4,12000.0,19400.0,,,,5,1
노원구,월계동,2026,2,월세,연립다세대,34,1000.0,2471.7,3263.5,625.0,3000.0,45.0,50.94,28.98,32,1
노원구,월계동,2026,2,월세,오피스텔,4,1000.0,1000.0,0.0,1000.0,1000.0,60.0,60.0,0.0,4,1
노원구,월계동,2026,2,전세,연립다세대,7,22050.0,21142.9,9637.9,15500.0,27525.0,,,,4,1
노원구,월계동,2026,3,월세,연립다세대,5,721.0,1764.2,1908.4,600.0,2000.0,50.0,51.4,17.57,4,1
노원구,월계동,2026,3,월세,오피스텔,3,1000.0,1000.0,0.0,1000.0,1000.0,60.0,58.33,7.64,3,1
노원구,월계동,2026,3,전세,연립다세대,7,15000.0,15614.3,6232.3,11000.0,21550.0,,,,5,1
노원구,월계동,2026,4,월세,연립다세대,8,7500.0,8012.5,7259.8,1750.0,14100.0,32.5,38.88,20.53,8,1
노원구,월계동,2026,4,월세,오피스텔,1,1000.0,1000.0,,1000.0,1000.0,60.0,60.0,,1,1
노원구,월계동,2026,4,전세,연립다세대,5,15780.0,13956.0,4276.6,11000.0,17000.0,,,,4,1
노원구,월계동,2026,5,월세,연립다세대,7,1717.0,5916.7,6306.7,750.0,12450.0,20.0,27.57,17.59,5,1
노원구,월계동,2026,5,월세,오피스텔,1,500.0,500.0,,500.0,500.0,60.0,60.0,,1,1
노원구,월계동,2026,5,전세,연립다세대,6,15000.0,14383.3,4891.0,10500.0,18000.0,,,,6,1
노원구,월계동,2026,6,월세,연립다세대,15,2000.0,4166.7,4506.6,1000.0,7500.0,38.0,39.0,18.21,12,1
노원구,월계동,2026,6,월세,오피스텔,4,1000.0,875.0,250.0,875.0,1000.0,56.5,57.0,6.78,4,1
노원구,월계동,2026,6,전세,연립다세대,7,17700.0,16385.7,4758.7,12300.0,20450.0,,,,6,1
노원구,월계동,2026,7,월세,연립다세대,12,2000.0,5866.7,8543.0,1000.0,5825.0,39.0,45.42,26.42,11,1
노원구,월계동,2026,7,월세,오피스텔,6,12000.0,8666.7,5955.4,3750.0,12750.0,8.0,20.0,23.66,2,1
노원구,월계동,2026,7,전세,연립다세대,7,14000.0,14142.9,7372.0,10050.0,14500.0,,,,3,1
노원구,월계동,2026,7,전세,오피스텔,1,11000.0,11000.0,,11000.0,11000.0,,,,1,1
노원구,월계동,2026,8,월세,연립다세대,13,1000.0,3230.8,4599.0,1000.0,3000.0,40.0,47.0,28.33,11,1
노원구,월계동,2026,8,월세,오피스텔,2,6250.0,6250.0,8131.7,3375.0,9125.0,29.5,29.5,36.06,2,1
노원구,월계동,2026,8,전세,연립다세대,7,13000.0,12071.4,5510.8,7000.0,15500.0,,,,6,1
노원구,월계동,2026,9,월세,연립다세대,2,1000.0,1000.0,0.0,1000.0,1000.0,45.0,45.0,0.0,2,1
노원구,월계동,2026,9,전세,연립다세대,3,13000.0,11400.0,2771.3,10600.0,13000.0,,,,3,1
노원구,중계동,2021,1,월세,연립다세대,1,2000.0,2000.0,,2000.0,2000.0,50.0,50.0,,0,0
노원구,중계동,2021,1,월세,오피스텔,3,1000.0,1000.0,0.0,1000.0,1000.0,75.0,71.67,10.41,1,0
노원구,중계동,2021,1,전세,연립다세대,5,10000.0,11000.0,3807.9,9000.0,12000.0,,,,0,0
노원구,중계동,2021,2,월세,오피스텔,2,1500.0,1500.0,707.1,1250.0,1750.0,82.5,82.5,24.75,0,0
노원구,중계동,2021,2,전세,연립다세대,7,12000.0,13214.3,2579.0,12000.0,13850.0,,,,0,0
노원구,중계동,2021,2,전세,오피스텔,1,500.0,500.0,,500.0,500.0,,,,0,0
노원구,중계동,2021,3,월세,연립다세대,2,1000.0,1000.0,0.0,1000.0,1000.0,26.5,26.5,23.33,0,0
노원구,중계동,2021,3,전세,연립다세대,6,17400.0,16883.3,3527.3,16200.0,19500.0,,,,0,0
노원구,중계동,2021,3,전세,오피스텔,2,22550.0,22550.0,777.8,22275.0,22825.0,,,,0,0
노원구,중계동,2021,4,월세,연립다세대,3,5000.0,8333.3,8504.9,3500.0,11500.0,30.0,41.67,34.03,0,0
노원구,중계동,2021,4,월세,오피스텔,4,1000.0,1250.0,500.0,1000.0,1250.0,77.0,81.0,13.32,0,0
노원구,중계동,2021,4,전세,연립다세대,13,13000.0,14025.0,4261.2,11000.0,16000.0,,,,0,0
노원구,중계동,2021,4,전세,오피스텔,1,22500.0,22500.0,,22500.0,22500.0,,,,0,0
노원구,중계동,2021,5,월세,연립다세대,3,4000.0,6833.3,6251.7,3250.0,9000.0,35.0,35.0,15.0,0,0
노원구,중계동,2021,5,월세,오피스텔,2,750.0,750.0,353.6,625.0,875.0,65.0,65.0,21.21,0,0
노원구,중계동,2021,5,전세,연립다세대,7,16000.0,14571.4,2523.7,13250.0,16000.0,,,,0,0
노원구,중계동,2021,6,월세,연립다세대,2,4000.0,4000.0,1414.2,3500.0,4500.0,40.0,40.0,0.0,1,0
노원구,중계동,2021,6,월세,오피스텔,2,1000.0,1000.0,0.0,1000.0,1000.0,92.5,92.5,24.75,2,0
노원구,중계동,2021,6,전세,연립다세대,9,18000.0,16766.7,5038.8,13000.0,20000.0,,,,5,0
노원구,중계동,2021,7,월세,연립다세대,1,10000.0,10000.0,,10000.0,10000.0,22.0,22.0,,1,0
노원구,중계동,2021,7,월세,오피스텔,1,50.0,50.0,,50.0,50.0,5.0,5.0,,0,0
노원구,중계동,2021,7,전세,연립다세대,5,13000.0,13940.0,5349.6,11000.0,18000.0,,,,2,0
노원구,중계동,2021,7,전세,오피스텔,1,22050.0,22050.0,,22050.0,22050.0,,,,0,0
노원구,중계동,2021,8,월세,연립다세대,4,3500.0,3500.0,2380.5,1750.0,5250.0,45.0,46.25,18.87,3,0
노원구,중계동,2021,8,월세,오피스텔,2,9000.0,9000.0,5656.9,7000.0,11000.0,43.0,43.0,39.6,2,0
노원구,중계동,2021,8,전세,연립다세대,4,16275.0,17762.5,5439.3,13612.5,20425.0,,,,2,0
노원구,중계동,2021,8,전세,오피스텔,1,23100.0,23100.0,,23100.0,23100.0,,,,0,0
노원구,중계동,2021,9,월세,연립다세대,3,8500.0,8666.7,288.7,8500.0,8750.0,50.0,36.0,24.25,2,0
노원구,중계동,2021,9,월세,오피스텔,3,1000.0,1833.3,1443.4,1000.0,2250.0,70.0,61.67,18.93,1,0
노원구,중계동,2021,9,전세,연립다세대,5,15000.0,15700.0,5783.6,13000.0,18000.0,,,,4,0
노원구,중계동,2021,9,전세,오피스텔,2,18500.0,18500.0,2121.3,17750.0,19250.0,,,,2,0
노원구,중계동,2021,10,월세,연립다세대,1,1000.0,1000.0,,1000.0,1000.0,50.0,50.0,,0,0
노원구,중계동,2021,10,월세,오피스텔,2,6000.0,6000.0,5656.9,4000.0,8000.0,75.0,75.0,35.36,2,0
노원구,중계동,2021,10,전세,연립다세대,9,16000.0,16822.2,6509.6,11500.0,19500.0,,,,4,0
노원구,중계동,2021,11,월세,연립다세대,4,3000.0,6625.0,9031.2,1625.0,8000.0,17.5,18.75,8.54,1,0
노원구,중계동,2021,11,월세,오피스텔,3,2000.0,1833.3,288.7,1750.0,2000.0,60.0,63.33,20.21,3,0
노원구,중계동,2021,11,전세,연립다세대,6,18900.0,17066.7,4807.4,14175.0,18975.0,,,,3,0
노원구,중계동,2021,12,월세,연립다세대,2,3000.0,3000.0,1414.2,2500.0,3500.0,46.0,46.0,5.66,2,0
노원구,중계동,2021,12,월세,오피스텔,6,1000.0,2583.3,4128.2,1000.0,1000.0,76.5,67.83,27.59,4,0
노원구,중계동,2021,12,전세,연립다세대,9,15000.0,16944.4,8357.0,11500.0,19000.0,,,,2,0
노원구,중계동,2021,12,전세,오피스텔,1,22000.0,22000.0,,22000.0,22000.0,,,,0,0
노원구,중계동,2022,1,월세,연립다세대,3,5000.0,7000.0,7211.1,3000.0,10000.0,30.0,38.33,18.93,1,0
노원구,중계동,2022,1,월세,오피스텔,6,1250.0,1275.0,709.8,1000.0,1875.0,92.5,96.5,33.19,3,0
노원구,중계동,2022,1,전세,연립다세대,6,13400.0,15033.3,6459.0,10000.0,18750.0,,,,2,0
노원구,중계동,2022,2,월세,연립다세대,4,2970.0,6235.0,7937.7,1750.0,7455.0,23.5,27.25,27.58,2,0
노원구,중계동,2022,2,월세,오피스텔,5,1000.0,1200.0,447.2,1000.0,1000.0,74.0,69.8,6.91,5,0
노원구,중계동,2022,2,전세,연립다세대,10,18750.0,17910.0,5235.3,13500.0,20375.0,,,,3,0
노원구,중계동,2022,2,전세,오피스텔,1,16000.0,16000.0,,16000.0,16000.0,,,,0,0
노원구,중계동,2022,3,월세,연립다세대,5,3000.0,6200.0,5438.3,2500.0,8000.0,35.0,34.0,17.1,5,0
노원구,중계동,2022,3,월세,오피스텔,2,1000.0,1000.0,0.0,1000.0,1000.0,100.0,100.0,14.14,2,0
노원구,중계동,2022,3,전세,연립다세대,9,19000.0,17719.4,4450.0,14000.0,20475.0,,,,5,0
노원구,중계동,2022,3,전세,오피스텔,4,15500.0,16250.0,3947.6,13000.0,18750.0,,,,2,0
노원구,중계동,2022,4,월세,연립다세대,1,1000.0,1000.0,,1000.0,1000.0,53.0,53.0,,1,0
노원구,중계동,2022,4,월세,오피스텔,3,1000.0,2333.3,2309.4,1000.0,3000.0,60.0,64.0,6.93,3,0
노원구,중계동,2022,4,전세,연립다세대,12,14750.0,15579.2,3274.9,13875.0,18000.0,,,,8,0
노원구,중계동,2022,4,전세,오피스텔,1,18000.0,18000.0,,18000.0,18000.0,,,,1,0
노원구,중계동,2022,5,월세,연립다세대,4,5000.0,4500.0,1000.0,4500.0,5000.0,35.0,35.0,12.25,2,0
노원구,중계동,2022,5,월세,오피스텔,2,500.0,500.0,0.0,500.0,500.0,42.5,42.5,10.61,1,0
노원구,중계동,2022,5,전세,연립다세대,16,15000.0,15407.8,5199.5,13000.0,19368.75,,,,7,0
노원구,중계동,2022,5,전세,오피스텔,2,24050.0,24050.0,1343.5,23575.0,24525.0,,,,1,0
노원구,중계동,2022,6,월세,연립다세대,1,8000.0,8000.0,,8000.0,8000.0,40.0,40.0,,0,0
노원구,중계동,2022,6,월세,오피스텔,7,1000.0,1000.0,500.0,750.0,1000.0,75.0,74.29,20.7,7,0
노원구,중계동,2022,6,전세,연립다세대,9,19000.0,16991.7,6011.8,13500.0,20000.0,,,,4,0
노원구,중계동,2022,7,월세,연립다세대,6,7000.0,7300.0,6913.8,1000.0,13375.0,46.0,37.5,22.25,3,0
노원구,중계동,2022,7,월세,오피스텔,3,1500.0,2000.0,1802.8,1000.0,2750.0,50.0,59.67,21.22,3,0
노원구,중계동,2022,7,전세,연립다세대,7,18300.0,18265.7,1760.2,18180.0,18600.0,,,,1,0
노원구,중계동,2022,7,전세,오피스텔,1,18000.0,18000.0,,18000.0,18000.0,,,,0,0
노원구,중계동,2022,8,월세,연립다세대,2,13000.0,13000.0,0.0,13000.0,13000.0,15.0,15.0,0.0,1,0
노원구,중계동,2022,8,월세,오피스텔,1,2000.0,2000.0,,2000.0,2000.0,90.0,90.0,,1,0
노원구,중계동,2022,8,전세,연립다세대,6,18900.0,18366.7,1724.7,18600.0,18900.0,,,,0,0
노원구,중계동,2022,9,월세,연립다세대,2,13000.0,13000.0,1414.2,12500.0,13500.0,22.5,22.5,3.54,1,0
노원구,중계동,2022,9,월세,오피스텔,1,1000.0,1000.0,,1000.0,1000.0,85.0,85.0,,1,0
노원구,중계동,2022,9,전세,연립다세대,6,17400.0,15300.0,4057.1,14000.0,17950.0,,,,3,0
노원구,중계동,2022,9,전세,오피스텔,2,17425.0,17425.0,601.0,17212.5,17637.5,,,,1,0
노원구,중계동,2022,10,월세,연립다세대,2,9000.0,9000.0,9899.5,5500.0,12500.0,33.0,33.0,31.11,1,0
노원구,중계동,2022,10,월세,오피스텔,2,3000.0,3000.0,2828.4,2000.0,4000.0,71.5,71.5,16.26,2,0
노원구,중계동,2022,10,전세,연립다세대,12,11500.0,13337.5,5494.6,9600.0,19175.0,,,,2,0
노원구,중계동,2022,11,월세,연립다세대,4,2500.0,4000.0,4143.3,1375.0,5125.0,40.0,40.0,11.55,2,0
노원구,중계동,2022,11,월세,오피스텔,5,1000.0,1400.0,894.4,1000.0,1000.0,85.0,80.0,10.0,4,0
노원구,중계동,2022,11,전세,연립다세대,9,20000.0,17888.9,4859.1,12000.0,20000.0,,,,4,0
노원구,중계동,2022,11,전세,오피스텔,1,24250.0,24250.0,,24250.0,24250.0,,,,1,0
노원구,중계동,2022,12,월세,연립다세대,1,500.0,500.0,,500.0,500.0,33.0,33.0,,1,0
노원구,중계동,2022,12,월세,오피스텔,1,1000.0,1000.0,,1000.0,1000.0,75.0,75.0,,1,0
노원구,중계동,2022,12,전세,연립다세대,6,12250.0,13366.7,3580.3,11175.0,14375.0,,,,3,0
노원구,중계동,2022,12,전세,오피스텔,2,17500.0,17500.0,707.1,17250.0,17750.0,,,,2,0
노원구,중계동,2023,1,월세,연립다세대,4,1000.0,5000.0,8336.7,875.0,5125.0,42.5,38.25,10.44,3,0
노원구,중계동,2023,1,월세,오피스텔,7,1000.0,1500.0,1190.2,1000.0,1500.0,72.0,73.43,12.75,7,0
노원구,중계동,2023,1,전세,연립다세대,2,11675.0,11675.0,6116.5,9512.5,13837.5,,,,1,0
노원구,중계동,2023,2,월세,연립다세대,1,500.0,500.0,,500.0,500.0,50.0,50.0,,1,0
노원구,중계동,2023,2,월세,오피스텔,9,1000.0,1777.8,1769.7,1000.0,2000.0,70.0,65.33,25.29,6,0
노원구,중계동,2023,2,전세,연립다세대,8,17000.0,17500.0,4949.7,15750.0,21875.0,,,,3,0
노원구,중계동,2023,2,전세,오피스텔,4,17100.0,17050.0,818.5,16825.0,17325.0,,,,2,0
노원구,중계동,2023,3,월세,연립다세대,4,1500.0,4375.0,6799.2,750.0,5125.0,39.0,38.5,18.27,2,0
노원구,중계동,2023,3,월세,오피스텔,2,1000.0,1000.0,0.0,1000.0,1000.0,87.5,87.5,31.82,1,0
노원구,중계동,2023,3,전세,연립다세대,8,16000.0,15937.5,3353.4,14000.0,18500.0,,,,5,0
노원구,중계동,2023,4,월세,연립다세대,2,750.0,750.0,353.6,625.0,875.0,40.0,40.0,14.14,1,0
노원구,중계동,2023,4,월세,오피스텔,3,1000.0,1166.7,763.8,750.0,1500.0,90.0,85.0,27.84,3,0
노원구,중계동,2023,4,전세,연립다세대,4,14000.0,14075.0,3249.0,12325.0,15750.0,,,,1,0
노원구,중계동,2023,4,전세,오피스텔,1,25000.0,25000.0,,25000.0,25000.0,,,,1,0
노원구,중계동,2023,5,월세,연립다세대,2,18000.0,18000.0,0.0,18000.0,18000.0,20.0,20.0,0.0,0,0
노원구,중계동,2023,5,월세,오피스텔,3,2000.0,4166.7,5107.2,1250.0,6000.0,52.0,60.67,16.77,3,0
노원구,중계동,2023,5,전세,연립다세대,4,14750.0,14375.0,3449.0,12625.0,16500.0,,,,3,0
노원구,중계동,2023,6,월세,연립다세대,6,4000.0,5166.7,4355.1,1750.0,8500.0,40.0,34.67,21.09,4,0
노원구,중계동,2023,6,월세,오피스텔,4,750.0,1250.0,1190.2,500.0,1500.0,71.0,71.75,34.34,4,0
노원구,중계동,2023,6,전세,연립다세대,9,13000.0,14770.0,4826.7,11000.0,19000.0,,,,6,0
노원구,중계동,2023,6,전세,오피스텔,4,23250.0,22500.0,2614.1,21250.0,24500.0,,,,1,0
노원구,중계동,2023,7,월세,연립다세대,3,2000.0,4333.3,4932.9,1500.0,6000.0,30.0,40.0,26.46,2,0
노원구,중계동,2023,7,월세,오피스텔,5,1000.0,1000.0,612.4,500.0,1000.0,70.0,74.0,24.85,5,0
노원구,중계동,2023,7,전세,연립다세대,4,13250.0,14625.0,3637.2,12750.0,15125.0,,,,2,0
노원구,중계동,2023,8,월세,연립다세대,4,2500.0,4125.0,3966.0,1875.0,4750.0,57.5,51.25,26.26,4,0
노원구,중계동,2023,8,월세,오피스텔,2,500.0,500.0,0.0,500.0,500.0,72.5,72.5,53.03,2,0
노원구,중계동,2023,8,전세,연립다세대,3,13000.0,14066.7,5478.4,11100.0,16500.0,,,,2,0
노원구,중계동,2023,8,전세,오피스텔,1,18000.0,18000.0,,18000.0,18000.0,,,,1,0
노원구,중계동,2023,9,월세,오피스텔,3,2000.0,4333.3,4932.9,1500.0,6000.0,89.0,76.33,22.81,3,0
노원구,중계동,2023,9,전세,연립다세대,4,19500.0,19750.0,4924.4,17750.0,21500.0,,,,4,0
노원구,중계동,2023,10,월세,연립다세대,6,8500.0,8083.3,6988.7,1750.0,14500.0,24.0,24.67,14.58,5,0
노원구,중계동,2023,10,월세,오피스텔,4,1000.0,1000.0,0.0,1000.0,1000.0,77.5,77.5,6.45,4,0
노원구,중계동,2023,10,전세,연립다세대,12,16000.0,18041.7,5848.3,14000.0,21500.0,,,,8,0
노원구,중계동,2023,11,월세,연립다세대,1,3000.0,3000.0,,3000.0,3000.0,45.0,45.0,,1,0
노원구,중계동,2023,11,월세,오피스텔,7,1000.0,1214.3,566.9,1000.0,1500.0,85.0,95.71,29.64,7,0
노원구,중계동,2023,11,전세,연립다세대,11,19500.0,28727.3,31005.9,15750.0,26750.0,,,,8,0
노원구,중계동,2023,11,전세,오피스텔,3,24000.0,22333.3,3785.9,21000.0,24500.0,,,,2,0
노원구,중계동,2023,12,월세,연립다세대,2,7250.0,7250.0,3182.0,6125.0,8375.0,12.5,12.5,10.61,0,0
노원구,중계동,2023,12,월세,오피스텔,6,1000.0,1250.0,935.4,625.0,1375.0,60.0,62.5,10.84,6,0
노원구,중계동,2023,12,전세,연립다세대,7,23000.0,21871.4,4674.3,20000.0,25000.0,,,,3,0
노원구,중계동,2023,12,전세,오피스텔,2,17000.0,17000.0,1414.2,16500.0,17500.0,,,,2,0
노원구,중계동,2024,1,월세,연립다세대,4,6850.0,7675.0,6378.8,4000.0,10525.0,22.5,23.75,16.01,4,0
노원구,중계동,2024,1,월세,오피스텔,9,1000.0,2333.3,2915.5,1000.0,2000.0,75.0,79.44,23.51,9,0
노원구,중계동,2024,1,전세,연립다세대,12,16400.0,17529.2,5330.0,15000.0,18375.0,,,,8,0
노원구,중계동,2024,1,전세,오피스텔,1,23000.0,23000.0,,23000.0,23000.0,,,,1,0
노원구,중계동,2024,2,월세,연립다세대,4,6500.0,7072.8,3818.2,4572.75,9000.0,16.0,25.25,23.91,2,0
노원구,중계동,2024,2,월세,오피스텔,6,1000.0,1500.0,836.7,1000.0,1750.0,88.5,90.33,8.16,6,0
노원구,중계동,2024,2,전세,연립다세대,8,12100.0,13253.6,5686.3,10800.0,15250.0,,,,4,0
노원구,중계동,2024,2,전세,오피스텔,1,17000.0,17000.0,,17000.0,17000.0,,,,1,0
노원구,중계동,2024,3,월세,연립다세대,9,4000.0,6400.0,5110.8,3000.0,9900.0,45.0,36.67,21.21,7,0
노원구,중계동,2024,3,월세,오피스텔,5,1000.0,946.0,676.1,500.0,1000.0,60.0,66.0,13.87,5,0
노원구,중계동,2024,3,전세,연립다세대,8,18600.0,18262.5,4611.8,14675.0,23000.0,,,,6,0
노원구,중계동,2024,3,전세,오피스텔,3,25000.0,26333.3,3214.6,24500.0,27500.0,,,,3,0
노원구,중계동,2024,4,월세,연립다세대,6,10850.0,8200.0,5911.0,3250.0,11925.0,15.5,22.67,22.15,6,0
노원구,중계동,2024,4,월세,오피스텔,6,500.0,833.3,605.5,500.0,875.0,57.5,62.5,22.53,6,0
노원구,중계동,2024,4,전세,연립다세대,7,10000.0,11542.9,3244.4,9400.0,13850.0,,,,4,0
노원구,중계동,2024,5,월세,연립다세대,9,5000.0,5422.2,4153.8,1000.0,8000.0,30.0,34.78,12.27,7,0
노원구,중계동,2024,5,월세,오피스텔,6,1000.0,2333.3,3763.9,625.0,1000.0,64.0,63.83,13.42,6,0
노원구,중계동,2024,5,전세,연립다세대,4,16800.0,16525.0,1463.7,16225.0,17100.0,,,,2,0
노원구,중계동,2024,6,월세,연립다세대,1,3000.0,3000.0,,3000.0,3000.0,40.0,40.0,,1,0
노원구,중계동,2024,6,월세,오피스텔,2,750.0,750.0,353.6,625.0,875.0,70.0,70.0,21.21,2,0
노원구,중계동,2024,6,전세,연립다세대,7,14300.0,14842.9,3074.0,13650.0,16650.0,,,,5,0
노원구,중계동,2024,7,월세,연립다세대,1,2000.0,2000.0,,2000.0,2000.0,50.0,50.0,,1,0
노원구,중계동,2024,7,월세,오피스텔,2,750.0,750.0,353.6,625.0,875.0,68.5,68.5,12.02,2,0
노원구,중계동,2024,7,전세,연립다세대,2,11850.0,11850.0,6151.8,9675.0,14025.0,,,,2,0
노원구,중계동,2024,7,전세,오피스텔,1,18400.0,18400.0,,18400.0,18400.0,,,,0,0
노원구,중계동,2024,8,월세,연립다세대,1,11000.0,11000.0,,11000.0,11000.0,35.0,35.0,,1,0
노원구,중계동,2024,8,월세,오피스텔,1,500.0,500.0,,500.0,500.0,35.0,35.0,,1,0
노원구,중계동,2024,8,전세,연립다세대,5,9890.0,12158.0,6440.8,8000.0,18900.0,,,,4,0
노원구,중계동,2024,8,전세,오피스텔,1,13230.0,13230.0,,13230.0,13230.0,,,,0,0
노원구,중계동,2024,9,월세,연립다세대,3,2000.0,5300.0,5715.8,2000.0,6950.0,68.0,54.0,38.94,3,0
노원구,중계동,2024,9,월세,오피스텔,1,500.0,500.0,,500.0,500.0,55.0,55.0,,1,0
노원구,중계동,2024,9,전세,오피스텔,1,15000.0,15000.0,,15000.0,15000.0,,,,1,0
노원구,중계동,2024,10,월세,연립다세대,3,2000.0,4166.7,5107.2,1250.0,6000.0,40.0,43.33,25.17,3,0
노원구,중계동,2024,10,월세,오피스텔,3,1000.0,1166.7,288.7,1000.0,1250.0,108.0,96.0,27.07,3,0
노원구,중계동,2024,10,전세,연립다세대,7,18200.0,16728.6,2615.8,15000.0,18200.0,,,,3,0
노원구,중계동,2024,10,전세,오피스텔,2,21050.0,21050.0,4313.4,19525.0,22575.0,,,,2,0
노원구,중계동,2024,11,월세,연립다세대,1,13000.0,13000.0,,13000.0,13000.0,20.0,20.0,,1,0
노원구,중계동,2024,11,월세,오피스텔,2,1000.0,1000.0,0.0,1000.0,1000.0,90.0,90.0,28.28,2,0
노원구,중계동,2024,11,전세,연립다세대,1,8400.0,8400.0,,8400.0,8400.0,,,,1,0
노원구,중계동,2024,11,전세,오피스텔,2,21500.0,21500.0,4949.7,19750.0,23250.0,,,,1,0
노원구,중계동,2024,12,월세,오피스텔,3,2000.0,1666.7,577.4,1500.0,2000.0,100.0,91.67,14.43,3,0
노원구,중계동,2024,12,전세,연립다세대,2,15900.0,15900.0,5515.4,13950.0,17850.0,,,,1,0
노원구,중계동,2024,12,전세,오피스텔,1,18500.0,18500.0,,18500.0,18500.0,,,,1,0
노원구,중계동,2025,1,월세,연립다세대,1,3609.0,3609.0,,3609.0,3609.0,8.0,8.0,,0,0
노원구,중계동,2025,1,월세,오피스텔,4,1000.0,875.0,250.0,875.0,1000.0,80.0,75.0,14.14,3,0
노원구,중계동,2025,1,전세,연립다세대,1,18900.0,18900.0,,18900.0,18900.0,,,,0,0
노원구,중계동,2025,1,전세,오피스텔,3,17200.0,17433.3,493.3,17150.0,17600.0,,,,1,0
노원구,중계동,2025,2,월세,연립다세대,2,750.0,750.0,353.6,625.0,875.0,43.0,43.0,2.83,2,0
노원구,중계동,2025,2,월세,오피스텔,1,1000.0,1000.0,,1000.0,1000.0,75.0,75.0,,1,0
노원구,중계동,2025,2,전세,연립다세대,7,18900.0,19557.1,2808.8,18500.0,21500.0,,,,1,0
노원구,중계동,2025,2,전세,오피스텔,1,23000.0,23000.0,,23000.0,23000.0,,,,0,0
노원구,중계동,2025,3,월세,연립다세대,4,6900.0,6925.0,5808.8,2500.0,11325.0,40.0,35.0,24.49,4,0
노원구,중계동,2025,3,월세,오피스텔,1,1000.0,1000.0,,1000.0,1000.0,70.0,70.0,,1,0
노원구,중계동,2025,3,전세,연립다세대,3,23000.0,24333.3,3214.6,22500.0,25500.0,,,,3,0
노원구,중계동,2025,4,월세,연립다세대,9,9800.0,7522.2,6020.1,1000.0,13000.0,25.0,30.78,21.63,7,0
노원구,중계동,2025,4,월세,오피스텔,4,1500.0,1375.0,750.0,875.0,2000.0,85.0,83.75,25.62,4,0
노원구,중계동,2025,4,전세,연립다세대,11,18000.0,18360.9,5962.2,15650.0,22000.0,,,,9,0
노원구,중계동,2025,4,전세,오피스텔,1,25100.0,25100.0,,25100.0,25100.0,,,,0,0
노원구,중계동,2025,5,월세,연립다세대,6,11650.0,9966.7,6680.3,4000.0,14200.0,37.5,45.17,24.33,5,0
노원구,중계동,2025,5,월세,오피스텔,6,750.0,916.7,584.5,500.0,1000.0,60.0,59.0,19.08,6,0
노원구,중계동,2025,5,전세,연립다세대,2,13500.0,13500.0,4949.7,11750.0,15250.0,,,,2,0
노원구,중계동,2025,6,월세,연립다세대,8,4500.0,4687.5,3945.5,875.0,7375.0,35.0,34.25,15.13,7,0
노원구,중계동,2025,6,월세,오피스텔,4,1000.0,1000.0,0.0,1000.0,1000.0,72.5,71.75,15.67,4,0
노원구,중계동,2025,6,전세,연립다세대,7,11000.0,13428.6,3973.1,10500.0,16500.0,,,,3,0
노원구,중계동,2025,6,전세,오피스텔,2,25750.0,25750.0,353.6,25625.0,25875.0,,,,0,0
노원구,중계동,2025,7,월세,연립다세대,3,1000.0,4000.0,5196.2,1000.0,5500.0,45.0,46.67,2.89,3,0
노원구,중계동,2025,7,월세,오피스텔,3,1000.0,1166.7,763.8,750.0,1500.0,70.0,80.0,26.46,3,0
노원구,중계동,2025,7,전세,연립다세대,11,16000.0,19117.3,9393.4,14350.0,20500.0,,,,3,0
노원구,중계동,2025,8,월세,연립다세대,2,2500.0,2500.0,3535.5,1250.0,3750.0,53.5,53.5,9.19,2,0
노원구,중계동,2025,8,월세,오피스텔,6,1000.0,1000.0,547.7,625.0,1000.0,70.0,75.83,20.6,6,0
노원구,중계동,2025,8,전세,연립다세대,3,16000.0,15166.7,6291.5,12250.0,18500.0,,,,2,0
노원구,중계동,2025,9,월세,연립다세대,2,6795.0,6795.0,8195.4,3897.5,9692.5,39.0,39.0,26.87,2,0
노원구,중계동,2025,9,월세,오피스텔,4,1000.0,875.0,250.0,875.0,1000.0,67.5,71.25,13.15,4,0
노원구,중계동,2025,9,전세,연립다세대,7,21000.0,21357.1,4784.6,20250.0,24000.0,,,,1,0
노원구,중계동,2025,10,월세,연립다세대,3,14000.0,14850.0,2822.7,13275.0,16000.0,20.0,18.33,7.64,2,0
노원구,중계동,2025,10,월세,오피스텔,5,1000.0,1200.0,1036.8,500.0,1000.0,75.0,77.0,25.58,5,0
노원구,중계동,2025,10,전세,연립다세대,6,23500.0,22000.0,5317.4,17062.5,26000.0,,,,1,0
노원구,중계동,2025,10,전세,오피스텔,3,18000.0,20416.7,5076.5,17500.0,22125.0,,,,3,0
노원구,중계동,2025,11,월세,연립다세대,6,10250.0,9083.3,4694.9,5375.0,11750.0,45.0,47.5,38.18,5,0
노원구,중계동,2025,11,월세,오피스텔,1,1000.0,1000.0,,1000.0,1000.0,70.0,70.0,,1,0
노원구,중계동,2025,11,전세,연립다세대,7,24000.0,22257.1,5414.1,20000.0,26250.0,,,,4,0
노원구,중계동,2025,11,전세,오피스텔,2,25727.5,25727.5,385.4,25591.25,25863.75,,,,1,0
노원구,중계동,2025,12,월세,연립다세대,6,25500.0,21733.3,7894.7,16125.0,27375.0,5.0,10.33,8.64,2,0
노원구,중계동,2025,12,월세,오피스텔,11,1000.0,1045.5,687.6,750.0,1000.0,83.0,82.18,21.72,10,0
노원구,중계동,2025,12,전세,연립다세대,3,19500.0,18166.7,2753.8,17250.0,19750.0,,,,2,0
노원구,중계동,2025,12,전세,오피스텔,1,26000.0,26000.0,,26000.0,26000.0,,,,1,0
노원구,중계동,2026,1,월세,연립다세대,7,5000.0,5971.4,5661.8,750.0,10900.0,40.0,35.0,22.36,7,1
노원구,중계동,2026,1,월세,오피스텔,9,1000.0,1222.2,1063.9,1000.0,1000.0,70.0,76.11,10.83,9,1
노원구,중계동,2026,1,전세,연립다세대,4,14500.0,15025.0,2129.7,13775.0,15750.0,,,,2,1
노원구,중계동,2026,2,월세,연립다세대,5,10000.0,7680.0,4792.4,3000.0,11700.0,10.0,21.0,17.46,3,1
노원구,중계동,2026,2,월세,오피스텔,3,2000.0,2500.0,2291.3,1250.0,3500.0,75.0,78.33,20.21,3,1
노원구,중계동,2026,2,전세,연립다세대,8,14100.0,13580.4,7187.6,8437.5,18475.0,,,,4,1
노원구,중계동,2026,2,전세,오피스텔,2,22000.0,22000.0,4242.6,20500.0,23500.0,,,,1,1
노원구,중계동,2026,3,월세,연립다세대,10,11700.0,10450.0,3666.1,8750.0,12750.0,20.0,27.9,19.4,7,1
노원구,중계동,2026,3,월세,오피스텔,8,1000.0,1312.5,1510.4,500.0,1000.0,67.5,67.5,12.82,8,1
노원구,중계동,2026,3,전세,연립다세대,3,12800.0,11933.3,3579.6,10400.0,13900.0,,,,1,1
노원구,중계동,2026,3,전세,오피스텔,3,17900.0,19633.3,4743.8,16950.0,21450.0,,,,3,1
노원구,중계동,2026,4,월세,연립다세대,4,11000.0,11000.0,1154.7,10000.0,12000.0,27.0,24.75,6.85,3,1
노원구,중계동,2026,4,월세,오피스텔,8,750.0,875.0,517.5,500.0,1000.0,65.0,71.88,28.87,8,1
노원구,중계동,2026,4,전세,연립다세대,3,19500.0,19666.7,288.7,19500.0,19750.0,,,,2,1
노원구,중계동,2026,5,월세,연립다세대,7,5000.0,6357.1,3837.5,4000.0,9750.0,25.0,31.86,18.46,5,1
노원구,중계동,2026,5,월세,오피스텔,2,13000.0,13000.0,16970.6,7000.0,19000.0,62.5,62.5,45.96,2,1
노원구,중계동,2026,5,전세,연립다세대,4,18100.0,16800.0,6368.7,14750.0,20150.0,,,,3,1
노원구,중계동,2026,5,전세,오피스텔,1,19000.0,19000.0,,19000.0,19000.0,,,,0,1
노원구,중계동,2026,6,월세,연립다세대,5,8880.0,8176.0,4544.8,7000.0,12000.0,37.0,35.4,13.72,3,1
노원구,중계동,2026,6,월세,오피스텔,5,1000.0,1700.0,1857.4,1000.0,1000.0,70.0,73.0,15.65,5,1
노원구,중계동,2026,6,전세,연립다세대,5,23000.0,17740.0,9609.3,8000.0,24000.0,,,,5,1
노원구,중계동,2026,7,월세,오피스텔,3,1000.0,833.3,288.7,750.0,1000.0,75.0,62.33,21.94,2,1
노원구,중계동,2026,7,전세,연립다세대,2,13950.0,13950.0,7848.9,11175.0,16725.0,,,,1,1
노원구,중계동,2026,8,월세,연립다세대,2,12000.0,12000.0,1414.2,11500.0,12500.0,45.0,45.0,21.21,2,1
노원구,중계동,2026,8,전세,연립다세대,3,18600.0,17196.7,4666.1,15295.0,19800.0,,,,2,1
노원구,중계동,2026,8,전세,오피스텔,2,21945.0,21945.0,11391.5,17917.5,25972.5,,,,1,1
노원구,중계동,2026,9,월세,연립다세대,1,10800.0,10800.0,,10800.0,10800.0,10.0,10.0,,1,1
노원구,중계동,2026,9,전세,연립다세대,2,11650.0,11650.0,7566.0,8975.0,14325.0,,,,1,1
노원구,하계동,2021,1,월세,연립다세대,4,1000.0,1000.0,0.0,1000.0,1000.0,42.5,42.0,3.56,0,0
노원구,하계동,2021,1,월세,오피스텔,1,5000.0,5000.0,,5000.0,5000.0,30.0,30.0,,0,0
노원구,하계동,2021,1,전세,연립다세대,3,8500.0,10791.7,4521.4,8187.5,12250.0,,,,0,0
노원구,하계동,2021,2,월세,연립다세대,5,2000.0,3100.0,3911.5,1000.0,2000.0,40.0,37.4,19.07,0,0
노원구,하계동,2021,2,월세,오피스텔,3,1000.0,1000.0,0.0,1000.0,1000.0,51.0,55.33,8.39,0,0
노원구,하계동,2021,3,월세,연립다세대,6,500.0,750.0,612.4,500.0,500.0,40.0,37.83,3.49,0,0
노원구,하계동,2021,3,월세,오피스텔,1,1000.0,1000.0,,1000.0,1000.0,55.0,55.0,,1,0
노원구,하계동,2021,4,월세,연립다세대,4,1975.5,1990.8,1229.9,1588.25,2378.0,23.0,22.0,18.38,1,0
노원구,하계동,2021,4,전세,연립다세대,2,21250.0,21250.0,7424.6,18625.0,23875.0,,,,0,0
노원구,하계동,2021,4,전세,오피스텔,2,10000.0,10000.0,0.0,10000.0,10000.0,,,,0,0
노원구,하계동,2021,5,월세,연립다세대,4,1679.5,1780.0,1163.0,1144.25,2315.25,29.0,28.75,19.72,0,0
노원구,하계동,2021,5,전세,연립다세대,1,28600.0,28600.0,,28600.0,28600.0,,,,0,0
노원구,하계동,2021,6,월세,연립다세대,1,1000.0,1000.0,,1000.0,1000.0,55.0,55.0,,1,0
노원구,하계동,2021,6,월세,오피스텔,1,1000.0,1000.0,,1000.0,1000.0,50.0,50.0,,1,0
노원구,하계동,2021,6,전세,연립다세대,3,15000.0,13250.0,3699.7,12000.0,15375.0,,,,2,0
노원구,하계동,2021,7,월세,연립다세대,5,1000.0,3800.0,4424.4,500.0,7000.0,40.0,38.0,20.19,4,0
노원구,하계동,2021,7,월세,오피스텔,1,10500.0,10500.0,,10500.0,10500.0,5.0,5.0,,0,0
노원구,하계동,2021,7,전세,연립다세대,2,7450.0,7450.0,1343.5,6975.0,7925.0,,,,0,0
노원구,하계동,2021,8,월세,연립다세대,3,1000.0,3200.0,4611.9,550.0,4750.0,18.0,22.67,15.53,2,0
노원구,하계동,2021,8,전세,연립다세대,2,10000.0,10000.0,2828.4,9000.0,11000.0,,,,2,0
노원구,하계동,2021,9,월세,연립다세대,1,5000.0,5000.0,,5000.0,5000.0,50.0,50.0,,1,0
노원구,하계동,2021,9,전세,연립다세대,1,9000.0,9000.0,,9000.0,9000.0,,,,1,0
노원구,하계동,2021,10,월세,연립다세대,2,2995.5,2995.5,3529.2,1747.75,4243.25,23.5,23.5,12.02,1,0
노원구,하계동,2021,10,월세,오피스텔,1,1000.0,1000.0,,1000.0,1000.0,55.0,55.0,,1,0
노원구,하계동,2021,10,전세,연립다세대,1,9000.0,9000.0,,9000.0,9000.0,,,,1,0
노원구,하계동,2021,11,월세,연립다세대,2,10000.0,10000.0,1414.2,9500.0,10500.0,30.0,30.0,0.0,1,0
노원구,하계동,2021,12,월세,연립다세대,4,1575.5,3412.8,4434.2,988.25,4000.0,30.0,33.75,24.28,3,0
노원구,하계동,2021,12,전세,연립다세대,4,18250.0,18665.8,9207.3,12990.75,23925.0,,,,3,0
노원구,하계동,2022,1,월세,연립다세대,21,1000.0,1109.1,855.0,500.0,1215.0,45.0,34.9,15.75,14,0
노원구,하계동,2022,1,월세,오피스텔,3,1000.0,2333.3,2309.4,1000.0,3000.0,55.0,46.67,14.43,2,0
노원구,하계동,2022,2,월세,연립다세대,8,1825.5,3799.6,4508.2,875.0,4809.5,31.0,29.75,10.29,5,0
노원구,하계동,2022,2,전세,연립다세대,3,8268.0,8487.0,379.3,8268.0,8596.5,,,,0,0
노원구,하계동,2022,3,월세,연립다세대,1,9000.0,9000.0,,9000.0,9000.0,35.0,35.0,,1,0
노원구,하계동,2022,3,월세,오피스텔,1,1000.0,1000.0,,1000.0,1000.0,60.0,60.0,,1,0
노원구,하계동,2022,3,전세,연립다세대,4,12600.0,12800.0,3274.1,11700.0,13700.0,,,,1,0
노원구,하계동,2022,3,전세,오피스텔,1,14000.0,14000.0,,14000.0,14000.0,,,,1,0
노원구,하계동,2022,4,월세,연립다세대,4,5500.0,5375.0,5344.4,875.0,10000.0,35.0,31.25,23.23,3,0
노원구,하계동,2022,4,월세,오피스텔,1,1000.0,1000.0,,1000.0,1000.0,60.0,60.0,,1,0
노원구,하계동,2022,5,월세,연립다세대,1,500.0,500.0,,500.0,500.0,40.0,40.0,,1,0
노원구,하계동,2022,5,전세,연립다세대,4,11225.0,13475.0,5924.6,9450.0,15250.0,,,,1,0
노원구,하계동,2022,6,월세,연립다세대,7,1000.0,1192.9,627.4,750.0,1675.0,45.0,49.0,23.24,6,0
노원구,하계동,2022,6,월세,오피스텔,1,1000.0,1000.0,,1000.0,1000.0,55.0,55.0,,0,0
노원구,하계동,2022,6,전세,연립다세대,3,8920.0,10913.3,3539.5,8870.0,11960.0,,,,1,0
노원구,하계동,2022,7,월세,연립다세대,2,1500.0,1500.0,707.1,1250.0,1750.0,54.0,54.0,15.56,2,0
노원구,하계동,2022,7,월세,오피스텔,1,1000.0,1000.0,,1000.0,1000.0,60.0,60.0,,1,0
노원구,하계동,2022,7,전세,연립다세대,2,13000.0,13000.0,1414.2,12500.0,13500.0,,,,2,0
노원구,하계동,2022,8,월세,연립다세대,2,750.0,750.0,353.6,625.0,875.0,50.0,50.0,14.14,1,0
노원구,하계동,2022,8,월세,오피스텔,1,500.0,500.0,,500.0,500.0,60.0,60.0,,1,0
노원구,하계동,2022,8,전세,연립다세대,1,14500.0,14500.0,,14500.0,14500.0,,,,0,0
노원구,하계동,2022,9,월세,연립다세대,1,6000.0,6000.0,,6000.0,6000.0,55.0,55.0,,0,0
노원구,하계동,2022,9,전세,연립다세대,1,12500.0,12500.0,,12500.0,12500.0,,,,0,0
노원구,하계동,2022,10,월세,연립다세대,3,1916.0,2001.3,1046.6,1458.0,2502.0,11.0,20.0,21.93,1,0
노원구,하계동,2022,10,월세,오피스텔,1,5000.0,5000.0,,5000.0,5000.0,35.0,35.0,,1,0
노원구,하계동,2022,10,전세,연립다세대,1,8900.0,8900.0,,8900.0,8900.0,,,,0,0
노원구,하계동,2022,11,월세,연립다세대,1,3196.0,3196.0,,3196.0,3196.0,7.0,7.0,,0,0
노원구,하계동,2022,11,전세,연립다세대,2,17087.5,17087.5,4118.9,15631.25,18543.75,,,,1,0
노원구,하계동,2022,12,월세,연립다세대,10,1000.0,1700.0,2926.9,500.0,1000.0,41.0,43.7,9.67,8,0
노원구,하계동,2022,12,월세,오피스텔,2,1000.0,1000.0,0.0,1000.0,1000.0,55.0,55.0,0.0,2,0
노원구,하계동,2023,1,월세,연립다세대,11,1000.0,1863.6,2026.0,500.0,3000.0,45.0,49.91,13.97,10,0
노원구,하계동,2023,1,월세,오피스텔,2,1500.0,1500.0,707.1,1250.0,1750.0,54.0,54.0,1.41,2,0
노원구,하계동,2023,2,월세,연립다세대,7,1000.0,3714.3,4376.6,750.0,6500.0,40.0,41.71,25.14,7,0
노원구,하계동,2023,2,월세,오피스텔,2,1000.0,1000.0,0.0,1000.0,1000.0,60.0,60.0,7.07,2,0
노원구,하계동,2023,2,전세,연립다세대,2,14000.0,14000.0,5656.9,12000.0,16000.0,,,,2,0
노원구,하계동,2023,3,월세,연립다세대,2,1250.0,1250.0,1060.7,875.0,1625.0,38.0,38.0,2.83,1,0
노원구,하계동,2023,3,월세,오피스텔,1,2000.0,2000.0,,2000.0,2000.0,55.0,55.0,,1,0
노원구,하계동,2023,3,전세,연립다세대,1,17000.0,17000.0,,17000.0,17000.0,,,,0,0
노원구,하계동,2023,4,월세,연립다세대,1,500.0,500.0,,500.0,500.0,40.0,40.0,,1,0
노원구,하계동,2023,5,월세,연립다세대,1,2000.0,2000.0,,2000.0,2000.0,35.0,35.0,,0,0
노원구,하계동,2023,5,월세,오피스텔,1,1000.0,1000.0,,1000.0,1000.0,53.0,53.0,,0,0
노원구,하계동,2023,5,전세,연립다세대,1,20000.0,20000.0,,20000.0,20000.0,,,,1,0
노원구,하계동,2023,6,월세,연립다세대,3,2000.0,4666.7,5507.6,1500.0,6500.0,45.0,39.33,17.21,1,0
노원구,하계동,2023,6,월세,오피스텔,1,1000.0,1000.0,,1000.0,1000.0,70.0,70.0,,1,0
노원구,하계동,2023,6,전세,연립다세대,1,15000.0,15000.0,,15000.0,15000.0,,,,1,0
노원구,하계동,2023,7,월세,연립다세대,3,1351.0,1283.7,752.3,925.5,1675.5,48.0,43.67,23.8,2,0
노원구,하계동,2023,7,전세,연립다세대,1,15000.0,15000.0,,15000.0,15000.0,,,,1,0
노원구,하계동,2023,8,월세,연립다세대,4,500.0,2500.0,4000.0,500.0,2500.0,40.0,32.5,15.0,4,0
노원구,하계동,2023,8,전세,연립다세대,4,13575.0,15037.5,6352.6,12375.0,16237.5,,,,2,0
노원구,하계동,2023,9,월세,연립다세대,4,1000.0,1125.0,629.2,875.0,1250.0,42.5,48.75,14.36,4,0
노원구,하계동,2023,9,전세,연립다세대,3,9000.0,11666.7,4618.8,9000.0,13000.0,,,,2,0
노원구,하계동,2023,10,월세,연립다세대,1,500.0,500.0,,500.0,500.0,40.0,40.0,,1,0
노원구,하계동,2023,10,전세,연립다세대,2,9000.0,9000.0,0.0,9000.0,9000.0,,,,2,0
노원구,하계동,2023,11,월세,연립다세대,3,1000.0,833.3,288.7,750.0,1000.0,40.0,38.33,7.64,2,0
노원구,하계동,2023,11,전세,연립다세대,7,9000.0,12085.7,7958.1,8400.0,10400.0,,,,5,0
노원구,하계동,2023,12,월세,연립다세대,9,1000.0,2055.6,2297.3,1000.0,1000.0,45.0,42.78,11.2,9,0
노원구,하계동,2023,12,월세,오피스텔,1,1000.0,1000.0,,1000.0,1000.0,60.0,60.0,,1,0
노원구,하계동,2023,12,전세,연립다세대,5,13400.0,13505.2,6262.0,8463.0,13400.0,,,,3,0
노원구,하계동,2024,1,월세,연립다세대,16,1000.0,1187.5,1078.2,875.0,1000.0,48.0,46.5,7.6,14,0
노원구,하계동,2024,1,월세,오피스텔,3,1000.0,1500.0,866.0,1000.0,1750.0,60.0,58.67,5.13,3,0
노원구,하계동,2024,1,전세,연립다세대,3,9200.0,9400.0,529.2,9100.0,9600.0,,,,1,0
노원구,하계동,2024,2,월세,연립다세대,2,5866.5,5866.5,5845.7,3799.75,7933.25,32.0,32.0,25.46,0,0
노원구,하계동,2024,2,전세,연립다세대,3,14000.0,12700.0,3157.5,11550.0,14500.0,,,,3,0
노원구,하계동,2024,3,월세,연립다세대,3,1000.0,1166.7,763.8,750.0,1500.0,40.0,45.33,12.86,2,0
노원구,하계동,2024,4,월세,연립다세대,2,1914.0,1914.0,1999.7,1207.0,2621.0,20.0,20.0,16.97,1,0
노원구,하계동,2024,4,전세,연립다세대,3,16500.0,19600.0,5369.4,16500.0,21150.0,,,,1,0
노원구,하계동,2024,5,월세,연립다세대,3,5000.0,5333.3,4509.2,3000.0,7500.0,60.0,50.0,17.32,3,0
노원구,하계동,2024,5,월세,오피스텔,1,1000.0,1000.0,,1000.0,1000.0,55.0,55.0,,0,0
노원구,하계동,2024,7,월세,연립다세대,3,1000.0,2166.7,2466.4,750.0,3000.0,48.0,49.33,10.07,2,0
노원구,하계동,2024,8,월세,연립다세대,9,3174.0,3551.2,2026.1,2126.0,4263.0,20.0,26.0,21.24,9,0
노원구,하계동,2024,8,월세,오피스텔,2,3500.0,3500.0,3535.5,2250.0,4750.0,47.5,47.5,17.68,2,0
노원구,하계동,2024,8,전세,연립다세대,4,20000.0,18625.0,4269.6,17375.0,21250.0,,,,1,0
노원구,하계동,2024,9,월세,연립다세대,3,1916.0,4305.3,4952.9,1458.0,5958.0,35.0,29.0,14.93,2,0
노원구,하계동,2024,10,월세,연립다세대,2,2592.0,2592.0,837.2,2296.0,2888.0,42.5,42.5,53.03,1,0
노원구,하계동,2024,10,월세,오피스텔,1,1000.0,1000.0,,1000.0,1000.0,73.0,73.0,,1,0
노원구,하계동,2024,10,전세,연립다세대,1,21000.0,21000.0,,21000.0,21000.0,,,,1,0
노원구,하계동,2024,11,월세,연립다세대,5,1000.0,3000.0,4513.9,500.0,2000.0,40.0,43.6,16.8,5,0
노원구,하계동,2024,11,월세,오피스텔,1,1000.0,1000.0,,1000.0,1000.0,55.0,55.0,,1,0
노원구,하계동,2024,12,월세,연립다세대,11,1000.0,3947.7,7136.6,750.0,1000.0,45.0,37.36,15.55,8,0
노원구,하계동,2024,12,월세,오피스텔,5,1000.0,1000.0,0.0,1000.0,1000.0,60.0,62.0,4.47,5,0
노원구,하계동,2025,1,월세,연립다세대,12,1000.0,2463.4,3864.7,875.0,1515.25,42.5,49.5,38.32,10,0
노원구,하계동,2025,1,월세,오피스텔,2,1000.0,1000.0,0.0,1000.0,1000.0,60.0,60.0,0.0,2,0
노원구,하계동,2025,1,전세,연립다세대,3,35000.0,27000.0,13856.4,23000.0,35000.0,,,,3,0
노원구,하계동,2025,2,월세,연립다세대,5,2000.0,2700.0,2167.9,1000.0,5000.0,44.0,62.6,49.16,3,0
노원구,하계동,2025,2,월세,오피스텔,1,1000.0,1000.0,,1000.0,1000.0,60.0,60.0,,1,0
노원구,하계동,2025,2,전세,연립다세대,3,13000.0,25700.0,25449.4,11050.0,34000.0,,,,2,0
노원구,하계동,2025,3,월세,연립다세대,1,4000.0,4000.0,,4000.0,4000.0,51.0,51.0,,1,0
노원구,하계동,2025,3,전세,연립다세대,4,10800.0,13000.0,5663.9,10350.0,13450.0,,,,4,0
노원구,하계동,2025,4,월세,연립다세대,1,1000.0,1000.0,,1000.0,1000.0,44.0,44.0,,1,0
노원구,하계동,2025,4,전세,연립다세대,1,52500.0,52500.0,,52500.0,52500.0,,,,0,0
노원구,하계동,2025,5,월세,연립다세대,8,7500.0,9625.0,13013.0,875.0,10000.0,55.0,71.75,51.55,8,0
노원구,하계동,2025,5,전세,연립다세대,2,39250.0,39250.0,27223.6,29625.0,48875.0,,,,1,0
노원구,하계동,2025,6,월세,연립다세대,3,6500.0,6500.0,5500.0,3750.0,9250.0,25.0,25.67,18.01,3,0
노원구,하계동,2025,6,전세,연립다세대,2,50825.0,50825.0,8025.7,47987.5,53662.5,,,,1,0
노원구,하계동,2025,7,월세,연립다세대,4,500.0,1625.0,2250.0,500.0,1625.0,46.5,72.75,58.32,4,0
노원구,하계동,2025,7,전세,연립다세대,1,20000.0,20000.0,,20000.0,20000.0,,,,1,0
노원구,하계동,2025,7,전세,오피스텔,1,25000.0,25000.0,,25000.0,25000.0,,,,1,0
노원구,하계동,2025,8,월세,연립다세대,3,2000.0,3333.3,3214.6,1500.0,4500.0,42.0,47.33,15.7,2,0
노원구,하계동,2025,8,전세,연립다세대,8,18500.0,27625.0,17582.0,13000.0,44000.0,,,,8,0
노원구,하계동,2025,9,월세,연립다세대,3,5500.0,3833.3,2886.8,3000.0,5500.0,150.0,113.33,63.51,3,0
노원구,하계동,2025,10,월세,연립다세대,1,2000.0,2000.0,,2000.0,2000.0,50.0,50.0,,0,0
노원구,하계동,2025,10,월세,오피스텔,1,1000.0,1000.0,,1000.0,1000.0,73.0,73.0,,0,0
노원구,하계동,2025,10,전세,연립다세대,2,61500.0,61500.0,4949.7,59750.0,63250.0,,,,2,0
노원구,하계동,2025,11,월세,연립다세대,7,2000.0,6071.4,10709.9,1000.0,4000.0,55.0,70.71,45.41,7,0
노원구,하계동,2025,11,전세,연립다세대,1,8800.0,8800.0,,8800.0,8800.0,,,,0,0
노원구,하계동,2025,12,월세,연립다세대,5,1000.0,800.0,273.9,500.0,1000.0,45.0,45.8,2.95,5,0
노원구,하계동,2025,12,전세,연립다세대,2,32100.0,32100.0,32385.5,20650.0,43550.0,,,,2,0
노원구,하계동,2026,1,월세,연립다세대,9,1000.0,2611.1,3352.0,500.0,3500.0,47.0,46.44,13.33,8,1
노원구,하계동,2026,1,월세,오피스텔,1,1000.0,1000.0,,1000.0,1000.0,58.0,58.0,,1,1
노원구,하계동,2026,1,전세,연립다세대,1,8463.0,8463.0,,8463.0,8463.0,,,,0,1
노원구,하계동,2026,2,월세,연립다세대,10,1400.0,1930.0,1723.7,625.0,2000.0,42.5,43.6,14.06,8,1
노원구,하계동,2026,2,월세,오피스텔,1,5000.0,5000.0,,5000.0,5000.0,55.0,55.0,,1,1
노원구,하계동,2026,2,전세,연립다세대,5,9200.0,9060.0,1291.5,8400.0,9200.0,,,,5,1
노원구,하계동,2026,3,월세,연립다세대,5,7500.0,6780.0,4557.1,5000.0,7900.0,20.0,29.0,20.74,5,1
노원구,하계동,2026,4,월세,연립다세대,2,3000.0,3000.0,2828.4,2000.0,4000.0,52.5,52.5,10.61,2,1
노원구,하계동,2026,4,전세,연립다세대,2,27000.0,27000.0,0.0,27000.0,27000.0,,,,0,1
노원구,하계동,2026,5,월세,연립다세대,2,3000.0,3000.0,2828.4,2000.0,4000.0,65.0,65.0,28.28,2,1
노원구,하계동,2026,6,월세,연립다세대,4,1000.0,1625.0,1600.8,875.0,1750.0,50.5,49.75,3.4,4,1
노원구,하계동,2026,6,월세,오피스텔,1,2500.0,2500.0,,2500.0,2500.0,60.0,60.0,,1,1
노원구,하계동,2026,6,전세,연립다세대,1,9200.0,9200.0,,9200.0,9200.0,,,,1,1
노원구,하계동,2026,7,월세,연립다세대,1,13000.0,13000.0,,13000.0,13000.0,10.0,10.0,,0,1
노원구,하계동,2026,7,전세,연립다세대,2,12950.0,12950.0,1484.9,12425.0,13475.0,,,,1,1
노원구,하계동,2026,8,월세,연립다세대,2,5265.0,5265.0,5282.1,3397.5,7132.5,22.5,22.5,3.54,1,1
노원구,하계동,2026,9,월세,연립다세대,1,7000.0,7000.0,,7000.0,7000.0,35.0,35.0,,1,1
동대문구,답십리동,2021,1,월세,연립다세대,5,6959.0,6023.8,4835.9,1000.0,10000.0,55.0,49.6,21.69,0,0
동대문구,답십리동,2021,1,월세,오피스텔,67,2000.0,3126.9,3446.9,1000.0,4500.0,50.0,51.28,12.82,3,0
동대문구,답십리동,2021,1,전세,연립다세대,6,23000.0,23666.7,4589.8,20750.0,26750.0,,,,0,0
동대문구,답십리동,2021,1,전세,오피스텔,43,16500.0,16462.8,2219.2,15000.0,18225.0,,,,1,0
동대문구,답십리동,2021,2,월세,오피스텔,53,2000.0,3034.0,2859.3,1000.0,4000.0,55.0,55.11,10.01,1,0
동대문구,답십리동,2021,2,전세,연립다세대,6,22750.0,23166.7,8430.1,20625.0,23375.0,,,,0,0
동대문구,답십리동,2021,2,전세,오피스텔,22,17750.0,16818.2,3242.4,14500.0,19000.0,,,,0,0
동대문구,답십리동,2021,3,월세,연립다세대,2,11500.0,11500.0,4949.7,9750.0,13250.0,21.5,21.5,2.12,0,0
동대문구,답십리동,2021,3,월세,오피스텔,37,3000.0,2997.3,2460.3,1000.0,3400.0,55.0,51.35,15.63,0,0
동대문구,답십리동,2021,3,전세,연립다세대,7,27000.0,27857.1,5367.5,25000.0,31000.0,,,,0,0
동대문구,답십리동,2021,3,전세,오피스텔,10,14250.0,16587.5,4977.1,13537.5,18768.75,,,,1,0
동대문구,답십리동,2021,4,월세,연립다세대,3,1000.0,7342.3,11837.9,513.5,11000.0,27.0,30.33,18.23,0,0
동대문구,답십리동,2021,4,월세,오피스텔,29,1000.0,2344.8,1964.4,1000.0,3500.0,55.0,55.03,13.73,1,0
동대문구,답십리동,2021,4,전세,연립다세대,5,33500.0,29620.0,7506.5,23100.0,35500.0,,,,0,0
동대문구,답십리동,2021,4,전세,오피스텔,20,18900.0,17596.2,4391.3,12900.0,20081.25,,,,0,0
동대문구,답십리동,2021,5,월세,연립다세대,5,735.0,5162.6,9971.5,714.0,746.0,46.0,44.2,4.92,0,0
동대문구,답십리동,2021,5,월세,오피스텔,17,1000.0,2988.2,4108.2,1000.0,3000.0,58.0,61.0,21.7,1,0
동대문구,답십리동,2021,5,전세,연립다세대,10,22800.0,23880.0,6205.5,19750.0,24675.0,,,,2,0
동대문구,답십리동,2021,5,전세,오피스텔,11,19950.0,18314.5,8014.2,13755.0,24500.0,,,,0,0
동대문구,답십리동,2021,6,월세,오피스텔,38,1000.0,2255.3,2026.0,1000.0,3000.0,53.0,51.29,8.87,26,0
동대문구,답십리동,2021,6,전세,연립다세대,14,28000.0,26575.0,6689.6,22275.0,31125.0,,,,11,0
동대문구,답십리동,2021,6,전세,오피스텔,9,19000.0,17844.4,7727.7,13500.0,22500.0,,,,4,0
동대문구,답십리동,2021,7,월세,연립다세대,6,1475.0,3158.3,2995.4,1012.5,5725.0,57.5,52.33,12.11,1,0
동대문구,답십리동,2021,7,월세,오피스텔,51,1000.0,2333.3,3026.0,1000.0,2000.0,55.0,54.98,17.46,40,0
동대문구,답십리동,2021,7,전세,연립다세대,11,25000.0,26654.5,9146.6,23100.0,30500.0,,,,6,0
동대문구,답십리동,2021,7,전세,오피스텔,11,22500.0,22150.9,4017.8,18590.0,24400.0,,,,5,0
동대문구,답십리동,2021,8,월세,연립다세대,5,6226.0,8713.0,7379.2,2500.0,15000.0,18.0,28.4,30.25,2,0
동대문구,답십리동,2021,8,월세,오피스텔,27,1000.0,3125.9,4681.5,1000.0,3000.0,50.0,48.85,13.69,20,0
동대문구,답십리동,2021,8,전세,연립다세대,11,25000.0,25213.6,8262.0,22575.0,31500.0,,,,5,0
동대문구,답십리동,2021,8,전세,오피스텔,36,16800.0,18371.0,3515.9,16425.0,21000.0,,,,11,0
동대문구,답십리동,2021,9,월세,연립다세대,1,1000.0,1000.0,,1000.0,1000.0,60.0,60.0,,1,0
동대문구,답십리동,2021,9,월세,오피스텔,24,1000.0,2470.8,2443.9,1000.0,3000.0,55.0,55.21,13.31,20,0
동대문구,답십리동,2021,9,전세,연립다세대,13,23500.0,22384.6,6792.0,22000.0,25000.0,,,,8,0
동대문구,답십리동,2021,9,전세,오피스텔,5,21000.0,19640.0,6391.2,14000.0,25200.0,,,,5,0
동대문구,답십리동,2021,10,월세,오피스텔,40,1000.0,2375.0,3167.8,1000.0,2000.0,54.0,51.75,16.28,34,0
동대문구,답십리동,2021,10,전세,연립다세대,8,25200.0,23425.0,8204.8,21000.0,26750.0,,,,3,0
동대문구,답십리동,2021,10,전세,오피스텔,17,17100.0,19589.4,4986.7,16800.0,25000.0,,,,11,0
동대문구,답십리동,2021,11,월세,연립다세대,5,15000.0,15738.8,4664.7,15000.0,20000.0,50.0,39.6,20.76,2,0
동대문구,답십리동,2021,11,월세,오피스텔,44,2000.0,3254.5,3630.9,1000.0,5000.0,55.0,55.05,15.3,30,0
동대문구,답십리동,2021,11,전세,연립다세대,14,29000.0,26385.7,7792.9,20000.0,30000.0,,,,6,0
동대문구,답십리동,2021,11,전세,오피스텔,35,17500.0,19212.0,4402.1,16275.0,22500.0,,,,14,0
동대문구,답십리동,2021,12,월세,연립다세대,4,4738.5,5065.2,3442.7,2207.75,7596.0,26.0,26.25,3.3,2,0
동대문구,답십리동,2021,12,월세,오피스텔,57,1000.0,2345.6,2946.5,1000.0,2000.0,55.0,56.79,16.03,38,0
동대문구,답십리동,2021,12,전세,연립다세대,16,26250.0,26943.8,6932.1,23075.0,30250.0,,,,7,0
동대문구,답십리동,2021,12,전세,오피스텔,25,23000.0,20223.6,5071.7,14000.0,23993.0,,,,10,0
동대문구,답십리동,2022,1,월세,연립다세대,4,11450.0,13725.0,13649.3,2675.0,22500.0,54.0,49.25,17.63,3,0
동대문구,답십리동,2022,1,월세,오피스텔,57,1000.0,2945.6,4363.7,1000.0,4000.0,55.0,55.28,13.17,47,0
동대문구,답십리동,2022,1,전세,연립다세대,10,28700.0,28235.0,5335.0,25462.5,32750.0,,,,7,0
동대문구,답십리동,2022,1,전세,오피스텔,17,24000.0,20213.7,6111.1,13500.0,25000.0,,,,12,0
동대문구,답십리동,2022,2,월세,연립다세대,4,4414.5,4827.2,4169.5,1471.75,7770.0,22.0,25.5,15.26,3,0
동대문구,답십리동,2022,2,월세,오피스텔,46,1000.0,1917.4,1721.3,1000.0,3000.0,55.0,56.3,13.0,37,0
동대문구,답십리동,2022,2,전세,연립다세대,15,31000.0,29346.7,7293.8,26100.0,33000.0,,,,7,0
동대문구,답십리동,2022,2,전세,오피스텔,20,19500.0,19707.2,5870.4,16350.0,24891.5,,,,14,0
동대문구,답십리동,2022,3,월세,오피스텔,27,1000.0,2451.9,4827.5,1000.0,2000.0,60.0,58.7,14.59,24,0
동대문구,답십리동,2022,3,전세,연립다세대,19,33000.0,30910.5,5640.8,29200.0,34300.0,,,,13,0
동대문구,답십리동,2022,3,전세,오피스텔,13,14500.0,17985.1,6255.4,13650.0,24944.0,,,,10,0
동대문구,답십리동,2022,4,월세,연립다세대,4,717.0,1189.5,973.9,706.25,1200.25,42.0,37.0,11.4,0,0
동대문구,답십리동,2022,4,월세,오피스텔,34,1000.0,1358.8,1263.3,500.0,1000.0,55.0,53.97,11.99,30,0
동대문구,답십리동,2022,4,전세,연립다세대,14,28500.0,27487.5,5161.9,24262.5,31000.0,,,,10,0
동대문구,답십리동,2022,4,전세,오피스텔,12,20500.0,19911.9,6496.6,13362.5,24994.75,,,,9,0
동대문구,답십리동,2022,5,월세,연립다세대,5,1000.0,3100.0,4980.0,1000.0,1000.0,60.0,59.4,3.78,4,0
동대문구,답십리동,2022,5,월세,오피스텔,25,1000.0,2140.0,2736.8,1000.0,3000.0,55.0,54.4,12.03,14,0
동대문구,답십리동,2022,5,전세,연립다세대,19,27200.0,27878.9,6918.9,24000.0,30000.0,,,,9,0
동대문구,답십리동,2022,5,전세,오피스텔,9,19000.0,19822.2,5469.0,16000.0,24500.0,,,,7,0
동대문구,답십리동,2022,6,월세,연립다세대,2,750.0,750.0,353.6,625.0,875.0,65.0,65.0,7.07,2,0
동대문구,답십리동,2022,6,월세,오피스텔,33,1000.0,1541.5,1420.4,1000.0,1000.0,57.0,56.24,9.37,21,0
동대문구,답십리동,2022,6,전세,연립다세대,16,27500.0,28610.9,6999.0,22600.0,32250.0,,,,7,0
동대문구,답십리동,2022,6,전세,오피스텔,15,15000.0,15955.0,4367.9,14250.0,15887.5,,,,9,0
동대문구,답십리동,2022,7,월세,연립다세대,4,13100.0,13300.0,10952.6,5150.0,21250.0,50.0,51.25,26.89,4,0
동대문구,답십리동,2022,7,월세,오피스텔,47,1000.0,2074.5,2116.1,1000.0,3000.0,55.0,54.74,13.02,36,0
동대문구,답십리동,2022,7,전세,연립다세대,15,33000.0,35133.3,9099.9,30500.0,43500.0,,,,7,0
동대문구,답십리동,2022,7,전세,오피스텔,16,14950.0,15110.9,3367.7,12675.0,16331.25,,,,10,0
동대문구,답십리동,2022,8,월세,연립다세대,3,5000.0,7333.3,4041.5,5000.0,8500.0,60.0,70.0,17.32,2,0
동대문구,답십리동,2022,8,월세,오피스텔,38,1000.0,1789.5,1901.7,1000.0,2000.0,56.0,58.29,16.73,33,0
동대문구,답십리동,2022,8,전세,연립다세대,11,29000.0,28127.3,5197.2,22025.0,32100.0,,,,3,0
동대문구,답십리동,2022,8,전세,오피스텔,12,16150.0,17674.8,4683.1,13650.0,20374.5,,,,9,0
동대문구,답십리동,2022,9,월세,연립다세대,1,23400.0,23400.0,,23400.0,23400.0,13.0,13.0,,0,0
동대문구,답십리동,2022,9,월세,오피스텔,25,1000.0,2640.0,3678.5,1000.0,3000.0,53.0,53.48,20.23,19,0
동대문구,답십리동,2022,9,전세,연립다세대,12,34362.5,30770.8,9382.7,26500.0,36750.0,,,,5,0
동대문구,답십리동,2022,9,전세,오피스텔,7,15900.0,18100.0,4684.7,15000.0,20650.0,,,,5,0
동대문구,답십리동,2022,10,월세,연립다세대,4,4500.0,8250.0,9251.1,3500.0,9250.0,112.5,103.75,39.45,4,0
동대문구,답십리동,2022,10,월세,오피스텔,38,1000.0,2618.4,3360.0,1000.0,2750.0,59.0,56.92,18.86,28,0
동대문구,답십리동,2022,10,전세,연립다세대,27,25200.0,26935.6,8616.0,21500.0,30000.0,,,,13,0
동대문구,답십리동,2022,10,전세,오피스텔,14,15900.0,16570.0,4032.6,13125.0,18875.0,,,,11,0
동대문구,답십리동,2022,11,월세,연립다세대,3,4000.0,4333.3,3511.9,2500.0,6000.0,63.0,71.0,16.52,3,0
동대문구,답십리동,2022,11,월세,오피스텔,32,1000.0,2193.8,2422.6,1000.0,2000.0,57.0,57.16,12.73,24,0
동대문구,답십리동,2022,11,전세,연립다세대,15,25000.0,28560.0,8614.3,23000.0,35500.0,,,,7,0
동대문구,답십리동,2022,11,전세,오피스텔,11,16800.0,18178.2,5852.8,13600.0,22800.0,,,,7,0
동대문구,답십리동,2022,12,월세,오피스텔,63,1000.0,2192.9,2658.6,1000.0,2250.0,57.0,57.05,15.53,45,0
동대문구,답십리동,2022,12,전세,연립다세대,12,29000.0,29129.2,5634.4,26025.0,29500.0,,,,8,0
동대문구,답십리동,2022,12,전세,오피스텔,25,17300.0,18178.0,5432.3,14750.0,18500.0,,,,16,0
동대문구,답십리동,2023,1,월세,연립다세대,1,5000.0,5000.0,,5000.0,5000.0,100.0,100.0,,1,0
동대문구,답십리동,2023,1,월세,오피스텔,72,1000.0,2146.1,2437.0,1000.0,3000.0,57.0,56.03,9.76,54,0
동대문구,답십리동,2023,1,전세,연립다세대,8,24250.0,24237.5,9261.7,18875.0,29550.0,,,,7,0
동대문구,답십리동,2023,1,전세,오피스텔,33,16800.0,16690.9,3175.8,14000.0,18000.0,,,,21,0
동대문구,답십리동,2023,2,월세,연립다세대,10,5000.0,6495.9,4695.9,3500.0,6469.25,100.0,78.4,34.3,9,0
동대문구,답십리동,2023,2,월세,오피스텔,51,1000.0,2552.9,2661.0,1000.0,3850.0,58.0,59.47,12.72,29,0
동대문구,답십리동,2023,2,전세,연립다세대,8,23250.0,24001.2,4284.0,21882.5,26250.0,,,,6,0
동대문구,답십리동,2023,2,전세,오피스텔,19,15000.0,16457.9,3862.3,13100.0,19000.0,,,,14,0
동대문구,답십리동,2023,3,월세,연립다세대,5,5000.0,4400.0,1341.6,5000.0,5000.0,110.0,97.0,23.87,5,0
동대문구,답십리동,2023,3,월세,오피스텔,46,1000.0,2476.1,2648.3,1000.0,3000.0,58.0,56.2,10.94,30,0
동대문구,답십리동,2023,3,전세,연립다세대,11,23000.0,27181.8,6242.1,22500.0,32500.0,,,,6,0
동대문구,답십리동,2023,3,전세,오피스텔,16,19050.0,20236.8,6297.7,16816.75,23000.0,,,,10,0
동대문구,답십리동,2023,4,월세,연립다세대,7,2500.0,3114.3,1890.7,2000.0,5000.0,120.0,110.0,38.19,6,0
동대문구,답십리동,2023,4,월세,오피스텔,32,1000.0,2412.5,3304.4,1000.0,2000.0,57.0,56.22,15.31,25,0
동대문구,답십리동,2023,4,전세,연립다세대,7,22000.0,21685.7,8483.8,17400.0,25500.0,,,,3,0
동대문구,답십리동,2023,4,전세,오피스텔,5,17000.0,16590.0,3165.9,14000.0,17850.0,,,,5,0
동대문구,답십리동,2023,5,월세,연립다세대,16,5000.0,8906.2,9524.0,3000.0,9875.0,110.0,90.0,43.93,14,0
동대문구,답십리동,2023,5,월세,오피스텔,37,1000.0,1978.4,1941.0,1000.0,2000.0,59.0,61.43,15.58,31,0
동대문구,답십리동,2023,5,전세,연립다세대,14,21500.0,22550.0,3369.0,20125.0,23000.0,,,,8,0
동대문구,답십리동,2023,5,전세,오피스텔,7,20000.0,19900.0,5663.0,15900.0,23750.0,,,,5,0
동대문구,답십리동,2023,6,월세,연립다세대,21,2000.0,3823.8,4994.2,1000.0,2000.0,130.0,117.14,38.16,20,0
동대문구,답십리동,2023,6,월세,오피스텔,27,1000.0,1703.7,2001.1,1000.0,1000.0,60.0,64.93,22.68,21,0
동대문구,답십리동,2023,6,전세,연립다세대,15,22000.0,23166.7,4086.9,21500.0,23000.0,,,,8,0
동대문구,답십리동,2023,6,전세,오피스텔,16,22750.0,21262.5,4275.8,21250.0,23125.0,,,,12,0
동대문구,답십리동,2023,7,월세,연립다세대,13,3000.0,9076.9,9558.7,1000.0,21000.0,70.0,76.54,49.51,11,0
동대문구,답십리동,2023,7,월세,오피스텔,44,1000.0,1706.8,1379.5,1000.0,2250.0,57.0,62.14,25.25,39,0
동대문구,답십리동,2023,7,전세,연립다세대,38,29450.0,28682.6,5953.7,23000.0,33200.0,,,,19,0
동대문구,답십리동,2023,7,전세,오피스텔,19,19000.0,22285.8,9785.6,13050.0,33280.0,,,,11,0
동대문구,답십리동,2023,8,월세,연립다세대,6,17250.0,16083.3,9515.3,10500.0,24000.0,40.0,51.83,41.67,6,0
동대문구,답십리동,2023,8,월세,오피스텔,39,1000.0,2250.4,3523.5,750.0,2000.0,58.0,60.92,25.57,28,0
동대문구,답십리동,2023,8,전세,연립다세대,23,23500.0,25358.3,3944.5,23000.0,26750.0,,,,13,0
동대문구,답십리동,2023,8,전세,오피스텔,13,14000.0,16815.4,5822.8,13100.0,24500.0,,,,8,0
동대문구,답십리동,2023,9,월세,연립다세대,4,15250.0,15250.0,10743.2,6500.0,24000.0,40.0,49.5,38.83,3,0
동대문구,답십리동,2023,9,월세,오피스텔,30,1000.0,2843.3,4306.6,1000.0,3000.0,57.0,61.37,24.35,23,0
동대문구,답십리동,2023,9,전세,연립다세대,30,28000.0,27240.7,2892.6,25000.0,29000.0,,,,16,0
동대문구,답십리동,2023,9,전세,오피스텔,11,17600.0,19422.7,5277.4,15550.0,23975.0,,,,6,0
동대문구,답십리동,2023,10,월세,연립다세대,3,5000.0,4666.7,577.4,4500.0,5000.0,80.0,93.33,41.63,3,0
동대문구,답십리동,2023,10,월세,오피스텔,38,1000.0,4739.5,5879.3,1000.0,8250.0,58.0,48.21,22.9,31,0
동대문구,답십리동,2023,10,전세,연립다세대,10,28750.0,28950.0,5139.4,27625.0,30500.0,,,,8,0
동대문구,답십리동,2023,10,전세,오피스텔,25,17600.0,19454.0,4617.7,17000.0,24500.0,,,,14,0
동대문구,답십리동,2023,11,월세,연립다세대,6,12000.0,11666.7,10147.2,3250.0,20000.0,42.5,77.5,62.35,5,0
동대문구,답십리동,2023,11,월세,오피스텔,37,2000.0,3994.6,5056.6,1000.0,5000.0,59.0,53.16,21.22,23,0
동대문구,답십리동,2023,11,전세,연립다세대,28,26000.0,27014.3,6475.8,22750.0,28250.0,,,,18,0
동대문구,답십리동,2023,11,전세,오피스텔,21,17640.0,18780.5,4686.4,13600.0,23000.0,,,,7,0
동대문구,답십리동,2023,12,월세,연립다세대,3,20000.0,16563.3,10285.0,12500.0,22345.0,70.0,76.0,71.19,2,0
동대문구,답십리동,2023,12,월세,오피스텔,58,1000.0,2939.7,3991.8,1000.0,3000.0,63.0,60.66,17.39,50,0
동대문구,답십리동,2023,12,전세,연립다세대,11,25300.0,25109.1,3322.2,24000.0,26000.0,,,,7,0
동대문구,답십리동,2023,12,전세,오피스텔,13,24200.0,21780.8,6453.4,16800.0,25000.0,,,,5,0
동대문구,답십리동,2024,1,월세,연립다세대,9,2610.0,7195.6,9361.0,2000.0,5000.0,55.0,78.22,64.11,8,0
동대문구,답십리동,2024,1,월세,오피스텔,64,2000.0,3484.7,4140.2,1000.0,3775.0,60.0,56.92,20.38,54,0
동대문구,답십리동,2024,1,전세,연립다세대,14,24150.0,24750.0,5980.2,22250.0,29000.0,,,,10,0
동대문구,답십리동,2024,1,전세,오피스텔,11,18000.0,19930.0,8233.0,15500.0,21200.0,,,,10,0
동대문구,답십리동,2024,2,월세,연립다세대,6,4500.0,7833.3,6853.2,3250.0,10250.0,67.5,70.83,39.55,6,0
동대문구,답십리동,2024,2,월세,오피스텔,62,1000.0,4208.1,5506.9,1000.0,5000.0,58.0,52.95,24.27,52,0
동대문구,답십리동,2024,2,전세,연립다세대,11,25000.0,23163.6,6897.0,22950.0,26600.0,,,,8,0
동대문구,답십리동,2024,2,전세,오피스텔,5,18500.0,19494.0,6441.7,15500.0,26000.0,,,,2,0
동대문구,답십리동,2024,3,월세,연립다세대,3,3384.0,10261.3,13128.7,2692.0,14392.0,38.0,40.33,28.57,3,0
동대문구,답십리동,2024,3,월세,오피스텔,49,2000.0,4344.3,5802.1,1000.0,5000.0,58.0,51.24,21.48,34,0
동대문구,답십리동,2024,3,전세,연립다세대,21,24500.0,24564.3,5925.3,23500.0,26000.0,,,,15,0
동대문구,답십리동,2024,3,전세,오피스텔,8,19500.0,17875.0,6468.3,12500.0,22750.0,,,,5,0
동대문구,답십리동,2024,4,월세,연립다세대,9,5000.0,13333.3,10665.4,4000.0,23000.0,90.0,77.22,57.29,7,0
동대문구,답십리동,2024,4,월세,오피스텔,38,1000.0,3389.5,4107.5,1000.0,3000.0,63.0,56.47,21.09,31,0
동대문구,답십리동,2024,4,전세,연립다세대,20,25000.0,25545.0,3099.1,23875.0,27400.0,,,,13,0
동대문구,답십리동,2024,4,전세,오피스텔,8,15500.0,17037.5,4758.7,13100.0,20000.0,,,,7,0
동대문구,답십리동,2024,5,월세,연립다세대,13,5576.0,11274.6,10286.9,3000.0,21000.0,30.0,61.54,45.63,13,0
동대문구,답십리동,2024,5,월세,오피스텔,35,1000.0,2412.6,4357.8,1000.0,1500.0,60.0,61.77,19.69,28,0
동대문구,답십리동,2024,5,전세,연립다세대,9,24400.0,24508.3,1941.8,23000.0,25700.0,,,,6,0
동대문구,답십리동,2024,5,전세,오피스텔,5,16300.0,22530.0,15581.2,13650.0,19700.0,,,,4,0
동대문구,답십리동,2024,6,월세,연립다세대,13,5904.0,12081.2,9311.7,5000.0,22000.0,31.0,43.0,30.79,13,0
동대문구,답십리동,2024,6,월세,오피스텔,59,1000.0,3156.8,5275.7,1000.0,2000.0,61.0,60.61,25.99,52,0
동대문구,답십리동,2024,6,전세,연립다세대,8,23500.0,25118.8,7018.2,21737.5,24500.0,,,,5,0
동대문구,답십리동,2024,6,전세,오피스텔,19,25000.0,25073.7,10992.5,20500.0,25000.0,,,,16,0
동대문구,답십리동,2024,7,월세,연립다세대,9,5000.0,8222.2,7155.0,4000.0,13000.0,100.0,84.89,46.26,9,0
동대문구,답십리동,2024,7,월세,오피스텔,83,1000.0,5557.8,8494.8,1000.0,5000.0,68.0,79.71,45.94,77,0
동대문구,답십리동,2024,7,전세,연립다세대,5,27400.0,26740.0,6216.8,26400.0,27400.0,,,,3,0
동대문구,답십리동,2024,7,전세,오피스텔,24,43500.0,35518.8,14343.4,18875.0,47000.0,,,,21,0
동대문구,답십리동,2024,8,월세,연립다세대,11,22000.0,16168.7,13981.7,2976.0,24000.0,25.0,44.64,40.18,10,0
동대문구,답십리동,2024,8,월세,오피스텔,86,1000.0,4199.4,6665.6,1000.0,5000.0,75.0,90.15,58.53,82,0
동대문구,답십리동,2024,8,전세,연립다세대,8,29000.0,27781.2,7225.3,22875.0,33250.0,,,,5,0
동대문구,답십리동,2024,8,전세,오피스텔,18,47500.0,43305.6,10808.6,45875.0,48925.0,,,,17,0
동대문구,답십리동,2024,9,월세,연립다세대,7,8364.0,12609.1,12333.1,3500.0,18450.0,35.0,38.86,17.2,5,0
동대문구,답십리동,2024,9,월세,오피스텔,44,1000.0,3244.3,4108.1,1000.0,3500.0,65.0,74.57,41.72,40,0
동대문구,답십리동,2024,9,전세,연립다세대,10,24000.0,25680.0,11020.8,19325.0,34000.0,,,,7,0
동대문구,답십리동,2024,9,전세,오피스텔,11,45000.0,33636.4,15437.1,18500.0,47000.0,,,,9,0
동대문구,답십리동,2024,10,월세,연립다세대,3,7906.0,8135.3,6253.2,4953.0,11203.0,12.0,25.67,25.42,3,0
동대문구,답십리동,2024,10,월세,오피스텔,48,1000.0,2084.6,3143.0,1000.0,2000.0,62.0,67.31,22.33,41,0
동대문구,답십리동,2024,10,전세,연립다세대,9,28000.0,28766.7,6547.5,27000.0,30000.0,,,,7,0
동대문구,답십리동,2024,10,전세,오피스텔,16,18750.0,21905.0,12264.4,14350.0,24295.0,,,,15,0
동대문구,답십리동,2024,11,월세,연립다세대,9,21000.0,14385.6,10696.5,3000.0,22800.0,31.0,52.11,59.9,8,0
동대문구,답십리동,2024,11,월세,오피스텔,38,1000.0,4234.2,5228.4,1000.0,6125.0,62.5,56.18,24.96,28,0
동대문구,답십리동,2024,11,전세,연립다세대,12,26800.0,26508.3,4900.4,24000.0,28000.0,,,,7,0
동대문구,답십리동,2024,11,전세,오피스텔,14,18500.0,24746.4,12531.4,17275.0,26750.0,,,,12,0
동대문구,답십리동,2024,12,월세,연립다세대,9,15000.0,13555.6,10171.8,3000.0,21500.0,50.0,67.22,49.38,8,0
동대문구,답십리동,2024,12,월세,오피스텔,64,1500.0,3750.8,4882.9,1000.0,3775.0,60.0,59.31,22.19,55,0
동대문구,답십리동,2024,12,전세,연립다세대,4,26450.0,26362.5,3655.4,23300.0,29512.5,,,,4,0
동대문구,답십리동,2024,12,전세,오피스텔,20,17500.0,17209.0,2497.8,17000.0,18000.0,,,,14,0
동대문구,답십리동,2025,1,월세,연립다세대,5,10000.0,13100.0,11588.8,5000.0,12500.0,76.0,83.2,62.88,5,0
동대문구,답십리동,2025,1,월세,오피스텔,64,1000.0,3617.8,4813.7,1000.0,3000.0,60.0,57.73,23.58,53,0
동대문구,답십리동,2025,1,전세,연립다세대,5,26700.0,28100.0,4532.7,25300.0,30000.0,,,,4,0
동대문구,답십리동,2025,1,전세,오피스텔,11,23400.0,31927.3,15718.0,18500.0,50000.0,,,,8,0
동대문구,답십리동,2025,2,월세,연립다세대,13,5000.0,8553.4,8900.5,3000.0,7000.0,100.0,83.54,45.92,12,0
동대문구,답십리동,2025,2,월세,오피스텔,66,1000.0,4387.1,5824.2,1000.0,5000.0,61.0,64.7,32.57,52,0
동대문구,답십리동,2025,2,전세,연립다세대,7,24000.0,25071.4,5718.6,22000.0,29750.0,,,,4,0
동대문구,답십리동,2025,2,전세,오피스텔,13,14000.0,19661.2,12417.5,12500.0,23400.0,,,,5,0
동대문구,답십리동,2025,3,월세,연립다세대,5,5000.0,4000.0,1414.2,3000.0,5000.0,130.0,131.0,12.94,5,0
동대문구,답십리동,2025,3,월세,오피스텔,44,1000.0,3806.8,5500.9,1000.0,3050.0,61.0,56.95,22.4,33,0
동대문구,답십리동,2025,3,전세,연립다세대,11,23500.0,22372.7,4583.3,19950.0,25850.0,,,,8,0
동대문구,답십리동,2025,3,전세,오피스텔,7,25000.0,27057.1,11283.9,21000.0,26250.0,,,,5,0
동대문구,답십리동,2025,4,월세,연립다세대,9,21500.0,14333.3,10871.4,3000.0,24000.0,20.0,57.67,51.9,7,0
동대문구,답십리동,2025,4,월세,오피스텔,44,1000.0,4360.2,5484.4,1000.0,5250.0,60.0,54.0,24.82,38,0
동대문구,답십리동,2025,4,전세,연립다세대,8,26600.0,26917.2,5145.2,22625.0,30500.0,,,,4,0
동대문구,답십리동,2025,4,전세,오피스텔,13,20370.0,21025.4,10699.4,13000.0,23000.0,,,,8,0
동대문구,답십리동,2025,5,월세,연립다세대,7,8000.0,14214.3,10923.4,5000.0,23250.0,65.0,69.86,43.75,7,0
동대문구,답십리동,2025,5,월세,오피스텔,55,1000.0,2929.1,3369.7,1000.0,3000.0,65.0,66.44,33.69,44,0
동대문구,답십리동,2025,5,전세,연립다세대,8,27000.0,29025.0,5763.1,25425.0,31725.0,,,,5,0
동대문구,답십리동,2025,5,전세,오피스텔,12,20950.0,22658.3,10195.9,16875.0,25250.0,,,,10,0
동대문구,답십리동,2025,6,월세,연립다세대,14,4000.0,9595.7,9568.4,2230.0,19625.0,52.5,67.43,56.27,11,0
동대문구,답십리동,2025,6,월세,오피스텔,41,1000.0,3572.0,5657.7,1000.0,3000.0,65.0,65.02,25.1,27,0
동대문구,답십리동,2025,6,전세,연립다세대,9,25000.0,27655.6,5934.5,25000.0,29000.0,,,,8,0
동대문구,답십리동,2025,6,전세,오피스텔,9,13500.0,18705.6,13553.1,12000.0,16000.0,,,,5,0
동대문구,답십리동,2025,7,월세,연립다세대,13,18000.0,15815.4,8154.8,16000.0,19000.0,35.0,51.92,45.62,11,0
동대문구,답십리동,2025,7,월세,오피스텔,68,1000.0,3191.9,6657.6,1000.0,2625.0,65.0,69.44,34.02,59,0
동대문구,답십리동,2025,7,전세,연립다세대,9,24150.0,24805.6,2310.1,23500.0,25400.0,,,,5,0
동대문구,답십리동,2025,7,전세,오피스텔,8,24495.0,27398.8,15164.5,16750.0,31525.0,,,,4,0
동대문구,답십리동,2025,8,월세,연립다세대,9,10000.0,14755.6,8728.6,10000.0,24000.0,64.0,54.33,38.41,8,0
동대문구,답십리동,2025,8,월세,오피스텔,67,1000.0,3673.1,6036.0,1000.0,2500.0,63.0,63.33,33.52,55,0
동대문구,답십리동,2025,8,전세,연립다세대,17,26800.0,28447.1,3328.7,26000.0,31000.0,,,,9,0
동대문구,답십리동,2025,8,전세,오피스텔,6,20700.0,19450.0,6910.5,13275.0,24825.0,,,,3,0
동대문구,답십리동,2025,9,월세,연립다세대,4,4500.0,5000.0,3741.7,3250.0,6250.0,85.0,87.5,56.79,4,0
동대문구,답십리동,2025,9,월세,오피스텔,52,1000.0,3998.1,5374.3,1000.0,3250.0,60.0,56.29,21.71,39,0
동대문구,답십리동,2025,9,전세,연립다세대,17,27000.0,26223.5,4106.3,24300.0,28000.0,,,,9,0
동대문구,답십리동,2025,9,전세,오피스텔,2,17000.0,17000.0,0.0,17000.0,17000.0,,,,2,0
동대문구,답십리동,2025,10,월세,연립다세대,5,16000.0,19400.0,9202.2,12000.0,23400.0,50.0,33.6,24.83,3,0
동대문구,답십리동,2025,10,월세,오피스텔,56,2000.0,6195.5,7615.4,1000.0,11400.0,62.0,54.59,28.64,40,0
동대문구,답십리동,2025,10,전세,연립다세대,6,29000.0,31516.7,7251.6,27100.0,36750.0,,,,5,0
동대문구,답십리동,2025,10,전세,오피스텔,9,26000.0,25244.4,3216.0,25500.0,26800.0,,,,6,0
동대문구,답십리동,2025,11,월세,연립다세대,3,5000.0,6666.7,2886.8,5000.0,7500.0,100.0,123.33,40.41,3,0
동대문구,답십리동,2025,11,월세,오피스텔,50,1000.0,5464.0,7759.4,1000.0,5750.0,63.5,60.94,32.52,41,0
동대문구,답십리동,2025,11,전세,연립다세대,12,23950.0,24939.6,6440.9,20818.75,30250.0,,,,5,0
동대문구,답십리동,2025,11,전세,오피스텔,13,18000.0,24615.4,13081.1,17400.0,26500.0,,,,8,0
동대문구,답십리동,2025,12,월세,연립다세대,11,13000.0,11866.2,10428.3,1000.0,21907.0,63.0,53.27,38.28,7,0
동대문구,답십리동,2025,12,월세,오피스텔,69,1000.0,4676.8,5983.6,1000.0,8000.0,60.0,60.09,37.62,49,0
동대문구,답십리동,2025,12,전세,연립다세대,17,26500.0,27542.5,7528.0,22000.0,33000.0,,,,11,0
동대문구,답십리동,2025,12,전세,오피스텔,15,25900.0,27740.8,13533.3,15000.0,37590.0,,,,10,0
동대문구,답십리동,2026,1,월세,연립다세대,5,20000.0,16000.0,10793.5,5000.0,24000.0,30.0,60.8,61.81,5,1
동대문구,답십리동,2026,1,월세,오피스텔,66,1000.0,3837.9,5874.4,1000.0,3000.0,65.0,60.77,21.59,55,1
동대문구,답십리동,2026,1,전세,연립다세대,8,24100.0,21062.5,6342.6,19250.0,25350.0,,,,5,1
동대문구,답십리동,2026,1,전세,오피스텔,7,24150.0,23164.3,8067.4,17200.0,25800.0,,,,5,1
동대문구,답십리동,2026,2,월세,연립다세대,9,21000.0,18355.6,10850.6,10250.0,24180.0,22.0,36.89,32.86,7,1
동대문구,답십리동,2026,2,월세,오피스텔,51,1000.0,3123.5,4201.4,1000.0,3000.0,65.0,64.75,27.76,44,1
동대문구,답십리동,2026,2,전세,연립다세대,11,25000.0,23136.4,4072.2,23250.0,25000.0,,,,7,1
동대문구,답십리동,2026,2,전세,오피스텔,3,25500.0,34500.0,16023.4,25250.0,39250.0,,,,2,1
동대문구,답십리동,2026,3,월세,연립다세대,8,21000.0,16274.0,9754.4,5375.0,24550.0,23.5,36.0,38.49,6,1
동대문구,답십리동,2026,3,월세,오피스텔,113,12000.0,15125.8,13136.1,1000.0,27552.0,44.0,52.95,24.45,98,1
동대문구,답십리동,2026,3,전세,연립다세대,13,24000.0,23330.8,4885.4,21300.0,27200.0,,,,7,1
동대문구,답십리동,2026,3,전세,오피스텔,10,24650.0,22545.0,7935.4,17150.0,25937.5,,,,9,1
동대문구,답십리동,2026,4,월세,연립다세대,10,12750.0,14170.0,12816.7,1750.0,26500.0,50.0,47.5,29.79,9,1
동대문구,답십리동,2026,4,월세,오피스텔,146,26432.0,18154.2,13293.9,2000.0,30784.0,44.0,51.27,20.67,132,1
동대문구,답십리동,2026,4,전세,연립다세대,9,25300.0,26038.9,3377.8,25000.0,27000.0,,,,4,1
동대문구,답십리동,2026,4,전세,오피스텔,4,14750.0,14775.0,3354.0,13550.0,15975.0,,,,3,1
동대문구,답십리동,2026,5,월세,연립다세대,17,24000.0,17452.2,10385.1,8688.0,25000.0,25.0,36.82,31.31,11,1
동대문구,답십리동,2026,5,월세,오피스텔,75,1000.0,11527.1,12972.5,1000.0,26656.0,55.0,54.53,19.59,70,1
동대문구,답십리동,2026,5,전세,연립다세대,18,24800.0,25840.2,5560.9,23500.0,26900.0,,,,12,1
동대문구,답십리동,2026,5,전세,오피스텔,11,26250.0,32613.6,16876.3,18700.0,45000.0,,,,8,1
동대문구,답십리동,2026,6,월세,연립다세대,8,19500.0,15162.5,10997.3,4250.0,20825.0,61.0,60.62,55.77,8,1
동대문구,답십리동,2026,6,월세,오피스텔,64,1000.0,3443.0,6449.0,1000.0,2250.0,70.5,80.11,40.85,52,1
동대문구,답십리동,2026,6,전세,연립다세대,28,23500.0,23728.6,6238.2,18000.0,24250.0,,,,27,1
동대문구,답십리동,2026,6,전세,오피스텔,13,17500.0,29190.4,16890.8,17000.0,44100.0,,,,9,1
동대문구,답십리동,2026,7,월세,연립다세대,8,5250.0,12312.5,11407.7,4500.0,25200.0,77.5,72.5,48.92,7,1
동대문구,답십리동,2026,7,월세,오피스텔,43,1000.0,4533.7,7284.9,1000.0,5000.0,66.0,80.88,47.28,35,1
동대문구,답십리동,2026,7,전세,연립다세대,1,43000.0,43000.0,,43000.0,43000.0,,,,1,1
동대문구,답십리동,2026,7,전세,오피스텔,13,46200.0,36709.6,18326.7,17000.0,54500.0,,,,9,1
동대문구,답십리동,2026,8,월세,연립다세대,8,24000.0,22000.0,7230.9,21750.0,26000.0,20.0,27.62,26.45,7,1
동대문구,답십리동,2026,8,월세,오피스텔,43,1000.0,4672.6,6962.0,1000.0,4000.0,66.0,65.42,37.06,35,1
동대문구,답십리동,2026,8,전세,연립다세대,10,22000.0,23050.0,3936.5,20500.0,24075.0,,,,9,1
동대문구,답십리동,2026,8,전세,오피스텔,11,49350.0,41300.0,15180.9,27125.0,52500.0,,,,6,1
동대문구,답십리동,2026,9,월세,연립다세대,1,20000.0,20000.0,,20000.0,20000.0,20.0,20.0,,1,1
동대문구,답십리동,2026,9,월세,오피스텔,5,1000.0,3260.0,4923.2,1000.0,2000.0,73.0,82.0,53.4,4,1
동대문구,답십리동,2026,9,전세,연립다세대,2,29925.0,29925.0,12621.9,25462.5,34387.5,,,,0,1
동대문구,답십리동,2026,9,전세,오피스텔,6,49800.0,40683.3,18725.6,25425.0,53850.0,,,,4,1
동대문구,신설동,2021,1,월세,연립다세대,2,4000.0,4000.0,4242.6,2500.0,5500.0,37.5,37.5,17.68,2,0
동대문구,신설동,2021,1,월세,오피스텔,16,1000.0,2187.5,2032.0,1000.0,3000.0,53.5,51.81,9.72,11,0
동대문구,신설동,2021,1,전세,연립다세대,2,36000.0,36000.0,1414.2,35500.0,36500.0,,,,0,0
동대문구,신설동,2021,1,전세,오피스텔,3,16000.0,13400.0,4942.7,11850.0,16250.0,,,,3,0
동대문구,신설동,2021,2,월세,오피스텔,13,1000.0,1615.4,1309.5,1000.0,2000.0,55.0,55.38,8.42,10,0
동대문구,신설동,2021,2,전세,연립다세대,1,25000.0,25000.0,,25000.0,25000.0,,,,1,0
동대문구,신설동,2021,2,전세,오피스텔,4,16750.0,17737.5,4224.0,15812.5,18675.0,,,,3,0
동대문구,신설동,2021,3,월세,연립다세대,3,1000.0,1166.7,763.8,750.0,1500.0,41.0,41.33,3.51,3,0
동대문구,신설동,2021,3,월세,오피스텔,8,750.0,1125.0,916.1,500.0,1250.0,60.0,57.0,6.74,7,0
동대문구,신설동,2021,3,전세,연립다세대,2,18150.0,18150.0,11101.6,14225.0,22075.0,,,,2,0
동대문구,신설동,2021,3,전세,오피스텔,5,15000.0,14800.0,1641.6,14000.0,15700.0,,,,2,0
동대문구,신설동,2021,4,월세,오피스텔,12,1000.0,2125.0,2024.0,1000.0,3000.0,58.5,56.25,13.78,8,0
동대문구,신설동,2021,5,월세,오피스텔,5,1000.0,1100.0,547.7,1000.0,1000.0,60.0,58.8,2.77,2,0
동대문구,신설동,2021,5,전세,연립다세대,2,26000.0,26000.0,0.0,26000.0,26000.0,,,,1,0
동대문구,신설동,2021,5,전세,오피스텔,5,14700.0,15791.0,5166.3,13755.0,16500.0,,,,3,0
동대문구,신설동,2021,6,월세,연립다세대,1,5000.0,5000.0,,5000.0,5000.0,7.0,7.0,,1,0
동대문구,신설동,2021,6,월세,오피스텔,19,1000.0,1342.1,1190.9,500.0,1000.0,60.0,59.32,14.0,16,0
동대문구,신설동,2021,6,전세,연립다세대,10,25500.0,23200.0,8430.1,15250.0,26000.0,,,,9,0
동대문구,신설동,2021,6,전세,오피스텔,5,16800.0,17666.0,4229.4,15400.0,16800.0,,,,2,0
동대문구,신설동,2021,7,월세,오피스텔,12,1000.0,1045.8,776.2,500.0,1000.0,60.0,61.58,9.11,10,0
동대문구,신설동,2021,7,전세,연립다세대,4,25500.0,25750.0,957.4,25000.0,26250.0,,,,3,0
동대문구,신설동,2021,7,전세,오피스텔,1,17000.0,17000.0,,17000.0,17000.0,,,,0,0
동대문구,신설동,2021,8,월세,연립다세대,1,500.0,500.0,,500.0,500.0,45.0,45.0,,1,0
동대문구,신설동,2021,8,월세,오피스텔,32,1000.0,2359.4,1783.6,1000.0,4000.0,57.5,56.38,9.52,30,0
동대문구,신설동,2021,8,전세,연립다세대,2,33000.0,33000.0,0.0,33000.0,33000.0,,,,2,0
동대문구,신설동,2021,8,전세,오피스텔,63,16800.0,16693.1,1393.1,16000.0,17000.0,,,,52,0
동대문구,신설동,2021,9,월세,연립다세대,1,1000.0,1000.0,,1000.0,1000.0,52.0,52.0,,1,0
동대문구,신설동,2021,9,월세,오피스텔,16,2000.0,2312.5,1447.7,1000.0,3000.0,57.5,57.75,6.85,15,0
동대문구,신설동,2021,9,전세,연립다세대,2,25000.0,25000.0,0.0,25000.0,25000.0,,,,2,0
동대문구,신설동,2021,9,전세,오피스텔,26,17000.0,16884.6,924.6,16500.0,17500.0,,,,22,0
동대문구,신설동,2021,10,월세,연립다세대,3,1000.0,2166.7,2466.4,750.0,3000.0,50.0,48.33,2.89,3,0
동대문구,신설동,2021,10,월세,오피스텔,6,2000.0,2666.7,1966.4,1000.0,4500.0,55.0,56.67,9.07,6,0
동대문구,신설동,2021,10,전세,연립다세대,4,25000.0,25000.0,0.0,25000.0,25000.0,,,,4,0
동대문구,신설동,2021,10,전세,오피스텔,11,17000.0,17218.2,598.0,17000.0,17500.0,,,,10,0
동대문구,신설동,2021,11,월세,연립다세대,1,4000.0,4000.0,,4000.0,4000.0,33.0,33.0,,1,0
동대문구,신설동,2021,11,월세,오피스텔,15,1000.0,1253.3,1142.6,750.0,1000.0,60.0,53.93,13.89,14,0
동대문구,신설동,2021,11,전세,연립다세대,4,21500.0,21750.0,4349.3,18000.0,25250.0,,,,4,0
동대문구,신설동,2021,11,전세,오피스텔,9,16000.0,16056.7,1505.9,14330.0,17000.0,,,,9,0
동대문구,신설동,2021,12,월세,연립다세대,7,3000.0,5285.7,4785.9,2000.0,8500.0,26.0,25.57,14.12,7,0
동대문구,신설동,2021,12,월세,오피스텔,15,1000.0,3900.0,4885.1,1000.0,4000.0,60.0,48.73,20.78,12,0
동대문구,신설동,2021,12,전세,연립다세대,1,25000.0,25000.0,,25000.0,25000.0,,,,1,0
동대문구,신설동,2021,12,전세,오피스텔,13,16200.0,16421.2,1514.7,15400.0,17325.0,,,,10,0
동대문구,신설동,2022,1,월세,연립다세대,2,8000.0,8000.0,9899.5,4500.0,11500.0,27.0,27.0,32.53,1,0
동대문구,신설동,2022,1,월세,오피스텔,12,1000.0,1625.0,1333.6,1000.0,1500.0,62.5,60.75,10.12,12,0
동대문구,신설동,2022,1,전세,연립다세대,1,12000.0,12000.0,,12000.0,12000.0,,,,0,0
동대문구,신설동,2022,1,전세,오피스텔,23,16800.0,17197.8,1466.1,15907.5,18000.0,,,,15,0
동대문구,신설동,2022,2,월세,연립다세대,2,18500.0,18500.0,4949.7,16750.0,20250.0,25.5,25.5,21.92,2,0
동대문구,신설동,2022,2,월세,오피스텔,28,1000.0,2107.1,1807.2,1000.0,2625.0,62.0,59.61,12.89,22,0
동대문구,신설동,2022,2,전세,연립다세대,7,26000.0,26514.3,11304.2,18800.0,37000.0,,,,6,0
동대문구,신설동,2022,2,전세,오피스텔,23,16800.0,17178.5,2995.7,15750.0,19650.0,,,,16,0
동대문구,신설동,2022,3,월세,연립다세대,1,3000.0,3000.0,,3000.0,3000.0,42.0,42.0,,1,0
동대문구,신설동,2022,3,월세,오피스텔,23,1000.0,2073.9,3059.0,1000.0,2000.0,60.0,57.35,16.69,19,0
동대문구,신설동,2022,3,전세,연립다세대,5,25000.0,22800.0,9418.1,22000.0,25000.0,,,,5,0
동대문구,신설동,2022,3,전세,오피스텔,31,20000.0,19028.4,2448.9,16750.0,20250.0,,,,25,0
동대문구,신설동,2022,4,월세,오피스텔,19,1000.0,3836.8,5522.3,1000.0,3700.0,62.0,59.79,19.35,18,0
동대문구,신설동,2022,4,전세,연립다세대,1,11000.0,11000.0,,11000.0,11000.0,,,,0,0
동대문구,신설동,2022,4,전세,오피스텔,15,19000.0,18873.7,4335.2,17162.5,21000.0,,,,13,0
동대문구,신설동,2022,5,월세,연립다세대,1,5000.0,5000.0,,5000.0,5000.0,25.0,25.0,,1,0
동대문구,신설동,2022,5,월세,오피스텔,18,1000.0,2150.0,2883.9,1000.0,1000.0,61.0,59.94,11.59,14,0
동대문구,신설동,2022,5,전세,연립다세대,5,26000.0,25600.0,547.7,25000.0,26000.0,,,,5,0
동대문구,신설동,2022,5,전세,오피스텔,14,17650.0,18532.9,3026.3,16575.0,20750.0,,,,7,0
동대문구,신설동,2022,6,월세,연립다세대,2,2500.0,2500.0,707.1,2250.0,2750.0,36.0,36.0,5.66,2,0
동대문구,신설동,2022,6,월세,오피스텔,14,1000.0,1035.7,692.4,500.0,1000.0,63.0,63.93,8.5,13,0
동대문구,신설동,2022,6,전세,연립다세대,3,34000.0,32333.3,6658.3,29500.0,36000.0,,,,2,0
동대문구,신설동,2022,6,전세,오피스텔,4,19000.0,19472.5,2756.9,17697.5,20775.0,,,,3,0
동대문구,신설동,2022,7,월세,연립다세대,2,1750.0,1750.0,1767.8,1125.0,2375.0,52.0,52.0,2.83,2,0
동대문구,신설동,2022,7,월세,오피스텔,17,1000.0,1664.7,2295.1,1000.0,1000.0,60.0,57.29,15.76,15,0
동대문구,신설동,2022,7,전세,연립다세대,5,25000.0,27200.0,4381.8,25000.0,26000.0,,,,2,0
동대문구,신설동,2022,7,전세,오피스텔,7,17325.0,19016.4,4531.4,16650.0,19315.0,,,,5,0
동대문구,신설동,2022,8,월세,연립다세대,2,5750.0,5750.0,7424.6,3125.0,8375.0,26.0,26.0,33.94,1,0
동대문구,신설동,2022,8,월세,오피스텔,16,1000.0,2250.0,2738.6,1000.0,1500.0,64.0,59.81,12.54,15,0
동대문구,신설동,2022,8,전세,연립다세대,2,25000.0,25000.0,0.0,25000.0,25000.0,,,,2,0
동대문구,신설동,2022,8,전세,오피스텔,10,16800.0,15580.0,6453.7,9375.0,18000.0,,,,8,0
동대문구,신설동,2022,9,월세,연립다세대,1,1000.0,1000.0,,1000.0,1000.0,46.0,46.0,,1,0
동대문구,신설동,2022,9,월세,오피스텔,9,5000.0,4222.2,3456.1,1000.0,5000.0,53.0,54.44,14.25,7,0
동대문구,신설동,2022,9,전세,연립다세대,3,25000.0,25333.3,577.4,25000.0,25500.0,,,,2,0
동대문구,신설동,2022,9,전세,오피스텔,5,17000.0,17760.0,1946.3,16800.0,18000.0,,,,5,0
동대문구,신설동,2022,10,월세,연립다세대,2,11500.0,11500.0,14849.2,6250.0,16750.0,45.0,45.0,49.5,1,0
동대문구,신설동,2022,10,월세,오피스텔,15,1000.0,1666.7,1447.5,1000.0,1000.0,60.0,63.27,12.81,11,0
동대문구,신설동,2022,10,전세,연립다세대,11,33000.0,30818.2,5688.9,25000.0,36000.0,,,,8,0
동대문구,신설동,2022,10,전세,오피스텔,8,16400.0,16316.2,1360.7,15280.0,17250.0,,,,5,0
동대문구,신설동,2022,11,월세,오피스텔,15,1000.0,2610.0,3848.8,1000.0,1500.0,70.0,62.33,19.98,13,0
동대문구,신설동,2022,11,전세,연립다세대,6,25500.0,28666.7,5391.4,25000.0,32000.0,,,,2,0
동대문구,신설동,2022,11,전세,오피스텔,10,16800.0,16075.0,3402.7,15812.5,16800.0,,,,8,0
동대문구,신설동,2022,12,월세,오피스텔,15,1000.0,1600.0,1242.1,1000.0,1500.0,65.0,65.33,9.03,14,0
동대문구,신설동,2022,12,전세,연립다세대,4,26000.0,28000.0,4000.0,26000.0,28000.0,,,,2,0
동대문구,신설동,2022,12,전세,오피스텔,5,17000.0,18020.0,2243.2,16800.0,17500.0,,,,5,0
동대문구,신설동,2023,1,월세,연립다세대,10,4500.0,7900.0,7015.1,3000.0,10000.0,98.0,90.2,59.58,9,0
동대문구,신설동,2023,1,월세,오피스텔,22,1000.0,2159.1,2211.4,1000.0,2750.0,65.0,62.82,14.25,19,0
동대문구,신설동,2023,1,전세,연립다세대,5,25000.0,27420.0,7693.0,25000.0,35000.0,,,,5,0
동대문구,신설동,2023,1,전세,오피스텔,10,16500.0,17374.0,2324.3,16500.0,17630.0,,,,10,0
동대문구,신설동,2023,2,월세,연립다세대,11,5000.0,7027.3,5290.4,5000.0,6000.0,130.0,119.91,66.5,9,0
동대문구,신설동,2023,2,월세,오피스텔,20,1000.0,1900.0,1651.2,1000.0,1500.0,63.0,64.1,11.07,18,0
동대문구,신설동,2023,2,전세,연립다세대,4,25500.0,34000.0,17339.7,25000.0,34500.0,,,,4,0
동대문구,신설동,2023,2,전세,오피스텔,18,17000.0,18880.6,4795.7,15712.5,24000.0,,,,17,0
동대문구,신설동,2023,3,월세,연립다세대,6,5000.0,4500.0,836.7,4250.0,5000.0,132.5,132.17,27.68,6,0
동대문구,신설동,2023,3,월세,오피스텔,16,1000.0,3437.5,4732.4,1000.0,2750.0,65.0,59.75,16.67,16,0
동대문구,신설동,2023,3,전세,연립다세대,9,22000.0,23333.3,4242.6,20000.0,26000.0,,,,9,0
동대문구,신설동,2023,3,전세,오피스텔,8,20150.0,20981.2,4333.4,17587.5,24625.0,,,,8,0
동대문구,신설동,2023,4,월세,오피스텔,10,1000.0,1800.0,2529.8,1000.0,1000.0,65.0,62.9,16.7,9,0
동대문구,신설동,2023,4,전세,연립다세대,3,32000.0,28666.7,7571.9,26000.0,33000.0,,,,3,0
동대문구,신설동,2023,4,전세,오피스텔,8,19000.0,18625.0,3553.2,16125.0,20500.0,,,,7,0
동대문구,신설동,2023,5,월세,연립다세대,1,13000.0,13000.0,,13000.0,13000.0,13.0,13.0,,1,0
동대문구,신설동,2023,5,월세,오피스텔,15,1000.0,1733.3,2448.5,750.0,1000.0,66.0,70.0,18.34,13,0
동대문구,신설동,2023,5,전세,연립다세대,6,26000.0,28500.0,4277.8,26000.0,32000.0,,,,2,0
동대문구,신설동,2023,5,전세,오피스텔,13,16800.0,17130.8,1971.6,16000.0,17500.0,,,,9,0
동대문구,신설동,2023,6,월세,연립다세대,2,4000.0,4000.0,1414.2,3500.0,4500.0,141.5,141.5,82.73,2,0
동대문구,신설동,2023,6,월세,오피스텔,23,1000.0,2000.0,2153.2,1000.0,2000.0,75.0,73.13,18.72,22,0
동대문구,신설동,2023,6,전세,연립다세대,3,25000.0,25333.3,577.4,25000.0,25500.0,,,,2,0
동대문구,신설동,2023,6,전세,오피스텔,15,17000.0,18370.3,3703.9,15950.0,21000.0,,,,11,0
동대문구,신설동,2023,7,월세,연립다세대,2,5000.0,5000.0,0.0,5000.0,5000.0,182.5,182.5,17.68,2,0
동대문구,신설동,2023,7,월세,오피스텔,10,1000.0,3200.0,4638.0,1000.0,1000.0,63.0,60.1,23.77,10,0
동대문구,신설동,2023,7,전세,연립다세대,8,20000.0,19125.0,7014.0,12375.0,26000.0,,,,4,0
동대문구,신설동,2023,7,전세,오피스텔,23,17500.0,17886.5,3523.9,16000.0,21000.0,,,,22,0
동대문구,신설동,2023,8,월세,오피스텔,23,1000.0,3065.2,4943.6,1000.0,1500.0,69.0,61.96,20.93,19,0
동대문구,신설동,2023,8,전세,연립다세대,5,25000.0,24800.0,447.2,25000.0,25000.0,,,,5,0
동대문구,신설동,2023,8,전세,오피스텔,28,17100.0,18060.7,3739.5,16475.0,17887.5,,,,21,0
동대문구,신설동,2023,9,월세,연립다세대,2,21650.0,21650.0,3182.0,20525.0,22775.0,12.5,12.5,10.61,2,0
동대문구,신설동,2023,9,월세,오피스텔,6,3000.0,5666.7,5921.7,1000.0,10250.0,63.0,57.17,18.64,6,0
동대문구,신설동,2023,9,전세,연립다세대,2,18000.0,18000.0,9899.5,14500.0,21500.0,,,,2,0
동대문구,신설동,2023,9,전세,오피스텔,20,18000.0,19175.8,2785.8,17500.0,20625.0,,,,17,0
동대문구,신설동,2023,10,월세,연립다세대,3,23600.0,23533.3,115.5,23500.0,23600.0,5.0,5.0,0.0,3,0
동대문구,신설동,2023,10,월세,오피스텔,16,1000.0,1750.0,2008.3,1000.0,1000.0,65.0,65.31,10.98,13,0
동대문구,신설동,2023,10,전세,연립다세대,3,11000.0,15666.7,8082.9,11000.0,18000.0,,,,3,0
동대문구,신설동,2023,10,전세,오피스텔,13,17500.0,16761.5,2702.0,16800.0,18000.0,,,,11,0
동대문구,신설동,2023,11,월세,오피스텔,23,1000.0,1965.2,3087.5,1000.0,1000.0,65.0,67.22,21.8,21,0
동대문구,신설동,2023,11,전세,연립다세대,4,25000.0,21375.0,7250.0,21375.0,25000.0,,,,1,0
동대문구,신설동,2023,11,전세,오피스텔,12,16850.0,16913.5,1306.4,16322.5,17368.75,,,,7,0
동대문구,신설동,2023,12,월세,연립다세대,3,5000.0,4333.3,1154.7,4000.0,5000.0,8.0,33.67,44.46,2,0
동대문구,신설동,2023,12,월세,오피스텔,23,1000.0,2156.5,2304.7,1000.0,2750.0,66.0,69.57,19.75,19,0
동대문구,신설동,2023,12,전세,연립다세대,1,37000.0,37000.0,,37000.0,37000.0,,,,1,0
동대문구,신설동,2023,12,전세,오피스텔,18,16800.0,16852.8,1348.9,16350.0,17375.0,,,,15,0
동대문구,신설동,2024,1,월세,연립다세대,8,4000.0,4812.5,3683.3,1750.0,7500.0,42.0,44.25,39.27,5,0
동대문구,신설동,2024,1,월세,오피스텔,33,1000.0,2963.6,5535.3,1000.0,3000.0,65.0,62.7,16.85,31,0
동대문구,신설동,2024,1,전세,연립다세대,2,18550.0,18550.0,10677.3,14775.0,22325.0,,,,1,0
동대문구,신설동,2024,1,전세,오피스텔,16,16900.0,17778.8,1889.3,16245.0,19625.0,,,,14,0
동대문구,신설동,2024,2,월세,오피스텔,31,1000.0,3051.6,4431.6,1000.0,3000.0,66.0,63.23,16.45,30,0
동대문구,신설동,2024,2,전세,연립다세대,3,8400.0,9850.0,2511.5,8400.0,10575.0,,,,2,0
동대문구,신설동,2024,2,전세,오피스텔,18,16400.0,17323.9,1980.2,16000.0,18375.0,,,,13,0
동대문구,신설동,2024,3,월세,연립다세대,12,4000.0,12291.7,12741.2,1750.0,25500.0,42.0,58.08,43.08,10,0
동대문구,신설동,2024,3,월세,오피스텔,31,1000.0,4341.9,5903.5,1000.0,5000.0,69.0,58.87,24.3,26,0
동대문구,신설동,2024,3,전세,연립다세대,2,28500.0,28500.0,4949.7,26750.0,30250.0,,,,0,0
동대문구,신설동,2024,3,전세,오피스텔,13,16000.0,17635.4,2229.1,16000.0,20000.0,,,,11,0
동대문구,신설동,2024,4,월세,연립다세대,8,2500.0,3937.5,4039.4,1000.0,4500.0,150.0,103.5,69.52,7,0
동대문구,신설동,2024,4,월세,오피스텔,25,1000.0,5613.2,7007.2,1000.0,14000.0,63.0,53.52,28.78,24,0
동대문구,신설동,2024,4,전세,연립다세대,2,25000.0,25000.0,0.0,25000.0,25000.0,,,,2,0
동대문구,신설동,2024,4,전세,오피스텔,17,16800.0,18145.6,3640.2,16000.0,22000.0,,,,15,0
동대문구,신설동,2024,5,월세,연립다세대,6,1750.0,2583.3,1908.3,1125.0,4250.0,130.0,124.83,46.63,6,0
동대문구,신설동,2024,5,월세,오피스텔,18,2500.0,7472.2,7837.4,1000.0,13250.0,58.5,51.17,31.09,13,0
동대문구,신설동,2024,5,전세,연립다세대,2,24350.0,24350.0,919.2,24025.0,24675.0,,,,2,0
동대문구,신설동,2024,5,전세,오피스텔,11,17300.0,18463.6,4705.6,16500.0,22000.0,,,,6,0
동대문구,신설동,2024,6,월세,연립다세대,3,3000.0,3333.3,1527.5,2500.0,4000.0,42.0,69.0,52.94,3,0
동대문구,신설동,2024,6,월세,오피스텔,23,1000.0,3456.5,5841.2,1000.0,1100.0,66.0,61.91,21.08,21,0
동대문구,신설동,2024,6,전세,오피스텔,8,22500.0,20637.5,3315.7,17250.0,23125.0,,,,8,0
동대문구,신설동,2024,7,월세,연립다세대,1,5000.0,5000.0,,5000.0,5000.0,110.0,110.0,,1,0
동대문구,신설동,2024,7,월세,오피스텔,25,1000.0,3200.0,5748.0,1000.0,1000.0,66.0,64.28,17.58,23,0
동대문구,신설동,2024,7,전세,연립다세대,2,30000.0,30000.0,5656.9,28000.0,32000.0,,,,2,0
동대문구,신설동,2024,7,전세,오피스텔,13,19000.0,19953.8,4273.5,17100.0,22000.0,,,,10,0
동대문구,신설동,2024,8,월세,연립다세대,3,11000.0,14166.7,13041.6,7000.0,19750.0,42.0,142.0,206.99,2,0
동대문구,신설동,2024,8,월세,오피스텔,20,1000.0,3370.0,4336.0,1000.0,3500.0,74.0,64.0,22.32,17,0
동대문구,신설동,2024,8,전세,연립다세대,7,25000.0,25214.3,10172.9,24250.0,30000.0,,,,5,0
동대문구,신설동,2024,8,전세,오피스텔,9,16900.0,16632.2,4468.7,16800.0,17640.0,,,,8,0
동대문구,신설동,2024,9,월세,연립다세대,2,500.0,500.0,0.0,500.0,500.0,47.0,47.0,4.24,2,0
동대문구,신설동,2024,9,월세,오피스텔,13,3000.0,5330.8,5613.7,1000.0,5000.0,60.0,53.69,22.02,10,0
동대문구,신설동,2024,9,전세,연립다세대,3,25000.0,27933.3,6149.3,24400.0,30000.0,,,,2,0
동대문구,신설동,2024,9,전세,오피스텔,2,17500.0,17500.0,707.1,17250.0,17750.0,,,,1,0
동대문구,신설동,2024,10,월세,연립다세대,6,4000.0,6000.0,4816.6,3000.0,10250.0,91.5,82.5,65.14,6,0
동대문구,신설동,2024,10,월세,오피스텔,15,6000.0,8196.7,6107.0,2000.0,14250.0,40.0,40.33,28.12,12,0
동대문구,신설동,2024,10,전세,연립다세대,6,25000.0,22283.3,5470.1,22000.0,25000.0,,,,4,0
동대문구,신설동,2024,10,전세,오피스텔,3,15100.0,15200.0,1752.1,14300.0,16050.0,,,,3,0
동대문구,신설동,2024,11,월세,연립다세대,2,23800.0,23800.0,0.0,23800.0,23800.0,11.0,11.0,2.83,2,0
동대문구,신설동,2024,11,월세,오피스텔,32,1000.0,4825.0,6401.2,1000.0,5500.0,64.5,57.38,27.01,27,0
동대문구,신설동,2024,11,전세,연립다세대,6,26000.0,28583.3,4608.9,25625.0,32000.0,,,,4,0
동대문구,신설동,2024,11,전세,오피스텔,9,16500.0,19033.3,9785.1,13000.0,17500.0,,,,8,0
동대문구,신설동,2024,12,월세,연립다세대,3,5000.0,11666.7,13316.7,4000.0,16000.0,25.0,26.0,16.52,1,0
동대문구,신설동,2024,12,월세,오피스텔,31,1000.0,3541.9,4140.6,1000.0,4500.0,70.0,65.65,26.52,25,0
동대문구,신설동,2024,12,전세,연립다세대,7,25000.0,28385.7,5885.7,25000.0,31000.0,,,,4,0
동대문구,신설동,2024,12,전세,오피스텔,15,25000.0,26316.7,10708.3,16500.0,35750.0,,,,13,0
동대문구,신설동,2025,1,월세,연립다세대,2,2750.0,2750.0,3182.0,1625.0,3875.0,97.5,97.5,88.39,2,0
동대문구,신설동,2025,1,월세,오피스텔,41,1000.0,4414.6,7146.6,1000.0,3000.0,70.0,68.51,37.88,35,0
동대문구,신설동,2025,1,전세,연립다세대,3,20000.0,23333.3,5773.5,20000.0,25000.0,,,,3,0
동대문구,신설동,2025,1,전세,오피스텔,8,18000.0,21687.5,11981.9,16000.0,21875.0,,,,7,0
동대문구,신설동,2025,2,월세,연립다세대,10,10000.0,9950.0,6405.1,7000.0,11000.0,35.5,42.6,48.67,7,0
동대문구,신설동,2025,2,월세,오피스텔,25,1000.0,5340.0,7664.1,1000.0,4000.0,70.0,65.64,43.51,21,0
동대문구,신설동,2025,2,전세,오피스텔,7,35000.0,31228.6,13410.2,18800.0,40000.0,,,,7,0
동대문구,신설동,2025,3,월세,연립다세대,2,4500.0,4500.0,707.1,4250.0,4750.0,84.5,84.5,64.35,2,0
동대문구,신설동,2025,3,월세,오피스텔,26,1000.0,6342.3,7991.6,1000.0,12875.0,69.0,60.88,41.15,20,0
동대문구,신설동,2025,3,전세,연립다세대,3,26000.0,27000.0,2645.8,25500.0,28000.0,,,,3,0
동대문구,신설동,2025,3,전세,오피스텔,11,20000.0,22700.0,11394.3,16500.0,23000.0,,,,9,0
동대문구,신설동,2025,4,월세,오피스텔,26,1000.0,6180.8,7452.5,1000.0,13000.0,70.0,62.27,38.37,23,0
동대문구,신설동,2025,4,전세,연립다세대,4,25500.0,27000.0,3366.5,25000.0,27500.0,,,,0,0
동대문구,신설동,2025,4,전세,오피스텔,7,21600.0,22157.1,6907.9,16900.0,25500.0,,,,6,0
동대문구,신설동,2025,5,월세,연립다세대,3,24000.0,17333.3,11547.0,14000.0,24000.0,5.0,46.67,72.17,3,0
동대문구,신설동,2025,5,월세,오피스텔,21,1000.0,3030.5,5431.6,1000.0,2000.0,75.0,70.24,20.01,13,0
동대문구,신설동,2025,5,전세,연립다세대,5,25000.0,26800.0,4086.6,25000.0,26000.0,,,,1,0
동대문구,신설동,2025,5,전세,오피스텔,12,17100.0,20191.7,7350.5,15000.0,24000.0,,,,10,0
동대문구,신설동,2025,6,월세,연립다세대,5,3000.0,4000.0,3741.7,1000.0,5000.0,41.0,68.4,47.35,5,0
동대문구,신설동,2025,6,월세,오피스텔,42,1000.0,3288.1,5343.3,1000.0,1000.0,70.0,65.43,24.54,36,0
동대문구,신설동,2025,6,전세,연립다세대,2,26000.0,26000.0,0.0,26000.0,26000.0,,,,2,0
동대문구,신설동,2025,6,전세,오피스텔,19,20100.0,19662.6,2894.3,17190.0,21500.0,,,,13,0
동대문구,신설동,2025,7,월세,연립다세대,1,500.0,500.0,,500.0,500.0,29.0,29.0,,1,0
동대문구,신설동,2025,7,월세,오피스텔,54,1000.0,4938.5,6794.9,755.0,10250.0,63.0,53.31,28.78,47,0
동대문구,신설동,2025,7,전세,연립다세대,9,26000.0,24111.1,5302.0,21000.0,26000.0,,,,6,0
동대문구,신설동,2025,7,전세,오피스텔,16,17100.0,17471.9,2635.8,15100.0,18425.0,,,,11,0
동대문구,신설동,2025,8,월세,연립다세대,3,3000.0,9033.3,12676.9,1750.0,13300.0,50.0,68.0,69.76,3,0
동대문구,신설동,2025,8,월세,오피스텔,36,1000.0,5072.8,6306.1,1000.0,10500.0,70.0,58.5,28.17,34,0
동대문구,신설동,2025,8,전세,오피스텔,12,17500.0,18599.2,3245.7,16725.0,19425.0,,,,5,0
동대문구,신설동,2025,9,월세,연립다세대,2,17300.0,17300.0,8909.5,14150.0,20450.0,5.5,5.5,4.95,2,0
동대문구,신설동,2025,9,월세,오피스텔,23,1000.0,6348.7,7090.3,1000.0,15850.0,65.0,51.17,31.56,16,0
동대문구,신설동,2025,9,전세,연립다세대,2,25500.0,25500.0,707.1,25250.0,25750.0,,,,1,0
동대문구,신설동,2025,9,전세,오피스텔,7,17500.0,18291.4,3410.4,16370.0,18500.0,,,,4,0
동대문구,신설동,2025,10,월세,연립다세대,3,24000.0,18166.7,15591.1,12250.0,27000.0,21.0,53.0,67.0,2,0
동대문구,신설동,2025,10,월세,오피스텔,34,1000.0,5034.7,6472.1,1000.0,7250.0,65.0,58.35,32.45,27,0
동대문구,신설동,2025,10,전세,연립다세대,1,23500.0,23500.0,,23500.0,23500.0,,,,1,0
동대문구,신설동,2025,10,전세,오피스텔,8,16742.5,18085.6,3476.0,15525.0,19250.0,,,,4,0
동대문구,신설동,2025,11,월세,연립다세대,4,8000.0,10600.0,9185.5,4500.0,14100.0,79.5,77.75,83.48,3,0
동대문구,신설동,2025,11,월세,오피스텔,32,1000.0,4846.9,6662.1,1000.0,5000.0,68.5,61.22,26.12,27,0
동대문구,신설동,2025,11,전세,연립다세대,4,25000.0,25002.5,5.0,25000.0,25002.5,,,,2,0
동대문구,신설동,2025,11,전세,오피스텔,4,17000.0,17092.5,332.0,16950.0,17142.5,,,,2,0
동대문구,신설동,2025,12,월세,연립다세대,2,9000.0,9000.0,5656.9,7000.0,11000.0,26.5,26.5,19.09,2,0
동대문구,신설동,2025,12,월세,오피스텔,44,1000.0,3684.1,5813.3,1000.0,2000.0,74.0,67.52,29.51,30,0
동대문구,신설동,2025,12,전세,오피스텔,9,17800.0,20300.0,6015.6,16500.0,21000.0,,,,2,0
동대문구,신설동,2026,1,월세,연립다세대,5,5000.0,3600.0,1949.4,2000.0,5000.0,130.0,115.0,50.99,5,1
동대문구,신설동,2026,1,월세,오피스텔,57,1000.0,5221.4,7293.7,1000.0,8000.0,70.0,60.68,29.1,49,1
동대문구,신설동,2026,1,전세,연립다세대,5,26000.0,29220.0,5337.8,25000.0,35000.0,,,,4,1
동대문구,신설동,2026,1,전세,오피스텔,19,16800.0,16290.5,2054.1,15700.0,17000.0,,,,11,1
동대문구,신설동,2026,2,월세,연립다세대,3,9000.0,11333.3,9712.5,6000.0,15500.0,15.0,22.33,13.58,2,1
동대문구,신설동,2026,2,월세,오피스텔,40,1000.0,3967.5,5630.2,1000.0,3250.0,70.0,67.95,33.29,34,1
동대문구,신설동,2026,2,전세,연립다세대,2,30000.0,30000.0,7071.1,27500.0,32500.0,,,,2,1
동대문구,신설동,2026,2,전세,오피스텔,22,17200.0,20554.5,9449.7,16000.0,21000.0,,,,15,1
동대문구,신설동,2026,3,월세,연립다세대,4,24000.0,19250.0,10177.6,19000.0,24250.0,21.5,51.5,74.41,3,1
동대문구,신설동,2026,3,월세,오피스텔,27,1000.0,4726.3,6903.3,1000.0,2750.0,71.0,60.59,29.39,23,1
동대문구,신설동,2026,3,전세,오피스텔,8,17000.0,18000.0,2449.5,16000.0,19500.0,,,,5,1
동대문구,신설동,2026,4,월세,연립다세대,3,4000.0,5166.7,5346.3,2250.0,7500.0,53.0,75.0,86.13,3,1
동대문구,신설동,2026,4,월세,오피스텔,37,4000.0,8131.1,7823.8,1000.0,15000.0,60.0,51.24,33.27,27,1
동대문구,신설동,2026,4,전세,오피스텔,8,17750.0,18762.5,2551.2,16900.0,21000.0,,,,7,1
동대문구,신설동,2026,5,월세,연립다세대,1,24000.0,24000.0,,24000.0,24000.0,15.0,15.0,,0,1
동대문구,신설동,2026,5,월세,오피스텔,31,2000.0,5395.2,7279.2,1000.0,5000.0,72.0,61.55,29.44,17,1
동대문구,신설동,2026,5,전세,연립다세대,2,29500.0,29500.0,6364.0,27250.0,31750.0,,,,2,1
동대문구,신설동,2026,5,전세,오피스텔,10,16750.0,22010.0,11230.7,16050.0,31375.0,,,,9,1
동대문구,신설동,2026,6,월세,연립다세대,1,3000.0,3000.0,,3000.0,3000.0,185.0,185.0,,1,1
동대문구,신설동,2026,6,월세,오피스텔,38,1000.0,5234.7,6892.2,1000.0,6500.0,74.5,63.0,30.81,32,1
동대문구,신설동,2026,6,전세,오피스텔,3,17500.0,24266.7,12773.5,16900.0,28250.0,,,,2,1
동대문구,신설동,2026,7,월세,오피스텔,35,1000.0,4965.7,6760.3,1000.0,4000.0,75.0,66.31,37.7,28,1
동대문구,신설동,2026,7,전세,연립다세대,1,22000.0,22000.0,,22000.0,22000.0,,,,1,1
동대문구,신설동,2026,7,전세,오피스텔,7,16800.0,16642.9,1154.5,16200.0,17050.0,,,,5,1
동대문구,신설동,2026,8,월세,오피스텔,32,1000.0,2406.2,3634.5,1000.0,1275.0,80.0,75.12,27.4,28,1
동대문구,신설동,2026,8,전세,연립다세대,3,35000.0,32666.7,6806.9,30000.0,36500.0,,,,2,1
동대문구,신설동,2026,8,전세,오피스텔,8,20250.0,23000.0,10388.9,18125.0,30000.0,,,,7,1
동대문구,신설동,2026,9,월세,연립다세대,2,15750.0,15750.0,18031.2,9375.0,22125.0,99.0,99.0,86.27,1,1
동대문구,신설동,2026,9,월세,오피스텔,3,15200.0,13566.7,3092.5,12600.0,15350.0,30.0,81.67,102.75,3,1
동대문구,용두동,2021,1,월세,연립다세대,7,1000.0,1357.1,852.2,1000.0,1500.0,50.0,52.14,11.85,7,0
동대문구,용두동,2021,1,월세,오피스텔,32,1000.0,1765.6,1745.9,1000.0,2000.0,60.0,61.03,11.75,31,0
동대문구,용두동,2021,1,전세,연립다세대,36,26500.0,28194.4,5572.0,26000.0,32500.0,,,,31,0
동대문구,용두동,2021,1,전세,오피스텔,17,17000.0,16843.2,7153.5,12500.0,18950.0,,,,14,0
동대문구,용두동,2021,2,월세,연립다세대,3,2000.0,2000.0,1000.0,1500.0,2500.0,60.0,44.33,29.77,3,0
동대문구,용두동,2021,2,월세,오피스텔,27,1000.0,1888.9,1310.7,1000.0,2500.0,55.0,58.07,12.51,22,0
동대문구,용두동,2021,2,전세,연립다세대,17,24000.0,23488.2,8457.8,15000.0,30000.0,,,,13,0
동대문구,용두동,2021,2,전세,오피스텔,18,16000.0,17398.6,5495.4,14831.25,18375.0,,,,16,0
동대문구,용두동,2021,3,월세,연립다세대,4,7500.0,10500.0,10969.7,4000.0,14000.0,35.0,37.25,27.15,4,0
동대문구,용두동,2021,3,월세,오피스텔,23,1000.0,2591.3,2618.3,1000.0,3500.0,60.0,56.57,11.77,17,0
동대문구,용두동,2021,3,전세,연립다세대,22,26000.0,26944.1,5635.1,25000.0,29750.0,,,,22,0
동대문구,용두동,2021,3,전세,오피스텔,29,15750.0,16825.0,3625.6,14700.0,17500.0,,,,19,0
동대문구,용두동,2021,4,월세,연립다세대,2,8500.0,8500.0,4949.7,6750.0,10250.0,24.5,24.5,6.36,1,0
동대문구,용두동,2021,4,월세,오피스텔,18,1000.0,2472.2,2354.4,1000.0,3750.0,61.5,61.0,22.9,13,0
동대문구,용두동,2021,4,전세,연립다세대,11,24150.0,20077.3,6955.0,15750.0,25000.0,,,,6,0
동대문구,용두동,2021,4,전세,오피스텔,13,15750.0,16945.0,4818.7,14490.0,17700.0,,,,8,0
동대문구,용두동,2021,5,월세,연립다세대,1,10000.0,10000.0,,10000.0,10000.0,40.0,40.0,,1,0
동대문구,용두동,2021,5,월세,오피스텔,17,1000.0,2352.9,1656.1,1000.0,4000.0,62.0,62.24,23.43,12,0
동대문구,용두동,2021,5,전세,연립다세대,16,24500.0,23618.8,9565.2,21112.5,26125.0,,,,13,0
동대문구,용두동,2021,5,전세,오피스텔,8,15467.5,17054.4,9676.2,11000.0,16475.0,,,,6,0
동대문구,용두동,2021,6,월세,연립다세대,6,1500.0,3333.3,3386.2,1000.0,5000.0,47.5,44.0,21.23,6,0
동대문구,용두동,2021,6,월세,오피스텔,41,1000.0,1919.5,1370.4,1000.0,3000.0,55.0,58.0,14.83,34,0
동대문구,용두동,2021,6,전세,연립다세대,13,25000.0,19392.3,9675.4,9000.0,27300.0,,,,13,0
동대문구,용두동,2021,6,전세,오피스텔,24,15250.0,15172.9,4699.3,11000.0,17975.0,,,,17,0
동대문구,용두동,2021,7,월세,연립다세대,6,3000.0,6250.0,7574.6,1250.0,8500.0,45.0,47.5,15.73,5,0
동대문구,용두동,2021,7,월세,오피스텔,44,1000.0,1722.7,1264.5,1000.0,2000.0,63.0,63.0,14.64,36,0
동대문구,용두동,2021,7,전세,연립다세대,28,22000.0,21920.5,6886.7,18156.25,27000.0,,,,21,0
동대문구,용두동,2021,7,전세,오피스텔,12,17150.0,17304.2,7849.7,11750.0,18625.0,,,,9,0
동대문구,용두동,2021,8,월세,연립다세대,6,1500.0,3883.3,6392.7,625.0,2750.0,47.5,44.5,29.49,6,0
동대문구,용두동,2021,8,월세,오피스텔,29,2000.0,1896.6,1136.9,1000.0,3000.0,63.0,61.83,14.04,22,0
동대문구,용두동,2021,8,전세,연립다세대,29,22000.0,21028.4,7256.8,17850.0,23000.0,,,,19,0
동대문구,용두동,2021,8,전세,오피스텔,15,17000.0,16390.0,4481.8,15050.0,17575.0,,,,10,0
동대문구,용두동,2021,9,월세,연립다세대,3,3000.0,3000.0,2000.0,2000.0,4000.0,50.0,45.0,13.23,3,0
동대문구,용두동,2021,9,월세,오피스텔,21,1000.0,1309.5,661.0,1000.0,2000.0,64.0,66.9,14.33,20,0
동대문구,용두동,2021,9,전세,연립다세대,10,26000.0,26750.0,6443.1,22750.0,29375.0,,,,9,0
동대문구,용두동,2021,9,전세,오피스텔,10,16065.0,16248.3,5446.2,13232.5,17375.0,,,,8,0
동대문구,용두동,2021,10,월세,연립다세대,2,5250.0,5250.0,6717.5,2875.0,7625.0,41.5,41.5,2.12,2,0
동대문구,용두동,2021,10,월세,오피스텔,25,1000.0,2320.0,3493.7,1000.0,1000.0,60.0,56.32,18.42,22,0
동대문구,용두동,2021,10,전세,연립다세대,15,23000.0,22112.8,6178.9,21000.0,24575.0,,,,9,0
동대문구,용두동,2021,10,전세,오피스텔,21,17000.0,18250.0,5863.6,16800.0,17500.0,,,,12,0
동대문구,용두동,2021,11,월세,연립다세대,13,10000.0,9923.1,6833.9,5000.0,17000.0,10.0,26.77,27.9,11,0
동대문구,용두동,2021,11,월세,오피스텔,38,1000.0,3023.7,3924.2,1000.0,3750.0,60.0,57.71,19.58,31,0
동대문구,용두동,2021,11,전세,연립다세대,15,23000.0,23681.7,7413.2,22000.0,25625.0,,,,11,0
동대문구,용두동,2021,11,전세,오피스텔,17,16800.0,16854.3,4872.5,15000.0,17300.0,,,,11,0
동대문구,용두동,2021,12,월세,연립다세대,13,3000.0,7504.6,8525.9,1000.0,13000.0,50.0,51.92,11.67,13,0
동대문구,용두동,2021,12,월세,오피스텔,41,1000.0,1492.7,1103.3,1000.0,2000.0,63.0,61.44,7.89,39,0
동대문구,용두동,2021,12,전세,연립다세대,18,22000.0,22894.4,10543.1,15000.0,32325.0,,,,12,0
동대문구,용두동,2021,12,전세,오피스텔,22,16800.0,15393.0,3805.2,15812.5,17797.5,,,,10,0
동대문구,용두동,2022,1,월세,연립다세대,7,3000.0,7928.6,9722.9,1500.0,13500.0,40.0,43.14,34.29,7,0
동대문구,용두동,2022,1,월세,오피스텔,50,1000.0,1748.3,2142.4,1000.0,2000.0,60.0,63.9,13.36,42,0
동대문구,용두동,2022,1,전세,연립다세대,22,24000.0,25322.7,10273.7,21412.5,26375.0,,,,19,0
동대문구,용두동,2022,1,전세,오피스텔,24,17550.0,18689.2,7966.2,13950.0,19050.0,,,,16,0
동대문구,용두동,2022,2,월세,연립다세대,10,2000.0,6942.0,7909.1,1000.0,12160.0,50.0,48.2,22.76,10,0
동대문구,용두동,2022,2,월세,오피스텔,55,1000.0,3045.5,3839.7,1000.0,3000.0,55.0,56.36,17.28,45,0
동대문구,용두동,2022,2,전세,연립다세대,15,22200.0,20958.0,7002.8,18500.0,24500.0,,,,9,0
동대문구,용두동,2022,2,전세,오피스텔,20,22250.0,23141.0,8419.2,16950.0,24375.0,,,,17,0
동대문구,용두동,2022,3,월세,연립다세대,5,3000.0,5000.0,4886.2,1000.0,10000.0,35.0,43.4,34.98,4,0
동대문구,용두동,2022,3,월세,오피스텔,29,1000.0,1265.5,994.7,1000.0,1000.0,60.0,66.24,15.23,27,0
동대문구,용두동,2022,3,전세,연립다세대,7,25200.0,22962.1,10135.0,18000.0,29605.0,,,,3,0
동대문구,용두동,2022,3,전세,오피스텔,9,17000.0,16377.8,3274.4,13000.0,18500.0,,,,8,0
동대문구,용두동,2022,4,월세,연립다세대,4,1000.0,1375.0,1108.7,875.0,1500.0,46.5,45.75,12.34,4,0
동대문구,용두동,2022,4,월세,오피스텔,28,1000.0,1612.5,1299.8,1000.0,1000.0,60.0,57.18,11.48,18,0
동대문구,용두동,2022,4,전세,연립다세대,16,25860.0,26204.1,12110.2,20871.25,33500.0,,,,11,0
동대문구,용두동,2022,4,전세,오피스텔,18,17150.0,17983.9,6101.8,15286.25,18725.0,,,,14,0
동대문구,용두동,2022,5,월세,연립다세대,8,4000.0,9187.5,11199.3,3000.0,9750.0,35.0,48.62,40.56,6,0
동대문구,용두동,2022,5,월세,오피스텔,33,1000.0,2336.4,2880.3,1000.0,2000.0,60.0,59.82,14.43,27,0
동대문구,용두동,2022,5,전세,연립다세대,8,24050.0,22181.2,9869.4,21325.0,26562.5,,,,5,0
동대문구,용두동,2022,5,전세,오피스텔,16,19500.0,20193.8,5584.0,17175.0,21000.0,,,,13,0
동대문구,용두동,2022,6,월세,연립다세대,7,3000.0,8071.4,8647.9,1750.0,12750.0,49.0,43.43,9.43,5,0
동대문구,용두동,2022,6,월세,오피스텔,28,1000.0,2535.7,2596.0,1000.0,3500.0,60.0,59.18,20.24,23,0
동대문구,용두동,2022,6,전세,연립다세대,6,13900.0,15783.3,8849.5,10175.0,22200.0,,,,4,0
동대문구,용두동,2022,6,전세,오피스텔,11,18000.0,22405.6,12991.4,16769.0,21000.0,,,,8,0
동대문구,용두동,2022,7,월세,연립다세대,7,3000.0,6714.3,8360.9,2000.0,6500.0,55.0,59.14,20.64,7,0
동대문구,용두동,2022,7,월세,오피스텔,38,1000.0,1560.5,1724.6,1000.0,1000.0,62.0,63.37,12.42,34,0
동대문구,용두동,2022,7,전세,연립다세대,13,25000.0,22923.1,10439.8,11000.0,32000.0,,,,8,0
동대문구,용두동,2022,7,전세,오피스텔,11,17500.0,16101.8,4168.1,12050.0,19000.0,,,,6,0
동대문구,용두동,2022,8,월세,연립다세대,6,1500.0,2283.3,1697.5,1000.0,3275.0,51.0,51.0,18.09,6,0
동대문구,용두동,2022,8,월세,오피스텔,29,1000.0,2741.4,3285.8,1000.0,3000.0,60.0,63.59,18.11,25,0
동대문구,용두동,2022,8,전세,연립다세대,15,30000.0,25420.0,11615.5,13950.0,35500.0,,,,12,0
동대문구,용두동,2022,8,전세,오피스텔,10,17650.0,17820.0,3027.2,16000.0,19750.0,,,,7,0
동대문구,용두동,2022,9,월세,연립다세대,7,3000.0,7714.3,10258.6,2500.0,7500.0,55.0,61.29,40.17,7,0
동대문구,용두동,2022,9,월세,오피스텔,21,1000.0,3371.4,5028.1,1000.0,3000.0,60.0,63.14,21.8,15,0
동대문구,용두동,2022,9,전세,연립다세대,11,24000.0,22535.9,7994.1,20947.5,25000.0,,,,8,0
동대문구,용두동,2022,9,전세,오피스텔,9,17000.0,16431.1,2070.8,15500.0,17750.0,,,,4,0
동대문구,용두동,2022,10,월세,연립다세대,2,9500.0,9500.0,10606.6,5750.0,13250.0,60.0,60.0,63.64,2,0
동대문구,용두동,2022,10,월세,오피스텔,38,1000.0,3368.4,5566.7,625.0,3000.0,64.0,64.66,22.24,33,0
동대문구,용두동,2022,10,전세,연립다세대,10,26000.0,25529.0,5733.7,23025.0,30000.0,,,,2,0
동대문구,용두동,2022,10,전세,오피스텔,24,17925.0,17013.5,4744.0,12375.0,19400.0,,,,19,0
동대문구,용두동,2022,11,월세,연립다세대,5,13500.0,13240.0,6983.1,12700.0,18000.0,75.0,60.8,43.6,4,0
동대문구,용두동,2022,11,월세,오피스텔,39,1000.0,1979.5,2260.2,1000.0,2000.0,62.0,64.85,11.17,30,0
동대문구,용두동,2022,11,전세,연립다세대,13,20000.0,20564.6,7457.3,16000.0,27000.0,,,,12,0
동대문구,용두동,2022,11,전세,오피스텔,24,18500.0,19572.9,5798.4,17025.0,20075.0,,,,16,0
동대문구,용두동,2022,12,월세,연립다세대,5,1000.0,1100.0,223.6,1000.0,1000.0,55.0,61.0,19.17,5,0
동대문구,용두동,2022,12,월세,오피스텔,42,1000.0,4011.9,7087.9,1000.0,3000.0,62.5,61.43,25.62,32,0
동대문구,용두동,2022,12,전세,연립다세대,15,20000.0,20986.7,7195.4,17750.0,26750.0,,,,11,0
동대문구,용두동,2022,12,전세,오피스텔,21,19000.0,20413.7,5715.3,17500.0,24000.0,,,,15,0
동대문구,용두동,2023,1,월세,연립다세대,7,2000.0,2428.6,1618.3,1000.0,3500.0,130.0,100.0,37.86,7,0
동대문구,용두동,2023,1,월세,오피스텔,55,1000.0,2280.0,2286.5,1000.0,2000.0,60.0,63.69,19.67,46,0
동대문구,용두동,2023,1,전세,연립다세대,15,25000.0,24666.7,7534.8,21500.0,30000.0,,,,12,0
동대문구,용두동,2023,1,전세,오피스텔,18,17250.0,18208.3,5895.5,15187.5,18375.0,,,,14,0
동대문구,용두동,2023,2,월세,연립다세대,19,4000.0,7010.5,7996.9,2000.0,8950.0,65.0,71.32,35.27,16,0
동대문구,용두동,2023,2,월세,오피스텔,52,1000.0,2061.5,2444.7,1000.0,2000.0,66.0,65.29,22.57,36,0
동대문구,용두동,2023,2,전세,연립다세대,18,23000.0,22338.9,8546.6,18500.0,25000.0,,,,14,0
동대문구,용두동,2023,2,전세,오피스텔,28,17300.0,18307.9,4598.3,15925.0,18000.0,,,,22,0
동대문구,용두동,2023,3,월세,연립다세대,7,1000.0,3000.0,4041.5,1000.0,2500.0,60.0,64.43,37.96,6,0
동대문구,용두동,2023,3,월세,오피스텔,35,1000.0,2102.9,2270.2,1000.0,2000.0,70.0,74.4,21.82,29,0
동대문구,용두동,2023,3,전세,연립다세대,27,23000.0,22535.2,6209.7,20900.0,26000.0,,,,18,0
동대문구,용두동,2023,3,전세,오피스텔,15,17500.0,17522.5,3447.6,16519.0,17750.0,,,,10,0
동대문구,용두동,2023,4,월세,연립다세대,10,4000.0,7550.0,9352.5,1250.0,8000.0,44.5,45.0,38.98,9,0
동대문구,용두동,2023,4,월세,오피스텔,24,1000.0,4104.2,5399.2,1000.0,5000.0,63.0,60.67,21.89,17,0
동대문구,용두동,2023,4,전세,연립다세대,14,23750.0,23371.4,5326.1,18500.0,28750.0,,,,9,0
동대문구,용두동,2023,4,전세,오피스텔,20,17090.0,17962.8,5878.3,15631.25,18250.0,,,,13,0
동대문구,용두동,2023,5,월세,연립다세대,12,25000.0,17383.3,13962.9,2200.0,30000.0,12.5,27.17,26.23,12,0
동대문구,용두동,2023,5,월세,오피스텔,31,1000.0,2021.0,2695.7,1000.0,2000.0,65.0,63.39,20.38,22,0
동대문구,용두동,2023,5,전세,연립다세대,17,23000.0,23061.8,7920.3,19900.0,27000.0,,,,12,0
동대문구,용두동,2023,5,전세,오피스텔,15,17500.0,17713.3,4064.3,16350.0,19500.0,,,,11,0
동대문구,용두동,2023,6,월세,연립다세대,7,3000.0,2857.1,1069.0,2500.0,3500.0,47.0,49.57,19.02,6,0
동대문구,용두동,2023,6,월세,오피스텔,49,1000.0,3108.2,5443.7,1000.0,2000.0,65.0,62.88,20.72,29,0
동대문구,용두동,2023,6,전세,연립다세대,11,20500.0,19536.4,7149.9,15000.0,25200.0,,,,5,0
동대문구,용두동,2023,6,전세,오피스텔,17,17900.0,18326.5,6798.3,13250.0,20500.0,,,,11,0
동대문구,용두동,2023,7,월세,연립다세대,9,3000.0,8666.7,8306.6,3000.0,14000.0,60.0,52.89,22.01,7,0
동대문구,용두동,2023,7,월세,오피스텔,45,2000.0,3300.6,3655.8,1000.0,3700.0,65.0,63.47,24.86,34,0
동대문구,용두동,2023,7,전세,연립다세대,23,18500.0,19288.9,8369.9,11950.0,25000.0,,,,16,0
동대문구,용두동,2023,7,전세,오피스텔,18,16900.0,16377.8,5064.7,12625.0,18375.0,,,,16,0
동대문구,용두동,2023,8,월세,연립다세대,7,3000.0,3714.3,3302.2,1000.0,5000.0,94.0,69.0,35.07,7,0
동대문구,용두동,2023,8,월세,오피스텔,43,1000.0,2465.1,3320.9,1000.0,2000.0,66.0,63.93,14.2,29,0
동대문구,용두동,2023,8,전세,연립다세대,17,23000.0,22365.7,7793.7,17600.0,29000.0,,,,10,0
동대문구,용두동,2023,8,전세,오피스텔,12,24975.0,22465.0,8850.0,15397.5,30000.0,,,,11,0
동대문구,용두동,2023,9,월세,연립다세대,2,2000.0,2000.0,1414.2,1500.0,2500.0,40.5,40.5,0.71,2,0
동대문구,용두동,2023,9,월세,오피스텔,27,1000.0,2440.7,3683.4,1000.0,1500.0,65.0,58.85,25.3,25,0
동대문구,용두동,2023,9,전세,연립다세대,18,22000.0,22308.3,7039.6,18262.5,25000.0,,,,18,0
동대문구,용두동,2023,9,전세,오피스텔,14,16650.0,16176.3,3786.2,14962.5,17875.0,,,,11,0
동대문구,용두동,2023,10,월세,연립다세대,9,3000.0,8455.6,10031.5,2000.0,10000.0,35.0,40.56,34.05,6,0
동대문구,용두동,2023,10,월세,오피스텔,20,1000.0,2575.0,2925.7,1000.0,2750.0,65.0,64.5,15.46,14,0
동대문구,용두동,2023,10,전세,연립다세대,11,22500.0,22336.4,5563.9,22150.0,23000.0,,,,9,0
동대문구,용두동,2023,10,전세,오피스텔,10,18000.0,20075.0,3774.0,18000.0,21337.5,,,,9,0
동대문구,용두동,2023,11,월세,연립다세대,8,4500.0,6400.0,5076.0,2750.0,9175.0,59.5,66.38,48.74,7,0
동대문구,용두동,2023,11,월세,오피스텔,47,1000.0,3025.5,3498.2,1000.0,3000.0,66.0,64.94,21.89,40,0
동대문구,용두동,2023,11,전세,연립다세대,7,23000.0,23314.3,8018.9,20080.0,29150.0,,,,3,0
동대문구,용두동,2023,11,전세,오피스텔,10,17725.0,16910.0,2680.3,16662.5,18525.0,,,,6,0
동대문구,용두동,2023,12,월세,연립다세대,11,3000.0,6045.5,7150.0,1000.0,7750.0,47.0,66.64,43.22,10,0
동대문구,용두동,2023,12,월세,오피스텔,68,1000.0,3612.1,5380.7,1000.0,3000.0,65.5,62.74,27.42,52,0
동대문구,용두동,2023,12,전세,연립다세대,14,29000.0,27781.4,8755.0,25625.0,34875.0,,,,12,0
동대문구,용두동,2023,12,전세,오피스텔,21,17000.0,19250.0,6621.4,16100.0,18300.0,,,,17,0
동대문구,용두동,2024,1,월세,연립다세대,18,2750.0,3638.9,2832.8,2000.0,5000.0,62.5,82.67,51.4,17,0
동대문구,용두동,2024,1,월세,오피스텔,73,1000.0,1776.7,1815.3,1000.0,2000.0,66.0,68.77,17.66,53,0
동대문구,용두동,2024,1,전세,연립다세대,18,25000.0,23416.7,3477.9,22875.0,25750.0,,,,17,0
동대문구,용두동,2024,1,전세,오피스텔,23,17800.0,18352.2,5395.8,16350.0,20000.0,,,,19,0
동대문구,용두동,2024,2,월세,연립다세대,13,3000.0,9000.0,9958.2,3000.0,11000.0,40.0,41.77,32.03,9,0
동대문구,용두동,2024,2,월세,오피스텔,57,1000.0,2957.9,4413.8,1000.0,2000.0,70.0,69.3,22.09,44,0
동대문구,용두동,2024,2,전세,연립다세대,14,23750.0,21542.9,8324.4,17500.0,25000.0,,,,10,0
동대문구,용두동,2024,2,전세,오피스텔,31,17500.0,19995.4,5667.0,16805.0,21525.0,,,,24,0
동대문구,용두동,2024,3,월세,연립다세대,19,9000.0,10778.9,9093.4,2750.0,20000.0,45.0,53.11,39.06,19,0
동대문구,용두동,2024,3,월세,오피스텔,57,1000.0,3287.3,4925.8,1000.0,3000.0,65.0,65.4,21.5,38,0
동대문구,용두동,2024,3,전세,연립다세대,24,25000.0,24362.9,7285.1,21804.25,28000.0,,,,16,0
동대문구,용두동,2024,3,전세,오피스텔,19,17300.0,17359.7,3630.7,16050.0,18450.0,,,,13,0
동대문구,용두동,2024,4,월세,연립다세대,8,7000.0,7875.0,6473.8,2500.0,12750.0,50.0,54.5,32.64,8,0
동대문구,용두동,2024,4,월세,오피스텔,34,1000.0,3405.9,4832.3,1000.0,3750.0,65.5,63.82,25.53,29,0
동대문구,용두동,2024,4,전세,연립다세대,13,23000.0,22734.6,8729.4,22900.0,25200.0,,,,11,0
동대문구,용두동,2024,4,전세,오피스텔,16,17750.0,18055.0,4722.4,16750.0,18975.0,,,,13,0
동대문구,용두동,2024,5,월세,연립다세대,7,5000.0,11471.4,11596.9,2000.0,22500.0,30.0,28.29,14.89,6,0
동대문구,용두동,2024,5,월세,오피스텔,48,1000.0,3062.5,4033.9,1000.0,2250.0,67.0,68.6,27.03,31,0
동대문구,용두동,2024,5,전세,연립다세대,10,23000.0,23550.0,5112.3,22125.0,28000.0,,,,10,0
동대문구,용두동,2024,5,전세,오피스텔,15,17600.0,18020.0,2500.9,16750.0,19950.0,,,,7,0
동대문구,용두동,2024,6,월세,연립다세대,12,3000.0,4566.7,5561.9,1750.0,4000.0,43.0,60.33,44.01,10,0
동대문구,용두동,2024,6,월세,오피스텔,46,2000.0,4182.6,4849.3,1000.0,5000.0,65.0,62.46,31.71,31,0
동대문구,용두동,2024,6,전세,연립다세대,15,25000.0,23573.3,7672.2,18350.0,25500.0,,,,15,0
동대문구,용두동,2024,6,전세,오피스텔,8,16250.0,16500.0,6170.2,11875.0,19500.0,,,,6,0
동대문구,용두동,2024,7,월세,연립다세대,13,3000.0,7115.4,9669.9,1000.0,3000.0,73.0,73.31,32.04,12,0
동대문구,용두동,2024,7,월세,오피스텔,49,1000.0,3942.9,5258.8,1000.0,3000.0,70.0,65.98,28.43,40,0
동대문구,용두동,2024,7,전세,연립다세대,6,29150.0,24183.3,13026.3,13300.0,31500.0,,,,4,0
동대문구,용두동,2024,7,전세,오피스텔,8,17900.0,18087.5,4302.6,16750.0,20250.0,,,,7,0
동대문구,용두동,2024,8,월세,연립다세대,13,8800.0,10676.9,6224.8,7500.0,16500.0,48.0,53.92,36.62,10,0
동대문구,용두동,2024,8,월세,오피스텔,50,1000.0,5343.4,6910.0,1000.0,6400.0,68.0,60.18,29.97,39,0
동대문구,용두동,2024,8,전세,연립다세대,14,24050.0,25264.3,6179.7,21000.0,29750.0,,,,4,0
동대문구,용두동,2024,8,전세,오피스텔,11,18900.0,20845.5,4703.7,17550.0,23500.0,,,,10,0
동대문구,용두동,2024,9,월세,연립다세대,11,10000.0,20754.5,28529.0,3000.0,26000.0,60.0,68.0,46.63,8,0
동대문구,용두동,2024,9,월세,오피스텔,36,1500.0,4499.2,5828.9,1000.0,5000.0,70.0,64.28,27.76,31,0
동대문구,용두동,2024,9,전세,연립다세대,10,24500.0,24240.0,5530.0,23200.0,26500.0,,,,7,0
동대문구,용두동,2024,9,전세,오피스텔,7,17500.0,16235.7,2802.8,16600.0,17550.0,,,,4,0
동대문구,용두동,2024,10,월세,연립다세대,13,10000.0,10799.7,9009.0,3000.0,16000.0,45.0,46.92,36.34,6,0
동대문구,용두동,2024,10,월세,오피스텔,45,1000.0,3902.2,5742.4,1000.0,5000.0,70.0,64.07,23.29,33,0
동대문구,용두동,2024,10,전세,연립다세대,13,24000.0,22576.9,6061.6,20000.0,26500.0,,,,10,0
동대문구,용두동,2024,10,전세,오피스텔,16,16200.0,17234.4,5461.5,15912.5,18225.0,,,,9,0
동대문구,용두동,2024,11,월세,연립다세대,5,11000.0,9720.0,8780.2,2000.0,12000.0,37.0,47.8,47.42,5,0
동대문구,용두동,2024,11,월세,오피스텔,55,1000.0,4926.5,6353.3,1000.0,5000.0,69.0,60.09,28.57,50,0
동대문구,용두동,2024,11,전세,연립다세대,14,24500.0,24785.7,6533.1,23000.0,29125.0,,,,12,0
동대문구,용두동,2024,11,전세,오피스텔,13,18800.0,21307.7,6512.9,17600.0,26000.0,,,,11,0
동대문구,용두동,2024,12,월세,연립다세대,6,2000.0,6666.7,11080.0,1250.0,4625.0,60.0,64.0,22.85,5,0
동대문구,용두동,2024,12,월세,오피스텔,78,1000.0,5117.9,6997.1,1000.0,5750.0,65.5,59.04,27.17,59,0
동대문구,용두동,2024,12,전세,연립다세대,14,22000.0,20176.1,6226.9,17000.0,24191.25,,,,7,0
동대문구,용두동,2024,12,전세,오피스텔,15,17100.0,20469.2,6551.7,16950.0,23750.0,,,,8,0
동대문구,용두동,2025,1,월세,연립다세대,10,4500.0,31200.0,77188.9,3125.0,9500.0,45.0,46.1,19.21,8,0
동대문구,용두동,2025,1,월세,오피스텔,75,1000.0,4670.7,7010.0,1000.0,3000.0,70.0,64.96,30.21,60,0
동대문구,용두동,2025,1,전세,연립다세대,25,24000.0,23164.0,8387.5,19700.0,28000.0,,,,18,0
동대문구,용두동,2025,1,전세,오피스텔,28,20100.0,20952.7,5283.4,16800.0,25825.0,,,,21,0
동대문구,용두동,2025,2,월세,연립다세대,17,5000.0,5617.6,5716.0,2000.0,5000.0,65.0,77.65,39.11,16,0
동대문구,용두동,2025,2,월세,오피스텔,48,1000.0,3843.8,5476.1,1000.0,2750.0,70.0,64.52,22.86,42,0
동대문구,용두동,2025,2,전세,연립다세대,10,21650.0,22470.0,7022.0,18750.0,26750.0,,,,6,0
동대문구,용두동,2025,2,전세,오피스텔,14,17100.0,18632.1,5456.3,15312.5,20250.0,,,,8,0
동대문구,용두동,2025,3,월세,연립다세대,19,5000.0,8205.3,7486.7,2500.0,10000.0,50.0,57.26,43.86,17,0
동대문구,용두동,2025,3,월세,오피스텔,56,1000.0,4499.1,5911.0,1000.0,4250.0,70.0,64.05,30.23,38,0
동대문구,용두동,2025,3,전세,연립다세대,27,25000.0,23751.4,4761.3,22750.0,27500.0,,,,19,0
동대문구,용두동,2025,3,전세,오피스텔,17,17370.0,17877.1,4050.6,16800.0,20000.0,,,,14,0
동대문구,용두동,2025,4,월세,연립다세대,20,6495.0,9442.5,8783.4,2750.0,13750.0,42.5,48.0,32.98,17,0
동대문구,용두동,2025,4,월세,오피스텔,34,1000.0,5182.4,7662.0,1000.0,5500.0,70.0,63.21,23.77,27,0
동대문구,용두동,2025,4,전세,연립다세대,24,27250.0,26279.2,4634.7,23000.0,29600.0,,,,19,0
동대문구,용두동,2025,4,전세,오피스텔,14,19250.0,20554.3,7157.7,16800.0,26000.0,,,,10,0
동대문구,용두동,2025,5,월세,연립다세대,9,5000.0,10055.6,11114.3,5000.0,8000.0,40.0,47.89,36.61,6,0
동대문구,용두동,2025,5,월세,오피스텔,46,1000.0,2826.1,4033.2,1000.0,2000.0,75.0,71.24,23.62,32,0
동대문구,용두동,2025,5,전세,연립다세대,22,25950.0,24500.0,7221.8,20500.0,28000.0,,,,20,0
동대문구,용두동,2025,5,전세,오피스텔,7,16300.0,16500.0,5730.6,12650.0,18750.0,,,,5,0
동대문구,용두동,2025,6,월세,연립다세대,13,5000.0,11769.2,11179.6,4000.0,24000.0,47.0,54.38,46.95,8,0
동대문구,용두동,2025,6,월세,오피스텔,61,1000.0,2994.3,4605.4,1000.0,2000.0,73.0,70.61,26.85,43,0
동대문구,용두동,2025,6,전세,연립다세대,15,22500.0,21403.3,7278.3,19075.0,26750.0,,,,11,0
동대문구,용두동,2025,6,전세,오피스텔,11,10000.0,14000.0,6782.5,10000.0,16950.0,,,,6,0
동대문구,용두동,2025,7,월세,연립다세대,14,4000.0,10371.4,9793.2,2250.0,19500.0,48.5,46.57,30.31,10,0
동대문구,용두동,2025,7,월세,오피스텔,84,1000.0,4523.8,7133.8,1000.0,3000.0,70.0,65.82,30.7,57,0
동대문구,용두동,2025,7,전세,연립다세대,23,26000.0,25058.7,5977.9,22750.0,28250.0,,,,15,0
동대문구,용두동,2025,7,전세,오피스텔,9,17100.0,19733.3,8785.6,13000.0,22000.0,,,,6,0
동대문구,용두동,2025,8,월세,연립다세대,9,5000.0,11962.2,11643.3,1000.0,25830.0,60.0,71.11,65.23,7,0
동대문구,용두동,2025,8,월세,오피스텔,66,1000.0,3624.2,5864.3,1000.0,3000.0,70.0,73.06,30.62,49,0
동대문구,용두동,2025,8,전세,연립다세대,17,23500.0,22073.5,5162.8,21200.0,25500.0,,,,9,0
동대문구,용두동,2025,8,전세,오피스텔,21,16380.0,18816.7,7455.0,16020.0,21000.0,,,,14,0
동대문구,용두동,2025,9,월세,연립다세대,7,15000.0,12057.1,7972.2,6000.0,17500.0,43.0,41.29,32.89,6,0
동대문구,용두동,2025,9,월세,오피스텔,43,1000.0,5623.3,6888.0,1000.0,9000.0,70.0,64.3,35.04,28,0
동대문구,용두동,2025,9,전세,연립다세대,23,24000.0,24790.0,4520.5,21475.0,27060.0,,,,10,0
동대문구,용두동,2025,9,전세,오피스텔,9,16500.0,16537.2,5976.8,15435.0,16600.0,,,,6,0
동대문구,용두동,2025,10,월세,연립다세대,13,13000.0,13582.0,9579.6,4500.0,21000.0,20.0,35.38,39.02,10,0
동대문구,용두동,2025,10,월세,오피스텔,57,1000.0,4703.5,6549.8,1000.0,5000.0,73.0,67.7,30.83,39,0
동대문구,용두동,2025,10,전세,연립다세대,20,25000.0,24845.0,3702.3,22975.0,27000.0,,,,15,0
동대문구,용두동,2025,10,전세,오피스텔,14,17000.0,19396.4,5684.9,15775.0,22750.0,,,,8,0
동대문구,용두동,2025,11,월세,연립다세대,19,4000.0,9365.7,10529.7,2000.0,14500.0,57.0,52.58,38.11,17,0
동대문구,용두동,2025,11,월세,오피스텔,63,1000.0,3010.3,4879.5,1000.0,1000.0,75.0,71.11,26.06,52,0
동대문구,용두동,2025,11,전세,연립다세대,13,21000.0,21530.8,6278.5,18000.0,26000.0,,,,9,0
동대문구,용두동,2025,11,전세,오피스텔,27,16650.0,17437.6,7113.7,11500.0,20124.0,,,,20,0
동대문구,용두동,2025,12,월세,연립다세대,13,10000.0,11061.5,9068.1,3000.0,21000.0,46.0,49.77,41.24,7,0
동대문구,용두동,2025,12,월세,오피스텔,84,1000.0,4751.2,6150.3,1000.0,5000.0,73.5,70.62,39.25,60,0
동대문구,용두동,2025,12,전세,연립다세대,18,25000.0,23275.0,7126.9,19762.5,26000.0,,,,14,0
동대문구,용두동,2025,12,전세,오피스텔,14,18150.0,21450.0,8502.8,16525.0,23000.0,,,,10,0
동대문구,용두동,2026,1,월세,연립다세대,18,5250.0,10550.0,10980.9,1250.0,18000.0,39.5,48.78,40.63,16,1
동대문구,용두동,2026,1,월세,오피스텔,99,1000.0,4930.5,6686.0,1000.0,5000.0,73.0,65.72,34.22,86,1
동대문구,용두동,2026,1,전세,연립다세대,24,25500.0,23268.8,6683.4,18500.0,27000.0,,,,18,1
동대문구,용두동,2026,1,전세,오피스텔,19,19300.0,21660.9,7244.2,16575.0,25500.0,,,,16,1
동대문구,용두동,2026,2,월세,연립다세대,11,2000.0,6905.7,8836.0,1000.0,9000.0,45.0,43.91,30.46,6,1
동대문구,용두동,2026,2,월세,오피스텔,81,1000.0,4146.7,5410.5,1000.0,5000.0,70.0,68.38,33.0,69,1
동대문구,용두동,2026,2,전세,연립다세대,10,26250.0,27790.0,6333.1,24875.0,30050.0,,,,5,1
동대문구,용두동,2026,2,전세,오피스텔,12,19450.0,22283.3,8088.7,17375.0,30000.0,,,,9,1
동대문구,용두동,2026,3,월세,연립다세대,8,7400.0,12592.4,10951.3,3750.0,22454.25,48.5,53.75,48.02,7,1
동대문구,용두동,2026,3,월세,오피스텔,70,1000.0,4967.4,7286.2,1000.0,5000.0,70.0,68.74,32.33,60,1
동대문구,용두동,2026,3,전세,연립다세대,13,17000.0,16716.9,7375.5,9000.0,22800.0,,,,9,1
동대문구,용두동,2026,3,전세,오피스텔,8,19355.0,19957.5,3909.7,16600.0,23000.0,,,,4,1
동대문구,용두동,2026,4,월세,연립다세대,11,1000.0,5381.8,7835.0,900.0,5750.0,47.0,59.73,42.87,11,1
동대문구,용두동,2026,4,월세,오피스텔,51,1000.0,4371.6,6136.7,1000.0,4500.0,70.0,65.98,25.58,34,1
동대문구,용두동,2026,4,전세,연립다세대,17,24200.0,22035.3,7780.2,16000.0,29200.0,,,,14,1
동대문구,용두동,2026,4,전세,오피스텔,7,18000.0,21128.6,11172.2,16600.0,18850.0,,,,6,1
동대문구,용두동,2026,5,월세,연립다세대,15,4000.0,8893.3,9030.9,3000.0,14000.0,55.0,61.73,42.39,12,1
동대문구,용두동,2026,5,월세,오피스텔,52,1000.0,4147.1,6111.7,1000.0,3125.0,79.5,79.67,40.23,38,1
동대문구,용두동,2026,5,전세,연립다세대,18,22500.0,22544.4,6585.0,18500.0,25750.0,,,,16,1
동대문구,용두동,2026,5,전세,오피스텔,11,16600.0,19259.1,7780.3,14125.0,21500.0,,,,5,1
동대문구,용두동,2026,6,월세,연립다세대,17,5000.0,9300.0,10799.0,1000.0,18000.0,52.0,62.18,47.56,12,1
동대문구,용두동,2026,6,월세,오피스텔,78,1000.0,3280.1,4825.4,1000.0,3000.0,75.0,75.82,32.42,57,1
동대문구,용두동,2026,6,전세,연립다세대,23,25000.0,22329.8,8003.9,16275.0,28000.0,,,,20,1
동대문구,용두동,2026,6,전세,오피스텔,9,10800.0,19577.8,13746.8,10700.0,27300.0,,,,3,1
동대문구,용두동,2026,7,월세,연립다세대,9,2000.0,5946.1,7768.8,1000.0,6000.0,32.0,50.0,39.2,8,1
동대문구,용두동,2026,7,월세,오피스텔,77,1000.0,4156.5,5689.9,1000.0,3000.0,80.0,74.96,34.7,66,1
동대문구,용두동,2026,7,전세,연립다세대,23,28000.0,26295.7,6203.8,25750.0,28500.0,,,,17,1
동대문구,용두동,2026,7,전세,오피스텔,12,27750.0,25395.8,4433.2,25250.0,28000.0,,,,12,1
동대문구,용두동,2026,8,월세,연립다세대,14,2250.0,6714.3,9492.3,1000.0,5750.0,49.5,42.07,20.44,11,1
동대문구,용두동,2026,8,월세,오피스텔,53,1000.0,5339.6,6176.2,1000.0,9700.0,74.0,65.7,33.49,44,1
동대문구,용두동,2026,8,전세,연립다세대,17,28000.0,25294.1,5235.8,21000.0,28500.0,,,,12,1
동대문구,용두동,2026,8,전세,오피스텔,8,27750.0,25774.8,8613.1,23548.5,30875.0,,,,5,1
동대문구,용두동,2026,9,월세,연립다세대,1,8000.0,8000.0,,8000.0,8000.0,40.0,40.0,,1,1
동대문구,용두동,2026,9,월세,오피스텔,14,1000.0,3178.6,4583.3,1000.0,2000.0,74.0,73.21,25.84,12,1
동대문구,용두동,2026,9,전세,연립다세대,8,24472.5,20580.6,9649.5,16550.0,27375.0,,,,7,1
동대문구,용두동,2026,9,전세,오피스텔,8,23400.0,26406.2,13028.9,17437.5,31125.0,,,,7,1
동대문구,이문동,2021,1,월세,연립다세대,11,3000.0,3818.2,3730.1,1000.0,5000.0,47.0,45.45,16.52,1,0
동대문구,이문동,2021,1,월세,오피스텔,22,1000.0,1936.4,1568.0,1000.0,3000.0,50.0,49.23,12.94,0,0
동대문구,이문동,2021,1,전세,연립다세대,15,10000.0,12433.3,5250.4,8000.0,16500.0,,,,2,0
동대문구,이문동,2021,1,전세,오피스텔,12,9500.0,13250.0,7445.3,8750.0,16250.0,,,,0,0
동대문구,이문동,2021,2,월세,연립다세대,14,1000.0,2750.0,4475.4,1000.0,2750.0,50.0,53.57,17.77,0,0
동대문구,이문동,2021,2,월세,오피스텔,19,2000.0,2684.2,2683.3,1000.0,3500.0,50.0,47.11,13.38,0,0
동대문구,이문동,2021,2,전세,연립다세대,7,10000.0,14450.0,9512.8,9500.0,14825.0,,,,1,0
동대문구,이문동,2021,2,전세,오피스텔,5,10000.0,10600.0,2607.7,10000.0,12000.0,,,,0,0
동대문구,이문동,2021,3,월세,연립다세대,5,3204.0,3551.8,1262.3,3000.0,4260.0,55.0,59.4,13.32,0,0
동대문구,이문동,2021,3,월세,오피스텔,5,200.0,1020.0,1670.9,200.0,500.0,27.0,29.4,9.79,0,0
동대문구,이문동,2021,3,전세,연립다세대,7,20000.0,21571.4,12752.2,13000.0,29500.0,,,,0,0
동대문구,이문동,2021,3,전세,오피스텔,8,10000.0,12362.5,6867.7,8475.0,12250.0,,,,0,0
동대문구,이문동,2021,4,월세,연립다세대,1,12000.0,12000.0,,12000.0,12000.0,6.0,6.0,,0,0
동대문구,이문동,2021,4,월세,오피스텔,4,3375.0,3187.5,1647.3,2777.5,3785.0,31.0,33.25,25.45,0,0
동대문구,이문동,2021,4,전세,연립다세대,2,16000.0,16000.0,5656.9,14000.0,18000.0,,,,0,0
동대문구,이문동,2021,4,전세,오피스텔,3,11000.0,11666.7,3055.1,10000.0,13000.0,,,,0,0
동대문구,이문동,2021,5,월세,연립다세대,3,5000.0,3500.0,2598.1,2750.0,5000.0,35.0,38.33,20.21,1,0
동대문구,이문동,2021,5,월세,오피스텔,2,650.0,650.0,495.0,475.0,825.0,40.0,40.0,14.14,0,0
동대문구,이문동,2021,5,전세,연립다세대,6,9250.0,11916.7,7631.6,7375.0,11500.0,,,,0,0
동대문구,이문동,2021,5,전세,오피스텔,4,12250.0,14875.0,7641.7,10500.0,16625.0,,,,0,0
동대문구,이문동,2021,6,월세,연립다세대,12,1000.0,1475.0,2707.9,500.0,1000.0,41.0,44.75,23.34,8,0
동대문구,이문동,2021,6,월세,오피스텔,10,750.0,1210.0,1589.2,150.0,1000.0,47.5,43.3,16.74,5,0
동대문구,이문동,2021,6,전세,연립다세대,14,10000.0,13914.3,6407.6,9000.0,20750.0,,,,9,0
동대문구,이문동,2021,6,전세,오피스텔,7,12500.0,13657.1,5191.9,9750.0,15750.0,,,,6,0
동대문구,이문동,2021,7,월세,연립다세대,9,1000.0,1055.6,583.3,500.0,1000.0,45.0,48.33,9.35,7,0
동대문구,이문동,2021,7,월세,오피스텔,9,1000.0,1611.1,2027.6,1000.0,1000.0,50.0,58.56,23.49,8,0
동대문구,이문동,2021,7,전세,연립다세대,10,10000.0,12180.0,5294.0,8737.5,16925.0,,,,6,0
동대문구,이문동,2021,7,전세,오피스텔,9,10000.0,10555.6,1236.0,10000.0,11000.0,,,,8,0
동대문구,이문동,2021,8,월세,연립다세대,8,500.0,762.5,580.5,500.0,1000.0,46.5,55.0,27.38,7,0
동대문구,이문동,2021,8,월세,오피스텔,9,500.0,1088.9,1485.3,500.0,1000.0,44.0,48.22,8.33,9,0
동대문구,이문동,2021,8,전세,연립다세대,7,22000.0,20285.7,6683.2,17400.0,24600.0,,,,5,0
동대문구,이문동,2021,8,전세,오피스텔,5,12000.0,11620.0,1572.3,10000.0,12600.0,,,,3,0
동대문구,이문동,2021,9,월세,연립다세대,2,750.0,750.0,353.6,625.0,875.0,57.5,57.5,10.61,2,0
동대문구,이문동,2021,9,월세,오피스텔,3,1000.0,2166.7,2466.4,750.0,3000.0,55.0,45.67,20.65,2,0
동대문구,이문동,2021,9,전세,연립다세대,3,22000.0,18850.0,6341.7,16775.0,22500.0,,,,2,0
동대문구,이문동,2021,9,전세,오피스텔,4,10500.0,11000.0,2160.2,9750.0,11750.0,,,,4,0
동대문구,이문동,2021,10,월세,연립다세대,4,750.0,700.0,355.9,450.0,1000.0,55.0,63.75,24.96,3,0
동대문구,이문동,2021,10,월세,오피스텔,5,500.0,1560.0,2483.5,500.0,500.0,40.0,36.6,9.37,4,0
동대문구,이문동,2021,10,전세,연립다세대,10,13750.0,16542.5,9489.0,11250.0,22500.0,,,,3,0
동대문구,이문동,2021,10,전세,오피스텔,4,10750.0,15000.0,9009.3,10375.0,15375.0,,,,4,0
동대문구,이문동,2021,11,월세,연립다세대,8,1500.0,3162.5,3292.4,1000.0,4125.0,60.0,55.62,28.47,5,0
동대문구,이문동,2021,11,월세,오피스텔,6,3000.0,2583.3,1625.3,1500.0,3000.0,48.5,58.5,27.25,6,0
동대문구,이문동,2021,11,전세,연립다세대,8,17325.0,17081.2,9033.0,8000.0,24250.0,,,,4,0
동대문구,이문동,2021,11,전세,오피스텔,5,12600.0,13020.0,2202.7,12500.0,14000.0,,,,3,0
동대문구,이문동,2021,12,월세,연립다세대,24,1500.0,2999.4,2893.8,1000.0,5000.0,52.5,49.42,21.06,14,0
동대문구,이문동,2021,12,월세,오피스텔,21,1000.0,1552.4,1875.8,500.0,1000.0,50.0,44.48,13.04,15,0
동대문구,이문동,2021,12,전세,연립다세대,14,11000.0,13046.4,5463.0,8625.0,18000.0,,,,7,0
동대문구,이문동,2021,12,전세,오피스텔,20,12800.0,12517.5,3594.0,10600.0,14000.0,,,,15,0
동대문구,이문동,2022,1,월세,연립다세대,22,1000.0,2549.5,3806.1,625.0,2579.0,47.5,48.86,18.2,15,0
동대문구,이문동,2022,1,월세,오피스텔,18,1000.0,1611.1,867.0,1000.0,2000.0,52.5,51.72,10.8,12,0
동대문구,이문동,2022,1,전세,연립다세대,22,10000.0,14354.5,8961.1,8000.0,16275.0,,,,10,0
동대문구,이문동,2022,1,전세,오피스텔,9,13000.0,13111.1,3131.4,10000.0,15750.0,,,,5,0
동대문구,이문동,2022,2,월세,연립다세대,29,1000.0,2122.7,2277.2,1000.0,3000.0,50.0,48.07,19.5,16,0
동대문구,이문동,2022,2,월세,오피스텔,14,1000.0,2142.9,2491.7,625.0,3000.0,41.0,44.21,14.48,11,0
동대문구,이문동,2022,2,전세,연립다세대,11,10000.0,12951.2,7670.0,8000.0,14150.0,,,,6,0
동대문구,이문동,2022,2,전세,오피스텔,3,14000.0,13900.0,854.4,13500.0,14350.0,,,,1,0
동대문구,이문동,2022,3,월세,연립다세대,10,1250.0,5320.0,7412.6,1000.0,5000.0,40.0,39.8,28.84,6,0
동대문구,이문동,2022,3,월세,오피스텔,3,1000.0,3833.3,5346.3,750.0,5500.0,45.0,38.33,11.55,2,0
동대문구,이문동,2022,3,전세,연립다세대,2,19850.0,19850.0,7283.2,17275.0,22425.0,,,,2,0
동대문구,이문동,2022,3,전세,오피스텔,3,14000.0,16666.7,8326.7,12000.0,20000.0,,,,1,0
동대문구,이문동,2022,4,월세,연립다세대,4,1000.0,4375.0,7087.3,875.0,4500.0,55.0,55.0,16.33,3,0
동대문구,이문동,2022,4,월세,오피스텔,3,500.0,666.7,288.7,500.0,750.0,55.0,56.67,15.57,2,0
동대문구,이문동,2022,4,전세,연립다세대,6,16675.0,21491.7,12214.8,13625.0,32062.5,,,,4,0
동대문구,이문동,2022,4,전세,오피스텔,1,7350.0,7350.0,,7350.0,7350.0,,,,1,0
동대문구,이문동,2022,5,월세,연립다세대,2,1500.0,1500.0,707.1,1250.0,1750.0,60.0,60.0,28.28,2,0
동대문구,이문동,2022,5,월세,오피스텔,5,1000.0,860.0,313.0,1000.0,1000.0,50.0,50.2,8.2,5,0
동대문구,이문동,2022,5,전세,연립다세대,6,10450.0,15193.3,10102.8,9295.0,20125.0,,,,1,0
동대문구,이문동,2022,5,전세,오피스텔,3,11000.0,11533.3,1858.3,10500.0,12300.0,,,,1,0
동대문구,이문동,2022,6,월세,연립다세대,17,1000.0,1752.9,1543.2,1000.0,2000.0,55.0,65.47,25.1,15,0
동대문구,이문동,2022,6,월세,오피스텔,10,1500.0,3370.0,3706.2,1000.0,5425.0,57.5,52.2,21.55,7,0
동대문구,이문동,2022,6,전세,연립다세대,12,9995.0,11915.8,4988.5,8625.0,15900.0,,,,7,0
동대문구,이문동,2022,6,전세,오피스텔,5,15200.0,16510.0,7073.9,15000.0,18000.0,,,,4,0
동대문구,이문동,2022,7,월세,연립다세대,16,750.0,1450.0,2506.8,500.0,1000.0,45.0,43.62,21.06,8,0
동대문구,이문동,2022,7,월세,오피스텔,11,1000.0,1963.6,3381.5,500.0,1500.0,50.0,46.64,16.76,11,0
동대문구,이문동,2022,7,전세,연립다세대,9,8500.0,8885.6,1698.1,8400.0,9450.0,,,,7,0
동대문구,이문동,2022,7,전세,오피스텔,3,20000.0,20000.0,8500.0,15750.0,24250.0,,,,2,0
동대문구,이문동,2022,8,월세,연립다세대,8,2900.0,3915.5,5022.7,1625.0,3231.0,40.0,38.38,19.65,5,0
동대문구,이문동,2022,8,월세,오피스텔,4,1000.0,875.0,250.0,875.0,1000.0,54.5,58.5,9.04,2,0
동대문구,이문동,2022,8,전세,연립다세대,5,11000.0,13600.0,6985.7,11000.0,18000.0,,,,2,0
동대문구,이문동,2022,8,전세,오피스텔,2,17325.0,17325.0,12621.9,12862.5,21787.5,,,,0,0
동대문구,이문동,2022,9,월세,연립다세대,3,1000.0,1484.0,1295.7,750.0,1976.0,50.0,46.0,6.93,2,0
동대문구,이문동,2022,9,월세,오피스텔,3,8000.0,7000.0,5567.8,4500.0,10000.0,50.0,41.33,18.58,1,0
동대문구,이문동,2022,9,전세,연립다세대,3,25600.0,26400.0,1385.6,25600.0,26800.0,,,,1,0
동대문구,이문동,2022,9,전세,오피스텔,3,23500.0,21016.7,8501.5,17525.0,25750.0,,,,2,0
동대문구,이문동,2022,10,월세,연립다세대,3,5000.0,8000.0,8888.2,3000.0,11500.0,65.0,63.33,37.53,1,0
동대문구,이문동,2022,10,월세,오피스텔,1,500.0,500.0,,500.0,500.0,43.0,43.0,,1,0
동대문구,이문동,2022,10,전세,연립다세대,4,16800.0,16900.0,10206.9,8725.0,24975.0,,,,3,0
동대문구,이문동,2022,10,전세,오피스텔,1,9970.0,9970.0,,9970.0,9970.0,,,,1,0
동대문구,이문동,2022,11,월세,연립다세대,7,1000.0,2114.3,2734.0,650.0,2000.0,55.0,59.14,32.33,5,0
동대문구,이문동,2022,11,월세,오피스텔,6,1000.0,2166.7,2041.2,1000.0,2500.0,57.0,61.33,15.56,6,0
동대문구,이문동,2022,11,전세,연립다세대,3,9000.0,9666.7,1154.7,9000.0,10000.0,,,,2,0
동대문구,이문동,2022,11,전세,오피스텔,5,10000.0,9720.0,1505.7,9400.0,10900.0,,,,5,0
동대문구,이문동,2022,12,월세,연립다세대,27,1000.0,1851.9,3432.9,500.0,1000.0,50.0,49.59,14.89,22,0
동대문구,이문동,2022,12,월세,오피스텔,17,2000.0,3235.3,3518.3,1000.0,6000.0,55.0,52.06,17.23,15,0
동대문구,이문동,2022,12,전세,연립다세대,13,9450.0,10965.4,4060.1,9000.0,12000.0,,,,7,0
동대문구,이문동,2022,12,전세,오피스텔,8,15500.0,17562.5,7262.6,13500.0,19000.0,,,,6,0
동대문구,이문동,2023,1,월세,연립다세대,15,1000.0,1113.3,1108.3,750.0,1000.0,55.0,55.93,20.4,12,0
동대문구,이문동,2023,1,월세,오피스텔,15,500.0,1913.3,2553.4,500.0,2750.0,50.0,60.53,29.47,11,0
동대문구,이문동,2023,1,전세,연립다세대,3,9000.0,8833.3,1258.3,8250.0,9500.0,,,,2,0
동대문구,이문동,2023,1,전세,오피스텔,12,12750.0,14550.0,6259.0,10225.0,17000.0,,,,7,0
동대문구,이문동,2023,2,월세,연립다세대,17,1000.0,1670.6,1679.9,500.0,3000.0,50.0,51.18,20.04,10,0
동대문구,이문동,2023,2,월세,오피스텔,13,1000.0,1000.0,500.0,500.0,1000.0,58.0,62.62,21.73,11,0
동대문구,이문동,2023,2,전세,연립다세대,11,12000.0,15727.3,8738.9,11500.0,19500.0,,,,5,0
동대문구,이문동,2023,2,전세,오피스텔,8,13500.0,15062.5,5924.8,12875.0,14500.0,,,,5,0
동대문구,이문동,2023,3,월세,연립다세대,6,3000.0,5583.3,7432.5,1000.0,5750.0,58.0,59.5,17.99,3,0
동대문구,이문동,2023,3,월세,오피스텔,3,500.0,2000.0,2598.1,500.0,2750.0,46.0,42.0,10.58,2,0
동대문구,이문동,2023,3,전세,연립다세대,5,9000.0,12000.0,5196.2,9000.0,12000.0,,,,4,0
동대문구,이문동,2023,3,전세,오피스텔,3,13000.0,13666.7,1154.7,13000.0,14000.0,,,,3,0
동대문구,이문동,2023,4,월세,연립다세대,4,1500.0,2750.0,2872.3,1000.0,3250.0,57.0,58.5,34.14,4,0
동대문구,이문동,2023,4,월세,오피스텔,3,3700.0,4498.3,4451.5,2100.0,6497.5,50.0,39.0,20.81,3,0
동대문구,이문동,2023,4,전세,연립다세대,2,10000.0,10000.0,2828.4,9000.0,11000.0,,,,2,0
동대문구,이문동,2023,4,전세,오피스텔,1,14000.0,14000.0,,14000.0,14000.0,,,,1,0
동대문구,이문동,2023,5,월세,연립다세대,13,1000.0,2032.8,2332.2,500.0,2565.0,40.0,49.0,30.13,8,0
동대문구,이문동,2023,5,월세,오피스텔,7,1000.0,1242.9,1108.8,750.0,1000.0,53.0,58.14,23.49,6,0
동대문구,이문동,2023,5,전세,연립다세대,1,7000.0,7000.0,,7000.0,7000.0,,,,0,0
동대문구,이문동,2023,5,전세,오피스텔,2,14250.0,14250.0,1060.7,13875.0,14625.0,,,,1,0
동대문구,이문동,2023,6,월세,연립다세대,16,1000.0,4283.4,5748.7,875.0,5808.5,46.0,51.25,30.64,10,0
동대문구,이문동,2023,6,월세,오피스텔,10,1000.0,2410.0,3044.6,625.0,2750.0,54.5,58.1,28.61,8,0
동대문구,이문동,2023,6,전세,연립다세대,1,10000.0,10000.0,,10000.0,10000.0,,,,1,0
동대문구,이문동,2023,6,전세,오피스텔,4,13100.0,12675.0,2298.4,12200.0,13575.0,,,,1,0
동대문구,이문동,2023,7,월세,연립다세대,13,1000.0,2669.2,4284.3,1000.0,2000.0,50.0,53.85,22.29,12,0
동대문구,이문동,2023,7,월세,오피스텔,10,1000.0,1420.0,929.5,1000.0,1800.0,95.0,93.3,39.58,10,0
동대문구,이문동,2023,7,전세,연립다세대,11,8925.0,12041.6,5628.6,8410.0,18250.0,,,,8,0
동대문구,이문동,2023,7,전세,오피스텔,8,11500.0,13287.5,5054.4,10000.0,13825.0,,,,4,0
동대문구,이문동,2023,8,월세,연립다세대,8,1000.0,2075.0,2236.5,875.0,2400.0,55.5,53.5,21.45,6,0
동대문구,이문동,2023,8,월세,오피스텔,9,1500.0,2077.8,1429.0,1000.0,3700.0,55.0,72.78,51.02,8,0
동대문구,이문동,2023,8,전세,연립다세대,8,9225.0,10793.8,5295.2,9000.0,10425.0,,,,3,0
동대문구,이문동,2023,8,전세,오피스텔,7,14000.0,14400.0,5529.0,10500.0,16000.0,,,,5,0
동대문구,이문동,2023,9,월세,연립다세대,6,1000.0,1091.7,1055.7,475.0,1000.0,59.5,58.67,32.88,3,0
동대문구,이문동,2023,9,월세,오피스텔,6,1500.0,2000.0,1760.7,625.0,2750.0,55.0,55.17,12.21,6,0
동대문구,이문동,2023,9,전세,연립다세대,4,12250.0,13875.0,11198.0,9125.0,17000.0,,,,2,0
동대문구,이문동,2023,9,전세,오피스텔,3,10000.0,11666.7,2886.8,10000.0,12500.0,,,,2,0
동대문구,이문동,2023,10,월세,오피스텔,6,750.0,1200.0,1000.0,500.0,1525.0,50.0,54.17,11.58,5,0
동대문구,이문동,2023,10,전세,연립다세대,5,24600.0,23965.2,6176.7,24600.0,28563.0,,,,2,0
동대문구,이문동,2023,10,전세,오피스텔,4,10750.0,10525.0,3352.0,8400.0,12875.0,,,,3,0
동대문구,이문동,2023,11,월세,연립다세대,15,1000.0,1663.9,1491.0,650.0,2649.5,50.0,53.07,30.79,7,0
동대문구,이문동,2023,11,월세,오피스텔,12,1000.0,1625.0,1333.6,1000.0,1500.0,55.0,57.33,8.3,11,0
동대문구,이문동,2023,11,전세,연립다세대,8,9187.5,13859.4,8926.9,7475.0,20500.0,,,,5,0
동대문구,이문동,2023,11,전세,오피스텔,9,13000.0,12770.0,2018.3,12000.0,13230.0,,,,7,0
동대문구,이문동,2023,12,월세,연립다세대,26,1500.0,2153.8,1943.0,1000.0,2875.0,55.5,57.04,19.53,24,0
동대문구,이문동,2023,12,월세,오피스텔,27,1000.0,1888.9,2228.9,1000.0,2500.0,55.0,55.93,15.82,24,0
동대문구,이문동,2023,12,전세,연립다세대,10,21050.0,17910.0,6372.9,12000.0,22000.0,,,,8,0
동대문구,이문동,2023,12,전세,오피스텔,17,14000.0,14635.3,3189.2,13200.0,15000.0,,,,11,0
동대문구,이문동,2024,1,월세,연립다세대,29,1000.0,2724.1,6319.7,500.0,3000.0,52.0,60.97,25.06,27,0
동대문구,이문동,2024,1,월세,오피스텔,22,1000.0,2743.2,4550.1,625.0,3000.0,50.0,52.5,23.13,20,0
동대문구,이문동,2024,1,전세,연립다세대,12,9261.0,12781.0,9084.5,8500.0,11200.0,,,,8,0
동대문구,이문동,2024,1,전세,오피스텔,10,13400.0,14550.0,5350.6,11250.0,16250.0,,,,10,0
동대문구,이문동,2024,2,월세,연립다세대,42,3000.0,2785.3,2238.6,1000.0,4000.0,52.0,52.26,25.01,33,0
동대문구,이문동,2024,2,월세,오피스텔,19,1000.0,2210.5,2262.7,1000.0,3000.0,59.0,54.42,16.09,17,0
동대문구,이문동,2024,2,전세,연립다세대,5,17300.0,17860.0,5157.3,16000.0,20000.0,,,,4,0
동대문구,이문동,2024,2,전세,오피스텔,10,12500.0,12680.0,2654.1,10875.0,13950.0,,,,7,0
동대문구,이문동,2024,3,월세,연립다세대,2,5250.0,5250.0,6717.5,2875.0,7625.0,47.5,47.5,10.61,2,0
동대문구,이문동,2024,3,월세,오피스텔,3,700.0,2133.3,2482.6,700.0,2850.0,65.0,57.0,16.52,3,0
동대문구,이문동,2024,3,전세,연립다세대,9,8000.0,14222.2,9795.1,6000.0,22000.0,,,,7,0
동대문구,이문동,2024,3,전세,오피스텔,3,13500.0,13433.3,404.1,13250.0,13650.0,,,,3,0
동대문구,이문동,2024,4,월세,연립다세대,5,300.0,4740.0,10209.2,0.0,400.0,36.0,36.0,18.55,4,0
동대문구,이문동,2024,4,월세,오피스텔,1,1000.0,1000.0,,1000.0,1000.0,60.0,60.0,,1,0
동대문구,이문동,2024,4,전세,연립다세대,4,7290.0,11362.5,8427.3,7185.0,11467.5,,,,3,0
동대문구,이문동,2024,4,전세,오피스텔,3,14000.0,14100.0,360.6,13900.0,14250.0,,,,3,0
동대문구,이문동,2024,5,월세,연립다세대,9,1000.0,1222.2,666.7,1000.0,1000.0,92.0,80.33,24.9,9,0
동대문구,이문동,2024,5,월세,오피스텔,1,500.0,500.0,,500.0,500.0,56.0,56.0,,0,0
동대문구,이문동,2024,5,전세,연립다세대,2,13150.0,13150.0,8273.1,10225.0,16075.0,,,,2,0
동대문구,이문동,2024,5,전세,오피스텔,4,10500.0,10600.0,2533.8,9775.0,11325.0,,,,3,0
동대문구,이문동,2024,6,월세,연립다세대,9,1000.0,1833.3,1576.4,1000.0,3000.0,60.0,63.44,21.96,9,0
동대문구,이문동,2024,6,월세,오피스텔,5,1000.0,1040.0,1184.5,100.0,1000.0,60.0,56.8,37.82,4,0
동대문구,이문동,2024,6,전세,연립다세대,6,10250.0,10983.3,3456.8,10000.0,10500.0,,,,6,0
동대문구,이문동,2024,6,전세,오피스텔,6,14040.0,14096.7,2421.3,13575.0,15570.0,,,,5,0
동대문구,이문동,2024,7,월세,연립다세대,17,1000.0,1676.5,1224.0,1000.0,3000.0,70.0,72.59,36.71,17,0
동대문구,이문동,2024,7,월세,오피스텔,12,1000.0,1814.2,2656.2,1000.0,1050.0,56.5,58.67,30.51,11,0
동대문구,이문동,2024,7,전세,연립다세대,7,9100.0,11524.4,4445.2,9100.0,13685.5,,,,4,0
동대문구,이문동,2024,7,전세,오피스텔,6,15150.0,13916.7,3637.3,11625.0,16575.0,,,,5,0
동대문구,이문동,2024,8,월세,연립다세대,11,1050.0,3600.0,6503.0,1000.0,3000.0,64.0,72.27,49.42,9,0
동대문구,이문동,2024,8,월세,오피스텔,10,1500.0,3144.0,3675.8,1000.0,2470.0,48.0,49.4,34.61,7,0
동대문구,이문동,2024,8,전세,연립다세대,5,7000.0,10830.8,8082.8,6077.0,10000.0,,,,5,0
동대문구,이문동,2024,8,전세,오피스텔,2,12337.5,12337.5,2598.6,11418.75,13256.25,,,,1,0
동대문구,이문동,2024,9,월세,연립다세대,6,3049.5,4394.5,3573.1,1875.0,7437.75,45.0,43.17,34.23,5,0
동대문구,이문동,2024,9,월세,오피스텔,5,2000.0,1420.0,855.6,1000.0,2000.0,65.0,72.6,37.83,5,0
동대문구,이문동,2024,9,전세,연립다세대,2,33000.0,33000.0,0.0,33000.0,33000.0,,,,2,0
동대문구,이문동,2024,9,전세,오피스텔,2,11500.0,11500.0,707.1,11250.0,11750.0,,,,1,0
동대문구,이문동,2024,10,월세,연립다세대,8,2100.0,5900.0,7620.1,875.0,8250.0,55.0,59.75,30.62,8,0
동대문구,이문동,2024,10,월세,오피스텔,1,1000.0,1000.0,,1000.0,1000.0,42.0,42.0,,1,0
동대문구,이문동,2024,10,전세,연립다세대,10,23000.0,22348.0,7758.3,16250.0,29990.0,,,,10,0
동대문구,이문동,2024,10,전세,오피스텔,2,16400.0,16400.0,3677.0,15100.0,17700.0,,,,2,0
동대문구,이문동,2024,11,월세,연립다세대,11,1000.0,1486.4,1452.3,500.0,2000.0,83.0,84.82,45.71,11,0
동대문구,이문동,2024,11,월세,오피스텔,10,2300.0,2560.0,2098.3,1000.0,3000.0,57.5,54.9,29.89,8,0
동대문구,이문동,2024,11,전세,연립다세대,10,21500.0,23330.0,11770.8,14450.0,32000.0,,,,10,0
동대문구,이문동,2024,11,전세,오피스텔,4,12400.0,12450.0,2340.2,10750.0,14100.0,,,,3,0
동대문구,이문동,2024,12,월세,연립다세대,21,1000.0,2061.9,2773.2,1000.0,2000.0,55.0,63.0,20.79,20,0
동대문구,이문동,2024,12,월세,오피스텔,13,1000.0,3038.5,3992.0,500.0,3000.0,60.0,55.38,31.17,11,0
동대문구,이문동,2024,12,전세,연립다세대,14,12000.0,17100.0,8330.3,10875.0,25500.0,,,,12,0
동대문구,이문동,2024,12,전세,오피스텔,13,14000.0,14280.8,4767.4,11400.0,17000.0,,,,9,0
동대문구,이문동,2025,1,월세,연립다세대,22,2000.0,3704.5,5419.7,1000.0,3000.0,54.0,52.95,14.02,21,0
동대문구,이문동,2025,1,월세,오피스텔,28,2000.0,3314.3,3464.8,1000.0,3775.0,60.0,63.43,41.6,25,0
동대문구,이문동,2025,1,전세,연립다세대,7,11000.0,12637.1,5272.1,9250.0,15990.0,,,,7,0
동대문구,이문동,2025,1,전세,오피스텔,13,15000.0,15742.3,6595.8,10500.0,16800.0,,,,8,0
동대문구,이문동,2025,2,월세,연립다세대,30,1000.0,2203.3,2590.4,850.0,3000.0,54.0,54.2,17.11,28,0
동대문구,이문동,2025,2,월세,오피스텔,26,1500.0,2484.2,2841.4,1000.0,3000.0,60.0,67.92,40.99,23,0
동대문구,이문동,2025,2,전세,연립다세대,8,9371.0,8701.6,3999.1,7375.0,9528.25,,,,6,0
동대문구,이문동,2025,2,전세,오피스텔,4,14000.0,14812.5,4887.8,12937.5,15875.0,,,,2,0
동대문구,이문동,2025,3,월세,연립다세대,10,1000.0,1140.0,1028.7,350.0,1000.0,47.0,56.6,36.72,10,0
동대문구,이문동,2025,3,월세,오피스텔,2,2000.0,2000.0,0.0,2000.0,2000.0,155.0,155.0,35.36,2,0
동대문구,이문동,2025,3,전세,연립다세대,3,15000.0,15500.0,8261.4,11250.0,19500.0,,,,0,0
동대문구,이문동,2025,3,전세,오피스텔,4,14000.0,17250.0,6500.0,14000.0,17250.0,,,,4,0
동대문구,이문동,2025,4,월세,연립다세대,7,1500.0,4014.3,5504.7,1000.0,4000.0,69.0,74.57,37.58,7,0
동대문구,이문동,2025,4,월세,오피스텔,2,11750.0,11750.0,353.6,11625.0,11875.0,12.5,12.5,10.61,1,0
동대문구,이문동,2025,4,전세,연립다세대,3,10500.0,14833.3,8836.5,9750.0,17750.0,,,,2,0
동대문구,이문동,2025,4,전세,오피스텔,3,14500.0,14633.3,1703.9,13750.0,15450.0,,,,3,0
동대문구,이문동,2025,5,월세,연립다세대,9,1000.0,2774.7,3944.7,1000.0,3000.0,62.0,80.56,50.56,7,0
동대문구,이문동,2025,5,월세,오피스텔,12,1000.0,2468.0,4424.5,500.0,1675.0,56.5,54.58,10.93,8,0
동대문구,이문동,2025,5,전세,연립다세대,2,33900.0,33900.0,22768.8,25850.0,41950.0,,,,2,0
동대문구,이문동,2025,5,전세,오피스텔,3,13200.0,12000.0,2800.0,11000.0,13600.0,,,,2,0
동대문구,이문동,2025,6,월세,연립다세대,20,2000.0,3673.6,6442.4,1000.0,3000.0,57.5,55.65,24.44,19,0
동대문구,이문동,2025,6,월세,오피스텔,15,1000.0,2066.7,2999.2,750.0,1500.0,60.0,55.13,13.14,11,0
동대문구,이문동,2025,6,전세,연립다세대,6,13700.0,14038.3,7222.9,7605.0,18400.0,,,,5,0
동대문구,이문동,2025,6,전세,오피스텔,8,11250.0,12037.5,1662.1,10900.0,13175.0,,,,7,0
동대문구,이문동,2025,7,월세,연립다세대,22,1500.0,2054.5,1711.8,1000.0,3000.0,51.5,51.64,28.35,20,0
동대문구,이문동,2025,7,월세,오피스텔,7,1000.0,2828.6,3307.4,1000.0,3000.0,68.0,59.0,22.27,6,0
동대문구,이문동,2025,7,전세,연립다세대,6,10000.0,14666.7,7626.7,9625.0,20500.0,,,,5,0
동대문구,이문동,2025,7,전세,오피스텔,5,12000.0,12440.0,2594.8,11500.0,14900.0,,,,5,0
동대문구,이문동,2025,8,월세,연립다세대,16,1500.0,1691.2,1624.7,500.0,2000.0,58.5,61.56,26.95,14,0
동대문구,이문동,2025,8,월세,오피스텔,14,1000.0,1450.0,1229.6,500.0,2500.0,61.5,65.21,20.3,14,0
동대문구,이문동,2025,8,전세,연립다세대,5,20000.0,15800.0,7758.9,8000.0,20000.0,,,,3,0
동대문구,이문동,2025,8,전세,오피스텔,4,12550.0,16325.0,9270.5,10800.0,18075.0,,,,2,0
동대문구,이문동,2025,9,월세,연립다세대,9,1000.0,2666.7,4873.4,500.0,1000.0,55.0,59.0,11.75,9,0
동대문구,이문동,2025,9,월세,오피스텔,7,1000.0,971.4,882.6,100.0,1750.0,43.0,45.57,22.8,7,0
동대문구,이문동,2025,9,전세,연립다세대,4,20000.0,21250.0,8693.9,18000.0,23250.0,,,,3,0
동대문구,이문동,2025,9,전세,오피스텔,4,13275.0,13262.5,3370.3,11037.5,15500.0,,,,4,0
동대문구,이문동,2025,10,월세,연립다세대,6,1000.0,6166.7,12172.4,1000.0,1750.0,88.0,68.67,40.56,5,0
동대문구,이문동,2025,10,월세,오피스텔,6,1500.0,3516.7,4490.2,1000.0,4250.0,53.0,47.17,25.83,6,0
동대문구,이문동,2025,10,전세,연립다세대,2,25800.0,25800.0,0.0,25800.0,25800.0,,,,0,0
동대문구,이문동,2025,10,전세,오피스텔,5,14000.0,15680.0,8853.6,10500.0,17000.0,,,,3,0
동대문구,이문동,2025,11,월세,연립다세대,15,2000.0,2321.5,2256.6,1000.0,2411.5,55.0,58.0,25.48,13,0
동대문구,이문동,2025,11,월세,오피스텔,13,1500.0,2700.0,3709.7,1000.0,3000.0,50.0,54.23,20.61,12,0
동대문구,이문동,2025,11,전세,연립다세대,4,9100.0,10700.0,5583.9,7275.0,12525.0,,,,2,0
동대문구,이문동,2025,11,전세,오피스텔,6,14100.0,14316.7,2462.9,13400.0,16300.0,,,,6,0
동대문구,이문동,2025,12,월세,연립다세대,18,2000.0,4005.6,4235.2,1000.0,4750.0,55.0,54.0,24.91,15,0
동대문구,이문동,2025,12,월세,오피스텔,32,1000.0,2853.1,4939.0,1000.0,3000.0,64.0,65.16,21.66,30,0
동대문구,이문동,2025,12,전세,연립다세대,5,9000.0,9100.0,894.4,9000.0,9000.0,,,,5,0
동대문구,이문동,2025,12,전세,오피스텔,12,13850.0,12641.7,2940.8,10375.0,14125.0,,,,11,0
동대문구,이문동,2026,1,월세,연립다세대,29,2000.0,2610.3,3139.0,1000.0,3000.0,55.0,60.72,25.7,29,1
동대문구,이문동,2026,1,월세,오피스텔,46,1000.0,2438.9,3044.9,1000.0,3000.0,59.0,60.83,29.21,41,1
동대문구,이문동,2026,1,전세,연립다세대,6,8000.0,12058.3,6551.4,8000.0,17000.0,,,,5,1
동대문구,이문동,2026,1,전세,오피스텔,13,13125.0,12744.2,2510.4,13000.0,14000.0,,,,5,1
동대문구,이문동,2026,2,월세,연립다세대,24,2500.0,3393.1,3274.4,1000.0,4000.0,54.0,48.58,25.09,16,1
동대문구,이문동,2026,2,월세,오피스텔,34,1000.0,2026.5,2797.0,1000.0,2000.0,58.5,59.88,24.52,33,1
동대문구,이문동,2026,2,전세,연립다세대,2,15500.0,15500.0,9192.4,12250.0,18750.0,,,,1,1
동대문구,이문동,2026,2,전세,오피스텔,6,14000.0,13300.0,2936.0,11750.0,14750.0,,,,5,1
동대문구,이문동,2026,3,월세,연립다세대,9,500.0,1422.2,1375.5,500.0,2500.0,57.0,57.33,23.28,8,1
동대문구,이문동,2026,3,월세,오피스텔,6,1600.0,3033.3,3605.9,1050.0,3275.0,47.5,79.17,74.91,6,1
동대문구,이문동,2026,3,전세,연립다세대,4,6550.0,6612.5,714.6,6000.0,7162.5,,,,2,1
동대문구,이문동,2026,3,전세,오피스텔,1,13000.0,13000.0,,13000.0,13000.0,,,,1,1
동대문구,이문동,2026,4,월세,연립다세대,6,1000.0,1366.7,1052.0,625.0,1750.0,57.5,64.17,18.28,5,1
동대문구,이문동,2026,4,월세,오피스텔,11,1000.0,2463.6,2902.2,1000.0,3350.0,62.0,56.18,20.68,9,1
동대문구,이문동,2026,4,전세,연립다세대,1,18000.0,18000.0,,18000.0,18000.0,,,,1,1
동대문구,이문동,2026,4,전세,오피스텔,3,15000.0,16000.0,8544.0,11500.0,20000.0,,,,3,1
동대문구,이문동,2026,5,월세,연립다세대,5,2000.0,6200.0,8983.3,1000.0,5000.0,90.0,75.0,34.1,4,1
동대문구,이문동,2026,5,월세,오피스텔,5,1000.0,6100.0,7214.6,1000.0,14000.0,65.0,51.6,29.88,4,1
동대문구,이문동,2026,5,전세,연립다세대,4,10350.0,14050.0,9411.5,9150.0,15250.0,,,,4,1
동대문구,이문동,2026,5,전세,오피스텔,4,10400.0,14300.0,9628.8,8575.0,16125.0,,,,2,1
동대문구,이문동,2026,6,월세,연립다세대,13,1000.0,1976.9,1753.2,500.0,3500.0,70.0,70.62,20.54,12,1
동대문구,이문동,2026,6,월세,오피스텔,18,2000.0,2594.4,3139.2,1000.0,3000.0,74.5,84.94,43.13,17,1
동대문구,이문동,2026,6,전세,연립다세대,2,13000.0,13000.0,4242.6,11500.0,14500.0,,,,2,1
동대문구,이문동,2026,6,전세,오피스텔,3,14700.0,12900.0,3380.8,11850.0,14850.0,,,,3,1
동대문구,이문동,2026,7,월세,연립다세대,24,1000.0,1787.5,1149.8,1000.0,3000.0,74.0,73.5,23.63,23,1
동대문구,이문동,2026,7,월세,오피스텔,19,1000.0,2600.0,4363.5,300.0,1500.0,55.0,49.26,29.35,19,1
동대문구,이문동,2026,7,전세,연립다세대,2,15000.0,15000.0,7071.1,12500.0,17500.0,,,,2,1
동대문구,이문동,2026,7,전세,오피스텔,4,9750.0,10525.0,2273.6,9100.0,11175.0,,,,3,1
동대문구,이문동,2026,8,월세,연립다세대,22,1000.0,1222.7,1021.6,500.0,1000.0,67.0,67.68,19.09,22,1
동대문구,이문동,2026,8,월세,오피스텔,23,1000.0,2919.3,3935.9,1000.0,2500.0,65.0,61.57,34.7,22,1
동대문구,이문동,2026,8,전세,오피스텔,2,10850.0,10850.0,4454.8,9275.0,12425.0,,,,1,1
동대문구,이문동,2026,9,월세,연립다세대,3,1000.0,1666.7,1154.7,1000.0,2000.0,52.0,53.0,1.73,3,1
동대문구,이문동,2026,9,월세,오피스텔,2,100.0,100.0,0.0,100.0,100.0,24.0,24.0,0.0,2,1
동대문구,이문동,2026,9,전세,연립다세대,1,6600.0,6600.0,,6600.0,6600.0,,,,1,1
동대문구,이문동,2026,9,전세,오피스텔,4,14500.0,13000.0,3366.5,12500.0,15000.0,,,,4,1
동대문구,장안동,2021,1,월세,연립다세대,33,2410.0,4644.5,4169.2,1910.0,7592.0,57.0,49.79,22.47,2,0
동대문구,장안동,2021,1,월세,오피스텔,29,1000.0,2010.3,2321.4,500.0,2000.0,52.0,51.76,15.24,0,0
동대문구,장안동,2021,1,전세,연립다세대,31,21000.0,20745.2,6530.5,16275.0,26125.0,,,,3,0
동대문구,장안동,2021,1,전세,오피스텔,15,26000.0,22520.0,9933.9,12000.0,30000.0,,,,0,0
동대문구,장안동,2021,2,월세,연립다세대,36,4299.0,5513.3,5034.4,1498.75,7571.0,45.0,43.86,22.07,1,0
동대문구,장안동,2021,2,월세,오피스텔,25,1000.0,1680.0,1914.2,1000.0,2000.0,50.0,51.84,16.08,2,0
동대문구,장안동,2021,2,전세,연립다세대,33,22000.0,22088.9,6389.6,17000.0,26700.0,,,,1,0
동대문구,장안동,2021,2,전세,오피스텔,16,15900.0,18531.2,7809.8,12300.0,23825.0,,,,0,0
동대문구,장안동,2021,3,월세,연립다세대,29,3525.0,7212.4,6990.5,2000.0,14000.0,38.0,45.59,26.87,1,0
동대문구,장안동,2021,3,월세,오피스텔,32,500.0,1134.4,1874.4,500.0,1000.0,55.0,54.72,15.6,1,0
동대문구,장안동,2021,3,전세,연립다세대,58,25862.5,24275.0,7023.7,21000.0,28750.0,,,,2,0
동대문구,장안동,2021,3,전세,오피스텔,23,17300.0,18486.7,8078.7,11000.0,25450.0,,,,0,0
동대문구,장안동,2021,4,월세,연립다세대,39,2500.0,3707.9,3118.1,1089.5,5500.0,26.0,33.18,21.24,0,0
동대문구,장안동,2021,4,월세,오피스텔,22,1000.0,2795.5,3340.4,500.0,3500.0,50.0,45.64,20.0,2,0
동대문구,장안동,2021,4,전세,연립다세대,68,21000.0,22528.7,7082.1,19950.0,27025.0,,,,1,0
동대문구,장안동,2021,4,전세,오피스텔,15,20000.0,19311.7,6319.3,14350.0,22287.5,,,,1,0
동대문구,장안동,2021,5,월세,연립다세대,30,2770.0,4220.7,4467.7,1788.25,4961.0,24.5,36.67,30.49,0,0
동대문구,장안동,2021,5,월세,오피스텔,17,1000.0,2647.1,6336.3,500.0,1000.0,50.0,49.53,9.95,0,0
동대문구,장안동,2021,5,전세,연립다세대,40,25000.0,23733.8,7493.3,20000.0,28350.0,,,,0,0
동대문구,장안동,2021,5,전세,오피스텔,22,17300.0,19539.3,7224.1,12750.0,25537.5,,,,1,0
동대문구,장안동,2021,6,월세,연립다세대,36,1500.0,3986.8,5350.6,1000.0,4006.5,36.5,40.36,24.11,19,0
동대문구,장안동,2021,6,월세,오피스텔,31,500.0,877.4,859.3,500.0,1000.0,50.0,51.32,13.34,23,0
동대문구,장안동,2021,6,전세,연립다세대,52,25000.0,25119.0,6891.7,20000.0,29925.0,,,,18,0
동대문구,장안동,2021,6,전세,오피스텔,22,16800.0,19071.4,9329.5,11250.0,28000.0,,,,15,0
동대문구,장안동,2021,7,월세,연립다세대,32,3000.0,4160.3,4975.6,1000.0,4250.0,62.5,65.06,35.37,16,0
동대문구,장안동,2021,7,월세,오피스텔,31,1000.0,1669.0,1967.9,500.0,1500.0,50.0,47.23,17.61,23,0
동대문구,장안동,2021,7,전세,연립다세대,77,29000.0,30184.0,9229.4,24000.0,35000.0,,,,31,0
동대문구,장안동,2021,7,전세,오피스텔,37,17000.0,20167.6,9581.9,12000.0,29000.0,,,,20,0
동대문구,장안동,2021,8,월세,연립다세대,25,2000.0,3512.6,5018.0,1000.0,3000.0,66.0,66.24,41.58,11,0
동대문구,장안동,2021,8,월세,오피스텔,48,500.0,1379.2,2489.7,60.0,1000.0,47.5,48.08,20.03,31,0
동대문구,장안동,2021,8,전세,연립다세대,64,27300.0,27865.4,10977.8,20750.0,34250.0,,,,29,0
동대문구,장안동,2021,8,전세,오피스텔,40,25850.0,23630.6,8439.5,15625.0,29250.0,,,,19,0
동대문구,장안동,2021,9,월세,연립다세대,16,2000.0,3156.4,3469.9,875.0,4883.0,45.0,41.81,22.25,7,0
동대문구,장안동,2021,9,월세,오피스텔,36,1000.0,3002.5,3853.6,500.0,3857.5,52.5,51.19,21.76,23,0
동대문구,장안동,2021,9,전세,연립다세대,43,29000.0,29628.5,11263.7,22000.0,36000.0,,,,20,0
동대문구,장안동,2021,9,전세,오피스텔,34,23300.0,20782.4,7569.3,13750.0,25800.0,,,,19,0
동대문구,장안동,2021,10,월세,연립다세대,23,2000.0,3449.1,3145.0,1000.0,6000.0,55.0,53.83,25.12,12,0
동대문구,장안동,2021,10,월세,오피스텔,41,1000.0,2164.6,2022.8,500.0,3750.0,53.0,51.24,26.9,25,0
동대문구,장안동,2021,10,전세,연립다세대,38,26125.0,25718.6,9472.0,18000.0,30000.0,,,,15,0
동대문구,장안동,2021,10,전세,오피스텔,39,23600.0,22736.9,6959.2,18500.0,26500.0,,,,29,0
동대문구,장안동,2021,11,월세,연립다세대,36,3500.0,4365.4,3856.4,1000.0,6971.5,50.0,48.67,25.57,12,0
동대문구,장안동,2021,11,월세,오피스텔,38,1000.0,2348.4,2451.6,500.0,3952.5,50.0,47.87,16.96,26,0
동대문구,장안동,2021,11,전세,연립다세대,55,26700.0,24125.6,8375.5,17850.0,28940.0,,,,21,0
동대문구,장안동,2021,11,전세,오피스텔,28,21000.0,20234.8,8401.7,12843.75,25000.0,,,,15,0
동대문구,장안동,2021,12,월세,연립다세대,36,2602.0,5502.2,6161.8,1593.5,6197.0,35.0,42.25,23.33,18,0
동대문구,장안동,2021,12,월세,오피스텔,31,1000.0,1905.2,3586.9,500.0,1750.0,50.0,52.71,18.05,24,0
동대문구,장안동,2021,12,전세,연립다세대,35,27000.0,25227.1,6836.3,17925.0,29450.0,,,,12,0
동대문구,장안동,2021,12,전세,오피스텔,15,23500.0,21231.3,7959.2,15250.0,23810.0,,,,6,0
동대문구,장안동,2022,1,월세,연립다세대,33,2000.0,3779.6,4661.4,1000.0,4864.0,52.0,51.55,26.45,19,0
동대문구,장안동,2022,1,월세,오피스텔,36,1000.0,1558.3,1885.2,500.0,1250.0,55.0,57.17,19.37,23,0
동대문구,장안동,2022,1,전세,연립다세대,29,26000.0,25642.9,6748.1,21500.0,30000.0,,,,14,0
동대문구,장안동,2022,1,전세,오피스텔,35,16800.0,19670.0,9152.7,11000.0,25100.0,,,,20,0
동대문구,장안동,2022,2,월세,연립다세대,37,2000.0,4837.8,6267.1,1000.0,5000.0,50.0,49.65,22.68,22,0
동대문구,장안동,2022,2,월세,오피스텔,37,500.0,2137.8,3349.7,500.0,2000.0,50.0,50.92,15.14,28,0
동대문구,장안동,2022,2,전세,연립다세대,38,27500.0,25553.9,9180.8,18500.0,30675.0,,,,20,0
동대문구,장안동,2022,2,전세,오피스텔,34,23600.0,22909.4,9635.3,12000.0,30993.75,,,,25,0
동대문구,장안동,2022,3,월세,연립다세대,40,3000.0,4756.8,4704.2,2000.0,5000.0,53.5,54.48,32.03,23,0
동대문구,장안동,2022,3,월세,오피스텔,45,1000.0,2072.9,3499.8,500.0,2000.0,55.0,57.33,22.04,36,0
동대문구,장안동,2022,3,전세,연립다세대,55,23000.0,23061.5,6763.0,17850.0,28000.0,,,,26,0
동대문구,장안동,2022,3,전세,오피스텔,33,23500.0,23503.0,9219.2,17300.0,29000.0,,,,22,0
동대문구,장안동,2022,4,월세,연립다세대,17,3000.0,4204.2,4566.1,1000.0,3923.0,50.0,53.59,23.97,13,0
동대문구,장안동,2022,4,월세,오피스텔,33,1000.0,1697.0,2301.3,500.0,2000.0,54.0,54.88,18.33,25,0
동대문구,장안동,2022,4,전세,연립다세대,29,27000.0,26101.8,8644.8,22000.0,29500.0,,,,13,0
동대문구,장안동,2022,4,전세,오피스텔,28,25100.0,23180.2,8428.5,13625.0,29530.0,,,,14,0
동대문구,장안동,2022,5,월세,연립다세대,18,2203.0,4317.6,5438.6,1000.0,4000.0,45.0,46.39,23.92,8,0
동대문구,장안동,2022,5,월세,오피스텔,30,750.0,1163.3,1330.1,500.0,1000.0,55.0,58.43,13.57,25,0
동대문구,장안동,2022,5,전세,연립다세대,34,25000.0,25605.7,9601.0,17000.0,30375.0,,,,17,0
동대문구,장안동,2022,5,전세,오피스텔,36,23550.0,22654.0,8341.6,16875.0,31000.0,,,,17,0
동대문구,장안동,2022,6,월세,연립다세대,19,2000.0,4805.3,5989.8,1000.0,4153.0,50.0,47.37,22.03,12,0
동대문구,장안동,2022,6,월세,오피스텔,32,1000.0,2046.9,2803.7,1000.0,2000.0,59.5,57.56,19.45,23,0
동대문구,장안동,2022,6,전세,연립다세대,30,20735.0,23428.7,7997.2,17525.0,29400.0,,,,12,0
동대문구,장안동,2022,6,전세,오피스텔,26,24075.0,24883.7,9906.1,19625.0,27825.0,,,,18,0
동대문구,장안동,2022,7,월세,연립다세대,20,2000.0,4113.6,4773.8,1000.0,4556.25,70.0,65.2,32.7,12,0
동대문구,장안동,2022,7,월세,오피스텔,68,2000.0,4547.1,5295.4,1000.0,5000.0,61.0,60.63,26.5,54,0
동대문구,장안동,2022,7,전세,연립다세대,32,26875.0,23998.5,7852.8,17910.0,29100.0,,,,12,0
동대문구,장안동,2022,7,전세,오피스텔,67,21000.0,21587.4,6348.5,19250.0,24575.0,,,,52,0
동대문구,장안동,2022,8,월세,연립다세대,27,6000.0,6302.1,5663.4,1500.0,8352.5,52.0,56.11,35.82,14,0
동대문구,장안동,2022,8,월세,오피스텔,60,4000.0,6198.3,6582.2,500.0,10125.0,55.0,54.77,24.64,53,0
동대문구,장안동,2022,8,전세,연립다세대,34,22750.0,23945.6,5892.4,18475.0,29625.0,,,,20,0
동대문구,장안동,2022,8,전세,오피스텔,62,22000.0,21771.9,5898.8,20000.0,23500.0,,,,40,0
동대문구,장안동,2022,9,월세,연립다세대,19,3150.0,6434.9,7531.3,1500.0,8630.0,58.0,56.11,34.18,11,0
동대문구,장안동,2022,9,월세,오피스텔,40,4136.5,7091.8,7337.5,1000.0,11250.0,50.0,44.6,24.35,30,0
동대문구,장안동,2022,9,전세,연립다세대,30,25500.0,24620.3,8704.3,19962.5,28600.0,,,,10,0
동대문구,장안동,2022,9,전세,오피스텔,52,21750.0,21705.1,6400.2,20000.0,23000.0,,,,35,0
동대문구,장안동,2022,10,월세,연립다세대,21,10000.0,8835.7,5983.5,4000.0,12000.0,60.0,60.86,43.41,11,0
동대문구,장안동,2022,10,월세,오피스텔,40,1000.0,4912.5,6020.1,1000.0,10000.0,50.0,52.6,24.19,33,0
동대문구,장안동,2022,10,전세,연립다세대,42,26795.0,25226.0,7325.2,18625.0,29135.25,,,,16,0
동대문구,장안동,2022,10,전세,오피스텔,48,22250.0,21611.2,5130.1,20000.0,24000.0,,,,35,0
동대문구,장안동,2022,11,월세,연립다세대,21,5000.0,5959.1,6853.3,2000.0,7842.0,73.0,75.19,42.08,15,0
동대문구,장안동,2022,11,월세,오피스텔,39,1000.0,4287.5,5460.6,500.0,6000.0,52.0,49.49,24.01,25,0
동대문구,장안동,2022,11,전세,연립다세대,25,23500.0,21512.0,6820.0,17600.0,26000.0,,,,9,0
동대문구,장안동,2022,11,전세,오피스텔,29,20000.0,20600.0,6225.8,16000.0,23800.0,,,,21,0
동대문구,장안동,2022,12,월세,연립다세대,35,3000.0,5164.1,5257.7,1000.0,7200.0,50.0,63.77,39.11,20,0
동대문구,장안동,2022,12,월세,오피스텔,38,1000.0,3113.9,5196.7,500.0,2750.0,58.0,57.58,23.03,26,0
동대문구,장안동,2022,12,전세,연립다세대,24,23000.0,23116.6,5311.5,18000.0,28000.0,,,,11,0
동대문구,장안동,2022,12,전세,오피스텔,23,21000.0,20284.8,6851.0,14375.0,24750.0,,,,15,0
동대문구,장안동,2023,1,월세,연립다세대,21,2000.0,4935.8,6456.5,1000.0,5000.0,62.0,68.48,34.65,13,0
동대문구,장안동,2023,1,월세,오피스텔,50,1000.0,2278.0,3105.1,500.0,2000.0,55.0,61.18,17.83,44,0
동대문구,장안동,2023,1,전세,연립다세대,20,23500.0,22530.0,9103.2,17575.0,27725.0,,,,9,0
동대문구,장안동,2023,1,전세,오피스텔,28,19750.0,18792.9,6871.5,11875.0,22250.0,,,,20,0
동대문구,장안동,2023,2,월세,연립다세대,38,4255.0,6253.9,5655.3,2250.0,7980.75,55.5,56.42,29.43,17,0
동대문구,장안동,2023,2,월세,오피스텔,47,1000.0,3006.9,4408.2,500.0,3000.0,55.0,58.47,16.54,37,0
동대문구,장안동,2023,2,전세,연립다세대,30,25200.0,23352.0,6768.9,19750.0,28600.0,,,,13,0
동대문구,장안동,2023,2,전세,오피스텔,42,21000.0,20803.6,5215.1,19000.0,23000.0,,,,34,0
동대문구,장안동,2023,3,월세,연립다세대,21,3000.0,4815.5,4298.5,3000.0,6000.0,60.0,65.48,31.46,16,0
동대문구,장안동,2023,3,월세,오피스텔,44,1000.0,2822.7,4890.5,1000.0,3000.0,60.0,65.5,27.04,39,0
동대문구,장안동,2023,3,전세,연립다세대,37,24000.0,23136.5,5861.6,17800.0,27300.0,,,,17,0
동대문구,장안동,2023,3,전세,오피스텔,40,20250.0,19320.0,5505.2,16450.0,22000.0,,,,31,0
동대문구,장안동,2023,4,월세,연립다세대,31,5000.0,5911.6,5341.6,2500.0,8873.0,70.0,69.42,32.1,17,0
동대문구,장안동,2023,4,월세,오피스텔,38,1000.0,3281.6,5070.3,500.0,4750.0,60.0,61.42,22.73,32,0
동대문구,장안동,2023,4,전세,연립다세대,42,22000.0,21788.5,5725.4,17600.0,25750.0,,,,19,0
동대문구,장안동,2023,4,전세,오피스텔,33,21000.0,19830.3,5645.9,17800.0,22000.0,,,,26,0
동대문구,장안동,2023,5,월세,연립다세대,40,2218.5,4424.8,6435.3,1000.0,3500.0,48.5,55.18,32.72,21,0
동대문구,장안동,2023,5,월세,오피스텔,44,1000.0,2855.2,3676.0,500.0,3000.0,50.0,52.93,34.58,34,0
동대문구,장안동,2023,5,전세,연립다세대,22,24400.0,24108.2,9192.1,19132.5,31500.0,,,,12,0
동대문구,장안동,2023,5,전세,오피스텔,19,19500.0,19489.5,6905.1,14850.0,21350.0,,,,14,0
동대문구,장안동,2023,6,월세,연립다세대,32,4431.0,7021.9,8602.2,2000.0,7185.75,62.5,63.62,38.77,11,0
동대문구,장안동,2023,6,월세,오피스텔,52,1500.0,3254.4,4360.3,906.75,5000.0,65.0,70.38,34.17,48,0
동대문구,장안동,2023,6,전세,연립다세대,31,21000.0,22436.0,7210.0,19000.0,24050.0,,,,17,0
동대문구,장안동,2023,6,전세,오피스텔,31,21000.0,19782.3,6386.0,13300.0,24000.0,,,,24,0
동대문구,장안동,2023,7,월세,연립다세대,33,3000.0,3834.2,4095.9,1000.0,5000.0,73.0,70.97,33.56,15,0
동대문구,장안동,2023,7,월세,오피스텔,62,1750.0,3362.9,5128.8,1000.0,4750.0,80.0,84.47,42.44,55,0
동대문구,장안동,2023,7,전세,연립다세대,33,24000.0,22984.8,7929.9,18000.0,30000.0,,,,18,0
동대문구,장안동,2023,7,전세,오피스텔,28,22000.0,21117.9,6562.9,17650.0,24250.0,,,,15,0
동대문구,장안동,2023,8,월세,연립다세대,39,5000.0,5545.8,4574.7,2500.0,6500.0,58.0,55.54,32.96,25,0
동대문구,장안동,2023,8,월세,오피스텔,53,1000.0,4038.7,6423.4,1000.0,5000.0,60.0,66.15,34.89,44,0
동대문구,장안동,2023,8,전세,연립다세대,30,24075.0,23396.9,6624.0,20000.0,29100.0,,,,16,0
동대문구,장안동,2023,8,전세,오피스텔,44,22500.0,23861.9,6306.8,20875.0,28000.0,,,,29,0
동대문구,장안동,2023,9,월세,연립다세대,40,2510.0,4008.2,4292.3,2000.0,4740.5,51.0,70.4,39.79,18,0
동대문구,장안동,2023,9,월세,오피스텔,55,2410.0,3103.3,3331.1,1750.0,2449.5,49.0,57.31,29.82,23,0
동대문구,장안동,2023,9,전세,연립다세대,24,25500.0,23427.9,6566.3,17962.5,28125.0,,,,16,0
동대문구,장안동,2023,9,전세,오피스텔,39,22500.0,22528.2,6624.2,18000.0,26350.0,,,,16,0
동대문구,장안동,2023,10,월세,연립다세대,30,5098.0,8994.0,8355.7,3250.0,12000.0,38.0,44.9,29.99,19,0
동대문구,장안동,2023,10,월세,오피스텔,33,1000.0,4327.3,4961.3,1000.0,7492.0,50.0,47.73,26.94,20,0
동대문구,장안동,2023,10,전세,연립다세대,37,21000.0,21272.4,7382.1,16000.0,25000.0,,,,21,0
동대문구,장안동,2023,10,전세,오피스텔,35,22000.0,23837.1,5618.6,20750.0,25750.0,,,,29,0
동대문구,장안동,2023,11,월세,연립다세대,35,7540.0,9156.6,8113.6,3000.0,14500.0,20.0,40.0,35.04,17,0
동대문구,장안동,2023,11,월세,오피스텔,47,2000.0,3505.3,4144.2,1000.0,6111.5,55.0,59.02,36.92,36,0
동대문구,장안동,2023,11,전세,연립다세대,35,25000.0,23872.8,6667.2,17925.0,27000.0,,,,15,0
동대문구,장안동,2023,11,전세,오피스텔,32,21700.0,21221.9,6001.5,20375.0,24125.0,,,,22,0
동대문구,장안동,2023,12,월세,연립다세대,34,3000.0,8217.7,9239.6,1000.0,17700.0,40.5,47.41,33.16,22,0
동대문구,장안동,2023,12,월세,오피스텔,41,1500.0,3771.5,4667.6,1000.0,5500.0,65.0,74.44,38.42,33,0
동대문구,장안동,2023,12,전세,연립다세대,23,24900.0,23518.6,6362.3,18500.0,28500.0,,,,12,0
동대문구,장안동,2023,12,전세,오피스텔,28,21750.0,23628.6,5210.9,21500.0,26625.0,,,,22,0
동대문구,장안동,2024,1,월세,연립다세대,38,3000.0,7702.9,8390.9,1484.75,15750.0,34.0,48.24,40.36,21,0
동대문구,장안동,2024,1,월세,오피스텔,53,3000.0,4144.5,4512.8,1000.0,5090.0,55.0,62.28,43.89,43,0
동대문구,장안동,2024,1,전세,연립다세대,24,24000.0,23010.3,5599.1,19725.0,26470.0,,,,13,0
동대문구,장안동,2024,1,전세,오피스텔,39,22500.0,22815.1,7565.5,21000.0,25450.0,,,,29,0
동대문구,장안동,2024,2,월세,연립다세대,49,4295.0,4845.9,4938.5,2000.0,5685.0,57.0,55.24,35.0,34,0
동대문구,장안동,2024,2,월세,오피스텔,43,2000.0,4255.6,4987.8,1000.0,6500.0,55.0,59.65,38.45,40,0
동대문구,장안동,2024,2,전세,연립다세대,21,23000.0,23585.7,9744.2,17000.0,28000.0,,,,12,0
동대문구,장안동,2024,2,전세,오피스텔,32,22500.0,22539.1,5801.9,20700.0,24763.0,,,,24,0
동대문구,장안동,2024,3,월세,연립다세대,30,5000.0,7197.1,7082.5,3000.0,6324.5,64.5,63.2,36.76,26,0
동대문구,장안동,2024,3,월세,오피스텔,55,1000.0,4677.1,7385.2,1000.0,5000.0,64.0,67.44,38.35,50,0
동대문구,장안동,2024,3,전세,연립다세대,31,24000.0,24073.4,5378.9,20750.0,26617.5,,,,19,0
동대문구,장안동,2024,3,전세,오피스텔,34,22650.0,23341.2,7078.2,20250.0,26850.0,,,,27,0
동대문구,장안동,2024,4,월세,연립다세대,31,5000.0,8398.5,7064.7,3000.0,12500.0,45.0,52.94,37.21,28,0
동대문구,장안동,2024,4,월세,오피스텔,43,1000.0,4243.3,6720.4,500.0,4000.0,60.0,65.93,34.14,39,0
동대문구,장안동,2024,4,전세,연립다세대,23,23600.0,22804.3,6512.3,17650.0,27500.0,,,,14,0
동대문구,장안동,2024,4,전세,오피스텔,24,22650.0,24604.2,5983.8,21000.0,30500.0,,,,22,0
동대문구,장안동,2024,5,월세,연립다세대,46,5000.0,7470.7,7874.5,2000.0,8326.25,40.0,46.22,33.33,32,0
동대문구,장안동,2024,5,월세,오피스텔,42,1000.0,2550.3,4833.9,500.0,2750.0,60.0,62.62,29.62,41,0
동대문구,장안동,2024,5,전세,연립다세대,30,22000.0,23090.3,6819.5,18000.0,29000.0,,,,17,0
동대문구,장안동,2024,5,전세,오피스텔,53,26000.0,25506.3,8437.3,20700.0,31500.0,,,,45,0
동대문구,장안동,2024,6,월세,연립다세대,27,3000.0,5050.9,4987.5,2000.0,5000.0,67.0,67.67,38.46,21,0
동대문구,장안동,2024,6,월세,오피스텔,63,4500.0,7913.4,8636.3,1000.0,13500.0,53.0,49.13,35.05,60,0
동대문구,장안동,2024,6,전세,연립다세대,24,23075.0,23122.9,8112.4,19325.0,27625.0,,,,14,0
동대문구,장안동,2024,6,전세,오피스텔,44,24000.0,25446.6,7182.4,23000.0,30000.0,,,,44,0
동대문구,장안동,2024,7,월세,연립다세대,49,3000.0,6613.6,7232.5,1033.0,10000.0,42.0,44.71,31.21,41,0
동대문구,장안동,2024,7,월세,오피스텔,71,2000.0,6562.9,8003.9,1000.0,11000.0,60.0,70.83,45.14,63,0
동대문구,장안동,2024,7,전세,연립다세대,17,20000.0,21743.5,6288.4,18000.0,22640.0,,,,12,0
동대문구,장안동,2024,7,전세,오피스텔,66,23000.0,25118.0,6917.0,22000.0,30415.0,,,,53,0
동대문구,장안동,2024,8,월세,연립다세대,35,5000.0,7935.1,7510.8,2019.5,13000.0,38.0,49.14,37.1,23,0
동대문구,장안동,2024,8,월세,오피스텔,66,5000.0,8953.3,9074.1,1000.0,19625.0,52.5,53.65,42.19,55,0
동대문구,장안동,2024,8,전세,연립다세대,21,22000.0,22798.5,7086.0,17600.0,27000.0,,,,11,0
동대문구,장안동,2024,8,전세,오피스텔,62,22900.0,23130.8,6815.9,20000.0,25937.5,,,,48,0
동대문구,장안동,2024,9,월세,연립다세대,34,5931.5,9512.9,7850.0,2837.0,16750.0,30.5,48.85,39.09,22,0
동대문구,장안동,2024,9,월세,오피스텔,54,5000.0,8275.9,8600.7,1000.0,14000.0,65.0,82.5,67.63,49,0
동대문구,장안동,2024,9,전세,연립다세대,19,22000.0,21936.3,5030.7,18400.0,25450.0,,,,9,0
동대문구,장안동,2024,9,전세,오피스텔,47,23500.0,25972.6,9692.2,21000.0,30000.0,,,,41,0
동대문구,장안동,2024,10,월세,연립다세대,34,6000.0,8893.5,8592.7,1000.0,14000.0,47.0,48.06,28.97,27,0
동대문구,장안동,2024,10,월세,오피스텔,63,5000.0,7896.2,8583.0,1000.0,13000.0,69.0,87.51,66.6,56,0
동대문구,장안동,2024,10,전세,연립다세대,30,25000.0,24993.3,7802.3,18175.0,29500.0,,,,17,0
동대문구,장안동,2024,10,전세,오피스텔,56,24300.0,27265.4,9448.8,21300.0,32050.0,,,,44,0
동대문구,장안동,2024,11,월세,연립다세대,40,5000.0,9814.4,9368.6,2169.5,20000.0,45.0,43.3,23.28,26,0
동대문구,장안동,2024,11,월세,오피스텔,67,3000.0,6482.8,7371.8,1000.0,9500.0,60.0,81.27,63.41,62,0
동대문구,장안동,2024,11,전세,연립다세대,27,23400.0,22544.4,7875.4,15900.0,26300.0,,,,19,0
동대문구,장안동,2024,11,전세,오피스텔,30,23100.0,26072.7,10640.4,19000.0,34960.0,,,,26,0
동대문구,장안동,2024,12,월세,연립다세대,37,2100.0,6156.5,7882.2,1000.0,6062.0,54.0,59.95,42.24,28,0
동대문구,장안동,2024,12,월세,오피스텔,75,3000.0,5134.4,6428.8,1000.0,5500.0,70.0,94.29,63.84,69,0
동대문구,장안동,2024,12,전세,연립다세대,22,29000.0,29684.1,10234.8,23487.5,38125.0,,,,17,0
동대문구,장안동,2024,12,전세,오피스텔,30,23000.0,24090.0,9917.3,18725.0,26850.0,,,,30,0
동대문구,장안동,2025,1,월세,연립다세대,26,3000.0,8638.2,9814.1,1250.0,14375.0,55.0,57.58,40.53,21,0
동대문구,장안동,2025,1,월세,오피스텔,65,2000.0,5566.2,8143.7,1000.0,5000.0,60.0,77.06,53.44,60,0
동대문구,장안동,2025,1,전세,연립다세대,17,24800.0,23714.7,8740.9,15000.0,29500.0,,,,9,0
동대문구,장안동,2025,1,전세,오피스텔,56,23050.0,25041.2,10170.8,19000.0,28475.0,,,,43,0
동대문구,장안동,2025,2,월세,연립다세대,31,3000.0,8831.1,9362.6,1000.0,17500.0,50.0,53.19,31.63,25,0
동대문구,장안동,2025,2,월세,오피스텔,77,2000.0,4719.5,5928.1,1000.0,5000.0,65.0,84.81,62.45,71,0
동대문구,장안동,2025,2,전세,연립다세대,35,25000.0,26355.1,10113.8,17750.0,30200.0,,,,25,0
동대문구,장안동,2025,2,전세,오피스텔,49,23000.0,25617.9,8003.4,19000.0,32500.0,,,,34,0
동대문구,장안동,2025,3,월세,연립다세대,37,5000.0,9400.4,9454.1,2000.0,19500.0,50.0,49.35,34.16,35,0
동대문구,장안동,2025,3,월세,오피스텔,58,1000.0,6367.6,8834.5,500.0,9637.5,59.5,65.31,51.4,50,0
동대문구,장안동,2025,3,전세,연립다세대,38,26500.0,26112.1,8785.6,18575.0,30000.0,,,,22,0
동대문구,장안동,2025,3,전세,오피스텔,55,23500.0,25695.6,10412.9,17650.0,34000.0,,,,40,0
동대문구,장안동,2025,4,월세,연립다세대,47,5000.0,11184.1,11589.4,2000.0,23305.0,55.0,53.53,34.34,36,0
동대문구,장안동,2025,4,월세,오피스텔,52,1400.0,4629.4,7063.2,675.0,5000.0,57.5,66.96,39.69,44,0
동대문구,장안동,2025,4,전세,연립다세대,20,24250.0,25249.2,8746.0,18675.0,30024.5,,,,15,0
동대문구,장안동,2025,4,전세,오피스텔,28,21500.0,20787.5,6343.7,17275.0,24000.0,,,,18,0
동대문구,장안동,2025,5,월세,연립다세대,33,5000.0,8600.0,8233.1,2000.0,14158.0,35.0,48.21,36.86,20,0
동대문구,장안동,2025,5,월세,오피스텔,68,1000.0,4039.4,6430.2,500.0,5000.0,60.0,71.79,56.17,61,0
동대문구,장안동,2025,5,전세,연립다세대,20,24885.0,22675.5,7971.4,17350.0,26875.0,,,,15,0
동대문구,장안동,2025,5,전세,오피스텔,42,24100.0,24540.0,8544.7,21000.0,29850.0,,,,30,0
동대문구,장안동,2025,6,월세,연립다세대,50,2439.0,5939.8,8503.8,1000.0,5000.0,26.5,36.68,28.49,42,0
동대문구,장안동,2025,6,월세,오피스텔,71,1000.0,5800.3,7889.6,1000.0,7900.0,65.0,74.65,53.61,64,0
동대문구,장안동,2025,6,전세,연립다세대,30,22500.0,24863.8,8222.9,18150.0,29850.0,,,,18,0
동대문구,장안동,2025,6,전세,오피스텔,29,24800.0,26638.3,9386.8,21000.0,32200.0,,,,22,0
동대문구,장안동,2025,7,월세,연립다세대,38,2000.0,6060.7,7093.4,1000.0,9245.25,58.5,63.32,39.32,28,0
동대문구,장안동,2025,7,월세,오피스텔,80,1000.0,3841.2,5604.2,875.0,5000.0,65.0,73.03,41.48,68,0
동대문구,장안동,2025,7,전세,연립다세대,24,23050.0,23116.0,6173.3,19685.5,26775.0,,,,14,0
동대문구,장안동,2025,7,전세,오피스텔,51,22500.0,24964.3,7258.6,20750.0,30900.0,,,,36,0
동대문구,장안동,2025,8,월세,연립다세대,50,3000.0,4522.9,6061.3,1000.0,5000.0,50.0,55.14,35.22,34,0
동대문구,장안동,2025,8,월세,오피스텔,73,1000.0,4315.8,7049.8,500.0,4000.0,61.0,64.79,37.86,70,0
동대문구,장안동,2025,8,전세,연립다세대,10,27000.0,21380.0,11150.1,11250.0,28600.0,,,,7,0
동대문구,장안동,2025,8,전세,오피스텔,34,22000.0,24608.5,8011.7,20625.0,27600.0,,,,21,0
동대문구,장안동,2025,9,월세,연립다세대,44,3425.0,6078.5,6731.8,1000.0,7750.0,55.5,61.23,33.97,32,0
동대문구,장안동,2025,9,월세,오피스텔,58,2000.0,4294.7,5843.4,1000.0,5000.0,65.0,76.66,56.28,50,0
동대문구,장안동,2025,9,전세,연립다세대,21,23900.0,24947.1,7879.9,18900.0,29900.0,,,,10,0
동대문구,장안동,2025,9,전세,오피스텔,40,22250.0,23829.2,9273.1,17850.0,31500.0,,,,30,0
동대문구,장안동,2025,10,월세,연립다세대,41,3000.0,7830.0,10140.8,1000.0,10000.0,42.0,50.07,34.65,28,0
동대문구,장안동,2025,10,월세,오피스텔,44,1500.0,6404.5,9068.9,1000.0,7250.0,60.0,76.43,60.44,39,0
동대문구,장안동,2025,10,전세,연립다세대,22,21950.0,24290.9,12013.4,15000.0,28912.5,,,,14,0
동대문구,장안동,2025,10,전세,오피스텔,33,22000.0,26690.6,10118.6,20700.0,34400.0,,,,23,0
동대문구,장안동,2025,11,월세,연립다세대,32,5000.0,9712.4,8754.4,2000.0,14790.0,55.0,57.31,48.79,18,0
동대문구,장안동,2025,11,월세,오피스텔,66,2000.0,6448.0,8638.9,775.0,9725.0,60.0,67.38,54.37,51,0
동대문구,장안동,2025,11,전세,연립다세대,26,24300.0,22639.4,6177.3,17705.0,26400.0,,,,8,0
동대문구,장안동,2025,11,전세,오피스텔,29,25200.0,23926.2,7820.8,20000.0,27000.0,,,,22,0
동대문구,장안동,2025,12,월세,연립다세대,47,5000.0,8212.2,9281.9,1000.0,10034.0,50.0,55.72,35.52,36,0
동대문구,장안동,2025,12,월세,오피스텔,338,1971.0,3398.1,4269.9,789.75,4165.75,23.0,35.04,35.35,326,0
동대문구,장안동,2025,12,전세,연립다세대,16,22650.0,22244.2,7537.2,18480.0,27117.0,,,,9,0
동대문구,장안동,2025,12,전세,오피스텔,29,22500.0,25763.1,10904.9,21500.0,29000.0,,,,14,0
동대문구,장안동,2026,1,월세,연립다세대,30,4000.0,7591.5,7452.7,3000.0,13850.0,40.0,49.2,43.38,19,1
동대문구,장안동,2026,1,월세,오피스텔,86,1000.0,4993.6,7273.0,1000.0,5375.0,64.5,74.34,52.56,74,1
동대문구,장안동,2026,1,전세,연립다세대,14,22050.0,21870.0,7447.3,17235.0,23985.0,,,,7,1
동대문구,장안동,2026,1,전세,오피스텔,30,22000.0,23908.3,7031.2,21500.0,27250.0,,,,20,1
동대문구,장안동,2026,2,월세,연립다세대,40,4169.0,6923.4,7635.3,1000.0,10925.0,50.0,49.88,28.13,33,1
동대문구,장안동,2026,2,월세,오피스텔,165,2880.0,3703.8,4208.5,1000.0,5000.0,39.0,52.38,42.54,153,1
동대문구,장안동,2026,2,전세,연립다세대,10,25500.0,25886.0,5202.3,21250.0,29440.0,,,,4,1
동대문구,장안동,2026,2,전세,오피스텔,21,22500.0,25576.2,10648.3,18400.0,32700.0,,,,13,1
동대문구,장안동,2026,3,월세,연립다세대,45,6432.0,11083.6,9359.1,3000.0,19881.0,40.0,49.4,33.84,28,1
동대문구,장안동,2026,3,월세,오피스텔,81,2000.0,5446.7,7314.3,1000.0,5500.0,70.0,80.95,55.22,69,1
동대문구,장안동,2026,3,전세,연립다세대,27,25000.0,25564.4,8347.8,19870.0,31750.0,,,,17,1
동대문구,장안동,2026,3,전세,오피스텔,28,22000.0,24734.6,9870.1,20300.0,29500.0,,,,19,1
동대문구,장안동,2026,4,월세,연립다세대,32,6000.0,12875.7,12307.2,1000.0,25800.0,43.5,45.19,37.58,28,1
동대문구,장안동,2026,4,월세,오피스텔,110,2985.0,4282.0,6177.6,1000.0,4830.5,39.0,53.44,46.05,101,1
동대문구,장안동,2026,4,전세,연립다세대,17,26700.0,27470.6,7924.0,21000.0,32000.0,,,,12,1
동대문구,장안동,2026,4,전세,오피스텔,36,24000.0,25816.1,10175.7,21000.0,31250.0,,,,24,1
동대문구,장안동,2026,5,월세,연립다세대,46,5000.0,9719.0,9311.4,2677.0,15267.75,35.0,50.52,42.71,26,1
동대문구,장안동,2026,5,월세,오피스텔,88,3000.0,5140.7,6713.3,1000.0,5000.0,79.0,108.92,75.36,77,1
동대문구,장안동,2026,5,전세,연립다세대,15,24800.0,24473.3,7727.6,17800.0,30400.0,,,,6,1
동대문구,장안동,2026,5,전세,오피스텔,38,25425.0,28514.5,10342.5,23250.0,32000.0,,,,26,1
동대문구,장안동,2026,6,월세,연립다세대,39,4000.0,6508.2,7463.9,1922.5,7000.0,52.0,55.13,40.68,25,1
동대문구,장안동,2026,6,월세,오피스텔,130,3000.0,4389.1,5740.2,1000.0,5000.0,65.0,97.45,73.42,118,1
동대문구,장안동,2026,6,전세,연립다세대,29,24000.0,24492.8,6535.7,19300.0,29500.0,,,,16,1
동대문구,장안동,2026,6,전세,오피스텔,35,24300.0,25703.7,7651.5,20800.0,30500.0,,,,19,1
동대문구,장안동,2026,7,월세,연립다세대,24,5083.5,9542.8,8769.3,2750.0,15750.0,41.5,52.04,42.74,17,1
동대문구,장안동,2026,7,월세,오피스텔,113,3000.0,6685.0,8942.8,1000.0,6000.0,75.0,109.58,80.54,101,1
동대문구,장안동,2026,7,전세,연립다세대,12,22500.0,23486.0,5028.1,20750.0,26080.0,,,,7,1
동대문구,장안동,2026,7,전세,오피스텔,43,25500.0,26190.0,10927.4,17250.0,33925.0,,,,25,1
동대문구,장안동,2026,8,월세,연립다세대,26,3019.0,5540.0,5647.3,1113.0,6843.25,45.0,50.23,34.66,23,1
동대문구,장안동,2026,8,월세,오피스텔,95,3000.0,5818.8,7760.8,1000.0,5000.0,65.0,79.87,63.97,88,1
동대문구,장안동,2026,8,전세,연립다세대,19,22500.0,21565.8,8339.7,17550.0,26750.0,,,,12,1
동대문구,장안동,2026,8,전세,오피스텔,30,24250.0,25508.8,10719.2,18750.0,31175.0,,,,15,1
동대문구,장안동,2026,9,월세,연립다세대,8,18900.0,14437.5,9794.0,4250.0,22025.0,31.0,51.5,40.72,5,1
동대문구,장안동,2026,9,월세,오피스텔,20,5000.0,9965.0,8806.9,2500.0,20000.0,60.0,89.25,86.43,15,1
동대문구,장안동,2026,9,전세,연립다세대,10,28000.0,27940.0,5667.9,22500.0,31125.0,,,,5,1
동대문구,장안동,2026,9,전세,오피스텔,11,22000.0,23467.3,9539.5,17850.0,26670.0,,,,8,1
동대문구,전농동,2021,1,월세,연립다세대,12,1750.0,3675.0,4748.6,900.0,4250.0,43.0,40.58,21.31,1,0
동대문구,전농동,2021,1,월세,오피스텔,12,1000.0,2875.0,6064.5,875.0,1250.0,43.0,45.5,14.93,0,0
동대문구,전농동,2021,1,전세,연립다세대,17,21000.0,20160.3,6836.1,18000.0,24150.0,,,,0,0
동대문구,전농동,2021,1,전세,오피스텔,1,10000.0,10000.0,,10000.0,10000.0,,,,0,0
동대문구,전농동,2021,2,월세,연립다세대,10,750.0,2050.0,2813.2,500.0,1750.0,44.0,44.0,18.43,0,0
동대문구,전농동,2021,2,월세,오피스텔,9,1000.0,1611.1,928.0,1000.0,2000.0,45.0,42.89,9.98,0,0
동대문구,전농동,2021,2,전세,연립다세대,9,24000.0,23833.3,6313.4,22000.0,25000.0,,,,0,0
동대문구,전농동,2021,2,전세,오피스텔,4,24250.0,24375.0,11168.2,17875.0,30750.0,,,,0,0
동대문구,전농동,2021,3,월세,연립다세대,5,3000.0,5300.0,5333.9,1000.0,10000.0,50.0,45.6,20.89,0,0
동대문구,전농동,2021,3,월세,오피스텔,3,1000.0,10666.7,16743.2,1000.0,15500.0,55.0,53.33,17.56,0,0
동대문구,전농동,2021,3,전세,연립다세대,22,21262.5,21563.2,6211.6,20125.0,24381.25,,,,0,0
동대문구,전농동,2021,3,전세,오피스텔,1,32000.0,32000.0,,32000.0,32000.0,,,,0,0
동대문구,전농동,2021,4,월세,연립다세대,8,1000.0,3500.0,4334.2,1000.0,4375.0,50.0,41.25,21.17,0,0
동대문구,전농동,2021,4,월세,오피스텔,3,3000.0,8000.0,10440.3,2000.0,11500.0,60.0,85.0,47.7,0,0
동대문구,전농동,2021,4,전세,연립다세대,14,19950.0,20338.6,8543.9,16850.0,27875.0,,,,0,0
동대문구,전농동,2021,4,전세,오피스텔,6,31000.0,31333.3,12420.4,20000.0,42750.0,,,,0,0
동대문구,전농동,2021,5,월세,연립다세대,6,1500.0,3583.3,5625.1,1000.0,2000.0,47.5,47.5,18.64,0,0
동대문구,전농동,2021,5,월세,오피스텔,8,6000.0,5500.0,4367.1,875.0,10000.0,45.0,42.88,10.88,2,0
동대문구,전농동,2021,5,전세,연립다세대,28,22500.0,23319.6,7873.3,19875.0,27475.0,,,,2,0
동대문구,전농동,2021,5,전세,오피스텔,7,20000.0,26514.3,10515.1,19750.0,32550.0,,,,0,0
동대문구,전농동,2021,6,월세,연립다세대,6,1250.0,4516.7,5968.4,500.0,8000.0,49.5,46.0,26.51,5,0
동대문구,전농동,2021,6,월세,오피스텔,16,1000.0,3750.0,4037.3,1000.0,7750.0,50.0,50.31,15.97,15,0
동대문구,전농동,2021,6,전세,연립다세대,20,21500.0,21742.5,8556.5,16750.0,26000.0,,,,8,0
동대문구,전농동,2021,6,전세,오피스텔,7,19500.0,25785.7,14381.3,14500.0,39500.0,,,,4,0
동대문구,전농동,2021,7,월세,연립다세대,12,1000.0,2416.7,3182.6,500.0,2125.0,50.0,47.67,14.35,10,0
동대문구,전농동,2021,7,월세,오피스텔,14,1000.0,2535.7,3053.8,1000.0,3000.0,53.0,62.79,24.7,12,0
동대문구,전농동,2021,7,전세,연립다세대,30,21000.0,20873.3,7104.6,17000.0,24000.0,,,,15,0
동대문구,전농동,2021,7,전세,오피스텔,6,16000.0,18876.7,11032.1,10750.0,21445.0,,,,4,0
동대문구,전농동,2021,8,월세,연립다세대,12,1000.0,2291.7,1959.3,1000.0,3250.0,50.0,50.17,12.28,9,0
동대문구,전농동,2021,8,월세,오피스텔,7,3000.0,5214.3,6903.2,1000.0,5500.0,55.0,48.57,19.74,5,0
동대문구,전농동,2021,8,전세,연립다세대,49,19950.0,20237.2,6286.7,16800.0,24000.0,,,,15,0
동대문구,전농동,2021,8,전세,오피스텔,5,17300.0,18240.0,5325.7,16000.0,22800.0,,,,0,0
동대문구,전농동,2021,9,월세,연립다세대,9,9000.0,10916.7,9380.8,1000.0,20000.0,40.0,37.33,27.55,5,0
동대문구,전농동,2021,9,월세,오피스텔,3,1000.0,3833.3,5346.3,750.0,5500.0,58.0,69.33,26.86,2,0
동대문구,전농동,2021,9,전세,연립다세대,31,18000.0,19480.6,5203.4,17000.0,21500.0,,,,18,0
동대문구,전농동,2021,10,월세,연립다세대,10,6500.0,6700.0,5437.5,1500.0,10000.0,40.5,40.9,17.18,3,0
동대문구,전농동,2021,10,월세,오피스텔,3,1000.0,1166.7,763.8,750.0,1500.0,55.0,78.33,52.08,2,0
동대문구,전농동,2021,10,전세,연립다세대,39,21000.0,21128.2,6236.5,17000.0,25500.0,,,,12,0
동대문구,전농동,2021,10,전세,오피스텔,3,22570.0,20790.0,9032.5,16785.0,25685.0,,,,1,0
동대문구,전농동,2021,11,월세,연립다세대,9,9500.0,7611.1,6758.2,2000.0,12000.0,30.0,29.89,16.17,6,0
동대문구,전농동,2021,11,월세,오피스텔,7,1000.0,4642.9,7133.9,1000.0,4500.0,55.0,49.71,11.28,5,0
동대문구,전농동,2021,11,전세,연립다세대,31,17000.0,18831.1,4544.3,16900.0,20000.0,,,,15,0
동대문구,전농동,2021,11,전세,오피스텔,4,10735.0,13855.0,6880.9,10302.5,14287.5,,,,1,0
동대문구,전농동,2021,12,월세,연립다세대,13,1000.0,2700.0,3287.1,1000.0,3000.0,50.0,44.85,22.42,9,0
동대문구,전농동,2021,12,월세,오피스텔,15,1000.0,1666.7,1933.4,750.0,1500.0,48.0,49.2,14.95,8,0
동대문구,전농동,2021,12,전세,연립다세대,65,21000.0,21697.7,7013.2,18900.0,25500.0,,,,29,0
동대문구,전농동,2021,12,전세,오피스텔,4,11500.0,11800.0,962.6,11375.0,11925.0,,,,4,0
동대문구,전농동,2022,1,월세,연립다세대,31,2000.0,3857.5,4983.4,1000.0,5000.0,45.0,42.74,22.97,15,0
동대문구,전농동,2022,1,월세,오피스텔,18,1000.0,1722.2,1507.1,500.0,2375.0,50.0,53.39,16.46,13,0
동대문구,전농동,2022,1,전세,연립다세대,37,21000.0,21769.5,5650.9,18000.0,25000.0,,,,16,0
동대문구,전농동,2022,1,전세,오피스텔,7,19000.0,21782.1,9149.0,16850.0,23887.5,,,,4,0
동대문구,전농동,2022,2,월세,연립다세대,23,1000.0,2760.9,3232.9,1000.0,3500.0,40.0,41.52,14.32,16,0
동대문구,전농동,2022,2,월세,오피스텔,9,1000.0,1111.1,740.7,1000.0,1000.0,50.0,51.89,7.25,4,0
동대문구,전농동,2022,2,전세,연립다세대,39,19000.0,18987.4,9503.7,12000.0,26000.0,,,,12,0
동대문구,전농동,2022,2,전세,오피스텔,4,23625.0,21937.5,8207.0,19950.0,25612.5,,,,0,0
동대문구,전농동,2022,3,월세,연립다세대,10,7750.0,7580.0,6829.5,1000.0,11500.0,33.5,66.8,119.01,3,0
동대문구,전농동,2022,3,월세,오피스텔,2,1500.0,1500.0,707.1,1250.0,1750.0,61.5,61.5,12.02,1,0
동대문구,전농동,2022,3,전세,연립다세대,21,25200.0,23070.0,8689.9,19000.0,29400.0,,,,8,0
동대문구,전농동,2022,3,전세,오피스텔,2,25000.0,25000.0,7071.1,22500.0,27500.0,,,,2,0
동대문구,전농동,2022,4,월세,연립다세대,11,1000.0,4136.4,6000.4,500.0,5500.0,40.0,38.09,22.63,7,0
동대문구,전농동,2022,4,월세,오피스텔,9,1000.0,3111.1,3100.2,1000.0,5000.0,57.0,68.89,31.72,7,0
동대문구,전농동,2022,4,전세,연립다세대,36,23000.0,22511.7,5253.8,18900.0,26400.0,,,,13,0
동대문구,전농동,2022,4,전세,오피스텔,3,27000.0,25750.0,11675.3,20250.0,31875.0,,,,3,0
동대문구,전농동,2022,5,월세,연립다세대,10,2500.0,3500.0,3231.8,1000.0,6750.0,64.0,53.5,37.73,5,0
동대문구,전농동,2022,5,월세,오피스텔,11,1000.0,1363.6,1324.6,500.0,1500.0,52.0,51.27,5.46,9,0
동대문구,전농동,2022,5,전세,연립다세대,31,23000.0,23387.9,4649.1,21000.0,26500.0,,,,15,0
동대문구,전농동,2022,5,전세,오피스텔,3,13500.0,23533.3,17813.0,13250.0,28800.0,,,,1,0
동대문구,전농동,2022,6,월세,연립다세대,11,12000.0,10909.1,9789.8,1500.0,19000.0,32.0,36.73,26.2,6,0
동대문구,전농동,2022,6,월세,오피스텔,15,1000.0,1900.0,2501.4,1000.0,1500.0,55.0,64.0,23.75,10,0
동대문구,전농동,2022,6,전세,연립다세대,22,21000.0,22590.9,6259.7,19925.0,25650.0,,,,7,0
동대문구,전농동,2022,6,전세,오피스텔,4,14500.0,19875.0,13554.7,13125.0,21250.0,,,,4,0
동대문구,전농동,2022,7,월세,연립다세대,13,1000.0,3992.3,7578.5,500.0,1000.0,45.0,41.15,18.41,3,0
동대문구,전농동,2022,7,월세,오피스텔,15,1000.0,1576.7,1372.8,1000.0,1500.0,55.0,68.07,29.33,12,0
동대문구,전농동,2022,7,전세,연립다세대,30,21850.0,20431.5,7996.9,12500.0,26000.0,,,,12,0
동대문구,전농동,2022,7,전세,오피스텔,10,14500.0,17647.5,8542.8,12700.0,19593.75,,,,3,0
동대문구,전농동,2022,8,월세,연립다세대,11,2000.0,4136.4,5882.6,500.0,5000.0,35.0,36.27,19.3,8,0
동대문구,전농동,2022,8,월세,오피스텔,8,1500.0,2012.5,1414.7,1000.0,2325.0,82.5,83.75,32.89,7,0
동대문구,전농동,2022,8,전세,연립다세대,38,23050.0,24214.1,8666.7,20087.5,26437.5,,,,13,0
동대문구,전농동,2022,8,전세,오피스텔,8,19000.0,21934.4,11861.2,13125.0,26500.0,,,,8,0
동대문구,전농동,2022,9,월세,연립다세대,8,1500.0,3437.5,3904.6,1000.0,5000.0,55.0,58.5,20.83,3,0
동대문구,전농동,2022,9,월세,오피스텔,7,1000.0,3214.3,4433.4,1000.0,3000.0,60.0,78.0,45.2,7,0
동대문구,전농동,2022,9,전세,연립다세대,20,24500.0,24970.0,6961.0,20750.0,30000.0,,,,9,0
동대문구,전농동,2022,9,전세,오피스텔,4,15450.0,15725.0,4324.6,12000.0,19175.0,,,,3,0
동대문구,전농동,2022,10,월세,연립다세대,7,3000.0,5571.4,7219.4,500.0,7250.0,50.0,47.29,21.83,6,0
동대문구,전농동,2022,10,월세,오피스텔,5,3000.0,3400.0,1673.3,3000.0,5000.0,90.0,94.2,30.87,5,0
동대문구,전농동,2022,10,전세,연립다세대,35,23000.0,21638.3,7053.0,18795.0,25350.0,,,,14,0
동대문구,전농동,2022,10,전세,오피스텔,4,20525.0,20362.5,8106.3,15350.0,25537.5,,,,1,0
동대문구,전농동,2022,11,월세,연립다세대,8,2100.0,5587.5,7060.2,1000.0,8250.0,48.5,41.62,25.6,4,0
동대문구,전농동,2022,11,월세,오피스텔,12,1000.0,1416.7,1345.6,500.0,1250.0,61.5,87.83,59.27,9,0
동대문구,전농동,2022,11,전세,연립다세대,21,23000.0,23307.4,6000.4,20000.0,27500.0,,,,9,0
동대문구,전농동,2022,11,전세,오피스텔,11,13500.0,18315.9,8866.6,11750.0,23300.0,,,,9,0
동대문구,전농동,2022,12,월세,연립다세대,24,1000.0,3466.7,5484.7,1000.0,2250.0,45.0,50.0,16.21,18,0
동대문구,전농동,2022,12,월세,오피스텔,22,1500.0,3272.7,4800.1,1000.0,3000.0,59.0,74.14,35.39,17,0
동대문구,전농동,2022,12,전세,연립다세대,18,20500.0,19907.2,4836.7,17700.0,22000.0,,,,10,0
동대문구,전농동,2022,12,전세,오피스텔,6,12000.0,11916.7,664.6,11625.0,12000.0,,,,5,0
동대문구,전농동,2023,1,월세,연립다세대,17,1000.0,6000.0,7808.2,1000.0,15000.0,50.0,47.59,22.89,13,0
동대문구,전농동,2023,1,월세,오피스텔,25,1000.0,2440.0,3286.1,1000.0,3000.0,70.0,74.6,31.86,23,0
동대문구,전농동,2023,1,전세,연립다세대,22,19500.0,18567.7,5528.4,15500.0,22000.0,,,,14,0
동대문구,전농동,2023,1,전세,오피스텔,9,13200.0,16466.7,8222.5,12000.0,18000.0,,,,4,0
동대문구,전농동,2023,2,월세,연립다세대,17,5000.0,5300.0,5443.3,1000.0,5000.0,50.0,43.88,24.04,12,0
동대문구,전농동,2023,2,월세,오피스텔,57,2000.0,3236.8,3853.5,1000.0,5000.0,75.0,78.68,24.62,52,0
동대문구,전농동,2023,2,전세,연립다세대,26,22000.0,21176.9,6849.5,17475.0,24875.0,,,,13,0
동대문구,전농동,2023,2,전세,오피스텔,29,18000.0,18141.4,3011.5,17000.0,18000.0,,,,24,0
동대문구,전농동,2023,3,월세,연립다세대,9,9000.0,8055.6,5865.4,3000.0,10000.0,45.0,40.22,19.82,7,0
동대문구,전농동,2023,3,월세,오피스텔,13,3000.0,4230.8,3876.3,1000.0,5000.0,105.0,93.38,39.23,12,0
동대문구,전농동,2023,3,전세,연립다세대,27,22000.0,22122.2,6100.8,19650.0,25000.0,,,,14,0
동대문구,전농동,2023,3,전세,오피스텔,17,20000.0,20147.1,6171.4,17500.0,20000.0,,,,16,0
동대문구,전농동,2023,4,월세,연립다세대,12,2500.0,6333.3,6110.1,1000.0,11500.0,50.0,54.58,21.74,11,0
동대문구,전농동,2023,4,월세,오피스텔,8,1000.0,7750.0,12288.2,875.0,8500.0,52.5,51.5,12.34,7,0
동대문구,전농동,2023,4,전세,연립다세대,32,22500.0,21657.5,6258.4,20000.0,25250.0,,,,19,0
동대문구,전농동,2023,4,전세,오피스텔,11,18000.0,22000.0,9165.2,17000.0,25000.0,,,,8,0
동대문구,전농동,2023,5,월세,연립다세대,13,3000.0,7315.4,8838.0,2000.0,9000.0,50.0,47.31,33.14,9,0
동대문구,전농동,2023,5,월세,오피스텔,10,1000.0,1300.0,1378.4,500.0,1000.0,55.0,57.8,7.66,5,0
동대문구,전농동,2023,5,전세,연립다세대,29,21200.0,22150.9,7703.9,18900.0,25000.0,,,,13,0
동대문구,전농동,2023,5,전세,오피스텔,5,17000.0,16360.0,6627.4,12500.0,17000.0,,,,2,0
동대문구,전농동,2023,6,월세,연립다세대,15,7000.0,7226.7,4080.3,4000.0,10250.0,65.0,53.87,39.06,6,0
동대문구,전농동,2023,6,월세,오피스텔,16,1000.0,3062.5,3213.9,1000.0,3500.0,73.5,80.31,29.97,10,0
동대문구,전농동,2023,6,전세,연립다세대,27,23000.0,22109.3,5325.2,20000.0,25500.0,,,,13,0
동대문구,전농동,2023,6,전세,오피스텔,8,17900.0,18675.0,7679.8,12200.0,21750.0,,,,6,0
동대문구,전농동,2023,7,월세,연립다세대,8,2000.0,2862.5,2395.2,875.0,5125.0,46.0,54.5,28.28,7,0
동대문구,전농동,2023,7,월세,오피스텔,13,1000.0,1423.1,1272.2,1000.0,1000.0,60.0,70.38,30.44,12,0
동대문구,전농동,2023,7,전세,연립다세대,27,21000.0,22212.6,6004.3,19000.0,25250.0,,,,17,0
동대문구,전농동,2023,7,전세,오피스텔,4,24050.0,23175.0,9346.1,16725.0,30500.0,,,,3,0
동대문구,전농동,2023,8,월세,연립다세대,15,3000.0,8246.7,8616.1,1000.0,14500.0,55.0,54.13,36.5,13,0
동대문구,전농동,2023,8,월세,오피스텔,16,2500.0,5000.0,7080.5,1000.0,5000.0,70.0,80.25,41.92,14,0
동대문구,전농동,2023,8,전세,연립다세대,28,21500.0,21794.3,6305.5,19250.0,25750.0,,,,13,0
동대문구,전농동,2023,8,전세,오피스텔,6,24150.0,23800.0,7844.7,18500.0,28075.0,,,,4,0
동대문구,전농동,2023,9,월세,연립다세대,14,2000.0,5557.1,6547.4,1000.0,10250.0,60.0,61.07,36.3,12,0
동대문구,전농동,2023,9,월세,오피스텔,12,1000.0,3750.0,5789.9,1000.0,2750.0,81.0,87.92,28.85,9,0
동대문구,전농동,2023,9,전세,연립다세대,24,19324.0,19059.8,6034.3,15000.0,22750.0,,,,14,0
동대문구,전농동,2023,9,전세,오피스텔,3,22000.0,25166.7,9648.0,19750.0,29000.0,,,,3,0
동대문구,전농동,2023,10,월세,연립다세대,7,1500.0,8000.0,9345.2,500.0,16500.0,35.0,39.0,38.71,6,0
동대문구,전농동,2023,10,월세,오피스텔,13,1000.0,1653.8,1264.7,1000.0,2000.0,95.0,103.0,37.0,11,0
동대문구,전농동,2023,10,전세,연립다세대,29,20900.0,20092.2,5396.7,17600.0,23000.0,,,,20,0
동대문구,전농동,2023,10,전세,오피스텔,8,21845.0,21473.8,5113.7,18000.0,24825.0,,,,5,0
동대문구,전농동,2023,11,월세,연립다세대,14,3500.0,6014.3,5751.5,1000.0,10000.0,42.5,41.14,18.91,13,0
동대문구,전농동,2023,11,월세,오피스텔,25,1000.0,1640.0,1220.7,1000.0,2000.0,90.0,94.68,32.82,22,0
동대문구,전농동,2023,11,전세,연립다세대,21,18900.0,18895.2,5446.1,16000.0,22000.0,,,,11,0
동대문구,전농동,2023,11,전세,오피스텔,19,17500.0,17278.6,5155.4,12000.0,19500.0,,,,14,0
동대문구,전농동,2023,12,월세,연립다세대,24,2000.0,5913.8,6553.6,1000.0,13000.0,48.5,47.5,30.32,20,0
동대문구,전농동,2023,12,월세,오피스텔,45,1000.0,4291.1,7595.7,1000.0,3600.0,70.0,76.27,32.42,42,0
동대문구,전농동,2023,12,전세,연립다세대,61,21000.0,21166.7,4811.5,19000.0,25500.0,,,,36,0
동대문구,전농동,2023,12,전세,오피스텔,38,20750.0,22771.1,8342.7,18000.0,25000.0,,,,29,0
동대문구,전농동,2024,1,월세,연립다세대,33,3000.0,5566.7,6511.4,1000.0,5000.0,53.0,48.73,24.99,25,0
동대문구,전농동,2024,1,월세,오피스텔,80,2000.0,4927.5,8708.9,1000.0,5000.0,84.5,92.48,43.11,70,0
동대문구,전농동,2024,1,전세,연립다세대,39,23000.0,22778.2,5335.2,19350.0,26000.0,,,,25,0
동대문구,전농동,2024,1,전세,오피스텔,40,33500.0,34877.5,14691.3,21000.0,45250.0,,,,34,0
동대문구,전농동,2024,2,월세,연립다세대,34,2000.0,4666.8,6215.5,1000.0,3375.0,55.0,58.09,28.2,30,0
동대문구,전농동,2024,2,월세,오피스텔,85,2450.0,3799.4,6313.9,1000.0,5000.0,120.0,129.69,59.18,79,0
동대문구,전농동,2024,2,전세,연립다세대,26,21525.0,21967.3,7800.1,19000.0,25375.0,,,,17,0
동대문구,전농동,2024,2,전세,오피스텔,36,45000.0,42795.8,15053.7,29625.0,57000.0,,,,34,0
동대문구,전농동,2024,3,월세,연립다세대,19,4000.0,6026.3,7602.0,1000.0,5000.0,65.0,64.58,29.96,18,0
동대문구,전농동,2024,3,월세,오피스텔,40,3500.0,3905.0,2914.4,1750.0,5000.0,140.0,135.22,77.22,33,0
동대문구,전농동,2024,3,전세,연립다세대,19,21600.0,21497.4,7767.1,18650.0,27500.0,,,,12,0
동대문구,전농동,2024,3,전세,오피스텔,21,43000.0,41395.2,15334.6,34500.0,53500.0,,,,21,0
동대문구,전농동,2024,4,월세,연립다세대,9,1000.0,2388.9,2643.1,1000.0,3000.0,65.0,74.44,22.14,7,0
동대문구,전농동,2024,4,월세,오피스텔,18,1500.0,2322.2,1719.6,1000.0,3000.0,135.0,139.94,61.64,18,0
동대문구,전농동,2024,4,전세,연립다세대,24,22500.0,22262.5,9057.3,18750.0,28350.0,,,,20,0
동대문구,전농동,2024,4,전세,오피스텔,17,46000.0,43988.2,14162.5,34000.0,55000.0,,,,15,0
동대문구,전농동,2024,5,월세,연립다세대,11,4000.0,7454.5,8223.3,1500.0,12500.0,50.0,57.45,36.29,10,0
동대문구,전농동,2024,5,월세,오피스텔,26,5000.0,7288.5,10415.5,2250.0,5000.0,147.5,157.77,76.14,25,0
동대문구,전농동,2024,5,전세,연립다세대,24,22775.0,21541.2,5001.9,20300.0,24575.0,,,,17,0
동대문구,전농동,2024,5,전세,오피스텔,13,37000.0,40934.6,17911.6,26500.0,61000.0,,,,10,0
동대문구,전농동,2024,6,월세,연립다세대,15,5000.0,6346.7,6004.4,2500.0,7000.0,45.0,49.27,38.78,12,0
동대문구,전농동,2024,6,월세,오피스텔,27,2000.0,3470.4,3510.7,1000.0,5000.0,70.0,101.56,74.05,25,0
동대문구,전농동,2024,6,전세,연립다세대,27,22000.0,22571.9,5512.7,20200.0,25660.0,,,,16,0
동대문구,전농동,2024,6,전세,오피스텔,9,50000.0,44388.9,18709.6,34500.0,58000.0,,,,7,0
동대문구,전농동,2024,7,월세,연립다세대,9,3000.0,7333.3,7578.8,1000.0,12000.0,46.0,42.11,24.48,8,0
동대문구,전농동,2024,7,월세,오피스텔,37,3000.0,4351.4,3757.6,1000.0,5700.0,110.0,114.92,58.1,33,0
동대문구,전농동,2024,7,전세,연립다세대,35,26000.0,23551.4,7316.5,20000.0,28000.0,,,,27,0
동대문구,전농동,2024,7,전세,오피스텔,17,29600.0,29347.1,11031.8,21000.0,30000.0,,,,14,0
동대문구,전농동,2024,8,월세,연립다세대,15,2000.0,7872.3,9079.3,1000.0,10500.0,45.0,39.47,29.73,13,0
동대문구,전농동,2024,8,월세,오피스텔,21,1000.0,2190.5,2021.6,1000.0,2000.0,95.0,137.9,90.65,17,0
동대문구,전농동,2024,8,전세,연립다세대,22,22250.0,22947.1,6031.4,19500.0,26700.0,,,,15,0
동대문구,전농동,2024,8,전세,오피스텔,9,30450.0,40361.1,15301.4,30000.0,50000.0,,,,9,0
동대문구,전농동,2024,9,월세,연립다세대,9,3000.0,7577.8,9027.3,1000.0,12000.0,50.0,69.33,67.42,8,0
동대문구,전농동,2024,9,월세,오피스텔,24,1000.0,2791.7,4669.3,1000.0,3000.0,147.5,134.79,51.76,22,0
동대문구,전농동,2024,9,전세,연립다세대,22,23250.0,23719.1,3944.5,22250.0,25275.0,,,,12,0
동대문구,전농동,2024,9,전세,오피스텔,8,29700.0,34312.5,14797.8,28450.0,35500.0,,,,8,0
동대문구,전농동,2024,10,월세,연립다세대,14,6000.0,9071.4,8613.2,1000.0,18750.0,40.5,45.71,33.45,11,0
동대문구,전농동,2024,10,월세,오피스텔,25,1000.0,3056.0,3675.3,1000.0,3000.0,85.0,104.96,60.93,24,0
동대문구,전농동,2024,10,전세,연립다세대,28,24900.0,24264.3,5135.4,23000.0,25000.0,,,,21,0
동대문구,전농동,2024,10,전세,오피스텔,14,28900.0,25223.6,9449.4,19115.0,29800.0,,,,12,0
동대문구,전농동,2024,11,월세,연립다세대,19,2000.0,4768.4,5902.2,1000.0,7050.0,50.0,45.68,24.03,18,0
동대문구,전농동,2024,11,월세,오피스텔,24,1000.0,2075.0,2124.0,1000.0,3000.0,97.5,100.08,41.31,17,0
동대문구,전농동,2024,11,전세,연립다세대,24,22750.0,22462.5,5910.7,20000.0,25000.0,,,,18,0
동대문구,전농동,2024,11,전세,오피스텔,10,19500.0,22290.0,12174.0,11050.0,32500.0,,,,8,0
동대문구,전농동,2024,12,월세,연립다세대,30,1000.0,4913.3,6590.8,1000.0,5000.0,50.0,49.67,20.99,24,0
동대문구,전농동,2024,12,월세,오피스텔,54,2000.0,5157.4,9210.2,1000.0,4750.0,90.0,97.28,48.19,45,0
동대문구,전농동,2024,12,전세,연립다세대,26,20000.0,18957.7,5145.3,16125.0,22450.0,,,,18,0
동대문구,전농동,2024,12,전세,오피스텔,13,20000.0,22503.8,9985.0,17600.0,28300.0,,,,11,0
동대문구,전농동,2025,1,월세,연립다세대,26,2000.0,4615.4,6083.3,1000.0,3000.0,55.0,58.96,25.2,23,0
동대문구,전농동,2025,1,월세,오피스텔,50,2000.0,2814.0,2414.9,1000.0,4675.0,101.5,110.56,55.21,35,0
동대문구,전농동,2025,1,전세,연립다세대,20,16150.0,17328.5,6104.6,12750.0,23037.5,,,,16,0
동대문구,전농동,2025,1,전세,오피스텔,11,27590.0,28026.4,11714.1,21000.0,30000.0,,,,9,0
동대문구,전농동,2025,2,월세,연립다세대,18,1000.0,2770.0,3903.3,1000.0,2000.0,55.0,50.33,19.64,18,0
동대문구,전농동,2025,2,월세,오피스텔,51,2000.0,3820.6,5243.9,1000.0,5000.0,80.0,96.57,53.84,41,0
동대문구,전농동,2025,2,전세,연립다세대,26,21500.0,21839.8,7895.5,19871.25,27375.0,,,,18,0
동대문구,전농동,2025,2,전세,오피스텔,16,20750.0,24584.4,10842.7,18675.0,24400.0,,,,7,0
동대문구,전농동,2025,3,월세,연립다세대,11,5000.0,8380.0,6999.1,4250.0,11850.0,65.0,62.82,35.84,10,0
동대문구,전농동,2025,3,월세,오피스텔,21,5000.0,6200.0,7106.3,1000.0,5000.0,78.0,98.33,77.91,19,0
동대문구,전농동,2025,3,전세,연립다세대,17,23000.0,23049.4,8448.5,19000.0,27300.0,,,,11,0
동대문구,전농동,2025,3,전세,오피스텔,11,30000.0,35286.4,17985.3,20500.0,49000.0,,,,9,0
동대문구,전농동,2025,4,월세,연립다세대,15,6000.0,10086.7,10220.9,750.0,20000.0,20.0,33.47,26.64,13,0
동대문구,전농동,2025,4,월세,오피스텔,18,3000.0,3916.7,4131.1,1000.0,5000.0,107.5,125.5,76.45,15,0
동대문구,전농동,2025,4,전세,연립다세대,19,21400.0,20202.1,5478.9,17500.0,23500.0,,,,9,0
동대문구,전농동,2025,4,전세,오피스텔,10,27600.0,32325.0,19322.6,20312.5,32700.0,,,,8,0
동대문구,전농동,2025,5,월세,연립다세대,14,10000.0,10564.3,9322.2,2000.0,18500.0,34.5,40.36,30.31,9,0
동대문구,전농동,2025,5,월세,오피스텔,25,1000.0,2420.0,3930.9,1000.0,2000.0,100.0,112.4,59.65,20,0
동대문구,전농동,2025,5,전세,연립다세대,37,23000.0,23098.6,4185.7,21000.0,25000.0,,,,25,0
동대문구,전농동,2025,5,전세,오피스텔,7,30000.0,27471.4,10367.7,19900.0,34750.0,,,,4,0
동대문구,전농동,2025,6,월세,연립다세대,17,1000.0,6823.5,9199.1,1000.0,10000.0,64.0,54.0,25.05,15,0
동대문구,전농동,2025,6,월세,오피스텔,27,1000.0,1796.3,1288.0,1000.0,3000.0,109.0,108.0,45.91,25,0
동대문구,전농동,2025,6,전세,연립다세대,20,21650.0,22007.8,5327.1,19950.0,25181.25,,,,15,0
동대문구,전농동,2025,6,전세,오피스텔,6,22800.0,27058.3,10459.5,19250.0,33962.5,,,,4,0
동대문구,전농동,2025,7,월세,연립다세대,14,1500.0,4671.4,6964.6,625.0,5950.0,49.0,44.36,23.59,10,0
동대문구,전농동,2025,7,월세,오피스텔,40,1000.0,2802.5,3730.8,1000.0,3000.0,95.0,103.18,52.27,37,0
동대문구,전농동,2025,7,전세,연립다세대,14,20997.0,21417.4,5900.2,19237.5,23000.0,,,,12,0
동대문구,전농동,2025,7,전세,오피스텔,5,19000.0,24900.0,11091.4,19000.0,36750.0,,,,3,0
동대문구,전농동,2025,8,월세,연립다세대,13,3000.0,3884.6,5084.3,1000.0,5000.0,57.0,56.31,22.49,8,0
동대문구,전농동,2025,8,월세,오피스텔,41,1500.0,2920.0,3343.2,1000.0,3000.0,126.0,127.56,65.54,38,0
동대문구,전농동,2025,8,전세,연립다세대,23,21000.0,19461.7,6721.9,18250.0,22472.5,,,,8,0
동대문구,전농동,2025,8,전세,오피스텔,16,30000.0,34784.4,16726.3,23000.0,51000.0,,,,13,0
동대문구,전농동,2025,9,월세,연립다세대,15,6000.0,11166.7,10271.2,2500.0,19500.0,35.0,42.0,30.32,14,0
동대문구,전농동,2025,9,월세,오피스텔,25,1000.0,4140.0,7774.9,1000.0,3000.0,108.0,126.92,70.81,20,0
동대문구,전농동,2025,9,전세,연립다세대,18,21500.0,19627.8,8203.9,14250.0,26750.0,,,,13,0
동대문구,전농동,2025,9,전세,오피스텔,6,25150.0,34483.3,20067.6,20000.0,48075.0,,,,4,0
동대문구,전농동,2025,10,월세,연립다세대,8,6500.0,6812.5,5250.4,2500.0,10750.0,47.5,53.25,20.13,8,0
동대문구,전농동,2025,10,월세,오피스텔,33,1500.0,4912.1,8093.7,1000.0,3000.0,93.0,99.79,56.06,27,0
동대문구,전농동,2025,10,전세,연립다세대,23,21000.0,22074.0,7862.2,16500.0,27637.5,,,,16,0
동대문구,전농동,2025,10,전세,오피스텔,8,34375.0,35343.8,13987.8,23875.0,44750.0,,,,5,0
동대문구,전농동,2025,11,월세,연립다세대,18,5000.0,7894.4,7198.5,1000.0,14900.0,49.5,45.22,31.02,16,0
동대문구,전농동,2025,11,월세,오피스텔,33,2000.0,6787.9,14084.6,1000.0,3000.0,110.0,111.24,55.91,27,0
동대문구,전농동,2025,11,전세,연립다세대,33,22000.0,21466.7,4734.1,19000.0,24000.0,,,,14,0
동대문구,전농동,2025,11,전세,오피스텔,14,27825.0,32453.6,14270.2,23250.0,39900.0,,,,5,0
동대문구,전농동,2025,12,월세,연립다세대,37,2000.0,6398.6,7654.1,1000.0,13000.0,48.0,46.84,25.78,32,0
동대문구,전농동,2025,12,월세,오피스텔,68,1750.0,2966.2,4598.8,1000.0,3000.0,100.0,107.25,55.06,57,0
동대문구,전농동,2025,12,전세,연립다세대,54,23100.0,23418.7,5117.0,20500.0,26000.0,,,,38,0
동대문구,전농동,2025,12,전세,오피스텔,36,35350.0,37150.8,15340.2,23000.0,53250.0,,,,24,0
동대문구,전농동,2026,1,월세,연립다세대,38,2000.0,5189.5,6385.0,1000.0,6500.0,54.0,53.42,28.28,31,1
동대문구,전농동,2026,1,월세,오피스텔,83,2000.0,4522.0,8267.9,1000.0,5000.0,110.0,118.24,60.26,63,1
동대문구,전농동,2026,1,전세,연립다세대,55,25000.0,23260.7,4774.3,20122.0,26000.0,,,,43,1
동대문구,전농동,2026,1,전세,오피스텔,35,40000.0,38502.9,16551.3,22500.0,52500.0,,,,20,1
동대문구,전농동,2026,2,월세,연립다세대,20,4000.0,6420.0,6859.3,1000.0,8000.0,49.5,53.05,41.56,19,1
동대문구,전농동,2026,2,월세,오피스텔,62,1500.0,3946.0,7980.9,1000.0,4000.0,100.0,117.11,73.41,48,1
동대문구,전농동,2026,2,전세,연립다세대,28,23500.0,23163.2,6535.9,20517.5,28000.0,,,,17,1
동대문구,전농동,2026,2,전세,오피스텔,24,42500.0,40639.6,17954.4,22975.0,57450.0,,,,17,1
동대문구,전농동,2026,3,월세,연립다세대,15,5000.0,8153.3,8533.7,1500.0,14150.0,45.0,51.93,33.74,10,1
동대문구,전농동,2026,3,월세,오피스텔,28,1000.0,3159.5,3878.1,1000.0,3500.0,117.5,125.96,71.64,22,1
동대문구,전농동,2026,3,전세,연립다세대,19,21000.0,21766.8,5406.4,19500.0,25250.0,,,,15,1
동대문구,전농동,2026,3,전세,오피스텔,26,47125.0,46054.6,16651.0,31625.0,59962.5,,,,17,1
동대문구,전농동,2026,4,월세,연립다세대,9,9000.0,12722.2,11992.5,3000.0,25000.0,40.0,42.78,29.59,6,1
동대문구,전농동,2026,4,월세,오피스텔,28,2000.0,2696.4,2408.9,1000.0,3500.0,157.5,163.5,89.33,24,1
동대문구,전농동,2026,4,전세,연립다세대,32,25000.0,22814.1,5950.6,21000.0,26000.0,,,,25,1
동대문구,전농동,2026,4,전세,오피스텔,19,47250.0,45435.0,18057.8,29400.0,61400.0,,,,8,1
동대문구,전농동,2026,5,월세,연립다세대,14,6000.0,7642.9,6379.6,1500.0,12375.0,32.5,43.86,34.45,11,1
동대문구,전농동,2026,5,월세,오피스텔,33,1000.0,4560.6,9283.5,1000.0,3000.0,115.0,115.03,57.46,23,1
동대문구,전농동,2026,5,전세,연립다세대,33,25000.0,24400.0,3640.3,23500.0,25000.0,,,,26,1
동대문구,전농동,2026,5,전세,오피스텔,9,37000.0,39819.4,15303.7,29800.0,40000.0,,,,5,1
동대문구,전농동,2026,6,월세,연립다세대,15,2000.0,7466.7,8893.1,1000.0,14000.0,45.0,45.2,25.57,13,1
동대문구,전농동,2026,6,월세,오피스텔,34,1000.0,3404.7,4868.1,1000.0,4615.0,105.0,112.5,46.03,29,1
동대문구,전농동,2026,6,전세,연립다세대,22,23750.0,24263.6,5882.4,20500.0,28075.0,,,,12,1
동대문구,전농동,2026,6,전세,오피스텔,15,30000.0,36327.3,16640.5,24375.0,42000.0,,,,8,1
동대문구,전농동,2026,7,월세,연립다세대,17,2000.0,4429.4,5386.1,1000.0,5000.0,54.0,50.82,29.79,16,1
동대문구,전농동,2026,7,월세,오피스텔,52,1000.0,3548.6,7088.9,1000.0,5000.0,100.0,113.1,63.65,44,1
동대문구,전농동,2026,7,전세,연립다세대,22,17000.0,18397.3,5993.5,15250.0,22000.0,,,,11,1
동대문구,전농동,2026,7,전세,오피스텔,14,41000.0,44375.0,19454.8,35250.0,57062.5,,,,12,1
동대문구,전농동,2026,8,월세,연립다세대,14,1000.0,3498.9,6807.0,625.0,2000.0,64.0,63.21,33.77,12,1
동대문구,전농동,2026,8,월세,오피스텔,37,1000.0,3900.0,6032.6,1000.0,3000.0,105.0,138.22,91.43,30,1
동대문구,전농동,2026,8,전세,연립다세대,18,24000.0,23619.4,5069.5,22250.0,26000.0,,,,12,1
동대문구,전농동,2026,8,전세,오피스텔,9,31000.0,36866.7,16331.3,23000.0,42000.0,,,,7,1
동대문구,전농동,2026,9,월세,연립다세대,2,5500.0,5500.0,6364.0,3250.0,7750.0,55.0,55.0,7.07,2,1
동대문구,전농동,2026,9,월세,오피스텔,3,1000.0,833.3,288.7,750.0,1000.0,100.0,124.0,45.97,3,1
동대문구,전농동,2026,9,전세,연립다세대,6,26250.0,26375.0,6572.2,21500.0,29125.0,,,,3,1
동대문구,전농동,2026,9,전세,오피스텔,2,30975.0,30975.0,1378.9,30487.5,31462.5,,,,1,1
동대문구,제기동,2021,1,월세,연립다세대,11,1000.0,3312.7,4618.4,1000.0,3000.0,50.0,45.18,12.7,2,0
동대문구,제기동,2021,1,월세,오피스텔,1,1000.0,1000.0,,1000.0,1000.0,55.0,55.0,,1,0
동대문구,제기동,2021,1,전세,연립다세대,12,19162.5,18756.2,6870.5,12000.0,24575.0,,,,0,0
동대문구,제기동,2021,2,월세,연립다세대,6,1000.0,750.0,388.6,475.0,1000.0,50.0,57.5,27.7,0,0
동대문구,제기동,2021,2,전세,연립다세대,19,23000.0,20750.0,7941.1,16000.0,24350.0,,,,0,0
동대문구,제기동,2021,2,전세,오피스텔,1,10500.0,10500.0,,10500.0,10500.0,,,,0,0
동대문구,제기동,2021,3,월세,연립다세대,4,5870.0,7185.0,6465.4,3355.0,9700.0,15.0,25.0,23.45,0,0
동대문구,제기동,2021,3,전세,연립다세대,23,21000.0,19287.0,6997.6,17000.0,24300.0,,,,1,0
동대문구,제기동,2021,4,월세,연립다세대,3,1000.0,1433.3,1401.2,650.0,2000.0,45.0,43.33,7.64,1,0
동대문구,제기동,2021,4,월세,오피스텔,1,1000.0,1000.0,,1000.0,1000.0,50.0,50.0,,0,0
동대문구,제기동,2021,4,전세,연립다세대,10,13000.0,16000.0,10233.4,7125.0,25000.0,,,,0,0
동대문구,제기동,2021,4,전세,오피스텔,1,21000.0,21000.0,,21000.0,21000.0,,,,0,0
동대문구,제기동,2021,5,월세,연립다세대,9,1000.0,1944.4,2364.4,500.0,1000.0,50.0,47.78,11.79,1,0
동대문구,제기동,2021,5,전세,연립다세대,18,17300.0,18841.7,7715.2,13250.0,24250.0,,,,2,0
동대문구,제기동,2021,5,전세,오피스텔,2,28335.0,28335.0,2354.7,27502.5,29167.5,,,,0,0
동대문구,제기동,2021,6,월세,연립다세대,18,1000.0,1577.8,1810.3,500.0,1750.0,50.0,47.22,13.69,13,0
동대문구,제기동,2021,6,월세,오피스텔,23,5000.0,4847.8,3672.5,1500.0,9000.0,80.0,77.39,20.16,22,0
동대문구,제기동,2021,6,전세,연립다세대,18,18250.0,18022.2,6273.2,12000.0,23000.0,,,,12,0
동대문구,제기동,2021,6,전세,오피스텔,13,29500.0,27153.8,5746.0,27000.0,30000.0,,,,11,0
동대문구,제기동,2021,7,월세,연립다세대,15,800.0,1260.0,1172.8,500.0,1500.0,45.0,50.2,16.86,11,0
동대문구,제기동,2021,7,월세,오피스텔,17,2000.0,4382.4,3586.1,2000.0,7000.0,90.0,77.0,27.0,16,0
동대문구,제기동,2021,7,전세,연립다세대,13,25000.0,22576.9,6876.9,18000.0,27300.0,,,,8,0
동대문구,제기동,2021,7,전세,오피스텔,14,28750.0,28535.7,1473.7,28000.0,29375.0,,,,13,0
동대문구,제기동,2021,8,월세,연립다세대,16,500.0,2115.6,6113.3,300.0,1000.0,36.5,47.38,25.28,12,0
동대문구,제기동,2021,8,월세,오피스텔,3,500.0,1000.0,866.0,500.0,1250.0,47.0,64.0,31.19,3,0
동대문구,제기동,2021,8,전세,연립다세대,12,23800.0,21533.3,6225.2,21750.0,25000.0,,,,7,0
동대문구,제기동,2021,8,전세,오피스텔,13,30000.0,30076.9,731.6,29500.0,31000.0,,,,13,0
동대문구,제기동,2021,9,월세,연립다세대,6,1500.0,5500.0,8449.9,625.0,5750.0,75.0,68.33,31.25,5,0
동대문구,제기동,2021,9,월세,오피스텔,3,1000.0,1000.0,0.0,1000.0,1000.0,55.0,60.0,13.23,3,0
동대문구,제기동,2021,9,전세,연립다세대,11,20000.0,20195.5,10544.2,13075.0,25500.0,,,,6,0
동대문구,제기동,2021,9,전세,오피스텔,5,30000.0,30660.0,1013.9,30000.0,31500.0,,,,5,0
동대문구,제기동,2021,10,월세,연립다세대,6,6000.0,7583.3,8297.1,1250.0,10000.0,35.0,35.5,12.63,4,0
동대문구,제기동,2021,10,월세,오피스텔,6,1000.0,1416.7,917.4,1000.0,1750.0,75.0,78.33,23.59,6,0
동대문구,제기동,2021,10,전세,연립다세대,17,21000.0,19957.4,6601.4,16800.0,24000.0,,,,9,0
동대문구,제기동,2021,10,전세,오피스텔,3,30000.0,28666.7,4163.3,27000.0,31000.0,,,,3,0
동대문구,제기동,2021,11,월세,연립다세대,8,3000.0,3312.5,2644.9,875.0,5250.0,47.5,47.25,19.69,7,0
동대문구,제기동,2021,11,월세,오피스텔,5,2000.0,2100.0,1431.8,1000.0,3000.0,60.0,68.0,27.52,5,0
동대문구,제기동,2021,11,전세,연립다세대,11,13000.0,15375.0,9452.9,7500.0,20750.0,,,,7,0
동대문구,제기동,2021,11,전세,오피스텔,1,26000.0,26000.0,,26000.0,26000.0,,,,0,0
동대문구,제기동,2021,12,월세,연립다세대,12,1000.0,1166.7,685.3,1000.0,1000.0,57.5,58.17,15.09,12,0
동대문구,제기동,2021,12,월세,오피스텔,12,2500.0,2875.0,1680.4,1750.0,4250.0,60.0,65.42,16.02,11,0
동대문구,제기동,2021,12,전세,연립다세대,16,13000.0,14728.1,7094.8,9000.0,18637.5,,,,10,0
동대문구,제기동,2021,12,전세,오피스텔,3,18000.0,23533.3,14513.9,15300.0,29000.0,,,,2,0
동대문구,제기동,2022,1,월세,연립다세대,29,1000.0,2437.9,4390.9,500.0,2000.0,45.0,60.48,33.33,22,0
동대문구,제기동,2022,1,월세,오피스텔,2,2000.0,2000.0,1414.2,1500.0,2500.0,92.5,92.5,24.75,2,0
동대문구,제기동,2022,1,전세,연립다세대,21,22000.0,21869.0,8887.6,15750.0,29000.0,,,,11,0
동대문구,제기동,2022,1,전세,오피스텔,2,25975.0,25975.0,8520.6,22962.5,28987.5,,,,2,0
동대문구,제기동,2022,2,월세,연립다세대,16,1000.0,3125.0,4108.9,1000.0,3250.0,50.0,53.44,20.79,13,0
동대문구,제기동,2022,2,월세,오피스텔,5,1000.0,1200.0,1036.8,500.0,1000.0,50.0,58.8,25.84,5,0
동대문구,제기동,2022,2,전세,연립다세대,17,15750.0,17426.5,8324.4,9000.0,24000.0,,,,11,0
동대문구,제기동,2022,2,전세,오피스텔,1,28000.0,28000.0,,28000.0,28000.0,,,,1,0
동대문구,제기동,2022,3,월세,연립다세대,12,750.0,1616.7,2742.5,500.0,1000.0,50.0,58.42,22.5,12,0
동대문구,제기동,2022,3,월세,오피스텔,2,1250.0,1250.0,1060.7,875.0,1625.0,67.5,67.5,31.82,1,0
동대문구,제기동,2022,3,전세,연립다세대,12,23500.0,21166.7,7364.9,20500.0,25000.0,,,,9,0
동대문구,제기동,2022,3,전세,오피스텔,1,21000.0,21000.0,,21000.0,21000.0,,,,1,0
동대문구,제기동,2022,4,월세,연립다세대,10,2000.0,2480.0,2987.7,500.0,2000.0,67.5,63.1,26.51,7,0
동대문구,제기동,2022,4,월세,오피스텔,2,1750.0,1750.0,1767.8,1125.0,2375.0,66.0,66.0,48.08,2,0
동대문구,제기동,2022,4,전세,연립다세대,24,24000.0,20703.1,6669.4,18000.0,25000.0,,,,14,0
동대문구,제기동,2022,4,전세,오피스텔,1,28600.0,28600.0,,28600.0,28600.0,,,,0,0
동대문구,제기동,2022,5,월세,연립다세대,9,1000.0,5424.2,6256.1,1000.0,12000.0,60.0,49.0,18.04,7,0
동대문구,제기동,2022,5,월세,오피스텔,4,1500.0,2250.0,1893.0,1000.0,2750.0,91.0,81.75,28.62,4,0
동대문구,제기동,2022,5,전세,연립다세대,19,23600.0,20731.6,8769.9,13500.0,25200.0,,,,7,0
동대문구,제기동,2022,5,전세,오피스텔,2,25450.0,25450.0,9263.1,22175.0,28725.0,,,,2,0
동대문구,제기동,2022,6,월세,연립다세대,19,1000.0,2921.0,3705.1,1000.0,3750.0,40.0,49.0,21.84,12,0
동대문구,제기동,2022,6,월세,오피스텔,9,3000.0,5277.8,4535.4,1000.0,10000.0,60.0,67.11,22.5,5,0
동대문구,제기동,2022,6,전세,연립다세대,17,24000.0,23826.5,5616.4,19900.0,25200.0,,,,10,0
동대문구,제기동,2022,7,월세,연립다세대,22,500.0,963.6,710.8,500.0,1000.0,48.0,52.77,20.34,18,0
동대문구,제기동,2022,7,월세,오피스텔,3,1000.0,2333.3,2309.4,1000.0,3000.0,85.0,85.0,35.0,3,0
동대문구,제기동,2022,7,전세,연립다세대,15,23600.0,24531.7,8858.2,19800.0,25987.5,,,,10,0
동대문구,제기동,2022,7,전세,오피스텔,3,15700.0,18733.3,9615.8,13350.0,22600.0,,,,1,0
동대문구,제기동,2022,8,월세,연립다세대,9,1000.0,2444.4,3004.6,1000.0,2000.0,60.0,59.78,18.81,8,0
동대문구,제기동,2022,8,월세,오피스텔,5,1000.0,1300.0,974.7,1000.0,1000.0,50.0,57.4,25.47,3,0
동대문구,제기동,2022,8,전세,연립다세대,23,23100.0,23421.7,6499.1,18500.0,26100.0,,,,11,0
동대문구,제기동,2022,8,전세,오피스텔,4,30500.0,27050.0,8297.2,26175.0,31375.0,,,,3,0
동대문구,제기동,2022,9,월세,연립다세대,15,1000.0,4582.3,5309.5,1000.0,7500.0,50.0,53.73,29.25,8,0
동대문구,제기동,2022,9,월세,오피스텔,1,2000.0,2000.0,,2000.0,2000.0,110.0,110.0,,1,0
동대문구,제기동,2022,9,전세,연립다세대,14,22375.0,21178.6,8545.2,14625.0,28000.0,,,,8,0
동대문구,제기동,2022,9,전세,오피스텔,1,31500.0,31500.0,,31500.0,31500.0,,,,1,0
동대문구,제기동,2022,10,월세,연립다세대,9,5000.0,6666.7,5766.3,5000.0,8000.0,50.0,53.67,21.35,7,0
동대문구,제기동,2022,10,월세,오피스텔,2,1000.0,1000.0,0.0,1000.0,1000.0,97.5,97.5,24.75,2,0
동대문구,제기동,2022,10,전세,연립다세대,9,25000.0,29913.3,10384.2,25000.0,42000.0,,,,4,0
동대문구,제기동,2022,10,전세,오피스텔,2,20500.0,20500.0,16263.5,14750.0,26250.0,,,,1,0
동대문구,제기동,2022,11,월세,연립다세대,9,1000.0,2888.9,4277.7,1000.0,3000.0,75.0,66.22,29.49,7,0
동대문구,제기동,2022,11,월세,오피스텔,5,2000.0,2000.0,1837.1,500.0,2000.0,60.0,69.0,22.19,5,0
동대문구,제기동,2022,11,전세,연립다세대,11,23000.0,21083.6,7632.5,16375.0,25335.0,,,,9,0
동대문구,제기동,2022,11,전세,오피스텔,1,30000.0,30000.0,,30000.0,30000.0,,,,1,0
동대문구,제기동,2022,12,월세,연립다세대,15,1000.0,3106.7,5185.2,500.0,2250.0,45.0,47.93,20.02,14,0
동대문구,제기동,2022,12,월세,오피스텔,4,3000.0,3000.0,1825.7,1750.0,4250.0,85.0,82.5,17.08,4,0
동대문구,제기동,2022,12,전세,연립다세대,14,15200.0,19758.6,10210.2,12600.0,29500.0,,,,7,0
동대문구,제기동,2022,12,전세,오피스텔,2,24250.0,24250.0,4596.2,22625.0,25875.0,,,,1,0
동대문구,제기동,2023,1,월세,연립다세대,20,1850.0,2710.0,2468.3,1000.0,5000.0,82.5,88.5,38.84,19,0
동대문구,제기동,2023,1,월세,오피스텔,1,500.0,500.0,,500.0,500.0,48.0,48.0,,0,0
동대문구,제기동,2023,1,전세,연립다세대,8,25000.0,20406.2,8562.7,12375.0,26687.5,,,,4,0
동대문구,제기동,2023,2,월세,연립다세대,19,1300.0,4389.5,5862.4,750.0,5000.0,47.0,58.26,39.57,13,0
동대문구,제기동,2023,2,월세,오피스텔,1,1000.0,1000.0,,1000.0,1000.0,80.0,80.0,,1,0
동대문구,제기동,2023,2,전세,연립다세대,20,18950.0,18137.5,6373.3,14500.0,22675.0,,,,12,0
동대문구,제기동,2023,2,전세,오피스텔,1,15700.0,15700.0,,15700.0,15700.0,,,,1,0
동대문구,제기동,2023,3,월세,연립다세대,7,1000.0,3071.4,5704.0,1000.0,1000.0,65.0,55.86,28.14,6,0
동대문구,제기동,2023,3,월세,오피스텔,2,10000.0,10000.0,0.0,10000.0,10000.0,60.0,60.0,7.07,1,0
동대문구,제기동,2023,3,전세,연립다세대,14,23250.0,20087.1,6504.4,16900.0,23500.0,,,,8,0
동대문구,제기동,2023,3,전세,오피스텔,1,30000.0,30000.0,,30000.0,30000.0,,,,0,0
동대문구,제기동,2023,4,월세,연립다세대,8,2000.0,3325.0,4868.5,900.0,3000.0,90.0,86.5,44.2,8,0
동대문구,제기동,2023,4,월세,오피스텔,2,7500.0,7500.0,6364.0,5250.0,9750.0,62.5,62.5,60.1,1,0
동대문구,제기동,2023,4,전세,연립다세대,14,23000.0,20954.6,7590.8,20000.0,26000.0,,,,5,0
동대문구,제기동,2023,5,월세,연립다세대,12,2500.0,6741.7,8479.4,1000.0,8250.0,42.5,50.08,36.14,12,0
동대문구,제기동,2023,5,월세,오피스텔,1,1000.0,1000.0,,1000.0,1000.0,100.0,100.0,,1,0
동대문구,제기동,2023,5,전세,연립다세대,21,21900.0,21481.0,4459.7,18900.0,25000.0,,,,6,0
동대문구,제기동,2023,5,전세,오피스텔,1,29000.0,29000.0,,29000.0,29000.0,,,,1,0
동대문구,제기동,2023,6,월세,연립다세대,19,500.0,5107.4,7275.7,500.0,7720.0,43.0,45.95,25.34,18,0
동대문구,제기동,2023,6,월세,오피스텔,7,3000.0,4000.0,3511.9,1500.0,5000.0,80.0,85.86,23.74,5,0
동대문구,제기동,2023,6,전세,연립다세대,33,24000.0,21190.9,6095.0,18000.0,26000.0,,,,21,0
동대문구,제기동,2023,6,전세,오피스텔,5,26500.0,27500.0,3000.0,25000.0,29000.0,,,,3,0
동대문구,제기동,2023,7,월세,연립다세대,16,1500.0,3393.8,4519.4,500.0,3300.0,57.5,62.75,33.91,14,0
동대문구,제기동,2023,7,월세,오피스텔,3,2000.0,3666.7,2886.8,2000.0,4500.0,110.0,101.67,14.43,3,0
동대문구,제기동,2023,7,전세,연립다세대,15,25000.0,24980.0,2360.1,23500.0,26000.0,,,,12,0
동대문구,제기동,2023,7,전세,오피스텔,7,27000.0,26614.3,1828.0,25000.0,27150.0,,,,7,0
동대문구,제기동,2023,8,월세,연립다세대,16,1002.0,2262.7,2722.3,500.0,2437.75,58.0,62.12,32.82,10,0
동대문구,제기동,2023,8,전세,연립다세대,11,24000.0,20754.5,7328.2,15500.0,25000.0,,,,7,0
동대문구,제기동,2023,8,전세,오피스텔,3,27000.0,27166.7,763.8,26750.0,27500.0,,,,1,0
동대문구,제기동,2023,9,월세,연립다세대,6,2500.0,4000.0,4560.7,1250.0,3750.0,57.5,67.5,36.84,5,0
동대문구,제기동,2023,9,월세,오피스텔,4,1000.0,1875.0,2096.6,875.0,2000.0,57.5,60.0,10.8,4,0
동대문구,제기동,2023,9,전세,연립다세대,7,20000.0,19900.0,4878.2,17350.0,22500.0,,,,5,0
동대문구,제기동,2023,9,전세,오피스텔,2,26475.0,26475.0,3570.9,25212.5,27737.5,,,,1,0
동대문구,제기동,2023,10,월세,연립다세대,22,2000.0,3414.4,3172.0,1000.0,5000.0,50.0,61.0,47.31,15,0
동대문구,제기동,2023,10,월세,오피스텔,4,1500.0,2250.0,1893.0,1000.0,2750.0,92.5,87.5,27.23,3,0
동대문구,제기동,2023,10,전세,연립다세대,7,20500.0,18250.0,6469.5,13875.0,23250.0,,,,2,0
동대문구,제기동,2023,10,전세,오피스텔,2,30000.0,30000.0,0.0,30000.0,30000.0,,,,1,0
동대문구,제기동,2023,11,월세,연립다세대,16,1000.0,5150.0,10234.6,975.0,3000.0,61.0,71.44,38.96,15,0
동대문구,제기동,2023,11,전세,연립다세대,9,17800.0,17627.2,5547.3,17200.0,22000.0,,,,3,0
동대문구,제기동,2023,11,전세,오피스텔,1,30000.0,30000.0,,30000.0,30000.0,,,,1,0
동대문구,제기동,2023,12,월세,연립다세대,22,1000.0,3089.9,3672.1,625.0,4750.0,57.5,63.68,26.06,21,0
동대문구,제기동,2023,12,월세,오피스텔,4,1000.0,1875.0,2096.6,875.0,2000.0,62.0,64.25,25.71,4,0
동대문구,제기동,2023,12,전세,연립다세대,20,17250.0,16940.0,3605.9,15625.0,19000.0,,,,12,0
동대문구,제기동,2023,12,전세,오피스텔,3,27000.0,27666.7,1154.7,27000.0,28000.0,,,,3,0
동대문구,제기동,2024,1,월세,연립다세대,28,1000.0,4386.9,6677.0,1000.0,3117.75,50.0,55.93,30.85,22,0
동대문구,제기동,2024,1,월세,오피스텔,2,1750.0,1750.0,1767.8,1125.0,2375.0,87.5,87.5,45.96,2,0
동대문구,제기동,2024,1,전세,연립다세대,25,16500.0,17967.0,7710.5,13200.0,18743.0,,,,9,0
동대문구,제기동,2024,1,전세,오피스텔,2,28985.0,28985.0,1393.0,28492.5,29477.5,,,,2,0
동대문구,제기동,2024,2,월세,연립다세대,29,1000.0,4413.8,7374.0,500.0,3000.0,50.0,66.86,45.37,23,0
동대문구,제기동,2024,2,월세,오피스텔,5,1000.0,3000.0,4046.6,500.0,3000.0,50.0,61.8,25.58,4,0
동대문구,제기동,2024,2,전세,연립다세대,12,20750.0,19300.0,6490.1,13200.0,25250.0,,,,11,0
동대문구,제기동,2024,3,월세,연립다세대,15,3000.0,5630.9,7495.6,1100.0,5741.5,50.0,55.47,38.5,10,0
동대문구,제기동,2024,3,월세,오피스텔,3,1000.0,833.3,288.7,750.0,1000.0,60.0,57.33,6.43,2,0
동대문구,제기동,2024,3,전세,연립다세대,28,24000.0,23355.7,5192.5,22000.0,25625.0,,,,25,0
동대문구,제기동,2024,3,전세,오피스텔,5,30000.0,29190.0,7309.6,26000.0,30000.0,,,,3,0
동대문구,제기동,2024,4,월세,연립다세대,5,5000.0,5187.8,2237.6,3000.0,7413.0,50.0,60.6,42.33,3,0
동대문구,제기동,2024,4,월세,오피스텔,5,5000.0,7600.0,7765.3,2000.0,10000.0,66.0,70.8,24.27,4,0
동대문구,제기동,2024,4,전세,연립다세대,13,22000.0,22646.2,3194.9,21250.0,24650.0,,,,6,0
동대문구,제기동,2024,4,전세,오피스텔,4,30000.0,29250.0,1500.0,29250.0,30000.0,,,,4,0
동대문구,제기동,2024,5,월세,연립다세대,10,5000.0,8320.0,12086.3,1250.0,8875.0,32.5,43.3,29.27,8,0
동대문구,제기동,2024,5,월세,오피스텔,2,750.0,750.0,353.6,625.0,875.0,57.5,57.5,10.61,2,0
동대문구,제기동,2024,5,전세,연립다세대,9,22400.0,21600.0,3928.8,18000.0,24450.0,,,,6,0
동대문구,제기동,2024,5,전세,오피스텔,2,14000.0,14000.0,4242.6,12500.0,15500.0,,,,2,0
동대문구,제기동,2024,6,월세,연립다세대,15,3000.0,6711.7,8318.1,1000.0,10089.0,52.0,58.73,43.39,14,0
동대문구,제기동,2024,6,월세,오피스텔,8,1000.0,4996.2,10198.0,875.0,2000.0,67.5,60.88,30.64,7,0
동대문구,제기동,2024,6,전세,연립다세대,16,23800.0,22830.6,5402.7,19675.0,25400.0,,,,9,0
동대문구,제기동,2024,6,전세,오피스텔,1,19000.0,19000.0,,19000.0,19000.0,,,,1,0
동대문구,제기동,2024,7,월세,연립다세대,23,2000.0,5509.8,8677.0,1000.0,4000.0,80.0,78.39,43.41,21,0
동대문구,제기동,2024,7,월세,오피스텔,2,1500.0,1500.0,707.1,1250.0,1750.0,92.5,92.5,17.68,2,0
동대문구,제기동,2024,7,전세,연립다세대,20,18650.0,18433.0,7636.6,14250.0,22625.0,,,,14,0
동대문구,제기동,2024,7,전세,오피스텔,1,29900.0,29900.0,,29900.0,29900.0,,,,1,0
동대문구,제기동,2024,8,월세,연립다세대,23,2000.0,6375.6,7895.3,900.0,8500.0,55.0,52.17,28.92,19,0
동대문구,제기동,2024,8,월세,오피스텔,3,1000.0,2500.0,3041.4,750.0,3500.0,75.0,70.67,19.86,2,0
동대문구,제기동,2024,8,전세,연립다세대,15,21000.0,19830.7,6136.1,17750.0,22460.0,,,,10,0
동대문구,제기동,2024,8,전세,오피스텔,1,29500.0,29500.0,,29500.0,29500.0,,,,1,0
동대문구,제기동,2024,9,월세,연립다세대,10,2624.0,6524.8,7606.3,1250.0,8750.0,50.0,57.2,37.32,9,0
동대문구,제기동,2024,9,월세,오피스텔,1,1000.0,1000.0,,1000.0,1000.0,55.0,55.0,,1,0
동대문구,제기동,2024,9,전세,연립다세대,6,25150.0,25200.0,9142.2,18850.0,29575.0,,,,4,0
동대문구,제기동,2024,9,전세,오피스텔,1,15000.0,15000.0,,15000.0,15000.0,,,,1,0
동대문구,제기동,2024,10,월세,연립다세대,8,3000.0,4957.0,4947.2,2789.0,5000.0,49.0,51.12,25.5,7,0
동대문구,제기동,2024,10,월세,오피스텔,2,3500.0,3500.0,2121.3,2750.0,4250.0,105.0,105.0,7.07,2,0
동대문구,제기동,2024,10,전세,연립다세대,13,23000.0,22150.4,6711.8,19680.0,26000.0,,,,8,0
동대문구,제기동,2024,10,전세,오피스텔,3,28000.0,28000.0,2000.0,27000.0,29000.0,,,,3,0
동대문구,제기동,2024,11,월세,연립다세대,19,2000.0,4477.4,6576.1,1000.0,4500.0,60.0,56.63,18.56,18,0
동대문구,제기동,2024,11,월세,오피스텔,5,1000.0,2690.0,4064.2,1000.0,1000.0,60.0,60.2,32.68,5,0
동대문구,제기동,2024,11,전세,연립다세대,12,21000.0,18130.8,8407.7,9500.0,24100.0,,,,8,0
동대문구,제기동,2024,11,전세,오피스텔,1,29500.0,29500.0,,29500.0,29500.0,,,,0,0
동대문구,제기동,2024,12,월세,연립다세대,25,1000.0,3580.0,4991.0,1000.0,5000.0,55.0,67.52,35.33,25,0
동대문구,제기동,2024,12,월세,오피스텔,6,1500.0,2666.7,3656.0,625.0,2000.0,76.0,80.67,39.09,6,0
동대문구,제기동,2024,12,전세,연립다세대,11,22500.0,23520.9,8899.9,19850.0,28150.0,,,,7,0
동대문구,제기동,2024,12,전세,오피스텔,2,24500.0,24500.0,4949.7,22750.0,26250.0,,,,2,0
동대문구,제기동,2025,1,월세,연립다세대,28,1000.0,4553.9,6633.7,725.0,5000.0,53.0,52.75,26.01,26,0
동대문구,제기동,2025,1,월세,오피스텔,4,750.0,1750.0,2179.4,500.0,2000.0,56.5,61.25,34.19,4,0
동대문구,제기동,2025,1,전세,연립다세대,12,20000.0,20475.8,9610.8,13487.5,24125.0,,,,9,0
동대문구,제기동,2025,1,전세,오피스텔,3,26000.0,27233.3,3043.6,25500.0,28350.0,,,,3,0
동대문구,제기동,2025,2,월세,연립다세대,19,1000.0,6317.3,7881.7,1000.0,9014.0,55.0,53.42,25.99,14,0
동대문구,제기동,2025,2,월세,오피스텔,5,1000.0,3100.0,3974.9,1000.0,3000.0,70.0,72.4,25.5,4,0
동대문구,제기동,2025,2,전세,연립다세대,10,18000.0,17254.5,6853.4,11250.0,20786.25,,,,5,0
동대문구,제기동,2025,3,월세,연립다세대,16,2000.0,7956.3,8927.2,1000.0,16392.75,40.0,46.56,32.08,13,0
동대문구,제기동,2025,3,월세,오피스텔,2,2000.0,2000.0,1414.2,1500.0,2500.0,87.5,87.5,24.75,2,0
동대문구,제기동,2025,3,전세,연립다세대,10,24837.5,23706.5,5001.1,21550.0,25150.0,,,,6,0
동대문구,제기동,2025,3,전세,오피스텔,5,19950.0,21190.0,7565.1,14000.0,28000.0,,,,4,0
동대문구,제기동,2025,4,월세,연립다세대,12,21025.0,17830.2,7714.5,15050.0,23450.0,23.5,31.67,32.8,7,0
동대문구,제기동,2025,4,월세,오피스텔,3,2000.0,2666.7,2081.7,1500.0,3500.0,110.0,101.67,18.93,3,0
동대문구,제기동,2025,4,전세,연립다세대,11,22000.0,20536.4,5598.6,18700.0,24750.0,,,,10,0
동대문구,제기동,2025,5,월세,연립다세대,17,1000.0,5124.0,7428.4,1000.0,5000.0,42.0,50.71,32.06,13,0
동대문구,제기동,2025,5,월세,오피스텔,6,1500.0,3583.3,4431.9,1000.0,4250.0,62.5,67.5,35.92,4,0
동대문구,제기동,2025,5,전세,연립다세대,10,19000.0,18830.0,5269.4,18000.0,21875.0,,,,7,0
동대문구,제기동,2025,5,전세,오피스텔,3,28000.0,28333.3,577.4,28000.0,28500.0,,,,3,0
동대문구,제기동,2025,6,월세,연립다세대,31,1000.0,4737.7,8598.5,1000.0,2500.0,60.0,68.61,41.13,24,0
동대문구,제기동,2025,6,월세,오피스텔,8,1000.0,1312.5,799.0,1000.0,1250.0,60.0,77.88,35.28,6,0
동대문구,제기동,2025,6,전세,연립다세대,10,24025.0,23369.5,4431.0,20733.75,25100.0,,,,3,0
동대문구,제기동,2025,6,전세,오피스텔,1,29000.0,29000.0,,29000.0,29000.0,,,,1,0
동대문구,제기동,2025,7,월세,연립다세대,30,1000.0,4920.0,7872.0,500.0,4500.0,50.0,59.07,39.63,23,0
동대문구,제기동,2025,7,월세,오피스텔,8,1000.0,1437.5,821.0,1000.0,2000.0,89.5,91.75,31.64,7,0
동대문구,제기동,2025,7,전세,연립다세대,10,22980.0,26796.0,13606.4,17375.0,39375.0,,,,7,0
동대문구,제기동,2025,7,전세,오피스텔,2,27250.0,27250.0,1767.8,26625.0,27875.0,,,,1,0
동대문구,제기동,2025,8,월세,연립다세대,24,1000.0,2887.5,5692.4,800.0,1250.0,56.5,66.58,36.37,22,0
동대문구,제기동,2025,8,월세,오피스텔,16,2000.0,3093.8,2967.7,1000.0,4250.0,85.0,84.69,17.86,4,0
동대문구,제기동,2025,8,전세,연립다세대,18,22950.0,20005.6,6323.9,16300.0,25000.0,,,,10,0
동대문구,제기동,2025,8,전세,오피스텔,1,25000.0,25000.0,,25000.0,25000.0,,,,1,0
동대문구,제기동,2025,9,월세,연립다세대,18,2000.0,7527.8,8961.5,1000.0,11500.0,53.0,61.0,39.46,17,0
동대문구,제기동,2025,9,월세,오피스텔,1,5000.0,5000.0,,5000.0,5000.0,100.0,100.0,,1,0
동대문구,제기동,2025,9,전세,연립다세대,12,24950.0,26650.0,7337.0,20750.0,35500.0,,,,7,0
동대문구,제기동,2025,9,전세,오피스텔,2,27050.0,27050.0,919.2,26725.0,27375.0,,,,0,0
동대문구,제기동,2025,10,월세,연립다세대,11,2000.0,2877.3,2514.1,2000.0,3000.0,100.0,89.55,49.41,11,0
동대문구,제기동,2025,10,전세,연립다세대,5,17200.0,20260.0,7552.4,17200.0,20500.0,,,,2,0
동대문구,제기동,2025,10,전세,오피스텔,2,29750.0,29750.0,353.6,29625.0,29875.0,,,,2,0
동대문구,제기동,2025,11,월세,연립다세대,21,3000.0,7261.9,8791.5,1000.0,10000.0,45.0,47.81,33.67,19,0
동대문구,제기동,2025,11,월세,오피스텔,5,500.0,1500.0,1968.5,500.0,1000.0,38.0,67.0,45.12,5,0
동대문구,제기동,2025,11,전세,연립다세대,17,23000.0,20415.3,7919.1,13230.0,27000.0,,,,11,0
동대문구,제기동,2025,11,전세,오피스텔,5,30000.0,24640.0,7461.4,18500.0,30000.0,,,,5,0
동대문구,제기동,2025,12,월세,연립다세대,31,1000.0,4634.9,6413.2,500.0,5500.0,55.0,57.68,30.22,27,0
동대문구,제기동,2025,12,월세,오피스텔,7,3000.0,8071.4,10068.2,1500.0,12500.0,109.0,91.14,41.0,5,0
동대문구,제기동,2025,12,전세,연립다세대,20,21500.0,22879.8,10303.6,15500.0,29625.0,,,,15,0
동대문구,제기동,2026,1,월세,연립다세대,32,1000.0,3322.5,5459.2,1000.0,3000.0,50.0,51.31,20.16,31,1
동대문구,제기동,2026,1,월세,오피스텔,3,1000.0,5500.0,8231.0,750.0,8000.0,54.0,56.33,13.65,2,1
동대문구,제기동,2026,1,전세,연립다세대,3,19400.0,17766.7,10050.0,13200.0,23150.0,,,,1,1
동대문구,제기동,2026,1,전세,오피스텔,2,30000.0,30000.0,0.0,30000.0,30000.0,,,,2,1
동대문구,제기동,2026,2,월세,연립다세대,38,1000.0,2602.6,5114.7,625.0,1750.0,67.5,70.45,32.33,37,1
동대문구,제기동,2026,2,월세,오피스텔,2,1000.0,1000.0,0.0,1000.0,1000.0,61.0,61.0,5.66,2,1
동대문구,제기동,2026,2,전세,연립다세대,10,21000.0,19882.5,6288.0,15500.0,25193.75,,,,6,1
동대문구,제기동,2026,2,전세,오피스텔,1,27300.0,27300.0,,27300.0,27300.0,,,,0,1
동대문구,제기동,2026,3,월세,연립다세대,24,2000.0,5658.3,7627.0,1000.0,5000.0,55.0,69.0,45.03,21,1
동대문구,제기동,2026,3,월세,오피스텔,4,4000.0,4575.0,4097.5,2325.0,6250.0,81.0,88.0,40.69,4,1
동대문구,제기동,2026,3,전세,연립다세대,14,24500.0,23427.1,4380.3,22975.0,25470.0,,,,11,1
동대문구,제기동,2026,4,월세,연립다세대,9,4459.0,8074.3,8079.0,1000.0,14868.0,25.0,44.89,41.5,8,1
동대문구,제기동,2026,4,월세,오피스텔,14,100.0,500.0,712.5,100.0,775.0,35.0,52.79,34.81,13,1
동대문구,제기동,2026,4,전세,연립다세대,13,23000.0,20755.8,5438.4,18300.0,24000.0,,,,7,1
동대문구,제기동,2026,4,전세,오피스텔,1,40000.0,40000.0,,40000.0,40000.0,,,,0,1
동대문구,제기동,2026,5,월세,연립다세대,10,4500.0,6150.0,5840.7,1000.0,9625.0,70.0,69.5,37.52,10,1
동대문구,제기동,2026,5,월세,오피스텔,2,550.0,550.0,636.4,325.0,775.0,59.5,59.5,36.06,2,1
동대문구,제기동,2026,5,전세,연립다세대,7,24500.0,26000.0,4349.3,23500.0,26750.0,,,,5,1
동대문구,제기동,2026,5,전세,오피스텔,1,30000.0,30000.0,,30000.0,30000.0,,,,0,1
동대문구,제기동,2026,6,월세,연립다세대,20,1250.0,7365.8,12796.1,1000.0,5000.0,67.5,72.05,49.96,16,1
동대문구,제기동,2026,6,월세,오피스텔,5,2000.0,12680.0,15542.4,1000.0,29700.0,41.0,38.2,28.44,5,1
동대문구,제기동,2026,6,전세,연립다세대,15,24000.0,20793.3,6345.2,16500.0,25500.0,,,,10,1
동대문구,제기동,2026,6,전세,오피스텔,3,29700.0,29633.3,115.5,29600.0,29700.0,,,,3,1
동대문구,제기동,2026,7,월세,연립다세대,18,1000.0,5239.2,8371.9,500.0,4000.0,56.5,73.28,45.83,16,1
동대문구,제기동,2026,7,월세,오피스텔,6,2500.0,10950.0,14273.6,1250.0,22500.0,115.0,86.67,56.1,6,1
동대문구,제기동,2026,7,전세,연립다세대,2,16762.5,16762.5,795.5,16481.25,17043.75,,,,2,1
동대문구,제기동,2026,7,전세,오피스텔,1,16000.0,16000.0,,16000.0,16000.0,,,,1,1
동대문구,제기동,2026,8,월세,연립다세대,21,1000.0,5142.9,9180.3,1000.0,3000.0,70.0,73.24,35.06,20,1
동대문구,제기동,2026,8,월세,오피스텔,6,3500.0,11283.3,14329.7,1000.0,23625.0,60.5,52.33,37.49,3,1
동대문구,제기동,2026,8,전세,연립다세대,5,20470.0,19934.0,8522.3,16200.0,25200.0,,,,3,1
동대문구,제기동,2026,8,전세,오피스텔,1,26400.0,26400.0,,26400.0,26400.0,,,,1,1
동대문구,제기동,2026,9,월세,연립다세대,2,1650.0,1650.0,1909.2,975.0,2325.0,120.0,120.0,84.85,2,1
동대문구,제기동,2026,9,월세,오피스텔,1,2000.0,2000.0,,2000.0,2000.0,116.0,116.0,,1,1
동대문구,제기동,2026,9,전세,연립다세대,3,24000.0,21166.7,5346.3,19500.0,24250.0,,,,1,1
동대문구,청량리동,2021,1,월세,연립다세대,1,1000.0,1000.0,,1000.0,1000.0,50.0,50.0,,0,0
동대문구,청량리동,2021,1,전세,연립다세대,3,25000.0,20616.7,10626.2,16750.0,26675.0,,,,0,0
동대문구,청량리동,2021,2,월세,연립다세대,2,2000.0,2000.0,1414.2,1500.0,2500.0,40.0,40.0,14.14,0,0
동대문구,청량리동,2021,2,전세,연립다세대,6,20475.0,19908.3,8504.7,15618.75,23868.75,,,,0,0
동대문구,청량리동,2021,3,월세,연립다세대,2,1000.0,1000.0,0.0,1000.0,1000.0,50.0,50.0,0.0,0,0
동대문구,청량리동,2021,3,전세,연립다세대,14,21000.0,21442.9,9161.7,15187.5,25750.0,,,,1,0
동대문구,청량리동,2021,4,월세,연립다세대,2,3000.0,3000.0,2828.4,2000.0,4000.0,35.0,35.0,21.21,0,0
동대문구,청량리동,2021,4,전세,연립다세대,8,25750.0,24850.0,7494.4,24075.0,30250.0,,,,0,0
동대문구,청량리동,2021,5,월세,연립다세대,1,3500.0,3500.0,,3500.0,3500.0,43.0,43.0,,0,0
동대문구,청량리동,2021,5,전세,연립다세대,4,20000.0,24000.0,12987.2,14750.0,29250.0,,,,0,0
동대문구,청량리동,2021,6,월세,연립다세대,2,3000.0,3000.0,2828.4,2000.0,4000.0,52.5,52.5,3.54,2,0
동대문구,청량리동,2021,6,전세,연립다세대,7,20000.0,20871.4,6073.1,19500.0,23550.0,,,,4,0
동대문구,청량리동,2021,6,전세,오피스텔,1,12000.0,12000.0,,12000.0,12000.0,,,,1,0
동대문구,청량리동,2021,7,월세,연립다세대,5,6000.0,7300.0,7311.0,1000.0,10000.0,50.0,50.6,35.87,3,0
동대문구,청량리동,2021,7,전세,연립다세대,8,22000.0,20475.0,8821.4,13237.5,27337.5,,,,2,0
동대문구,청량리동,2021,7,전세,오피스텔,1,13000.0,13000.0,,13000.0,13000.0,,,,1,0
동대문구,청량리동,2021,8,월세,연립다세대,5,1000.0,1200.0,447.2,1000.0,1000.0,50.0,46.0,8.94,1,0
동대문구,청량리동,2021,8,월세,오피스텔,2,60.0,60.0,0.0,60.0,60.0,24.0,24.0,0.0,0,0
동대문구,청량리동,2021,8,전세,연립다세대,7,10000.0,12277.1,5655.2,8500.0,15000.0,,,,2,0
동대문구,청량리동,2021,9,월세,연립다세대,6,1250.0,1833.3,1125.5,1000.0,2625.0,50.0,51.33,7.26,3,0
동대문구,청량리동,2021,9,월세,오피스텔,1,60.0,60.0,,60.0,60.0,22.0,22.0,,0,0
동대문구,청량리동,2021,9,전세,연립다세대,3,4935.0,5956.7,1769.6,4935.0,6467.5,,,,1,0
동대문구,청량리동,2021,10,월세,연립다세대,6,1000.0,2750.0,3312.9,1000.0,4000.0,42.5,35.0,18.44,0,0
동대문구,청량리동,2021,10,월세,오피스텔,1,60.0,60.0,,60.0,60.0,21.0,21.0,,1,0
동대문구,청량리동,2021,10,전세,연립다세대,5,20000.0,18700.0,6099.2,20000.0,20000.0,,,,4,0
동대문구,청량리동,2021,11,월세,연립다세대,6,6250.0,6083.3,5063.8,1375.0,10750.0,50.0,50.17,18.28,4,0
동대문구,청량리동,2021,11,전세,연립다세대,3,10500.0,9833.3,1154.7,9500.0,10500.0,,,,1,0
동대문구,청량리동,2021,12,월세,연립다세대,4,1000.0,750.0,500.0,750.0,1000.0,58.5,59.25,10.75,1,0
동대문구,청량리동,2021,12,전세,연립다세대,5,14000.0,18200.0,11557.5,8500.0,25000.0,,,,5,0
동대문구,청량리동,2021,12,전세,오피스텔,1,15000.0,15000.0,,15000.0,15000.0,,,,1,0
동대문구,청량리동,2022,1,월세,연립다세대,15,1000.0,1400.0,828.1,1000.0,1000.0,50.0,48.8,2.48,9,0
동대문구,청량리동,2022,1,전세,연립다세대,4,17700.0,18100.0,2092.8,17275.0,18525.0,,,,3,0
동대문구,청량리동,2022,2,월세,연립다세대,11,1000.0,3587.3,4589.7,1000.0,4000.0,50.0,43.45,14.57,8,0
동대문구,청량리동,2022,2,전세,연립다세대,6,28270.0,26480.0,11713.6,16250.0,36540.0,,,,3,0
동대문구,청량리동,2022,3,월세,연립다세대,12,1000.0,4791.7,5573.7,1000.0,11000.0,50.0,41.58,14.85,4,0
동대문구,청량리동,2022,3,월세,오피스텔,1,1623.0,1623.0,,1623.0,1623.0,15.0,15.0,,0,0
동대문구,청량리동,2022,3,전세,연립다세대,7,18000.0,18357.1,10106.6,9000.0,27500.0,,,,6,0
동대문구,청량리동,2022,3,전세,오피스텔,1,15000.0,15000.0,,15000.0,15000.0,,,,1,0
동대문구,청량리동,2022,4,월세,연립다세대,11,1000.0,3472.7,7262.0,1000.0,1500.0,50.0,45.64,13.17,7,0
동대문구,청량리동,2022,4,전세,연립다세대,5,15000.0,17800.0,7596.1,13000.0,20000.0,,,,3,0
동대문구,청량리동,2022,5,월세,연립다세대,9,1000.0,1122.2,741.2,1000.0,1000.0,50.0,50.44,10.44,2,0
동대문구,청량리동,2022,5,전세,연립다세대,4,17000.0,20750.0,9912.1,14000.0,23750.0,,,,4,0
동대문구,청량리동,2022,6,월세,연립다세대,2,1000.0,1000.0,0.0,1000.0,1000.0,50.0,50.0,0.0,2,0
동대문구,청량리동,2022,6,전세,연립다세대,5,9000.0,16300.0,12657.0,8500.0,30000.0,,,,3,0
동대문구,청량리동,2022,7,월세,연립다세대,4,2000.0,2750.0,2217.4,1750.0,3000.0,47.0,46.0,4.24,3,0
동대문구,청량리동,2022,7,전세,연립다세대,4,16000.0,16625.0,5618.1,13875.0,18750.0,,,,3,0
동대문구,청량리동,2022,8,월세,연립다세대,8,1000.0,1150.0,592.8,1000.0,1250.0,50.0,47.12,14.64,6,0
동대문구,청량리동,2022,8,전세,연립다세대,3,18740.0,18580.0,4502.1,16370.0,20870.0,,,,0,0
동대문구,청량리동,2022,8,전세,오피스텔,1,21000.0,21000.0,,21000.0,21000.0,,,,1,0
동대문구,청량리동,2022,9,월세,연립다세대,4,1000.0,875.0,250.0,875.0,1000.0,50.0,47.5,5.0,4,0
동대문구,청량리동,2022,9,전세,연립다세대,1,13000.0,13000.0,,13000.0,13000.0,,,,1,0
동대문구,청량리동,2022,10,월세,연립다세대,9,1500.0,5655.6,7189.2,1000.0,12000.0,30.0,37.44,21.69,5,0
동대문구,청량리동,2022,10,전세,연립다세대,8,19872.5,17786.9,6961.7,11412.5,24000.0,,,,4,0
동대문구,청량리동,2022,11,월세,연립다세대,5,1000.0,6000.0,6928.2,1000.0,12000.0,50.0,43.0,15.65,5,0
동대문구,청량리동,2022,11,전세,연립다세대,4,14250.0,13450.0,8329.3,7450.0,20250.0,,,,0,0
동대문구,청량리동,2022,12,월세,연립다세대,1,2000.0,2000.0,,2000.0,2000.0,70.0,70.0,,1,0
동대문구,청량리동,2022,12,월세,오피스텔,6,2000.0,2833.3,2228.6,1000.0,4500.0,87.5,88.33,25.82,6,0
동대문구,청량리동,2022,12,전세,연립다세대,6,13000.0,16908.3,9950.4,13000.0,22937.5,,,,1,0
동대문구,청량리동,2022,12,전세,오피스텔,1,12000.0,12000.0,,12000.0,12000.0,,,,1,0
동대문구,청량리동,2023,1,월세,연립다세대,6,2000.0,2666.7,2338.1,1000.0,3000.0,50.0,44.67,11.43,3,0
동대문구,청량리동,2023,1,월세,오피스텔,22,1000.0,1772.7,1445.2,1000.0,1750.0,80.0,82.36,14.51,22,0
동대문구,청량리동,2023,1,전세,연립다세대,4,19750.0,19425.0,5841.4,17250.0,21925.0,,,,3,0
동대문구,청량리동,2023,1,전세,오피스텔,2,14000.0,14000.0,2828.4,13000.0,15000.0,,,,2,0
동대문구,청량리동,2023,2,월세,연립다세대,3,1000.0,1000.0,0.0,1000.0,1000.0,50.0,50.0,0.0,3,0
동대문구,청량리동,2023,2,월세,오피스텔,40,1000.0,2362.5,1768.6,1000.0,5000.0,90.0,89.95,26.44,38,0
동대문구,청량리동,2023,2,전세,연립다세대,6,13500.0,15394.8,6182.9,12000.0,19874.25,,,,3,0
동대문구,청량리동,2023,2,전세,오피스텔,5,17000.0,16800.0,836.7,16000.0,17000.0,,,,5,0
동대문구,청량리동,2023,3,월세,연립다세대,2,1000.0,1000.0,0.0,1000.0,1000.0,50.0,50.0,0.0,2,0
동대문구,청량리동,2023,3,월세,오피스텔,55,1000.0,2772.7,4244.6,1000.0,4000.0,80.0,77.65,19.43,54,0
동대문구,청량리동,2023,3,전세,연립다세대,2,22000.0,22000.0,2828.4,21000.0,23000.0,,,,1,0
동대문구,청량리동,2023,3,전세,오피스텔,28,17000.0,17946.4,3510.1,16000.0,18000.0,,,,27,0
동대문구,청량리동,2023,4,월세,오피스텔,89,2000.0,3500.0,3678.9,1000.0,5000.0,75.0,74.94,20.2,88,0
동대문구,청량리동,2023,4,전세,연립다세대,3,20000.0,20166.7,288.7,20000.0,20250.0,,,,1,0
동대문구,청량리동,2023,4,전세,오피스텔,71,18500.0,19415.5,4138.7,17750.0,20000.0,,,,68,0
동대문구,청량리동,2023,5,월세,연립다세대,12,2500.0,2416.7,1505.0,1000.0,3000.0,53.5,60.0,18.84,8,0
동대문구,청량리동,2023,5,월세,오피스텔,44,2000.0,3090.9,2831.0,1000.0,5000.0,85.0,92.61,31.96,44,0
동대문구,청량리동,2023,5,전세,연립다세대,3,9500.0,14533.3,9154.4,9250.0,17300.0,,,,2,0
동대문구,청량리동,2023,5,전세,오피스텔,45,20000.0,19988.9,2201.5,20000.0,20000.0,,,,44,0
동대문구,청량리동,2023,6,월세,연립다세대,5,1000.0,1900.0,1816.6,1000.0,2000.0,59.0,59.2,4.92,3,0
동대문구,청량리동,2023,6,월세,오피스텔,42,2500.0,4619.0,5735.9,1000.0,5375.0,85.0,79.83,28.87,42,0
동대문구,청량리동,2023,6,전세,연립다세대,3,24000.0,22666.7,3214.6,21500.0,24500.0,,,,3,0
동대문구,청량리동,2023,6,전세,오피스텔,18,20000.0,21250.0,3952.8,19000.0,20875.0,,,,16,0
동대문구,청량리동,2023,7,월세,연립다세대,5,2000.0,6500.0,7697.4,1000.0,10000.0,52.0,41.4,17.39,2,0
동대문구,청량리동,2023,7,월세,오피스텔,22,1000.0,2054.5,1635.5,1000.0,3000.0,95.0,97.73,24.59,21,0
동대문구,청량리동,2023,7,전세,연립다세대,7,19900.0,18557.1,4999.0,15000.0,22000.0,,,,4,0
동대문구,청량리동,2023,7,전세,오피스텔,8,21750.0,23875.0,6440.7,20000.0,24750.0,,,,8,0
동대문구,청량리동,2023,8,월세,연립다세대,13,1000.0,2307.7,3449.3,1000.0,1000.0,55.0,60.0,8.9,9,0
동대문구,청량리동,2023,8,월세,오피스텔,11,1000.0,3227.3,5382.2,1000.0,2250.0,100.0,97.27,35.73,11,0
동대문구,청량리동,2023,8,전세,연립다세대,2,9000.0,9000.0,0.0,9000.0,9000.0,,,,1,0
동대문구,청량리동,2023,8,전세,오피스텔,16,21000.0,22812.5,4707.7,20750.0,22000.0,,,,16,0
동대문구,청량리동,2023,9,월세,연립다세대,3,3000.0,5333.3,4041.5,3000.0,6500.0,49.0,42.33,29.57,1,0
동대문구,청량리동,2023,9,월세,오피스텔,8,2500.0,3250.0,3058.9,1000.0,3500.0,120.0,110.62,37.65,8,0
동대문구,청량리동,2023,9,전세,연립다세대,2,22000.0,22000.0,9899.5,18500.0,25500.0,,,,1,0
동대문구,청량리동,2023,9,전세,오피스텔,4,31000.0,29625.0,5963.4,27125.0,33500.0,,,,4,0
동대문구,청량리동,2023,10,월세,연립다세대,9,1500.0,4044.4,6961.9,1000.0,1500.0,55.0,52.22,17.94,7,0
동대문구,청량리동,2023,10,월세,오피스텔,8,1000.0,1625.0,1575.5,875.0,1500.0,107.5,110.0,32.18,8,0
동대문구,청량리동,2023,10,전세,연립다세대,2,36000.0,36000.0,1414.2,35500.0,36500.0,,,,1,0
동대문구,청량리동,2023,10,전세,오피스텔,5,24000.0,26100.0,6308.7,23500.0,32000.0,,,,5,0
동대문구,청량리동,2023,11,월세,연립다세대,3,1000.0,1000.0,0.0,1000.0,1000.0,55.0,53.33,2.89,2,0
동대문구,청량리동,2023,11,월세,오피스텔,7,3000.0,3642.9,1599.9,3000.0,5000.0,85.0,97.86,37.84,6,0
동대문구,청량리동,2023,11,전세,연립다세대,3,4935.0,8290.0,5811.0,4935.0,9967.5,,,,1,0
동대문구,청량리동,2023,11,전세,오피스텔,3,23000.0,21800.0,8861.2,17700.0,26500.0,,,,3,0
동대문구,청량리동,2023,12,월세,연립다세대,10,1000.0,1000.0,235.7,1000.0,1000.0,55.0,56.4,4.25,8,0
동대문구,청량리동,2023,12,월세,오피스텔,9,2000.0,1888.9,928.0,1000.0,3000.0,80.0,83.33,10.0,9,0
동대문구,청량리동,2023,12,전세,연립다세대,1,23000.0,23000.0,,23000.0,23000.0,,,,1,0
동대문구,청량리동,2023,12,전세,오피스텔,4,29000.0,28250.0,7889.9,22250.0,35000.0,,,,4,0
동대문구,청량리동,2024,1,월세,연립다세대,14,1000.0,1271.4,797.5,1000.0,1000.0,55.0,51.29,10.67,9,0
동대문구,청량리동,2024,1,월세,오피스텔,23,2000.0,3165.2,2536.2,1000.0,5000.0,80.0,76.48,26.67,21,0
동대문구,청량리동,2024,1,전세,연립다세대,6,12100.0,16566.7,10635.3,9200.0,19500.0,,,,3,0
동대문구,청량리동,2024,1,전세,오피스텔,1,23000.0,23000.0,,23000.0,23000.0,,,,1,0
동대문구,청량리동,2024,2,월세,연립다세대,14,1000.0,1000.0,196.1,1000.0,1000.0,55.0,57.07,3.65,10,0
동대문구,청량리동,2024,2,월세,오피스텔,29,2000.0,2551.7,1838.8,1000.0,5000.0,80.0,85.93,27.02,28,0
동대문구,청량리동,2024,2,전세,연립다세대,2,9100.0,9100.0,282.8,9000.0,9200.0,,,,2,0
동대문구,청량리동,2024,2,전세,오피스텔,6,21000.0,22600.0,9349.9,18875.0,22750.0,,,,6,0
동대문구,청량리동,2024,3,월세,연립다세대,10,1000.0,2576.0,3886.5,1000.0,1750.0,55.0,50.9,20.64,8,0
동대문구,청량리동,2024,3,월세,오피스텔,41,1000.0,1939.0,2065.2,1000.0,1000.0,90.0,92.78,20.9,32,0
동대문구,청량리동,2024,3,전세,연립다세대,2,18500.0,18500.0,7778.2,15750.0,21250.0,,,,2,0
동대문구,청량리동,2024,3,전세,오피스텔,13,21000.0,24155.3,7402.5,20000.0,22000.0,,,,13,0
동대문구,청량리동,2024,4,월세,연립다세대,8,1000.0,937.5,320.4,875.0,1000.0,57.5,57.88,20.88,6,0
동대문구,청량리동,2024,4,월세,오피스텔,19,3000.0,4251.1,6499.2,1000.0,5000.0,89.0,83.42,31.69,15,0
동대문구,청량리동,2024,4,전세,연립다세대,2,18700.0,18700.0,14566.4,13550.0,23850.0,,,,2,0
동대문구,청량리동,2024,4,전세,오피스텔,8,22000.0,24925.0,7580.2,21475.0,25500.0,,,,7,0
동대문구,청량리동,2024,5,월세,연립다세대,15,1000.0,4066.7,5161.2,1000.0,6000.0,57.0,57.13,12.06,6,0
동대문구,청량리동,2024,5,월세,오피스텔,11,1000.0,2768.2,2175.1,1000.0,5000.0,95.0,109.82,31.55,8,0
동대문구,청량리동,2024,5,전세,연립다세대,8,21500.0,21562.5,3580.1,18000.0,23625.0,,,,4,0
동대문구,청량리동,2024,5,전세,오피스텔,2,27334.0,27334.0,8012.9,24501.0,30167.0,,,,2,0
동대문구,청량리동,2024,6,월세,연립다세대,6,1000.0,3666.7,4844.2,1000.0,4000.0,56.0,49.33,19.38,6,0
동대문구,청량리동,2024,6,월세,오피스텔,18,1000.0,2392.2,1970.3,1000.0,5000.0,92.5,92.22,31.81,15,0
동대문구,청량리동,2024,6,전세,연립다세대,2,27500.0,27500.0,3535.5,26250.0,28750.0,,,,2,0
동대문구,청량리동,2024,6,전세,오피스텔,7,23000.0,26926.6,6960.7,22500.0,31500.0,,,,7,0
동대문구,청량리동,2024,7,월세,연립다세대,11,1000.0,3045.5,6802.4,1000.0,1250.0,60.0,58.55,11.94,6,0
동대문구,청량리동,2024,7,월세,오피스텔,17,1500.0,2326.5,1664.7,1000.0,3000.0,100.0,97.76,27.15,16,0
동대문구,청량리동,2024,7,전세,연립다세대,2,22838.5,22838.5,4471.0,21257.75,24419.25,,,,1,0
동대문구,청량리동,2024,7,전세,오피스텔,5,31500.0,30100.0,6877.5,23000.0,35000.0,,,,4,0
동대문구,청량리동,2024,8,월세,연립다세대,10,1000.0,3000.0,5976.8,1000.0,1375.0,60.0,57.5,15.84,7,0
동대문구,청량리동,2024,8,월세,오피스텔,23,1000.0,1934.8,1646.7,1000.0,2000.0,105.0,102.96,24.6,23,0
동대문구,청량리동,2024,8,전세,연립다세대,4,21000.0,19825.0,7140.7,16825.0,24000.0,,,,3,0
동대문구,청량리동,2024,8,전세,오피스텔,4,28775.0,28887.5,7649.7,22412.5,35250.0,,,,4,0
동대문구,청량리동,2024,9,월세,연립다세대,7,1000.0,2428.6,3371.8,1000.0,1750.0,60.0,58.57,30.78,5,0
동대문구,청량리동,2024,9,월세,오피스텔,5,1000.0,1940.0,1992.0,1000.0,1200.0,100.0,98.4,24.81,5,0
동대문구,청량리동,2024,9,전세,연립다세대,4,13500.0,13950.0,4514.1,11625.0,15825.0,,,,4,0
동대문구,청량리동,2024,9,전세,오피스텔,2,21250.0,21250.0,1767.8,20625.0,21875.0,,,,2,0
동대문구,청량리동,2024,10,월세,연립다세대,10,1500.0,6965.0,9197.6,1000.0,14125.0,59.0,54.5,28.98,6,0
동대문구,청량리동,2024,10,월세,오피스텔,11,2000.0,2636.4,1689.5,1000.0,4000.0,90.0,93.0,26.53,11,0
동대문구,청량리동,2024,10,전세,연립다세대,7,30000.0,24671.4,9108.0,21000.0,30000.0,,,,7,0
동대문구,청량리동,2024,10,전세,오피스텔,6,23500.0,27166.7,8453.8,22625.0,34125.0,,,,6,0
동대문구,청량리동,2024,11,월세,연립다세대,2,1000.0,1000.0,0.0,1000.0,1000.0,60.0,60.0,0.0,1,0
동대문구,청량리동,2024,11,월세,오피스텔,7,3000.0,2857.1,1676.2,1500.0,4000.0,155.0,132.14,35.22,7,0
동대문구,청량리동,2024,11,전세,연립다세대,4,17000.0,17150.0,5073.3,12887.5,21262.5,,,,2,0
동대문구,청량리동,2024,11,전세,오피스텔,4,22500.0,22125.0,1547.8,21500.0,23125.0,,,,4,0
동대문구,청량리동,2024,12,월세,연립다세대,14,1000.0,2407.1,5126.6,1000.0,1000.0,60.0,58.71,13.62,6,0
동대문구,청량리동,2024,12,월세,오피스텔,18,2830.0,3164.4,2885.2,1000.0,3000.0,87.5,86.33,39.46,15,0
동대문구,청량리동,2024,12,전세,연립다세대,4,14500.0,17000.0,9055.4,10000.0,21500.0,,,,3,0
동대문구,청량리동,2024,12,전세,오피스텔,7,23500.0,27228.6,8198.5,23000.0,31500.0,,,,7,0
동대문구,청량리동,2025,1,월세,연립다세대,7,1000.0,1171.4,637.0,1000.0,1500.0,60.0,54.71,16.3,4,0
동대문구,청량리동,2025,1,월세,오피스텔,30,3000.0,3626.7,3604.8,1012.5,5000.0,90.0,96.4,28.5,26,0
동대문구,청량리동,2025,1,전세,연립다세대,6,25000.0,21150.0,7176.0,15250.0,25000.0,,,,5,0
동대문구,청량리동,2025,1,전세,오피스텔,6,24500.0,28300.0,6685.8,24000.0,30850.0,,,,6,0
동대문구,청량리동,2025,2,월세,연립다세대,8,1000.0,1200.0,732.9,950.0,1000.0,70.0,67.88,7.86,4,0
동대문구,청량리동,2025,2,월세,오피스텔,47,1000.0,2266.0,3035.7,1000.0,2000.0,100.0,104.47,27.08,40,0
동대문구,청량리동,2025,2,전세,연립다세대,2,16285.0,16285.0,8888.3,13142.5,19427.5,,,,1,0
동대문구,청량리동,2025,2,전세,오피스텔,15,19100.0,20886.7,4074.8,17850.0,23000.0,,,,9,0
동대문구,청량리동,2025,3,월세,연립다세대,2,11500.0,11500.0,9192.4,8250.0,14750.0,39.0,39.0,43.84,1,0
동대문구,청량리동,2025,3,월세,오피스텔,39,1000.0,3064.1,3594.9,1000.0,5000.0,95.0,92.9,26.66,20,0
동대문구,청량리동,2025,3,전세,연립다세대,5,19000.0,18040.0,6442.7,17000.0,20000.0,,,,5,0
동대문구,청량리동,2025,3,전세,오피스텔,28,19425.0,21706.2,5459.1,17850.0,24000.0,,,,14,0
동대문구,청량리동,2025,4,월세,연립다세대,2,4750.0,4750.0,2474.9,3875.0,5625.0,40.0,40.0,14.14,2,0
동대문구,청량리동,2025,4,월세,오피스텔,11,2000.0,3818.2,4238.4,1000.0,5500.0,94.0,89.36,27.04,10,0
동대문구,청량리동,2025,4,전세,연립다세대,1,8400.0,8400.0,,8400.0,8400.0,,,,1,0
동대문구,청량리동,2025,4,전세,오피스텔,80,25000.0,23711.2,2842.9,21000.0,25000.0,,,,14,0
동대문구,청량리동,2025,5,월세,연립다세대,3,10000.0,10166.7,7251.4,6500.0,13750.0,70.0,63.33,40.41,1,0
동대문구,청량리동,2025,5,월세,오피스텔,21,5000.0,6904.8,7238.1,2000.0,5000.0,79.0,81.48,39.25,17,0
동대문구,청량리동,2025,5,전세,연립다세대,2,20000.0,20000.0,0.0,20000.0,20000.0,,,,2,0
동대문구,청량리동,2025,5,전세,오피스텔,17,22000.0,22979.4,6270.8,21000.0,24500.0,,,,9,0
동대문구,청량리동,2025,6,월세,연립다세대,4,1000.0,4300.0,7143.3,800.0,4500.0,37.5,53.75,46.08,4,0
동대문구,청량리동,2025,6,월세,오피스텔,26,1000.0,2365.4,1900.3,1000.0,4500.0,94.0,93.81,23.09,22,0
동대문구,청량리동,2025,6,전세,연립다세대,1,20000.0,20000.0,,20000.0,20000.0,,,,1,0
동대문구,청량리동,2025,6,전세,오피스텔,10,22250.0,24340.0,7132.9,21000.0,24000.0,,,,4,0
동대문구,청량리동,2025,7,월세,연립다세대,2,6450.0,6450.0,4879.0,4725.0,8175.0,42.5,42.5,38.89,2,0
동대문구,청량리동,2025,7,월세,오피스텔,26,1500.0,3596.2,4845.7,1000.0,5000.0,95.0,93.04,31.94,21,0
동대문구,청량리동,2025,7,전세,연립다세대,5,23000.0,23279.0,1604.0,23000.0,24500.0,,,,1,0
동대문구,청량리동,2025,7,전세,오피스텔,18,23500.0,26377.8,7985.7,21262.5,32625.0,,,,11,0
동대문구,청량리동,2025,8,월세,오피스텔,27,1000.0,2533.3,2564.4,1000.0,4000.0,105.0,100.33,31.51,24,0
동대문구,청량리동,2025,8,전세,연립다세대,1,14000.0,14000.0,,14000.0,14000.0,,,,1,0
동대문구,청량리동,2025,8,전세,오피스텔,5,25000.0,26920.0,3678.6,24000.0,30400.0,,,,4,0
동대문구,청량리동,2025,9,월세,연립다세대,3,5000.0,7666.7,6429.1,4000.0,10000.0,80.0,58.33,37.53,3,0
동대문구,청량리동,2025,9,월세,오피스텔,11,2000.0,2187.3,1654.6,1000.0,3000.0,90.0,95.18,33.2,11,0
동대문구,청량리동,2025,9,전세,연립다세대,1,21900.0,21900.0,,21900.0,21900.0,,,,0,0
동대문구,청량리동,2025,9,전세,오피스텔,9,25000.0,30366.7,9071.2,22800.0,37800.0,,,,5,0
동대문구,청량리동,2025,10,월세,연립다세대,2,1750.0,1750.0,1767.8,1125.0,2375.0,70.0,70.0,28.28,2,0
동대문구,청량리동,2025,10,월세,오피스텔,11,3000.0,3318.2,1847.6,1500.0,5000.0,110.0,113.64,42.08,9,0
동대문구,청량리동,2025,10,전세,연립다세대,4,25000.0,24375.0,4346.9,23375.0,26000.0,,,,3,0
동대문구,청량리동,2025,10,전세,오피스텔,4,23050.0,26500.0,9899.8,21225.0,28325.0,,,,1,0
동대문구,청량리동,2025,11,월세,연립다세대,3,5000.0,10666.7,9815.0,5000.0,13500.0,70.0,56.67,32.15,2,0
동대문구,청량리동,2025,11,월세,오피스텔,15,2000.0,2233.3,1498.4,1000.0,3000.0,90.0,92.8,23.83,13,0
동대문구,청량리동,2025,11,전세,연립다세대,2,13500.0,13500.0,10606.6,9750.0,17250.0,,,,2,0
동대문구,청량리동,2025,11,전세,오피스텔,6,24250.0,27250.0,7744.4,24000.0,24875.0,,,,4,0
동대문구,청량리동,2025,12,월세,연립다세대,4,6500.0,6875.0,6223.3,2375.0,11000.0,50.0,43.75,19.74,4,0
동대문구,청량리동,2025,12,월세,오피스텔,25,3000.0,4024.0,5732.7,1000.0,5000.0,92.0,90.28,33.07,18,0
동대문구,청량리동,2025,12,전세,연립다세대,3,25000.0,24333.3,1154.7,24000.0,25000.0,,,,2,0
동대문구,청량리동,2025,12,전세,오피스텔,3,25000.0,31166.7,11116.8,24750.0,34500.0,,,,3,0
동대문구,청량리동,2026,1,월세,연립다세대,1,3000.0,3000.0,,3000.0,3000.0,100.0,100.0,,1,1
동대문구,청량리동,2026,1,월세,오피스텔,32,1000.0,3390.6,3762.6,1000.0,5000.0,99.0,99.0,28.21,28,1
동대문구,청량리동,2026,1,전세,연립다세대,5,20000.0,21000.0,5291.5,16000.0,26000.0,,,,5,1
동대문구,청량리동,2026,1,전세,오피스텔,4,30250.0,29637.5,7414.6,23887.5,36000.0,,,,4,1
동대문구,청량리동,2026,2,월세,연립다세대,1,14600.0,14600.0,,14600.0,14600.0,4.0,4.0,,1,1
동대문구,청량리동,2026,2,월세,오피스텔,38,1000.0,2763.2,3620.0,1000.0,3000.0,105.0,99.37,31.0,31,1
동대문구,청량리동,2026,2,전세,연립다세대,3,20000.0,20921.7,11644.9,14882.5,26500.0,,,,2,1
동대문구,청량리동,2026,2,전세,오피스텔,5,25000.0,31200.0,9884.3,24000.0,42000.0,,,,5,1
동대문구,청량리동,2026,3,월세,연립다세대,2,7450.0,7450.0,3464.8,6225.0,8675.0,22.0,22.0,25.46,2,1
동대문구,청량리동,2026,3,월세,오피스텔,27,1000.0,2433.7,3481.4,1000.0,3500.0,97.0,84.33,39.3,21,1
동대문구,청량리동,2026,3,전세,연립다세대,1,17700.0,17700.0,,17700.0,17700.0,,,,0,1
동대문구,청량리동,2026,3,전세,오피스텔,13,22800.0,25226.5,7048.3,20800.0,25000.0,,,,6,1
동대문구,청량리동,2026,4,월세,연립다세대,1,12960.0,12960.0,,12960.0,12960.0,20.0,20.0,,0,1
동대문구,청량리동,2026,4,월세,오피스텔,25,1000.0,3894.0,6476.9,1000.0,3000.0,104.0,104.4,39.08,20,1
동대문구,청량리동,2026,4,전세,연립다세대,1,21000.0,21000.0,,21000.0,21000.0,,,,1,1
동대문구,청량리동,2026,4,전세,오피스텔,24,22059.5,26946.6,7168.3,22050.0,32500.0,,,,12,1
동대문구,청량리동,2026,5,월세,연립다세대,2,6500.0,6500.0,7778.2,3750.0,9250.0,76.0,76.0,5.66,2,1
동대문구,청량리동,2026,5,월세,오피스텔,21,3000.0,4576.2,4615.4,1000.0,5000.0,87.0,93.05,41.05,18,1
동대문구,청량리동,2026,5,전세,연립다세대,3,11000.0,14433.3,6562.3,10650.0,16500.0,,,,0,1
동대문구,청량리동,2026,5,전세,오피스텔,3,23000.0,23416.7,946.5,22875.0,23750.0,,,,2,1
동대문구,청량리동,2026,6,월세,연립다세대,1,3000.0,3000.0,,3000.0,3000.0,45.0,45.0,,1,1
동대문구,청량리동,2026,6,월세,오피스텔,19,1000.0,2897.9,4355.4,1000.0,3500.0,105.0,105.16,40.28,13,1
동대문구,청량리동,2026,6,전세,연립다세대,2,28830.0,28830.0,11554.1,24745.0,32915.0,,,,1,1
동대문구,청량리동,2026,6,전세,오피스텔,10,24365.0,26314.0,6483.7,22537.5,25000.0,,,,6,1
동대문구,청량리동,2026,7,월세,연립다세대,1,5000.0,5000.0,,5000.0,5000.0,80.0,80.0,,1,1
동대문구,청량리동,2026,7,월세,오피스텔,21,1000.0,4458.1,7864.1,1000.0,3000.0,100.0,89.43,37.89,17,1
동대문구,청량리동,2026,7,전세,연립다세대,2,34000.0,34000.0,1414.2,33500.0,34500.0,,,,2,1
동대문구,청량리동,2026,7,전세,오피스텔,10,23550.0,24994.0,7623.4,21262.5,24750.0,,,,9,1
동대문구,청량리동,2026,8,월세,연립다세대,1,20000.0,20000.0,,20000.0,20000.0,15.0,15.0,,1,1
동대문구,청량리동,2026,8,월세,오피스텔,31,1000.0,2592.3,3623.0,1000.0,3000.0,105.0,100.1,20.48,28,1
동대문구,청량리동,2026,8,전세,연립다세대,2,18350.0,18350.0,7990.3,15525.0,21175.0,,,,1,1
동대문구,청량리동,2026,8,전세,오피스텔,4,27845.0,29922.5,14804.4,20067.5,37700.0,,,,4,1
동대문구,청량리동,2026,9,월세,오피스텔,9,1000.0,2555.6,1943.7,1000.0,5000.0,120.0,121.56,27.33,7,1
동대문구,청량리동,2026,9,전세,연립다세대,2,21950.0,21950.0,14212.8,16925.0,26975.0,,,,2,1
동대문구,청량리동,2026,9,전세,오피스텔,1,24000.0,24000.0,,24000.0,24000.0,,,,1,1
동대문구,회기동,2021,1,월세,연립다세대,3,3000.0,3000.0,0.0,3000.0,3000.0,45.0,61.67,33.29,0,0
동대문구,회기동,2021,1,전세,연립다세대,2,12000.0,12000.0,5656.9,10000.0,14000.0,,,,0,0
동대문구,회기동,2021,1,전세,오피스텔,1,10000.0,10000.0,,10000.0,10000.0,,,,0,0
동대문구,회기동,2021,2,월세,연립다세대,5,2000.0,3200.0,2683.3,1000.0,5000.0,40.0,38.0,13.04,0,0
동대문구,회기동,2021,2,월세,오피스텔,1,4000.0,4000.0,,4000.0,4000.0,33.0,33.0,,0,0
동대문구,회기동,2021,2,전세,연립다세대,2,9200.0,9200.0,282.8,9100.0,9300.0,,,,0,0
동대문구,회기동,2021,2,전세,오피스텔,1,10500.0,10500.0,,10500.0,10500.0,,,,0,0
동대문구,회기동,2021,3,월세,연립다세대,1,1000.0,1000.0,,1000.0,1000.0,40.0,40.0,,0,0
동대문구,회기동,2021,5,월세,연립다세대,1,2000.0,2000.0,,2000.0,2000.0,35.0,35.0,,0,0
동대문구,회기동,2021,5,전세,연립다세대,2,11250.0,11250.0,1060.7,10875.0,11625.0,,,,0,0
동대문구,회기동,2021,6,월세,연립다세대,4,1250.0,1500.0,1080.1,875.0,1875.0,47.5,46.25,4.79,3,0
동대문구,회기동,2021,6,전세,연립다세대,4,10500.0,10250.0,2061.6,8750.0,12000.0,,,,0,0
동대문구,회기동,2021,6,전세,오피스텔,1,10000.0,10000.0,,10000.0,10000.0,,,,0,0
동대문구,회기동,2021,7,월세,연립다세대,5,12500.0,12800.0,12331.9,5000.0,12500.0,15.0,31.2,33.81,2,0
동대문구,회기동,2021,7,전세,연립다세대,3,12000.0,14766.7,4792.0,12000.0,16150.0,,,,2,0
동대문구,회기동,2021,7,전세,오피스텔,2,14250.0,14250.0,5303.3,12375.0,16125.0,,,,2,0
동대문구,회기동,2021,8,전세,연립다세대,1,13000.0,13000.0,,13000.0,13000.0,,,,1,0
동대문구,회기동,2021,9,월세,연립다세대,2,550.0,550.0,636.4,325.0,775.0,44.5,44.5,7.78,0,0
동대문구,회기동,2021,9,전세,연립다세대,1,10000.0,10000.0,,10000.0,10000.0,,,,1,0
동대문구,회기동,2021,10,월세,연립다세대,1,4700.0,4700.0,,4700.0,4700.0,16.0,16.0,,0,0
동대문구,회기동,2021,11,월세,연립다세대,2,2644.5,2644.5,3032.8,1572.25,3716.75,35.5,35.5,13.44,1,0
동대문구,회기동,2021,11,전세,연립다세대,3,30000.0,27666.7,4041.5,26500.0,30000.0,,,,1,0
동대문구,회기동,2021,11,전세,오피스텔,3,11000.0,10833.3,288.7,10750.0,11000.0,,,,2,0
동대문구,회기동,2021,12,월세,연립다세대,3,500.0,2000.0,2598.1,500.0,2750.0,50.0,35.67,24.83,2,0
동대문구,회기동,2021,12,전세,연립다세대,5,22000.0,22000.0,5000.0,17000.0,27000.0,,,,4,0
동대문구,회기동,2021,12,전세,오피스텔,3,10500.0,10150.0,606.2,9975.0,10500.0,,,,2,0
동대문구,회기동,2022,1,월세,연립다세대,10,1000.0,2130.0,2571.7,1000.0,2500.0,50.0,53.0,27.61,8,0
동대문구,회기동,2022,1,월세,오피스텔,3,2000.0,2000.0,0.0,2000.0,2000.0,55.0,55.0,0.0,3,0
동대문구,회기동,2022,1,전세,연립다세대,10,13000.0,16100.0,7950.5,10000.0,24250.0,,,,7,0
동대문구,회기동,2022,1,전세,오피스텔,5,10500.0,11850.0,3909.3,10000.0,10500.0,,,,4,0
동대문구,회기동,2022,2,월세,연립다세대,11,500.0,909.1,735.5,500.0,1000.0,50.0,51.82,8.2,6,0
동대문구,회기동,2022,2,월세,오피스텔,3,1000.0,1333.3,577.4,1000.0,1500.0,55.0,56.67,2.89,3,0
동대문구,회기동,2022,2,전세,연립다세대,6,13750.0,14133.3,6862.0,9000.0,18875.0,,,,4,0
동대문구,회기동,2022,2,전세,오피스텔,2,9975.0,9975.0,742.5,9712.5,10237.5,,,,1,0
동대문구,회기동,2022,3,월세,연립다세대,2,7500.0,7500.0,9899.5,4000.0,11000.0,27.5,27.5,24.75,0,0
동대문구,회기동,2022,3,월세,오피스텔,4,850.0,800.0,244.9,650.0,1000.0,55.0,55.75,1.5,4,0
동대문구,회기동,2022,3,전세,연립다세대,5,18900.0,17680.0,4963.6,18000.0,19000.0,,,,2,0
동대문구,회기동,2022,3,전세,오피스텔,2,10750.0,10750.0,353.6,10625.0,10875.0,,,,1,0
동대문구,회기동,2022,4,월세,연립다세대,1,12000.0,12000.0,,12000.0,12000.0,2.0,2.0,,0,0
동대문구,회기동,2022,4,전세,연립다세대,5,8400.0,10480.0,5731.7,8000.0,11000.0,,,,3,0
동대문구,회기동,2022,4,전세,오피스텔,1,10500.0,10500.0,,10500.0,10500.0,,,,1,0
동대문구,회기동,2022,5,월세,연립다세대,3,1000.0,1166.7,288.7,1000.0,1250.0,90.0,75.0,41.58,2,0
동대문구,회기동,2022,5,월세,오피스텔,3,1000.0,1333.3,577.4,1000.0,1500.0,55.0,53.33,2.89,3,0
동대문구,회기동,2022,5,전세,연립다세대,4,13000.0,13000.0,4041.5,9500.0,16500.0,,,,2,0
동대문구,회기동,2022,5,전세,오피스텔,2,9950.0,9950.0,777.8,9675.0,10225.0,,,,1,0
동대문구,회기동,2022,6,월세,연립다세대,2,2000.0,2000.0,1414.2,1500.0,2500.0,52.5,52.5,10.61,2,0
동대문구,회기동,2022,6,월세,오피스텔,3,1000.0,1333.3,577.4,1000.0,1500.0,50.0,46.0,11.53,3,0
동대문구,회기동,2022,6,전세,연립다세대,1,17500.0,17500.0,,17500.0,17500.0,,,,0,0
동대문구,회기동,2022,7,월세,연립다세대,4,2000.0,2500.0,1914.9,1000.0,3500.0,52.5,61.25,35.81,2,0
동대문구,회기동,2022,7,월세,오피스텔,1,3000.0,3000.0,,3000.0,3000.0,45.0,45.0,,1,0
동대문구,회기동,2022,7,전세,연립다세대,3,13860.0,14953.3,5580.9,11930.0,17430.0,,,,2,0
동대문구,회기동,2022,7,전세,오피스텔,3,10500.0,10500.0,0.0,10500.0,10500.0,,,,2,0
동대문구,회기동,2022,8,월세,연립다세대,2,3750.0,3750.0,4596.2,2125.0,5375.0,55.0,55.0,7.07,2,0
동대문구,회기동,2022,8,월세,오피스텔,2,1500.0,1500.0,707.1,1250.0,1750.0,55.0,55.0,0.0,2,0
동대문구,회기동,2022,8,전세,연립다세대,1,16500.0,16500.0,,16500.0,16500.0,,,,0,0
동대문구,회기동,2022,9,월세,연립다세대,4,3945.0,3946.2,1092.6,3000.0,4891.25,31.5,39.75,29.92,2,0
동대문구,회기동,2022,9,전세,연립다세대,1,14000.0,14000.0,,14000.0,14000.0,,,,1,0
동대문구,회기동,2022,9,전세,오피스텔,1,10500.0,10500.0,,10500.0,10500.0,,,,1,0
동대문구,회기동,2022,10,월세,연립다세대,6,1250.0,3186.7,4151.3,500.0,3965.0,47.5,44.17,18.82,3,0
동대문구,회기동,2022,10,전세,연립다세대,1,25000.0,25000.0,,25000.0,25000.0,,,,1,0
동대문구,회기동,2022,11,월세,연립다세대,4,500.0,3375.0,5750.0,500.0,3375.0,43.5,38.5,16.42,3,0
동대문구,회기동,2022,11,전세,연립다세대,6,12750.0,14500.0,6082.8,9500.0,19000.0,,,,3,0
동대문구,회기동,2022,11,전세,오피스텔,7,10500.0,11300.0,2896.4,10175.0,10500.0,,,,4,0
동대문구,회기동,2022,12,월세,연립다세대,15,1000.0,2000.0,2337.6,500.0,2500.0,50.0,50.27,10.48,9,0
동대문구,회기동,2022,12,전세,연립다세대,5,10500.0,13540.0,5317.2,10000.0,17300.0,,,,1,0
동대문구,회기동,2022,12,전세,오피스텔,3,18900.0,16266.7,5000.3,14700.0,19150.0,,,,1,0
동대문구,회기동,2023,1,월세,연립다세대,12,3000.0,3640.8,3219.4,960.0,6000.0,47.5,45.75,11.58,7,0
동대문구,회기동,2023,1,월세,오피스텔,1,3100.0,3100.0,,3100.0,3100.0,17.0,17.0,,0,0
동대문구,회기동,2023,1,전세,연립다세대,8,14000.0,15875.0,6446.2,11500.0,19250.0,,,,5,0
동대문구,회기동,2023,1,전세,오피스텔,4,10500.0,10625.0,250.0,10500.0,10625.0,,,,3,0
동대문구,회기동,2023,2,월세,연립다세대,6,4551.5,5683.8,5389.0,2500.0,5775.75,40.0,40.83,24.69,3,0
동대문구,회기동,2023,2,전세,연립다세대,2,16000.0,16000.0,7071.1,13500.0,18500.0,,,,0,0
동대문구,회기동,2023,2,전세,오피스텔,2,10500.0,10500.0,0.0,10500.0,10500.0,,,,1,0
동대문구,회기동,2023,3,월세,연립다세대,2,750.0,750.0,353.6,625.0,875.0,65.0,65.0,21.21,1,0
동대문구,회기동,2023,3,전세,연립다세대,3,15000.0,15666.7,6027.7,12500.0,18500.0,,,,2,0
동대문구,회기동,2023,3,전세,오피스텔,3,10500.0,10200.0,519.6,10050.0,10500.0,,,,1,0
동대문구,회기동,2023,4,월세,연립다세대,2,750.0,750.0,353.6,625.0,875.0,44.0,44.0,15.56,2,0
동대문구,회기동,2023,4,전세,오피스텔,3,14000.0,13500.0,2783.9,12250.0,15000.0,,,,2,0
동대문구,회기동,2023,5,월세,연립다세대,4,12400.0,10200.0,6254.6,9550.0,13050.0,22.0,43.5,51.31,2,0
동대문구,회기동,2023,5,월세,오피스텔,2,1000.0,1000.0,0.0,1000.0,1000.0,55.0,55.0,0.0,2,0
동대문구,회기동,2023,5,전세,연립다세대,2,15500.0,15500.0,7778.2,12750.0,18250.0,,,,2,0
동대문구,회기동,2023,6,월세,연립다세대,7,500.0,1142.9,988.0,500.0,1500.0,57.0,73.57,33.34,7,0
동대문구,회기동,2023,6,전세,오피스텔,1,10500.0,10500.0,,10500.0,10500.0,,,,0,0
동대문구,회기동,2023,7,월세,연립다세대,2,1000.0,1000.0,0.0,1000.0,1000.0,87.5,87.5,45.96,2,0
동대문구,회기동,2023,7,월세,오피스텔,2,750.0,750.0,353.6,625.0,875.0,56.5,56.5,2.12,2,0
동대문구,회기동,2023,7,전세,연립다세대,3,17000.0,15800.0,6879.0,12700.0,19500.0,,,,2,0
동대문구,회기동,2023,8,월세,연립다세대,3,7000.0,8666.7,8621.7,4000.0,12500.0,25.0,46.33,46.8,3,0
동대문구,회기동,2023,8,전세,연립다세대,1,7100.0,7100.0,,7100.0,7100.0,,,,0,0
동대문구,회기동,2023,8,전세,오피스텔,1,11000.0,11000.0,,11000.0,11000.0,,,,1,0
동대문구,회기동,2023,9,전세,연립다세대,1,20000.0,20000.0,,20000.0,20000.0,,,,1,0
동대문구,회기동,2023,10,월세,연립다세대,4,2000.0,5000.0,6733.0,1000.0,6000.0,75.0,81.25,30.1,4,0
동대문구,회기동,2023,10,전세,연립다세대,6,20500.0,18750.0,4579.8,14750.0,22125.0,,,,3,0
동대문구,회기동,2023,10,전세,오피스텔,1,10500.0,10500.0,,10500.0,10500.0,,,,0,0
동대문구,회기동,2023,11,월세,연립다세대,6,2000.0,3100.0,3706.8,1250.0,2000.0,117.5,106.67,47.08,5,0
동대문구,회기동,2023,11,전세,연립다세대,1,19000.0,19000.0,,19000.0,19000.0,,,,1,0
동대문구,회기동,2023,12,월세,연립다세대,10,750.0,2520.0,5148.2,500.0,1000.0,53.0,49.4,8.85,9,0
동대문구,회기동,2023,12,전세,연립다세대,2,20000.0,20000.0,0.0,20000.0,20000.0,,,,0,0
동대문구,회기동,2024,1,월세,연립다세대,13,1000.0,1576.9,1336.1,1000.0,2000.0,55.0,55.54,20.64,11,0
동대문구,회기동,2024,1,월세,오피스텔,4,1000.0,1375.0,750.0,1000.0,1375.0,60.0,58.0,4.0,4,0
동대문구,회기동,2024,1,전세,연립다세대,3,12000.0,16666.7,8962.9,11500.0,19500.0,,,,1,0
동대문구,회기동,2024,2,월세,연립다세대,20,3000.0,3350.0,1725.2,2750.0,4625.0,44.0,54.05,22.73,18,0
동대문구,회기동,2024,2,월세,오피스텔,4,1500.0,1962.5,1343.7,1000.0,2462.5,58.0,48.5,23.95,2,0
동대문구,회기동,2024,2,전세,오피스텔,1,10500.0,10500.0,,10500.0,10500.0,,,,1,0
동대문구,회기동,2024,3,월세,연립다세대,5,1000.0,1600.0,1917.0,500.0,1000.0,48.0,47.2,4.97,5,0
동대문구,회기동,2024,3,월세,오피스텔,1,1000.0,1000.0,,1000.0,1000.0,60.0,60.0,,1,0
동대문구,회기동,2024,3,전세,연립다세대,2,15000.0,15000.0,7071.1,12500.0,17500.0,,,,2,0
동대문구,회기동,2024,4,월세,연립다세대,5,1000.0,3400.0,4916.8,500.0,3000.0,55.0,52.8,32.83,5,0
동대문구,회기동,2024,4,전세,연립다세대,1,8500.0,8500.0,,8500.0,8500.0,,,,1,0
동대문구,회기동,2024,5,월세,연립다세대,3,1000.0,2666.7,2886.8,1000.0,3500.0,60.0,51.67,33.29,3,0
동대문구,회기동,2024,5,전세,연립다세대,2,33500.0,33500.0,13435.0,28750.0,38250.0,,,,2,0
동대문구,회기동,2024,6,월세,연립다세대,10,500.0,610.0,296.1,500.0,875.0,53.0,60.3,24.55,9,0
동대문구,회기동,2024,6,월세,오피스텔,5,1000.0,1220.0,1068.6,1000.0,1000.0,60.0,55.0,11.73,5,0
동대문구,회기동,2024,7,월세,연립다세대,13,1000.0,2819.2,3376.0,500.0,7000.0,49.0,42.92,19.86,13,0
동대문구,회기동,2024,7,월세,오피스텔,1,3000.0,3000.0,,3000.0,3000.0,55.0,55.0,,1,0
동대문구,회기동,2024,7,전세,연립다세대,1,17000.0,17000.0,,17000.0,17000.0,,,,1,0
동대문구,회기동,2024,8,월세,연립다세대,6,2000.0,3301.7,3589.4,1000.0,3982.5,51.0,43.5,16.83,5,0
동대문구,회기동,2024,8,월세,오피스텔,1,2000.0,2000.0,,2000.0,2000.0,60.0,60.0,,1,0
동대문구,회기동,2024,8,전세,연립다세대,1,18396.0,18396.0,,18396.0,18396.0,,,,1,0
동대문구,회기동,2024,9,월세,연립다세대,5,500.0,1060.0,1114.9,500.0,1000.0,45.0,48.4,9.96,4,0
동대문구,회기동,2024,9,월세,오피스텔,1,3005.0,3005.0,,3005.0,3005.0,18.0,18.0,,0,0
동대문구,회기동,2024,9,전세,연립다세대,3,17640.0,16345.3,2921.7,15320.0,18018.0,,,,3,0
동대문구,회기동,2024,10,월세,연립다세대,5,1000.0,3100.0,3577.7,1000.0,4000.0,70.0,69.4,30.61,5,0
동대문구,회기동,2024,10,전세,연립다세대,2,16375.0,16375.0,176.8,16312.5,16437.5,,,,2,0
동대문구,회기동,2024,11,월세,연립다세대,9,1000.0,3000.0,5086.7,500.0,2000.0,55.0,51.11,16.86,9,0
동대문구,회기동,2024,11,월세,오피스텔,1,2000.0,2000.0,,2000.0,2000.0,60.0,60.0,,1,0
동대문구,회기동,2024,11,전세,연립다세대,4,16250.0,14187.5,4125.0,14187.5,16250.0,,,,4,0
동대문구,회기동,2024,12,월세,연립다세대,22,1250.0,3340.9,4384.5,1000.0,3875.0,52.5,51.05,11.61,18,0
동대문구,회기동,2024,12,월세,오피스텔,1,1000.0,1000.0,,1000.0,1000.0,60.0,60.0,,1,0
동대문구,회기동,2024,12,전세,연립다세대,3,19350.0,20616.7,3907.2,18425.0,22175.0,,,,3,0
동대문구,회기동,2025,1,월세,연립다세대,19,2000.0,2526.3,1703.5,1000.0,4000.0,50.0,54.95,27.48,19,0
동대문구,회기동,2025,1,월세,오피스텔,2,1500.0,1500.0,707.1,1250.0,1750.0,60.0,60.0,0.0,2,0
동대문구,회기동,2025,1,전세,연립다세대,3,15000.0,18000.0,7937.3,13500.0,21000.0,,,,3,0
동대문구,회기동,2025,2,월세,연립다세대,14,1000.0,2428.6,4089.7,1000.0,1375.0,50.0,53.93,19.08,13,0
동대문구,회기동,2025,2,월세,오피스텔,4,1000.0,1250.0,500.0,1000.0,1250.0,65.0,62.5,5.0,4,0
동대문구,회기동,2025,2,전세,연립다세대,5,9800.0,16340.0,10354.6,8500.0,25000.0,,,,5,0
동대문구,회기동,2025,3,월세,연립다세대,13,6000.0,5490.0,3533.7,3000.0,7000.0,55.0,46.15,20.59,11,0
동대문구,회기동,2025,3,월세,오피스텔,2,14000.0,14000.0,0.0,14000.0,14000.0,4.0,4.0,1.41,2,0
동대문구,회기동,2025,3,전세,연립다세대,4,16500.0,15875.0,2015.6,15250.0,17125.0,,,,4,0
동대문구,회기동,2025,4,월세,연립다세대,5,7626.0,8125.2,7755.0,500.0,16000.0,25.0,43.0,38.34,4,0
동대문구,회기동,2025,4,전세,연립다세대,7,31500.0,28785.7,6499.1,28250.0,32750.0,,,,7,0
동대문구,회기동,2025,5,월세,연립다세대,8,3000.0,5470.0,5534.2,875.0,11920.0,45.0,47.12,21.07,6,0
동대문구,회기동,2025,5,월세,오피스텔,1,1000.0,1000.0,,1000.0,1000.0,55.0,55.0,,0,0
동대문구,회기동,2025,5,전세,연립다세대,2,32500.0,32500.0,0.0,32500.0,32500.0,,,,2,0
동대문구,회기동,2025,5,전세,오피스텔,1,16000.0,16000.0,,16000.0,16000.0,,,,1,0
동대문구,회기동,2025,6,월세,연립다세대,17,3000.0,7064.7,8216.0,1000.0,17000.0,52.0,46.88,26.78,17,0
동대문구,회기동,2025,6,월세,오피스텔,3,1000.0,1333.3,577.4,1000.0,1500.0,60.0,58.33,2.89,3,0
동대문구,회기동,2025,6,전세,연립다세대,2,32000.0,32000.0,0.0,32000.0,32000.0,,,,2,0
동대문구,회기동,2025,7,월세,연립다세대,9,500.0,1077.8,851.1,500.0,2000.0,50.0,60.22,32.06,8,0
동대문구,회기동,2025,7,전세,연립다세대,6,13500.0,16216.7,10410.5,7550.0,22000.0,,,,6,0
동대문구,회기동,2025,8,월세,연립다세대,17,1000.0,2247.1,2439.0,500.0,3000.0,55.0,57.24,27.0,17,0
동대문구,회기동,2025,8,월세,오피스텔,4,2500.0,2250.0,957.4,1750.0,3000.0,55.0,56.25,7.5,4,0
동대문구,회기동,2025,9,월세,연립다세대,3,500.0,566.7,404.1,350.0,750.0,57.0,72.33,42.15,3,0
동대문구,회기동,2025,9,전세,연립다세대,2,18250.0,18250.0,2474.9,17375.0,19125.0,,,,2,0
동대문구,회기동,2025,10,월세,연립다세대,13,5000.0,7038.5,7344.1,1000.0,10000.0,45.0,51.85,30.82,13,0
동대문구,회기동,2025,10,월세,오피스텔,1,1000.0,1000.0,,1000.0,1000.0,80.0,80.0,,1,0
동대문구,회기동,2025,10,전세,연립다세대,1,13000.0,13000.0,,13000.0,13000.0,,,,1,0
동대문구,회기동,2025,11,월세,연립다세대,6,500.0,883.3,1040.0,500.0,500.0,55.0,57.17,11.13,6,0
동대문구,회기동,2025,11,월세,오피스텔,1,1000.0,1000.0,,1000.0,1000.0,70.0,70.0,,1,0
동대문구,회기동,2025,11,전세,연립다세대,2,19950.0,19950.0,70.7,19925.0,19975.0,,,,1,0
동대문구,회기동,2025,12,월세,연립다세대,28,1000.0,3475.0,5247.5,1000.0,4000.0,51.0,55.25,26.03,26,0
동대문구,회기동,2025,12,월세,오피스텔,9,1000.0,2873.4,3291.1,1000.0,3000.0,65.0,60.78,20.17,9,0
동대문구,회기동,2025,12,전세,오피스텔,1,15000.0,15000.0,,15000.0,15000.0,,,,1,0
동대문구,회기동,2026,1,월세,연립다세대,29,1000.0,2844.8,4179.3,1000.0,3000.0,52.0,59.72,28.64,28,1
동대문구,회기동,2026,1,월세,오피스텔,10,1000.0,1700.0,1337.5,1000.0,1750.0,66.5,67.3,10.31,10,1
동대문구,회기동,2026,1,전세,연립다세대,2,21000.0,21000.0,16970.6,15000.0,27000.0,,,,2,1
동대문구,회기동,2026,2,월세,연립다세대,12,1000.0,1875.0,1509.4,1000.0,2125.0,52.0,55.75,13.14,11,1
동대문구,회기동,2026,2,월세,오피스텔,7,1000.0,1000.0,0.0,1000.0,1000.0,70.0,71.29,5.5,7,1
동대문구,회기동,2026,2,전세,연립다세대,3,19950.0,17483.3,7080.0,14725.0,21475.0,,,,2,1
동대문구,회기동,2026,3,월세,연립다세대,7,1000.0,3171.4,6546.4,500.0,1000.0,50.0,64.29,29.49,6,1
동대문구,회기동,2026,3,월세,오피스텔,2,550.0,550.0,636.4,325.0,775.0,70.0,70.0,0.0,2,1
동대문구,회기동,2026,3,전세,연립다세대,2,16500.0,16500.0,6364.0,14250.0,18750.0,,,,2,1
동대문구,회기동,2026,4,월세,연립다세대,4,4500.0,3750.0,1893.0,3250.0,5000.0,47.5,60.0,26.77,4,1
동대문구,회기동,2026,4,월세,오피스텔,1,5000.0,5000.0,,5000.0,5000.0,60.0,60.0,,1,1
동대문구,회기동,2026,5,월세,연립다세대,7,1000.0,1571.4,975.9,1000.0,2000.0,75.0,85.0,31.89,7,1
동대문구,회기동,2026,5,월세,오피스텔,4,1000.0,1250.0,500.0,1000.0,1250.0,65.0,68.75,7.5,4,1
동대문구,회기동,2026,5,전세,연립다세대,2,22000.0,22000.0,0.0,22000.0,22000.0,,,,2,1
동대문구,회기동,2026,6,월세,연립다세대,7,12000.0,9928.6,8575.3,2000.0,15500.0,15.0,29.29,21.52,7,1
동대문구,회기동,2026,6,월세,오피스텔,4,1500.0,2250.0,1893.0,1000.0,2750.0,62.5,63.75,12.5,4,1
동대문구,회기동,2026,6,전세,연립다세대,1,19315.0,19315.0,,19315.0,19315.0,,,,0,1
동대문구,회기동,2026,7,월세,연립다세대,11,500.0,1590.9,2964.9,500.0,1000.0,54.0,51.55,16.4,11,1
동대문구,회기동,2026,7,월세,오피스텔,3,1000.0,1333.3,577.4,1000.0,1500.0,80.0,73.33,11.55,3,1
동대문구,회기동,2026,7,전세,연립다세대,2,9750.0,9750.0,353.6,9625.0,9875.0,,,,2,1
동대문구,회기동,2026,8,월세,연립다세대,7,1000.0,1085.7,708.1,750.0,1500.0,52.0,62.43,34.84,7,1
동대문구,회기동,2026,8,월세,오피스텔,5,1000.0,1600.0,894.4,1000.0,2000.0,80.0,72.2,13.59,5,1
동대문구,휘경동,2021,1,월세,연립다세대,20,2000.0,2650.0,2345.8,1000.0,4000.0,42.5,45.6,17.37,0,0
동대문구,휘경동,2021,1,월세,오피스텔,15,2000.0,2266.7,1579.6,1000.0,3000.0,58.0,59.07,10.71,3,0
동대문구,휘경동,2021,1,전세,연립다세대,21,14000.0,15961.9,8728.2,10000.0,19000.0,,,,1,0
동대문구,휘경동,2021,1,전세,오피스텔,2,13250.0,13250.0,8838.8,10125.0,16375.0,,,,1,0
동대문구,휘경동,2021,2,월세,연립다세대,22,1000.0,2246.5,2369.4,1000.0,3000.0,50.0,43.27,18.65,3,0
동대문구,휘경동,2021,2,월세,오피스텔,15,1000.0,1200.0,774.6,1000.0,1000.0,65.0,63.93,10.95,1,0
동대문구,휘경동,2021,2,전세,연립다세대,14,14750.0,13714.3,5941.1,9000.0,17000.0,,,,1,0
동대문구,휘경동,2021,2,전세,오피스텔,6,16000.0,15833.3,516.4,15625.0,16000.0,,,,0,0
동대문구,휘경동,2021,3,월세,연립다세대,6,1000.0,3250.0,4469.3,1000.0,3250.0,50.0,48.83,2.04,0,0
동대문구,휘경동,2021,3,월세,오피스텔,7,1000.0,1571.4,1367.1,750.0,2000.0,56.0,49.71,22.17,0,0
동대문구,휘경동,2021,3,전세,연립다세대,9,21000.0,17388.9,8432.7,14500.0,23000.0,,,,0,0
동대문구,휘경동,2021,3,전세,오피스텔,3,14000.0,15283.3,2222.8,14000.0,15925.0,,,,0,0
동대문구,휘경동,2021,4,월세,연립다세대,5,2422.0,3149.0,3409.7,1000.0,2823.0,30.0,33.0,15.46,0,0
동대문구,휘경동,2021,4,월세,오피스텔,4,500.0,625.0,250.0,500.0,625.0,50.0,55.0,10.0,1,0
동대문구,휘경동,2021,4,전세,연립다세대,7,16000.0,14428.6,3408.7,12000.0,17000.0,,,,0,0
동대문구,휘경동,2021,4,전세,오피스텔,2,13250.0,13250.0,6717.5,10875.0,15625.0,,,,1,0
동대문구,휘경동,2021,5,월세,연립다세대,8,3500.0,4070.0,3995.3,875.0,5500.0,37.5,38.0,14.26,0,0
동대문구,휘경동,2021,5,월세,오피스텔,1,1000.0,1000.0,,1000.0,1000.0,50.0,50.0,,0,0
동대문구,휘경동,2021,5,전세,연립다세대,8,16750.0,17187.5,6969.0,14250.0,20250.0,,,,0,0
동대문구,휘경동,2021,5,전세,오피스텔,1,18000.0,18000.0,,18000.0,18000.0,,,,0,0
동대문구,휘경동,2021,6,월세,연립다세대,11,1000.0,5036.4,7453.8,500.0,6000.0,40.0,37.73,18.35,7,0
동대문구,휘경동,2021,6,월세,오피스텔,10,1000.0,3700.0,5266.2,1000.0,2750.0,47.5,44.1,20.58,10,0
동대문구,휘경동,2021,6,전세,연립다세대,12,11000.0,12416.7,5297.5,8250.0,15750.0,,,,8,0
동대문구,휘경동,2021,7,월세,연립다세대,15,1000.0,1386.7,1143.2,500.0,1500.0,45.0,46.87,18.27,10,0
동대문구,휘경동,2021,7,월세,오피스텔,9,1000.0,1111.1,740.7,1000.0,1000.0,50.0,59.33,14.28,9,0
동대문구,휘경동,2021,7,전세,연립다세대,9,20000.0,20433.3,5684.6,18900.0,23000.0,,,,6,0
동대문구,휘경동,2021,7,전세,오피스텔,2,6500.0,6500.0,2121.3,5750.0,7250.0,,,,2,0
동대문구,휘경동,2021,8,월세,연립다세대,19,1000.0,4194.4,9068.2,500.0,4500.0,45.0,46.58,11.8,14,0
동대문구,휘경동,2021,8,월세,오피스텔,10,1000.0,1300.0,1378.4,500.0,1000.0,60.0,58.0,7.89,9,0
동대문구,휘경동,2021,8,전세,연립다세대,21,15000.0,17771.4,8488.4,13500.0,20000.0,,,,14,0
동대문구,휘경동,2021,8,전세,오피스텔,3,17000.0,13616.7,6609.9,11500.0,17425.0,,,,1,0
동대문구,휘경동,2021,9,월세,연립다세대,25,1000.0,4900.0,5285.8,1000.0,9000.0,45.0,43.6,20.88,19,0
동대문구,휘경동,2021,9,월세,오피스텔,10,1000.0,2260.0,3376.5,500.0,1000.0,60.0,50.5,24.77,9,0
동대문구,휘경동,2021,9,전세,연립다세대,25,17000.0,20024.0,7158.5,15000.0,26000.0,,,,17,0
동대문구,휘경동,2021,9,전세,오피스텔,5,14000.0,15600.0,3049.6,14000.0,15000.0,,,,4,0
동대문구,휘경동,2021,10,월세,연립다세대,9,5000.0,5777.8,4352.5,2000.0,9000.0,50.0,46.33,24.99,8,0
동대문구,휘경동,2021,10,월세,오피스텔,5,1000.0,2200.0,1788.9,1000.0,3000.0,55.0,57.6,4.88,4,0
동대문구,휘경동,2021,10,전세,연립다세대,27,15000.0,16029.6,4449.7,15000.0,16250.0,,,,17,0
동대문구,휘경동,2021,10,전세,오피스텔,7,17500.0,17428.6,4276.2,15750.0,19750.0,,,,4,0
동대문구,휘경동,2021,11,월세,연립다세대,20,1000.0,2125.0,2704.2,1000.0,2000.0,50.0,50.5,12.87,16,0
동대문구,휘경동,2021,11,월세,오피스텔,19,1000.0,1268.4,1151.4,500.0,1000.0,63.0,61.68,19.69,18,0
동대문구,휘경동,2021,11,전세,연립다세대,16,16500.0,14437.5,4346.9,9625.0,17250.0,,,,13,0
동대문구,휘경동,2021,11,전세,오피스텔,7,17700.0,16457.1,3073.5,16000.0,18250.0,,,,5,0
동대문구,휘경동,2021,12,월세,연립다세대,38,1000.0,2422.1,3262.1,1000.0,2030.0,52.0,51.13,14.8,27,0
동대문구,휘경동,2021,12,월세,오피스텔,26,1000.0,1888.5,1863.2,625.0,3000.0,60.0,58.35,13.73,22,0
동대문구,휘경동,2021,12,전세,연립다세대,18,12000.0,14822.2,9803.6,9125.0,17000.0,,,,11,0
동대문구,휘경동,2021,12,전세,오피스텔,8,17000.0,15937.5,3310.6,15875.0,18000.0,,,,7,0
동대문구,휘경동,2022,1,월세,연립다세대,38,1000.0,2647.4,3915.9,1000.0,1875.0,45.0,48.34,17.75,26,0
동대문구,휘경동,2022,1,월세,오피스텔,17,1000.0,2517.6,3977.2,1000.0,3000.0,68.0,61.65,19.71,15,0
동대문구,휘경동,2022,1,전세,연립다세대,21,12000.0,13098.8,5424.4,9000.0,16000.0,,,,14,0
동대문구,휘경동,2022,1,전세,오피스텔,14,18250.0,17978.6,1185.9,17250.0,18500.0,,,,12,0
동대문구,휘경동,2022,2,월세,연립다세대,33,1000.0,3383.4,6269.9,1000.0,2000.0,48.0,46.79,18.5,23,0
동대문구,휘경동,2022,2,월세,오피스텔,16,1000.0,1581.2,2325.0,875.0,1000.0,60.0,58.12,16.89,14,0
동대문구,휘경동,2022,2,전세,연립다세대,12,18950.0,18779.2,5179.5,17812.5,22150.0,,,,5,0
동대문구,휘경동,2022,2,전세,오피스텔,1,18500.0,18500.0,,18500.0,18500.0,,,,1,0
동대문구,휘경동,2022,3,월세,연립다세대,13,3000.0,4715.4,5723.0,1000.0,5500.0,45.0,45.15,15.87,6,0
동대문구,휘경동,2022,3,월세,오피스텔,4,1000.0,3625.0,5588.3,875.0,3750.0,61.5,57.75,18.46,1,0
동대문구,휘경동,2022,3,전세,연립다세대,13,13000.0,17150.0,10646.4,8500.0,26250.0,,,,8,0
동대문구,휘경동,2022,3,전세,오피스텔,2,15260.0,15260.0,4610.3,13630.0,16890.0,,,,2,0
동대문구,휘경동,2022,4,월세,연립다세대,15,2000.0,7666.7,11374.6,1000.0,8500.0,50.0,49.07,18.63,13,0
동대문구,휘경동,2022,4,월세,오피스텔,12,1000.0,1358.3,1329.7,875.0,1000.0,57.5,66.67,27.33,12,0
동대문구,휘경동,2022,4,전세,연립다세대,9,16000.0,18355.6,7601.8,15000.0,25000.0,,,,6,0
동대문구,휘경동,2022,4,전세,오피스텔,6,20000.0,21300.0,3577.7,19250.0,21875.0,,,,4,0
동대문구,휘경동,2022,5,월세,연립다세대,9,1000.0,3888.9,4159.2,1000.0,5000.0,45.0,53.44,25.7,7,0
동대문구,휘경동,2022,5,월세,오피스텔,24,1000.0,1183.3,1091.7,875.0,1000.0,72.0,65.46,19.01,19,0
동대문구,휘경동,2022,5,전세,연립다세대,15,19800.0,22853.3,8224.2,17500.0,29000.0,,,,9,0
동대문구,휘경동,2022,5,전세,오피스텔,11,17200.0,17011.8,4833.7,14000.0,18950.0,,,,8,0
동대문구,휘경동,2022,6,월세,연립다세대,15,6000.0,8106.7,7307.5,1500.0,14000.0,40.0,45.27,25.14,12,0
동대문구,휘경동,2022,6,월세,오피스텔,16,1000.0,1943.8,2387.2,500.0,2000.0,70.0,63.06,17.36,13,0
동대문구,휘경동,2022,6,전세,연립다세대,7,21000.0,19328.6,8369.9,15900.0,22750.0,,,,4,0
동대문구,휘경동,2022,6,전세,오피스텔,3,26000.0,21766.7,10323.0,18000.0,27650.0,,,,2,0
동대문구,휘경동,2022,7,월세,연립다세대,19,1000.0,2047.4,2434.8,500.0,2500.0,43.0,42.68,15.29,14,0
동대문구,휘경동,2022,7,월세,오피스텔,26,1000.0,1692.3,1860.5,1000.0,1000.0,79.5,69.12,16.69,25,0
동대문구,휘경동,2022,7,전세,연립다세대,11,22000.0,19181.8,11934.7,7000.0,28500.0,,,,6,0
동대문구,휘경동,2022,7,전세,오피스텔,6,26000.0,24600.0,2966.5,25250.0,26000.0,,,,5,0
동대문구,휘경동,2022,8,월세,연립다세대,31,2000.0,3738.7,4257.2,1000.0,5000.0,80.0,80.87,42.32,26,0
동대문구,휘경동,2022,8,월세,오피스텔,32,1000.0,1696.9,2265.7,1000.0,1000.0,77.0,69.88,21.85,24,0
동대문구,휘경동,2022,8,전세,연립다세대,15,20000.0,21033.3,8671.5,16000.0,27500.0,,,,9,0
동대문구,휘경동,2022,8,전세,오피스텔,7,20000.0,20307.1,6611.3,18925.0,25500.0,,,,5,0
동대문구,휘경동,2022,9,월세,연립다세대,12,2500.0,4708.3,4863.9,1000.0,6250.0,71.5,72.92,42.4,10,0
동대문구,휘경동,2022,9,월세,오피스텔,9,1000.0,2111.1,3049.4,1000.0,1000.0,63.0,61.78,16.73,6,0
동대문구,휘경동,2022,9,전세,연립다세대,5,18000.0,20400.0,6542.2,18000.0,26000.0,,,,4,0
동대문구,휘경동,2022,9,전세,오피스텔,5,17800.0,17470.0,966.7,17800.0,18000.0,,,,2,0
동대문구,휘경동,2022,10,월세,연립다세대,11,3000.0,4772.7,4900.8,1000.0,7500.0,50.0,51.36,21.69,8,0
동대문구,휘경동,2022,10,월세,오피스텔,9,1000.0,3388.9,3982.6,1000.0,5000.0,55.0,55.33,18.77,8,0
동대문구,휘경동,2022,10,전세,연립다세대,19,22050.0,21560.5,5997.7,17500.0,25950.0,,,,5,0
동대문구,휘경동,2022,10,전세,오피스텔,6,18950.0,19483.3,4671.4,18600.0,21625.0,,,,2,0
동대문구,휘경동,2022,11,월세,연립다세대,18,1000.0,3838.9,5727.3,1000.0,3000.0,57.5,54.17,24.33,13,0
동대문구,휘경동,2022,11,월세,오피스텔,12,1000.0,1508.3,1362.1,1000.0,1125.0,75.0,72.75,17.88,9,0
동대문구,휘경동,2022,11,전세,연립다세대,10,15875.0,16015.0,6372.2,14700.0,19375.0,,,,5,0
동대문구,휘경동,2022,11,전세,오피스텔,8,17000.0,15605.6,3987.3,14025.0,18092.5,,,,4,0
동대문구,휘경동,2022,12,월세,연립다세대,27,1000.0,3188.9,6483.5,500.0,1500.0,45.0,48.7,19.63,22,0
동대문구,휘경동,2022,12,월세,오피스텔,15,1000.0,1333.3,1205.1,750.0,1000.0,68.0,66.47,10.98,14,0
동대문구,휘경동,2022,12,전세,연립다세대,17,17000.0,18857.6,6835.7,15500.0,26000.0,,,,10,0
동대문구,휘경동,2022,12,전세,오피스텔,5,18000.0,18174.0,1144.1,17500.0,18370.0,,,,4,0
동대문구,휘경동,2023,1,월세,연립다세대,27,1000.0,3859.3,4384.9,1000.0,9000.0,50.0,49.07,20.58,22,0
동대문구,휘경동,2023,1,월세,오피스텔,17,1000.0,1252.9,1101.2,500.0,1000.0,60.0,61.82,18.8,14,0
동대문구,휘경동,2023,1,전세,연립다세대,16,15700.0,14721.9,6871.0,10000.0,17125.0,,,,10,0
동대문구,휘경동,2023,1,전세,오피스텔,5,17000.0,17000.0,1000.0,16000.0,18000.0,,,,4,0
동대문구,휘경동,2023,2,월세,연립다세대,36,1500.0,2823.9,2881.8,1000.0,4000.0,54.5,59.81,29.57,28,0
동대문구,휘경동,2023,2,월세,오피스텔,42,1000.0,2959.5,3231.8,1000.0,5000.0,69.0,71.98,30.41,37,0
동대문구,휘경동,2023,2,전세,연립다세대,19,13000.0,14042.9,7330.3,10000.0,15300.0,,,,14,0
동대문구,휘경동,2023,2,전세,오피스텔,6,17400.0,17733.3,1890.7,16275.0,18375.0,,,,3,0
동대문구,휘경동,2023,3,월세,연립다세대,6,2500.0,2300.0,1523.2,1250.0,3000.0,60.0,72.83,35.1,6,0
동대문구,휘경동,2023,3,월세,오피스텔,15,500.0,1106.7,1262.3,500.0,1000.0,50.0,53.8,15.68,14,0
동대문구,휘경동,2023,3,전세,연립다세대,14,20000.0,19807.1,4779.5,16850.0,24500.0,,,,7,0
동대문구,휘경동,2023,3,전세,오피스텔,1,14000.0,14000.0,,14000.0,14000.0,,,,0,0
동대문구,휘경동,2023,4,월세,연립다세대,13,2000.0,3307.7,4850.0,1000.0,2000.0,58.0,63.77,31.72,10,0
동대문구,휘경동,2023,4,월세,오피스텔,7,1000.0,1571.4,1511.9,1000.0,1000.0,74.0,68.57,18.39,6,0
동대문구,휘경동,2023,4,전세,연립다세대,7,17000.0,17000.0,4804.5,14000.0,20000.0,,,,6,0
동대문구,휘경동,2023,5,월세,연립다세대,11,1000.0,3272.7,4595.5,500.0,3500.0,55.0,54.82,19.93,9,0
동대문구,휘경동,2023,5,월세,오피스텔,28,1000.0,1046.4,837.3,875.0,1000.0,80.0,77.29,19.85,25,0
동대문구,휘경동,2023,5,전세,연립다세대,3,16000.0,14693.3,3243.8,13500.0,16540.0,,,,2,0
동대문구,휘경동,2023,5,전세,오피스텔,4,18650.0,17137.5,8651.7,15112.5,20675.0,,,,3,0
동대문구,휘경동,2023,6,월세,연립다세대,14,10000.0,9378.6,7147.8,2000.0,14625.0,35.0,32.07,20.52,6,0
동대문구,휘경동,2023,6,월세,오피스텔,18,1000.0,944.4,450.1,500.0,1000.0,71.5,71.17,14.53,18,0
동대문구,휘경동,2023,6,전세,연립다세대,17,16000.0,15038.2,4841.5,11300.0,17000.0,,,,9,0
동대문구,휘경동,2023,6,전세,오피스텔,7,16500.0,14821.4,4179.5,14000.0,17425.0,,,,5,0
동대문구,휘경동,2023,7,월세,연립다세대,21,2000.0,5528.6,5785.3,1000.0,8900.0,40.0,48.57,34.57,17,0
동대문구,휘경동,2023,7,월세,오피스텔,21,1000.0,1619.0,2161.6,500.0,1000.0,80.0,73.57,23.86,20,0
동대문구,휘경동,2023,7,전세,연립다세대,25,16000.0,19238.0,10405.8,13000.0,20000.0,,,,13,0
동대문구,휘경동,2023,7,전세,오피스텔,6,16000.0,15508.3,2818.9,14237.5,17125.0,,,,5,0
동대문구,휘경동,2023,8,월세,연립다세대,36,1000.0,2513.9,3463.0,1000.0,2000.0,64.5,66.17,31.64,28,0
동대문구,휘경동,2023,8,월세,오피스텔,15,1000.0,2104.0,3171.9,1000.0,1000.0,76.0,66.47,29.67,11,0
동대문구,휘경동,2023,8,전세,연립다세대,26,16000.0,17140.4,6150.3,15000.0,16275.0,,,,21,0
동대문구,휘경동,2023,8,전세,오피스텔,7,16000.0,16157.1,6115.2,15050.0,17750.0,,,,3,0
동대문구,휘경동,2023,9,월세,연립다세대,11,3000.0,5481.8,6348.5,1000.0,7500.0,68.0,62.09,25.28,9,0
동대문구,휘경동,2023,9,월세,오피스텔,9,1000.0,1055.6,768.3,500.0,1000.0,65.0,70.67,27.28,8,0
동대문구,휘경동,2023,9,전세,연립다세대,22,16500.0,20945.5,7963.8,16000.0,22300.0,,,,13,0
동대문구,휘경동,2023,9,전세,오피스텔,5,16500.0,15700.0,6467.2,16000.0,17000.0,,,,3,0
동대문구,휘경동,2023,10,월세,연립다세대,13,1000.0,3758.5,5724.8,500.0,4000.0,60.0,60.0,24.91,10,0
동대문구,휘경동,2023,10,월세,오피스텔,12,1000.0,1041.7,498.1,875.0,1000.0,68.0,67.5,13.34,11,0
동대문구,휘경동,2023,10,전세,연립다세대,18,15750.0,16338.9,5320.0,15000.0,16475.0,,,,9,0
동대문구,휘경동,2023,10,전세,오피스텔,9,17500.0,16611.1,1756.0,15000.0,18000.0,,,,7,0
동대문구,휘경동,2023,11,월세,연립다세대,27,2000.0,4425.9,5618.8,1000.0,4500.0,47.0,46.7,18.47,27,0
동대문구,휘경동,2023,11,월세,오피스텔,30,1000.0,2176.7,2322.7,1000.0,2000.0,66.0,65.87,17.75,29,0
동대문구,휘경동,2023,11,전세,연립다세대,4,16300.0,18275.0,4499.2,16100.0,18475.0,,,,3,0
동대문구,휘경동,2023,11,전세,오피스텔,14,18000.0,16607.1,4047.5,17125.0,18650.0,,,,11,0
동대문구,휘경동,2023,12,월세,연립다세대,58,1000.0,2198.3,2320.7,1000.0,3000.0,54.0,55.71,14.61,49,0
동대문구,휘경동,2023,12,월세,오피스텔,50,1000.0,1988.4,2711.8,1000.0,1750.0,73.0,70.82,20.06,44,0
동대문구,휘경동,2023,12,전세,연립다세대,12,15000.0,14000.0,5183.0,11750.0,15125.0,,,,12,0
동대문구,휘경동,2023,12,전세,오피스텔,19,17500.0,17082.6,3858.3,16235.0,18500.0,,,,13,0
동대문구,휘경동,2024,1,월세,연립다세대,51,1000.0,1682.4,1873.5,1000.0,1250.0,55.0,58.75,20.88,48,0
동대문구,휘경동,2024,1,월세,오피스텔,49,1000.0,1740.8,2630.7,1000.0,1000.0,74.0,71.78,22.69,46,0
동대문구,휘경동,2024,1,전세,연립다세대,7,15500.0,16857.1,8204.2,11500.0,22750.0,,,,4,0
동대문구,휘경동,2024,1,전세,오피스텔,8,16750.0,16862.5,1815.0,15000.0,18550.0,,,,7,0
동대문구,휘경동,2024,2,월세,연립다세대,23,1500.0,3641.4,4608.5,1000.0,3726.0,49.0,57.91,28.44,20,0
동대문구,휘경동,2024,2,월세,오피스텔,22,1500.0,2340.9,2173.4,500.0,4500.0,60.0,66.5,18.61,20,0
동대문구,휘경동,2024,2,전세,연립다세대,14,11650.0,14053.6,7424.1,8250.0,21000.0,,,,12,0
동대문구,휘경동,2024,2,전세,오피스텔,6,19500.0,20050.0,2082.1,18850.0,21500.0,,,,5,0
동대문구,휘경동,2024,3,월세,연립다세대,15,1000.0,6260.0,8629.3,1000.0,10700.0,50.0,44.87,18.6,13,0
동대문구,휘경동,2024,3,월세,오피스텔,9,1000.0,2444.4,3126.9,1000.0,1000.0,76.0,81.67,28.12,7,0
동대문구,휘경동,2024,3,전세,연립다세대,9,19800.0,17311.1,6623.5,9000.0,23000.0,,,,6,0
동대문구,휘경동,2024,3,전세,오피스텔,7,19500.0,20585.7,3916.8,17750.0,21800.0,,,,6,0
동대문구,휘경동,2024,4,월세,연립다세대,12,6500.0,8275.0,8082.4,2000.0,10575.0,56.0,53.42,28.82,11,0
동대문구,휘경동,2024,4,월세,오피스텔,16,1000.0,3134.4,3867.7,1000.0,3162.5,76.0,71.81,19.29,14,0
동대문구,휘경동,2024,4,전세,연립다세대,4,16500.0,17075.0,6900.9,12250.0,21325.0,,,,4,0
동대문구,휘경동,2024,4,전세,오피스텔,2,17500.0,17500.0,7778.2,14750.0,20250.0,,,,1,0
동대문구,휘경동,2024,5,월세,연립다세대,18,2000.0,5750.0,7458.2,1000.0,7250.0,60.5,65.06,25.81,18,0
동대문구,휘경동,2024,5,월세,오피스텔,23,1000.0,1195.7,985.6,1000.0,1000.0,73.0,70.91,18.08,23,0
동대문구,휘경동,2024,5,전세,연립다세대,1,30000.0,30000.0,,30000.0,30000.0,,,,1,0
동대문구,휘경동,2024,5,전세,오피스텔,7,19800.0,18042.9,6945.9,14500.0,22500.0,,,,3,0
동대문구,휘경동,2024,6,월세,연립다세대,28,3000.0,5764.3,6848.6,1000.0,7275.0,57.5,58.07,31.09,26,0
동대문구,휘경동,2024,6,월세,오피스텔,24,1000.0,1291.7,1573.7,500.0,1000.0,76.0,69.83,20.22,23,0
동대문구,휘경동,2024,6,전세,연립다세대,10,15000.0,15660.0,7690.7,9500.0,16350.0,,,,8,0
동대문구,휘경동,2024,6,전세,오피스텔,8,18000.0,18975.0,6079.6,15125.0,25200.0,,,,5,0
동대문구,휘경동,2024,7,월세,연립다세대,36,1000.0,2811.1,3230.4,650.0,3500.0,60.0,59.72,28.1,36,0
동대문구,휘경동,2024,7,월세,오피스텔,31,1000.0,1403.2,1287.2,750.0,1250.0,75.0,72.32,18.32,30,0
동대문구,휘경동,2024,7,전세,연립다세대,8,12250.0,12912.5,5933.5,9175.0,17225.0,,,,7,0
동대문구,휘경동,2024,7,전세,오피스텔,9,18500.0,19055.6,4209.0,17500.0,19000.0,,,,9,0
동대문구,휘경동,2024,8,월세,연립다세대,20,1000.0,3375.0,5098.7,500.0,3000.0,58.5,69.45,33.18,19,0
동대문구,휘경동,2024,8,월세,오피스텔,22,1000.0,1095.5,1125.7,500.0,1000.0,66.0,66.86,21.59,20,0
동대문구,휘경동,2024,8,전세,연립다세대,6,26250.0,26766.7,4554.9,25250.0,26875.0,,,,3,0
동대문구,휘경동,2024,8,전세,오피스텔,4,16166.5,18208.2,6178.5,14124.75,20250.0,,,,3,0
동대문구,휘경동,2024,9,월세,연립다세대,9,2000.0,3633.3,4846.1,1000.0,3000.0,57.0,59.33,21.54,8,0
동대문구,휘경동,2024,9,월세,오피스텔,10,500.0,900.0,774.6,500.0,1000.0,66.5,67.6,19.29,10,0
동대문구,휘경동,2024,9,전세,연립다세대,8,24000.0,21625.0,6781.0,16000.0,27000.0,,,,3,0
동대문구,휘경동,2024,9,전세,오피스텔,6,18000.0,17689.7,1316.0,16903.5,18675.0,,,,5,0
동대문구,휘경동,2024,10,월세,연립다세대,9,2000.0,6266.7,7534.4,1000.0,13000.0,62.0,54.22,24.29,8,0
동대문구,휘경동,2024,10,월세,오피스텔,18,1000.0,1472.2,2653.9,500.0,1000.0,72.0,72.94,19.91,14,0
동대문구,휘경동,2024,10,전세,연립다세대,10,21500.0,19560.0,4867.9,16300.0,22750.0,,,,5,0
동대문구,휘경동,2024,10,전세,오피스텔,1,18690.0,18690.0,,18690.0,18690.0,,,,0,0
동대문구,휘경동,2024,11,월세,연립다세대,20,2500.0,3875.0,4030.5,1000.0,5000.0,57.5,51.4,21.26,18,0
동대문구,휘경동,2024,11,월세,오피스텔,31,1000.0,2735.5,4289.3,1000.0,1000.0,67.0,69.06,22.08,27,0
동대문구,휘경동,2024,11,전세,연립다세대,12,19500.0,20458.3,7493.8,17000.0,24500.0,,,,10,0
동대문구,휘경동,2024,11,전세,오피스텔,10,16500.0,16475.0,2432.1,15512.5,18525.0,,,,9,0
동대문구,휘경동,2024,12,월세,연립다세대,73,2000.0,4226.7,6086.3,1000.0,4000.0,52.0,55.99,59.03,65,0
동대문구,휘경동,2024,12,월세,오피스텔,65,1000.0,1990.8,2240.5,1000.0,2412.0,80.0,72.08,22.98,59,0
동대문구,휘경동,2024,12,전세,연립다세대,9,15000.0,15100.0,4076.8,14000.0,17000.0,,,,8,0
동대문구,휘경동,2024,12,전세,오피스텔,11,18000.0,17508.4,2282.6,16000.0,18821.0,,,,9,0
동대문구,휘경동,2025,1,월세,연립다세대,33,1000.0,3128.8,4016.3,1000.0,3000.0,53.0,51.88,24.0,29,0
동대문구,휘경동,2025,1,월세,오피스텔,37,1000.0,2000.0,2207.9,1000.0,2000.0,75.0,73.59,18.07,32,0
동대문구,휘경동,2025,1,전세,연립다세대,16,21000.0,19300.0,9918.6,10000.0,23125.0,,,,13,0
동대문구,휘경동,2025,1,전세,오피스텔,18,17750.0,16845.8,2848.1,15250.0,18800.0,,,,13,0
동대문구,휘경동,2025,2,월세,연립다세대,53,1500.0,2987.7,3851.5,1000.0,3000.0,52.0,52.53,23.34,50,0
동대문구,휘경동,2025,2,월세,오피스텔,52,1000.0,2000.4,2364.1,875.0,2000.0,65.0,67.56,21.15,41,0
동대문구,휘경동,2025,2,전세,연립다세대,20,17000.0,16786.5,7259.4,11500.0,23500.0,,,,17,0
동대문구,휘경동,2025,2,전세,오피스텔,6,18000.0,17416.7,1428.9,18000.0,18000.0,,,,6,0
동대문구,휘경동,2025,3,월세,연립다세대,17,2000.0,3703.3,5000.8,1000.0,3000.0,65.0,57.0,26.85,17,0
동대문구,휘경동,2025,3,월세,오피스텔,17,1000.0,2500.0,2822.9,1000.0,5000.0,69.0,74.41,24.54,13,0
동대문구,휘경동,2025,3,전세,연립다세대,13,20000.0,19461.5,7880.5,19000.0,25000.0,,,,12,0
동대문구,휘경동,2025,3,전세,오피스텔,4,18400.0,19450.0,3869.1,17800.0,20050.0,,,,3,0
동대문구,휘경동,2025,4,월세,연립다세대,12,3913.0,6013.0,5632.9,1097.5,10000.0,54.0,59.25,31.1,12,0
동대문구,휘경동,2025,4,월세,오피스텔,18,1000.0,3063.1,4042.5,1000.0,4250.0,87.5,75.17,42.7,13,0
동대문구,휘경동,2025,4,전세,연립다세대,2,12350.0,12350.0,6576.1,10025.0,14675.0,,,,2,0
동대문구,휘경동,2025,4,전세,오피스텔,4,18250.0,18375.0,5313.1,16500.0,20125.0,,,,4,0
동대문구,휘경동,2025,5,월세,연립다세대,16,2000.0,7031.1,7990.1,1000.0,14250.0,44.5,49.44,28.65,13,0
동대문구,휘경동,2025,5,월세,오피스텔,17,1000.0,1382.4,1231.5,1000.0,1000.0,90.0,85.0,16.7,10,0
동대문구,휘경동,2025,5,전세,연립다세대,4,19500.0,20175.0,6270.8,14925.0,24750.0,,,,4,0
동대문구,휘경동,2025,5,전세,오피스텔,5,18500.0,18890.0,4159.1,18000.0,18500.0,,,,5,0
동대문구,휘경동,2025,6,월세,연립다세대,30,1000.0,3250.0,4014.5,1000.0,3000.0,67.5,74.77,31.34,24,0
동대문구,휘경동,2025,6,월세,오피스텔,38,1000.0,2139.5,3243.1,1000.0,1000.0,88.0,79.79,23.4,26,0
동대문구,휘경동,2025,6,전세,연립다세대,11,20000.0,20263.6,4639.9,19500.0,23000.0,,,,9,0
동대문구,휘경동,2025,6,전세,오피스텔,3,16800.0,19433.3,4823.2,16650.0,20900.0,,,,2,0
동대문구,휘경동,2025,7,월세,연립다세대,23,1500.0,2943.5,3387.9,1000.0,3000.0,60.0,72.57,33.81,20,0
동대문구,휘경동,2025,7,월세,오피스텔,34,1000.0,1250.0,971.2,1000.0,1000.0,95.0,88.5,19.89,26,0
동대문구,휘경동,2025,7,전세,연립다세대,13,15500.0,15961.5,4436.9,14000.0,20000.0,,,,11,0
동대문구,휘경동,2025,7,전세,오피스텔,8,17500.0,19987.5,4344.3,16800.0,24625.0,,,,5,0
동대문구,휘경동,2025,8,월세,연립다세대,28,1000.0,2164.3,3837.9,900.0,2000.0,65.0,70.43,30.61,27,0
동대문구,휘경동,2025,8,월세,오피스텔,58,1000.0,1383.4,2521.9,500.0,1000.0,80.0,78.26,36.12,53,0
동대문구,휘경동,2025,8,전세,연립다세대,11,15000.0,15809.1,5528.2,12500.0,18500.0,,,,9,0
동대문구,휘경동,2025,8,전세,오피스텔,3,15000.0,16000.0,1732.1,15000.0,16500.0,,,,3,0
동대문구,휘경동,2025,9,월세,연립다세대,15,4000.0,7413.3,8293.4,1000.0,13450.0,45.0,42.87,25.4,13,0
동대문구,휘경동,2025,9,월세,오피스텔,11,1000.0,767.3,404.2,660.0,1000.0,65.0,79.18,48.77,11,0
동대문구,휘경동,2025,9,전세,연립다세대,3,24000.0,20000.0,7810.2,17500.0,24500.0,,,,3,0
동대문구,휘경동,2025,9,전세,오피스텔,1,19500.0,19500.0,,19500.0,19500.0,,,,1,0
동대문구,휘경동,2025,10,월세,연립다세대,16,1000.0,3906.2,6983.8,500.0,1625.0,55.0,66.44,38.62,15,0
동대문구,휘경동,2025,10,월세,오피스텔,18,1000.0,1722.2,2750.5,1000.0,1000.0,76.0,77.11,25.64,15,0
동대문구,휘경동,2025,10,전세,연립다세대,3,27000.0,26333.3,2081.7,25500.0,27500.0,,,,3,0
동대문구,휘경동,2025,10,전세,오피스텔,8,18125.0,18156.2,4112.1,17500.0,19250.0,,,,5,0
동대문구,휘경동,2025,11,월세,연립다세대,25,1000.0,3380.0,4095.9,1000.0,6000.0,57.0,60.8,23.2,24,0
동대문구,휘경동,2025,11,월세,오피스텔,44,1000.0,1885.5,2125.0,1000.0,2000.0,79.0,79.77,29.28,39,0
동대문구,휘경동,2025,11,전세,연립다세대,10,19500.0,18320.0,4520.5,15375.0,21275.0,,,,6,0
동대문구,휘경동,2025,11,전세,오피스텔,8,16350.0,16337.5,1275.0,15000.0,17250.0,,,,4,0
동대문구,휘경동,2025,12,월세,연립다세대,55,1000.0,3310.7,4972.7,1000.0,2395.0,60.0,58.44,21.66,50,0
동대문구,휘경동,2025,12,월세,오피스텔,64,1000.0,2284.4,3668.8,1000.0,2000.0,84.5,79.86,28.63,50,0
동대문구,휘경동,2025,12,전세,연립다세대,11,15500.0,16436.4,6007.0,14900.0,18500.0,,,,7,0
동대문구,휘경동,2025,12,전세,오피스텔,18,17250.0,17204.4,4392.2,16365.0,18375.0,,,,18,0
동대문구,휘경동,2026,1,월세,연립다세대,66,1000.0,2357.6,3867.9,1000.0,2000.0,60.0,57.0,19.63,58,1
동대문구,휘경동,2026,1,월세,오피스텔,67,1000.0,1937.5,2777.5,1000.0,1000.0,75.0,77.4,30.11,58,1
동대문구,휘경동,2026,1,전세,연립다세대,12,15250.0,15916.7,5991.8,12000.0,20125.0,,,,12,1
동대문구,휘경동,2026,1,전세,오피스텔,8,17575.0,17518.8,467.5,17475.0,17700.0,,,,5,1
동대문구,휘경동,2026,2,월세,연립다세대,34,1500.0,4335.3,5401.6,1000.0,7550.0,56.0,57.79,24.08,28,1
동대문구,휘경동,2026,2,월세,오피스텔,58,1000.0,2325.0,3659.2,1000.0,2000.0,78.0,77.21,26.65,53,1
동대문구,휘경동,2026,2,전세,연립다세대,6,14000.0,13250.0,4168.3,10000.0,15375.0,,,,6,1
동대문구,휘경동,2026,2,전세,오피스텔,5,17000.0,17400.0,997.5,16800.0,17700.0,,,,3,1
동대문구,휘경동,2026,3,월세,연립다세대,11,1000.0,3709.1,5011.9,500.0,5100.0,63.0,52.73,35.18,11,1
동대문구,휘경동,2026,3,월세,오피스텔,13,1000.0,1081.5,991.5,500.0,1000.0,80.0,75.08,26.65,12,1
동대문구,휘경동,2026,3,전세,연립다세대,4,25300.0,22650.0,5776.1,22475.0,25475.0,,,,2,1
동대문구,휘경동,2026,3,전세,오피스텔,5,16500.0,17870.0,3432.9,16350.0,16500.0,,,,4,1
동대문구,휘경동,2026,4,월세,연립다세대,19,3000.0,4552.6,4904.3,1000.0,5250.0,60.0,90.32,50.12,18,1
동대문구,휘경동,2026,4,월세,오피스텔,15,1000.0,3466.7,5232.0,1000.0,2500.0,85.0,82.8,34.28,13,1
동대문구,휘경동,2026,4,전세,연립다세대,5,12000.0,13400.0,7021.4,9000.0,19000.0,,,,4,1
동대문구,휘경동,2026,4,전세,오피스텔,7,23000.0,21235.7,4072.7,18175.0,24000.0,,,,5,1
동대문구,휘경동,2026,5,월세,연립다세대,13,1500.0,3730.8,5886.5,1000.0,2000.0,60.0,68.85,39.88,13,1
동대문구,휘경동,2026,5,월세,오피스텔,27,1000.0,1592.6,2724.7,1000.0,1000.0,85.0,80.11,23.4,20,1
동대문구,휘경동,2026,5,전세,연립다세대,5,15000.0,15000.0,707.1,15000.0,15000.0,,,,4,1
동대문구,휘경동,2026,5,전세,오피스텔,3,15000.0,15833.3,1443.4,15000.0,16250.0,,,,3,1
동대문구,휘경동,2026,6,월세,연립다세대,30,1000.0,3585.0,5312.7,625.0,3000.0,59.0,71.0,38.6,29,1
동대문구,휘경동,2026,6,월세,오피스텔,44,1000.0,2651.1,4703.4,1000.0,1000.0,85.0,76.64,30.94,30,1
동대문구,휘경동,2026,6,전세,연립다세대,3,17600.0,17766.7,7151.5,14150.0,21300.0,,,,2,1
동대문구,휘경동,2026,6,전세,오피스텔,4,16100.0,16050.0,822.6,15750.0,16400.0,,,,4,1
동대문구,휘경동,2026,7,월세,연립다세대,28,1250.0,2792.9,3296.1,1000.0,4000.0,58.0,63.21,29.68,27,1
동대문구,휘경동,2026,7,월세,오피스텔,34,1000.0,2401.5,4087.5,1000.0,1000.0,90.0,81.35,31.04,29,1
동대문구,휘경동,2026,7,전세,연립다세대,7,14200.0,15414.3,5268.3,11750.0,17800.0,,,,6,1
동대문구,휘경동,2026,7,전세,오피스텔,5,17400.0,17100.0,1873.5,16000.0,17500.0,,,,5,1
동대문구,휘경동,2026,8,월세,연립다세대,22,1000.0,1831.8,3530.6,500.0,1375.0,61.5,70.77,37.95,22,1
동대문구,휘경동,2026,8,월세,오피스텔,43,1000.0,1430.2,2323.7,750.0,1000.0,90.0,83.72,26.26,36,1
동대문구,휘경동,2026,8,전세,연립다세대,3,9000.0,15666.7,15143.8,7000.0,21000.0,,,,2,1
동대문구,휘경동,2026,8,전세,오피스텔,4,15524.5,15462.2,629.2,14986.75,16000.0,,,,3,1
동대문구,휘경동,2026,9,월세,연립다세대,3,1000.0,2366.7,3178.6,550.0,3500.0,35.0,45.0,40.93,3,1
동대문구,휘경동,2026,9,월세,오피스텔,4,1000.0,875.0,250.0,875.0,1000.0,80.0,81.5,16.2,4,1
동대문구,휘경동,2026,9,전세,연립다세대,1,10200.0,10200.0,,10200.0,10200.0,,,,1,1
동대문구,휘경동,2026,9,전세,오피스텔,1,17500.0,17500.0,,17500.0,17500.0,,,,1,1
동작구,노량진동,2021,1,월세,연립다세대,13,1000.0,2446.2,3378.3,1000.0,1800.0,55.0,57.31,11.17,0,0
동작구,노량진동,2021,1,월세,오피스텔,19,1000.0,1736.8,1194.5,1000.0,2000.0,65.0,62.95,9.61,3,0
동작구,노량진동,2021,1,전세,연립다세대,5,18900.0,17340.0,5087.5,14700.0,20000.0,,,,0,0
동작구,노량진동,2021,1,전세,오피스텔,5,21000.0,21100.0,3209.4,19000.0,24000.0,,,,0,0
동작구,노량진동,2021,2,월세,연립다세대,3,1000.0,833.3,288.7,750.0,1000.0,55.0,55.0,5.0,1,0
동작구,노량진동,2021,2,월세,오피스텔,17,1000.0,2882.4,3887.2,1000.0,3000.0,65.0,60.59,10.59,1,0
동작구,노량진동,2021,2,전세,연립다세대,8,16250.0,19212.5,6561.9,14750.0,25200.0,,,,1,0
동작구,노량진동,2021,2,전세,오피스텔,4,22500.0,21375.0,2982.6,20750.0,23125.0,,,,0,0
동작구,노량진동,2021,3,월세,연립다세대,4,500.0,750.0,866.0,375.0,875.0,49.0,49.5,8.23,0,0
동작구,노량진동,2021,3,월세,오피스텔,11,1000.0,2318.2,2865.9,1000.0,2000.0,65.0,61.18,11.33,1,0
동작구,노량진동,2021,3,전세,연립다세대,6,21000.0,23333.3,9201.4,18500.0,23500.0,,,,0,0
동작구,노량진동,2021,3,전세,오피스텔,5,20000.0,20400.0,2073.6,19000.0,20000.0,,,,0,0
동작구,노량진동,2021,4,월세,연립다세대,4,6500.0,7125.0,6612.8,2375.0,11250.0,45.0,46.25,11.09,1,0
동작구,노량진동,2021,4,월세,오피스텔,13,1000.0,1961.5,1506.4,1000.0,3000.0,65.0,64.92,8.79,3,0
동작구,노량진동,2021,4,전세,연립다세대,7,15000.0,15807.1,5420.1,11825.0,18500.0,,,,2,0
동작구,노량진동,2021,4,전세,오피스텔,10,23000.0,22130.0,2219.1,20000.0,23600.0,,,,2,0
동작구,노량진동,2021,5,월세,연립다세대,7,1000.0,3000.0,3719.3,500.0,4000.0,50.0,47.29,17.08,0,0
동작구,노량진동,2021,5,월세,오피스텔,13,3000.0,4538.5,5379.2,1000.0,5000.0,60.0,59.62,21.06,4,0
동작구,노량진동,2021,5,전세,연립다세대,6,18000.0,16166.7,5269.4,14250.0,19500.0,,,,0,0
동작구,노량진동,2021,5,전세,오피스텔,14,19500.0,20464.3,3499.8,17375.0,23000.0,,,,5,0
동작구,노량진동,2021,6,월세,연립다세대,5,1000.0,1010.0,774.9,500.0,1500.0,35.0,37.8,7.85,4,0
동작구,노량진동,2021,6,월세,오피스텔,48,1000.0,2072.9,2078.2,1000.0,2000.0,65.0,64.62,8.84,41,0
동작구,노량진동,2021,6,전세,연립다세대,13,14000.0,17476.9,7243.9,13000.0,22500.0,,,,9,0
동작구,노량진동,2021,6,전세,오피스텔,49,18500.0,19871.4,2526.9,18000.0,22000.0,,,,35,0
동작구,노량진동,2021,7,월세,연립다세대,5,1000.0,3300.0,5707.5,500.0,1000.0,46.0,45.8,20.72,4,0
동작구,노량진동,2021,7,월세,오피스텔,26,1000.0,1942.3,1267.5,1000.0,2875.0,66.5,67.04,9.12,23,0
동작구,노량진동,2021,7,전세,연립다세대,8,21500.0,20750.0,8298.0,15500.0,25250.0,,,,6,0
동작구,노량진동,2021,7,전세,오피스텔,18,22500.0,22333.3,2443.5,21250.0,23375.0,,,,16,0
동작구,노량진동,2021,8,월세,연립다세대,6,7000.0,8750.0,8624.1,1875.0,12500.0,35.0,40.0,29.5,3,0
동작구,노량진동,2021,8,월세,오피스텔,17,1000.0,1764.7,2352.6,1000.0,1000.0,67.0,67.82,10.58,16,0
동작구,노량진동,2021,8,전세,연립다세대,9,13000.0,18105.6,14351.0,9500.0,17800.0,,,,4,0
동작구,노량진동,2021,8,전세,오피스텔,8,22500.0,23375.0,2263.8,22000.0,24250.0,,,,5,0
동작구,노량진동,2021,9,월세,연립다세대,4,2500.0,2750.0,2061.6,1000.0,4250.0,57.5,56.25,10.9,4,0
동작구,노량진동,2021,9,월세,오피스텔,10,1000.0,1290.0,1323.7,1000.0,1000.0,66.0,64.2,12.24,9,0
동작구,노량진동,2021,9,전세,연립다세대,7,20000.0,18100.0,7026.4,13350.0,20500.0,,,,5,0
동작구,노량진동,2021,9,전세,오피스텔,4,23000.0,23200.0,1557.8,21950.0,24250.0,,,,4,0
동작구,노량진동,2021,10,월세,연립다세대,7,3000.0,2971.4,2784.9,400.0,5000.0,48.0,46.43,21.88,2,0
동작구,노량진동,2021,10,월세,오피스텔,16,1000.0,1625.0,2247.2,1000.0,1000.0,67.0,66.12,14.38,13,0
동작구,노량진동,2021,10,전세,연립다세대,8,21500.0,21500.0,6071.0,19000.0,24750.0,,,,6,0
동작구,노량진동,2021,10,전세,오피스텔,8,20000.0,20687.5,3473.8,18000.0,21500.0,,,,7,0
동작구,노량진동,2021,11,월세,연립다세대,5,1000.0,1660.0,1256.2,1000.0,3000.0,55.0,55.8,21.23,3,0
동작구,노량진동,2021,11,월세,오피스텔,13,1000.0,2769.2,4284.7,1000.0,1000.0,65.0,65.15,14.44,11,0
동작구,노량진동,2021,11,전세,연립다세대,8,17000.0,17125.0,3786.7,14375.0,20000.0,,,,6,0
동작구,노량진동,2021,11,전세,오피스텔,3,17000.0,17266.7,642.9,16900.0,17500.0,,,,2,0
동작구,노량진동,2021,12,월세,연립다세대,17,500.0,2929.4,4794.8,500.0,2000.0,46.0,43.29,13.54,14,0
동작구,노량진동,2021,12,월세,오피스텔,24,1000.0,1562.5,1895.7,1000.0,1000.0,65.0,67.92,10.49,19,0
동작구,노량진동,2021,12,전세,연립다세대,13,17850.0,16803.8,5579.0,10000.0,20000.0,,,,7,0
동작구,노량진동,2021,12,전세,오피스텔,6,19750.0,20166.7,2294.9,18125.0,22125.0,,,,4,0
동작구,노량진동,2022,1,월세,연립다세대,10,1000.0,2350.0,3257.9,625.0,2500.0,52.5,51.8,19.5,8,0
동작구,노량진동,2022,1,월세,오피스텔,14,1000.0,1000.0,0.0,1000.0,1000.0,65.0,68.64,6.28,10,0
동작구,노량진동,2022,1,전세,연립다세대,12,19000.0,21750.0,10547.5,16000.0,27750.0,,,,9,0
동작구,노량진동,2022,1,전세,오피스텔,5,25200.0,24380.0,4883.9,25000.0,25200.0,,,,3,0
동작구,노량진동,2022,2,월세,연립다세대,3,500.0,366.7,230.9,300.0,500.0,55.0,63.33,18.93,1,0
동작구,노량진동,2022,2,월세,오피스텔,16,1000.0,1687.5,1400.9,1000.0,1250.0,67.5,68.56,12.6,14,0
동작구,노량진동,2022,2,전세,연립다세대,12,16375.0,18470.8,7522.3,14025.0,22750.0,,,,5,0
동작구,노량진동,2022,2,전세,오피스텔,8,22500.0,22231.2,2897.9,19987.5,23500.0,,,,5,0
동작구,노량진동,2022,3,월세,연립다세대,9,3000.0,6733.3,8852.5,1000.0,8000.0,40.0,42.11,15.47,6,0
동작구,노량진동,2022,3,월세,오피스텔,10,1000.0,1050.0,368.9,1000.0,1000.0,66.5,67.6,6.24,7,0
동작구,노량진동,2022,3,전세,연립다세대,15,15000.0,17952.7,6307.8,14700.0,20000.0,,,,6,0
동작구,노량진동,2022,3,전세,오피스텔,5,18000.0,20540.0,4605.2,17700.0,22000.0,,,,4,0
동작구,노량진동,2022,4,월세,연립다세대,7,1000.0,1357.1,1625.7,500.0,1000.0,55.0,58.57,12.9,6,0
동작구,노량진동,2022,4,월세,오피스텔,13,1000.0,2692.3,3425.0,1000.0,1000.0,65.0,62.85,15.04,9,0
동작구,노량진동,2022,4,전세,연립다세대,18,18000.0,19161.1,6760.5,16000.0,24500.0,,,,12,0
동작구,노량진동,2022,4,전세,오피스텔,2,26000.0,26000.0,2828.4,25000.0,27000.0,,,,1,0
동작구,노량진동,2022,5,월세,연립다세대,6,500.0,633.3,294.4,500.0,875.0,53.5,53.67,13.37,5,0
동작구,노량진동,2022,5,월세,오피스텔,16,1000.0,2125.0,1746.4,1000.0,4000.0,66.5,67.56,14.72,9,0
동작구,노량진동,2022,5,전세,연립다세대,12,19950.0,20329.2,6994.4,18175.0,25362.5,,,,6,0
동작구,노량진동,2022,5,전세,오피스텔,6,20250.0,19883.3,5687.0,17750.0,24100.0,,,,5,0
동작구,노량진동,2022,6,월세,연립다세대,7,1000.0,4592.9,7291.0,500.0,4825.0,50.0,50.0,24.11,3,0
동작구,노량진동,2022,6,월세,오피스텔,19,1000.0,2105.3,1760.5,1000.0,2500.0,65.0,67.89,9.72,14,0
동작구,노량진동,2022,6,전세,연립다세대,18,17500.0,18151.4,7524.3,12000.0,22968.75,,,,8,0
동작구,노량진동,2022,6,전세,오피스텔,4,18750.0,19375.0,1797.0,18375.0,19750.0,,,,3,0
동작구,노량진동,2022,7,월세,연립다세대,7,500.0,2414.3,2888.2,400.0,4000.0,45.0,40.14,15.95,4,0
동작구,노량진동,2022,7,월세,오피스텔,14,1000.0,1500.0,759.6,1000.0,2000.0,65.0,66.71,10.75,9,0
동작구,노량진동,2022,7,전세,연립다세대,12,23000.0,21333.3,9198.2,14500.0,29250.0,,,,7,0
동작구,노량진동,2022,7,전세,오피스텔,5,16800.0,17090.0,3224.2,16800.0,16800.0,,,,3,0
동작구,노량진동,2022,8,월세,연립다세대,9,5000.0,6700.0,6442.8,1000.0,10000.0,50.0,46.22,19.58,7,0
동작구,노량진동,2022,8,월세,오피스텔,14,1000.0,1142.9,534.5,1000.0,1000.0,66.0,73.0,16.6,7,0
동작구,노량진동,2022,8,전세,연립다세대,8,13375.0,15718.8,9437.2,9000.0,19000.0,,,,3,0
동작구,노량진동,2022,8,전세,오피스텔,10,17325.0,17660.0,1648.5,16800.0,17962.5,,,,3,0
동작구,노량진동,2022,9,월세,연립다세대,8,3500.0,3660.0,3011.7,1000.0,5195.0,55.0,55.88,20.26,5,0
동작구,노량진동,2022,9,월세,오피스텔,13,1000.0,3961.5,4665.8,1000.0,6000.0,65.0,57.85,18.46,7,0
동작구,노량진동,2022,9,전세,연립다세대,9,18000.0,18222.2,4265.5,16000.0,20000.0,,,,5,0
동작구,노량진동,2022,9,전세,오피스텔,9,19300.0,19994.4,2700.7,17850.0,22000.0,,,,6,0
동작구,노량진동,2022,10,월세,연립다세대,3,1000.0,6766.7,10424.2,750.0,9900.0,60.0,49.33,18.48,1,0
동작구,노량진동,2022,10,월세,오피스텔,5,1000.0,2880.0,4203.8,1000.0,1000.0,80.0,69.6,22.77,4,0
동작구,노량진동,2022,10,전세,연립다세대,16,18000.0,17400.0,7227.3,11500.0,21250.0,,,,9,0
동작구,노량진동,2022,10,전세,오피스텔,6,21500.0,21058.3,2688.9,18750.0,22750.0,,,,1,0
동작구,노량진동,2022,11,월세,연립다세대,4,750.0,3000.0,4672.6,500.0,3250.0,50.0,45.5,16.36,3,0
동작구,노량진동,2022,11,월세,오피스텔,10,2000.0,2250.0,1687.4,1000.0,2750.0,65.5,67.7,12.18,10,0
동작구,노량진동,2022,11,전세,연립다세대,17,18900.0,19582.2,5305.3,15000.0,20000.0,,,,10,0
동작구,노량진동,2022,11,전세,오피스텔,5,18000.0,19080.0,2265.4,17400.0,21000.0,,,,2,0
동작구,노량진동,2022,12,월세,연립다세대,7,1000.0,3214.3,6524.7,500.0,1000.0,52.0,49.43,16.78,5,0
동작구,노량진동,2022,12,월세,오피스텔,21,1000.0,1914.3,2156.2,1000.0,2000.0,65.0,65.71,9.13,14,0
동작구,노량진동,2022,12,전세,연립다세대,8,20350.0,19912.5,7297.6,14000.0,26250.0,,,,5,0
동작구,노량진동,2022,12,전세,오피스텔,9,21000.0,20311.1,2306.8,18800.0,22000.0,,,,3,0
동작구,노량진동,2023,1,월세,연립다세대,11,500.0,1781.8,3012.6,500.0,1500.0,47.0,45.27,12.13,9,0
동작구,노량진동,2023,1,월세,오피스텔,24,1000.0,2145.8,2252.9,1000.0,3000.0,65.0,67.46,16.14,22,0
동작구,노량진동,2023,1,전세,연립다세대,14,15000.0,18228.6,7470.9,12150.0,26750.0,,,,10,0
동작구,노량진동,2023,1,전세,오피스텔,9,20000.0,20488.9,2581.4,19500.0,22000.0,,,,5,0
동작구,노량진동,2023,2,월세,연립다세대,22,500.0,2559.1,4613.7,500.0,1000.0,54.5,51.14,18.17,16,0
동작구,노량진동,2023,2,월세,오피스텔,22,1000.0,3000.0,4504.0,1000.0,3000.0,70.0,67.14,16.56,17,0
동작구,노량진동,2023,2,전세,연립다세대,11,19000.0,18972.7,5018.4,17000.0,21000.0,,,,5,0
동작구,노량진동,2023,2,전세,오피스텔,13,21000.0,21219.2,2289.2,20000.0,23000.0,,,,11,0
동작구,노량진동,2023,3,월세,연립다세대,11,500.0,1909.1,3145.0,500.0,750.0,55.0,50.55,13.6,9,0
동작구,노량진동,2023,3,월세,오피스텔,18,1000.0,2316.7,2365.0,1000.0,2750.0,69.0,69.44,14.04,14,0
동작구,노량진동,2023,3,전세,연립다세대,18,18500.0,19211.1,4563.5,16850.0,20750.0,,,,12,0
동작구,노량진동,2023,3,전세,오피스텔,12,19000.0,19966.7,2692.5,18650.0,21500.0,,,,12,0
동작구,노량진동,2023,4,월세,연립다세대,14,1000.0,2235.7,2355.2,500.0,3500.0,55.0,54.93,21.8,10,0
동작구,노량진동,2023,4,월세,오피스텔,17,1000.0,3205.9,3762.7,1000.0,3500.0,68.0,69.71,17.11,13,0
동작구,노량진동,2023,4,전세,연립다세대,11,17000.0,17825.7,3901.0,15875.0,20500.0,,,,7,0
동작구,노량진동,2023,4,전세,오피스텔,9,19950.0,20799.4,2333.0,18900.0,23000.0,,,,6,0
동작구,노량진동,2023,5,월세,연립다세대,8,500.0,600.0,256.3,500.0,625.0,55.0,56.0,6.72,7,0
동작구,노량진동,2023,5,월세,오피스텔,17,1000.0,2058.8,1853.1,1000.0,2000.0,65.0,64.06,6.51,12,0
동작구,노량진동,2023,5,전세,연립다세대,5,16000.0,14740.0,3433.4,13200.0,17000.0,,,,3,0
동작구,노량진동,2023,5,전세,오피스텔,18,20750.0,21083.3,2352.2,18862.5,23000.0,,,,13,0
동작구,노량진동,2023,6,월세,연립다세대,8,1500.0,1812.5,1579.7,500.0,2250.0,56.5,59.75,17.94,7,0
동작구,노량진동,2023,6,월세,오피스텔,14,1000.0,4050.0,4532.4,1000.0,5000.0,63.5,58.43,17.36,11,0
동작구,노량진동,2023,6,전세,연립다세대,6,16800.0,19500.0,7245.1,14250.0,24750.0,,,,6,0
동작구,노량진동,2023,6,전세,오피스텔,18,19212.5,20190.3,2952.4,18225.0,21500.0,,,,8,0
동작구,노량진동,2023,7,월세,연립다세대,8,500.0,562.5,176.8,500.0,500.0,55.0,60.62,22.11,8,0
동작구,노량진동,2023,7,월세,오피스텔,16,1000.0,1625.0,1360.1,1000.0,1250.0,74.0,77.12,11.76,11,0
동작구,노량진동,2023,7,전세,연립다세대,5,26000.0,24400.0,6107.4,25000.0,27000.0,,,,5,0
동작구,노량진동,2023,7,전세,오피스텔,10,20500.0,21337.0,1972.6,20000.0,23250.0,,,,8,0
동작구,노량진동,2023,8,월세,연립다세대,11,500.0,681.8,252.3,500.0,1000.0,55.0,53.73,5.64,8,0
동작구,노량진동,2023,8,월세,오피스텔,11,1000.0,2272.7,1992.0,1000.0,4500.0,70.0,72.73,12.13,8,0
동작구,노량진동,2023,8,전세,연립다세대,18,22000.0,22047.2,5674.4,21000.0,23500.0,,,,10,0
동작구,노량진동,2023,8,전세,오피스텔,11,21500.0,21136.4,3728.9,18500.0,23000.0,,,,10,0
동작구,노량진동,2023,9,월세,연립다세대,6,1000.0,833.3,258.2,625.0,1000.0,60.0,61.17,9.81,5,0
동작구,노량진동,2023,9,월세,오피스텔,16,1000.0,1981.2,3020.9,1000.0,1000.0,67.0,65.06,15.99,12,0
동작구,노량진동,2023,9,전세,연립다세대,17,23000.0,23623.5,3746.9,20900.0,26000.0,,,,14,0
동작구,노량진동,2023,9,전세,오피스텔,8,23500.0,22850.0,3833.3,20950.0,25250.0,,,,4,0
동작구,노량진동,2023,10,월세,연립다세대,7,500.0,3367.1,7341.6,500.0,1000.0,50.0,44.0,15.21,7,0
동작구,노량진동,2023,10,월세,오피스텔,16,1000.0,1968.8,2269.1,1000.0,2000.0,71.0,71.12,12.39,16,0
동작구,노량진동,2023,10,전세,연립다세대,23,25000.0,23447.8,5331.4,19000.0,26850.0,,,,19,0
동작구,노량진동,2023,10,전세,오피스텔,2,23750.0,23750.0,353.6,23625.0,23875.0,,,,2,0
동작구,노량진동,2023,11,월세,연립다세대,9,3000.0,10027.8,10438.0,1000.0,18500.0,36.0,35.44,22.48,7,0
동작구,노량진동,2023,11,월세,오피스텔,11,1000.0,1818.2,2713.6,1000.0,1000.0,67.0,67.18,11.39,11,0
동작구,노량진동,2023,11,전세,연립다세대,22,22500.0,21777.3,6596.0,19100.0,27375.0,,,,18,0
동작구,노량진동,2023,11,전세,오피스텔,8,20000.0,20000.0,3464.1,17000.0,21250.0,,,,8,0
동작구,노량진동,2023,12,월세,연립다세대,18,11050.0,12166.7,11414.5,1000.0,23975.0,40.5,39.89,18.74,16,0
동작구,노량진동,2023,12,월세,오피스텔,22,1000.0,2386.4,4148.8,1000.0,1375.0,67.5,68.5,18.54,17,0
동작구,노량진동,2023,12,전세,연립다세대,41,27000.0,27185.4,4570.7,25000.0,28000.0,,,,30,0
동작구,노량진동,2023,12,전세,오피스텔,9,19900.0,20511.1,3701.5,17000.0,23500.0,,,,7,0
동작구,노량진동,2024,1,월세,연립다세대,20,1000.0,4520.0,7316.9,500.0,3500.0,55.0,55.85,21.05,18,0
동작구,노량진동,2024,1,월세,오피스텔,20,1000.0,4102.5,5208.1,1000.0,4250.0,67.0,63.15,22.17,16,0
동작구,노량진동,2024,1,전세,연립다세대,24,26250.0,23750.0,7251.7,21000.0,28250.0,,,,20,0
동작구,노량진동,2024,1,전세,오피스텔,10,23000.0,22172.0,2926.1,23000.0,23975.0,,,,8,0
동작구,노량진동,2024,2,월세,연립다세대,16,500.0,1031.2,1175.7,500.0,1000.0,53.5,53.19,8.09,15,0
동작구,노량진동,2024,2,월세,오피스텔,21,1000.0,1995.2,1996.4,1000.0,2000.0,69.0,70.24,9.49,17,0
동작구,노량진동,2024,2,전세,연립다세대,20,25750.0,23470.0,6256.5,19000.0,29000.0,,,,18,0
동작구,노량진동,2024,2,전세,오피스텔,4,22500.0,22500.0,577.4,22000.0,23000.0,,,,4,0
동작구,노량진동,2024,3,월세,연립다세대,12,1500.0,5233.3,7217.9,1000.0,5250.0,52.5,45.75,20.26,10,0
동작구,노량진동,2024,3,월세,오피스텔,18,1000.0,3583.3,5070.8,1000.0,3000.0,73.5,71.39,22.03,15,0
동작구,노량진동,2024,3,전세,연립다세대,11,17000.0,18339.5,7914.2,13800.0,20317.5,,,,9,0
동작구,노량진동,2024,3,전세,오피스텔,7,23000.0,22464.3,2673.1,21200.0,24500.0,,,,5,0
동작구,노량진동,2024,4,월세,연립다세대,9,8920.0,11168.9,10694.2,1000.0,24100.0,55.0,46.67,26.89,8,0
동작구,노량진동,2024,4,월세,오피스텔,24,1500.0,4375.0,5592.7,1000.0,5000.0,68.0,65.25,25.67,20,0
동작구,노량진동,2024,4,전세,연립다세대,22,27300.0,25027.3,6719.7,26000.0,28750.0,,,,17,0
동작구,노량진동,2024,4,전세,오피스텔,5,20700.0,20310.0,2531.4,18000.0,21000.0,,,,4,0
동작구,노량진동,2024,5,월세,연립다세대,9,2000.0,5884.4,8219.2,500.0,9000.0,55.0,44.78,21.34,8,0
동작구,노량진동,2024,5,월세,오피스텔,23,1900.0,5376.1,6728.2,1000.0,5000.0,67.0,60.39,22.77,18,0
동작구,노량진동,2024,5,전세,연립다세대,13,27000.0,23607.7,6379.7,22000.0,27000.0,,,,13,0
동작구,노량진동,2024,5,전세,오피스텔,6,20450.0,20558.3,2758.2,18612.5,21612.5,,,,6,0
동작구,노량진동,2024,6,월세,연립다세대,10,1000.0,2730.0,3429.6,575.0,2750.0,60.0,67.8,16.25,9,0
동작구,노량진동,2024,6,월세,오피스텔,24,1000.0,2708.3,4275.6,1000.0,2000.0,65.0,65.46,20.44,20,0
동작구,노량진동,2024,6,전세,연립다세대,8,17500.0,18875.0,6128.1,15000.0,22750.0,,,,5,0
동작구,노량진동,2024,6,전세,오피스텔,5,20600.0,20724.0,2116.8,19000.0,21000.0,,,,5,0
동작구,노량진동,2024,7,월세,연립다세대,10,1000.0,7960.0,11583.8,625.0,17350.0,53.0,46.1,24.14,9,0
동작구,노량진동,2024,7,월세,오피스텔,21,1000.0,1937.6,3098.3,1000.0,1000.0,73.0,83.14,34.22,17,0
동작구,노량진동,2024,7,전세,연립다세대,8,23000.0,26250.0,13656.5,19250.0,29000.0,,,,5,0
동작구,노량진동,2024,7,전세,오피스텔,7,20500.0,20384.7,2701.7,18221.5,22375.0,,,,4,0
동작구,노량진동,2024,8,월세,연립다세대,13,500.0,592.3,246.5,500.0,500.0,55.0,53.85,4.74,12,0
동작구,노량진동,2024,8,월세,오피스텔,16,1000.0,2625.0,3862.2,1000.0,1000.0,68.0,79.12,40.11,14,0
동작구,노량진동,2024,8,전세,연립다세대,4,19000.0,18718.8,8528.4,16250.0,21468.75,,,,2,0
동작구,노량진동,2024,8,전세,오피스텔,12,20000.0,20391.7,2993.8,18250.0,22750.0,,,,9,0
동작구,노량진동,2024,9,월세,연립다세대,5,1000.0,1360.0,1507.6,500.0,1000.0,55.0,56.4,3.51,4,0
동작구,노량진동,2024,9,월세,오피스텔,13,1000.0,2207.7,4506.7,1000.0,1000.0,76.0,77.69,36.94,9,0
동작구,노량진동,2024,9,전세,연립다세대,9,21100.0,20711.1,6664.7,15000.0,23800.0,,,,9,0
동작구,노량진동,2024,9,전세,오피스텔,4,23000.0,21962.5,2899.2,20962.5,24000.0,,,,3,0
동작구,노량진동,2024,10,월세,연립다세대,7,6000.0,10242.9,10945.9,1000.0,17600.0,48.0,40.86,25.13,7,0
동작구,노량진동,2024,10,월세,오피스텔,20,1000.0,3605.0,5548.3,1000.0,3000.0,70.0,79.8,41.06,15,0
동작구,노량진동,2024,10,전세,연립다세대,7,20000.0,20071.4,7350.9,14500.0,25500.0,,,,5,0
동작구,노량진동,2024,10,전세,오피스텔,3,23000.0,23000.0,1000.0,22500.0,23500.0,,,,3,0
동작구,노량진동,2024,11,월세,연립다세대,12,1000.0,3708.3,4849.8,875.0,5000.0,55.0,52.92,13.35,11,0
동작구,노량진동,2024,11,월세,오피스텔,17,1000.0,2294.1,2616.4,1000.0,1000.0,68.0,68.59,11.32,16,0
동작구,노량진동,2024,11,전세,연립다세대,8,19000.0,21500.0,11401.8,13750.0,24750.0,,,,7,0
동작구,노량진동,2024,11,전세,오피스텔,11,22500.0,22090.9,2685.7,20500.0,23550.0,,,,9,0
동작구,노량진동,2024,12,월세,연립다세대,6,1500.0,4666.7,5845.2,625.0,8000.0,55.0,56.83,22.29,5,0
동작구,노량진동,2024,12,월세,오피스텔,29,1000.0,4858.6,6819.0,1000.0,4000.0,70.0,63.62,25.59,24,0
동작구,노량진동,2024,12,전세,연립다세대,11,24000.0,21104.5,7769.5,15325.0,27750.0,,,,7,0
동작구,노량진동,2024,12,전세,오피스텔,9,20000.0,20174.4,2814.2,19800.0,20770.0,,,,8,0
동작구,노량진동,2025,1,월세,연립다세대,9,1500.0,4244.4,8101.7,1000.0,3000.0,58.0,63.11,28.76,9,0
동작구,노량진동,2025,1,월세,오피스텔,30,1000.0,3526.3,5797.0,1000.0,1000.0,69.0,64.33,22.69,24,0
동작구,노량진동,2025,1,전세,연립다세대,7,27500.0,25360.0,5367.4,26900.0,27500.0,,,,6,0
동작구,노량진동,2025,1,전세,오피스텔,7,23000.0,22814.3,1073.0,22250.0,23600.0,,,,5,0
동작구,노량진동,2025,2,월세,연립다세대,9,1000.0,4222.2,5728.8,500.0,8000.0,52.0,49.67,18.12,8,0
동작구,노량진동,2025,2,월세,오피스텔,25,1000.0,3588.0,5603.7,1000.0,2000.0,73.0,70.68,23.19,21,0
동작구,노량진동,2025,2,전세,연립다세대,15,19500.0,21200.0,7772.5,15500.0,28000.0,,,,13,0
동작구,노량진동,2025,2,전세,오피스텔,13,22500.0,21665.0,1750.7,20600.0,23000.0,,,,7,0
동작구,노량진동,2025,3,월세,연립다세대,12,1000.0,4708.3,7142.9,500.0,5000.0,55.0,52.67,17.15,10,0
동작구,노량진동,2025,3,월세,오피스텔,17,4000.0,6941.2,7084.1,1000.0,10000.0,70.0,61.82,23.06,13,0
동작구,노량진동,2025,3,전세,연립다세대,10,25000.0,26450.0,6011.3,21500.0,29375.0,,,,6,0
동작구,노량진동,2025,3,전세,오피스텔,15,20500.0,21538.7,2375.1,19975.0,23100.0,,,,12,0
동작구,노량진동,2025,4,월세,연립다세대,3,1000.0,833.3,288.7,750.0,1000.0,60.0,61.67,12.58,3,0
동작구,노량진동,2025,4,월세,오피스텔,26,1000.0,4019.2,4997.0,1000.0,5000.0,70.0,64.38,23.38,23,0
동작구,노량진동,2025,4,전세,연립다세대,6,20500.0,20066.7,2974.3,19925.0,21750.0,,,,4,0
동작구,노량진동,2025,4,전세,오피스텔,11,19950.0,20053.9,2067.4,18821.5,20850.0,,,,7,0
동작구,노량진동,2025,5,월세,연립다세대,5,5000.0,8200.0,10177.2,500.0,10000.0,53.0,42.0,19.35,4,0
동작구,노량진동,2025,5,월세,오피스텔,23,1000.0,5817.4,7630.3,1000.0,6000.0,70.0,59.78,30.08,17,0
동작구,노량진동,2025,5,전세,연립다세대,5,16000.0,24360.0,12974.9,15000.0,37000.0,,,,2,0
동작구,노량진동,2025,5,전세,오피스텔,11,20300.0,20740.9,2053.6,19500.0,21750.0,,,,8,0
동작구,노량진동,2025,6,월세,연립다세대,3,18700.0,17900.0,16514.5,9850.0,26350.0,20.0,35.0,30.41,2,0
동작구,노량진동,2025,6,월세,오피스텔,21,1000.0,2619.0,4030.8,1000.0,3000.0,77.0,74.1,20.1,17,0
동작구,노량진동,2025,6,전세,연립다세대,14,25900.0,27957.1,10324.6,21650.0,29750.0,,,,12,0
동작구,노량진동,2025,6,전세,오피스텔,10,20724.0,21093.3,2545.4,19196.25,23375.0,,,,3,0
동작구,노량진동,2025,7,월세,연립다세대,5,2000.0,7900.0,10594.1,500.0,11900.0,46.0,38.8,18.86,5,0
동작구,노량진동,2025,7,월세,오피스텔,23,1000.0,4978.3,7832.7,1000.0,4000.0,70.0,63.35,26.56,18,0
동작구,노량진동,2025,7,전세,연립다세대,18,22350.0,24861.1,6677.8,20000.0,27750.0,,,,15,0
동작구,노량진동,2025,7,전세,오피스텔,6,21169.0,20814.7,1875.3,19709.5,22037.5,,,,3,0
동작구,노량진동,2025,8,월세,연립다세대,15,500.0,3320.0,6788.2,500.0,1000.0,54.0,50.67,22.94,14,0
동작구,노량진동,2025,8,월세,오피스텔,20,1000.0,4610.0,6629.3,1000.0,5000.0,66.5,62.95,27.21,16,0
동작구,노량진동,2025,8,전세,연립다세대,25,27000.0,26060.0,6767.4,25000.0,27000.0,,,,25,0
동작구,노량진동,2025,8,전세,오피스텔,5,18000.0,20140.0,3418.8,17800.0,22500.0,,,,4,0
동작구,노량진동,2025,9,월세,연립다세대,9,2000.0,9022.2,11383.3,500.0,23200.0,40.0,38.33,23.45,7,0
동작구,노량진동,2025,9,월세,오피스텔,20,1000.0,4300.0,6562.3,1000.0,3500.0,72.5,69.7,23.47,14,0
동작구,노량진동,2025,9,전세,연립다세대,30,28500.0,27710.0,7418.2,25250.0,30000.0,,,,28,0
동작구,노량진동,2025,9,전세,오피스텔,4,19475.0,22437.5,7822.6,18412.5,23500.0,,,,2,0
동작구,노량진동,2025,10,월세,연립다세대,7,1000.0,8057.1,12247.0,500.0,13500.0,60.0,47.43,24.79,6,0
동작구,노량진동,2025,10,월세,오피스텔,20,1000.0,3830.0,4903.7,1000.0,5000.0,70.0,64.25,15.86,16,0
동작구,노량진동,2025,10,전세,연립다세대,35,26500.0,26005.7,5207.6,25000.0,28000.0,,,,30,0
동작구,노량진동,2025,10,전세,오피스텔,4,18700.0,19425.0,1951.7,18375.0,19750.0,,,,3,0
동작구,노량진동,2025,11,월세,연립다세대,9,2000.0,7794.4,10222.1,500.0,17850.0,35.0,45.22,25.48,6,0
동작구,노량진동,2025,11,월세,오피스텔,18,3350.0,8166.7,8099.2,1250.0,15600.0,64.5,53.56,34.76,17,0
동작구,노량진동,2025,11,전세,연립다세대,32,25650.0,26628.1,5930.9,24750.0,28000.0,,,,27,0
동작구,노량진동,2025,11,전세,오피스텔,2,21150.0,21150.0,4454.8,19575.0,22725.0,,,,1,0
동작구,노량진동,2025,12,월세,연립다세대,15,1000.0,8204.5,10548.0,750.0,19000.0,55.0,42.67,22.05,12,0
동작구,노량진동,2025,12,월세,오피스텔,23,2000.0,6093.5,7214.1,1000.0,7500.0,70.0,60.78,29.26,19,0
동작구,노량진동,2025,12,전세,연립다세대,31,28000.0,32603.2,18650.7,25000.0,30000.0,,,,29,0
동작구,노량진동,2025,12,전세,오피스텔,8,19250.0,19911.2,2740.3,17725.0,22267.5,,,,5,0
동작구,노량진동,2026,1,월세,연립다세대,28,500.0,2628.6,6061.4,500.0,1000.0,55.0,69.07,56.48,27,1
동작구,노량진동,2026,1,월세,오피스텔,32,1000.0,4749.1,6440.8,1000.0,5000.0,70.0,62.22,25.23,24,1
동작구,노량진동,2026,1,전세,연립다세대,29,27000.0,25839.7,6012.3,25500.0,29000.0,,,,24,1
동작구,노량진동,2026,1,전세,오피스텔,6,22875.0,21591.7,2832.0,19487.5,23675.0,,,,4,1
동작구,노량진동,2026,2,월세,연립다세대,12,1000.0,7158.3,11652.6,500.0,7125.0,55.0,43.75,23.21,10,1
동작구,노량진동,2026,2,월세,오피스텔,31,1000.0,1741.9,2334.1,1000.0,1000.0,70.0,73.71,10.96,27,1
동작구,노량진동,2026,2,전세,연립다세대,24,26125.0,25005.8,8090.1,24750.0,28000.0,,,,18,1
동작구,노량진동,2026,2,전세,오피스텔,5,22400.0,21640.0,1997.0,21500.0,22500.0,,,,3,1
동작구,노량진동,2026,3,월세,연립다세대,14,750.0,8214.3,12382.9,500.0,19125.0,53.5,44.93,19.87,12,1
동작구,노량진동,2026,3,월세,오피스텔,24,1000.0,4912.5,6508.3,1000.0,5000.0,71.0,68.12,23.13,23,1
동작구,노량진동,2026,3,전세,연립다세대,9,30000.0,32111.1,7373.0,28000.0,33000.0,,,,9,1
동작구,노량진동,2026,3,전세,오피스텔,3,18300.0,19600.0,2515.9,18150.0,20400.0,,,,2,1
동작구,노량진동,2026,4,월세,연립다세대,7,9000.0,8642.9,9432.7,1000.0,11000.0,40.0,53.71,40.02,3,1
동작구,노량진동,2026,4,월세,오피스텔,16,1500.0,5540.6,7183.3,1000.0,6750.0,72.5,66.62,27.31,13,1
동작구,노량진동,2026,4,전세,연립다세대,14,28650.0,27850.0,13523.3,19000.0,30000.0,,,,8,1
동작구,노량진동,2026,4,전세,오피스텔,6,20750.0,20680.0,1060.9,19885.0,21450.0,,,,3,1
동작구,노량진동,2026,5,월세,연립다세대,7,3000.0,7137.1,8631.4,2500.0,8230.0,65.0,60.86,35.4,4,1
동작구,노량진동,2026,5,월세,오피스텔,25,2000.0,6000.0,7656.8,1000.0,8000.0,70.0,63.68,29.86,19,1
동작구,노량진동,2026,5,전세,연립다세대,9,28000.0,27111.1,7287.7,25000.0,29000.0,,,,7,1
동작구,노량진동,2026,5,전세,오피스텔,5,20450.0,20136.0,1319.8,18990.0,20500.0,,,,3,1
동작구,노량진동,2026,6,월세,연립다세대,6,3000.0,3666.7,3763.9,625.0,5000.0,80.0,87.5,42.87,5,1
동작구,노량진동,2026,6,월세,오피스텔,26,1000.0,3717.3,4866.1,1000.0,5000.0,79.0,71.58,25.03,22,1
동작구,노량진동,2026,6,전세,연립다세대,4,21500.0,21750.0,4991.7,17750.0,25500.0,,,,3,1
동작구,노량진동,2026,6,전세,오피스텔,8,22800.0,21725.0,2068.6,19750.0,23200.0,,,,6,1
동작구,노량진동,2026,7,월세,연립다세대,6,2000.0,5800.0,10080.7,1250.0,2750.0,55.0,54.5,30.09,4,1
동작구,노량진동,2026,7,월세,오피스텔,19,1000.0,2731.6,5184.1,1000.0,1000.0,73.0,71.53,25.29,18,1
동작구,노량진동,2026,7,전세,연립다세대,5,22000.0,24100.0,5920.3,20000.0,27000.0,,,,4,1
동작구,노량진동,2026,7,전세,오피스텔,8,21300.0,20760.0,2454.4,18975.0,21990.0,,,,7,1
동작구,노량진동,2026,8,월세,연립다세대,8,1000.0,6137.5,10224.3,875.0,5025.0,55.0,60.0,39.28,8,1
동작구,노량진동,2026,8,월세,오피스텔,12,1000.0,2833.3,3833.7,1000.0,2750.0,71.5,74.08,20.46,9,1
동작구,노량진동,2026,8,전세,연립다세대,4,28000.0,27747.5,2066.0,27247.5,28500.0,,,,2,1
동작구,노량진동,2026,8,전세,오피스텔,7,21990.0,20490.0,2515.2,18520.0,22000.0,,,,4,1
동작구,노량진동,2026,9,월세,연립다세대,2,10000.0,10000.0,12727.9,5500.0,14500.0,44.0,44.0,19.8,2,1
동작구,노량진동,2026,9,월세,오피스텔,3,1000.0,6400.0,9353.1,1000.0,9100.0,70.0,51.67,36.17,3,1
동작구,노량진동,2026,9,전세,연립다세대,6,22000.0,22816.7,3062.8,20212.5,25625.0,,,,4,1
동작구,노량진동,2026,9,전세,오피스텔,3,19300.0,19000.0,1081.7,18550.0,19600.0,,,,1,1
동작구,대방동,2021,1,월세,연립다세대,10,5000.0,8250.0,8121.5,1000.0,14750.0,39.5,42.7,24.84,1,0
동작구,대방동,2021,1,월세,오피스텔,3,1000.0,1000.0,0.0,1000.0,1000.0,53.0,50.67,5.86,0,0
동작구,대방동,2021,1,전세,연립다세대,22,25100.0,25369.5,9248.3,16812.5,33672.5,,,,0,0
동작구,대방동,2021,1,전세,오피스텔,1,13400.0,13400.0,,13400.0,13400.0,,,,0,0
동작구,대방동,2021,2,월세,연립다세대,10,2000.0,6430.0,10607.3,1000.0,4500.0,42.5,46.4,23.03,1,0
동작구,대방동,2021,2,월세,오피스텔,3,1000.0,2666.7,2886.8,1000.0,3500.0,50.0,52.0,8.19,0,0
동작구,대방동,2021,2,전세,연립다세대,22,31000.0,27731.8,9333.1,19825.0,35000.0,,,,0,0
동작구,대방동,2021,3,월세,연립다세대,9,5000.0,5433.3,4819.5,2000.0,6000.0,50.0,46.33,26.27,1,0
동작구,대방동,2021,3,월세,오피스텔,2,2000.0,2000.0,1414.2,1500.0,2500.0,51.0,51.0,15.56,0,0
동작구,대방동,2021,3,전세,연립다세대,26,28700.0,26050.0,7810.5,23125.0,31125.0,,,,0,0
동작구,대방동,2021,3,전세,오피스텔,2,14350.0,14350.0,1202.1,13925.0,14775.0,,,,1,0
동작구,대방동,2021,4,월세,연립다세대,17,5000.0,4852.9,3656.2,1000.0,8000.0,52.0,53.47,18.49,0,0
동작구,대방동,2021,4,월세,오피스텔,2,9500.0,9500.0,12020.8,5250.0,13750.0,29.0,29.0,12.73,0,0
동작구,대방동,2021,4,전세,연립다세대,32,25000.0,25323.4,11932.4,14975.0,30750.0,,,,1,0
동작구,대방동,2021,4,전세,오피스텔,2,20000.0,20000.0,0.0,20000.0,20000.0,,,,0,0
동작구,대방동,2021,5,월세,연립다세대,11,3000.0,6272.7,8112.8,1000.0,6500.0,45.0,44.55,19.76,0,0
동작구,대방동,2021,5,월세,오피스텔,2,13000.0,13000.0,1414.2,12500.0,13500.0,25.5,25.5,34.65,1,0
동작구,대방동,2021,5,전세,연립다세대,35,25000.0,24229.7,11255.1,15000.0,32000.0,,,,1,0
동작구,대방동,2021,5,전세,오피스텔,1,10500.0,10500.0,,10500.0,10500.0,,,,0,0
동작구,대방동,2021,6,월세,연립다세대,10,2000.0,2230.0,1982.2,500.0,2875.0,45.0,50.4,15.22,9,0
동작구,대방동,2021,6,월세,오피스텔,5,1000.0,1600.0,894.4,1000.0,2000.0,55.0,51.0,7.97,2,0
동작구,대방동,2021,6,전세,연립다세대,33,20000.0,22575.6,10392.0,15000.0,32000.0,,,,18,0
동작구,대방동,2021,6,전세,오피스텔,1,13200.0,13200.0,,13200.0,13200.0,,,,0,0
동작구,대방동,2021,7,월세,연립다세대,20,3000.0,8430.0,9463.2,2000.0,12450.0,40.0,36.15,22.78,11,0
동작구,대방동,2021,7,월세,오피스텔,3,2000.0,5166.7,6825.2,1250.0,7500.0,45.0,35.33,24.95,3,0
동작구,대방동,2021,7,전세,연립다세대,28,24000.0,24275.1,9747.0,19750.0,30875.0,,,,15,0
동작구,대방동,2021,7,전세,오피스텔,1,13500.0,13500.0,,13500.0,13500.0,,,,0,0
동작구,대방동,2021,8,월세,연립다세대,14,3000.0,4778.6,4965.8,1000.0,6500.0,41.0,34.21,20.95,7,0
동작구,대방동,2021,8,월세,오피스텔,2,2000.0,2000.0,1414.2,1500.0,2500.0,47.5,47.5,3.54,2,0
동작구,대방동,2021,8,전세,연립다세대,32,27900.0,27203.8,10567.3,20000.0,35675.0,,,,18,0
동작구,대방동,2021,8,전세,오피스텔,1,13755.0,13755.0,,13755.0,13755.0,,,,1,0
동작구,대방동,2021,9,월세,연립다세대,7,15000.0,13428.6,10721.6,3500.0,22000.0,50.0,41.14,29.9,5,0
동작구,대방동,2021,9,월세,오피스텔,2,2000.0,2000.0,1414.2,1500.0,2500.0,51.0,51.0,12.73,2,0
동작구,대방동,2021,9,전세,연립다세대,29,27000.0,27822.1,9189.2,23100.0,31000.0,,,,12,0
동작구,대방동,2021,9,전세,오피스텔,3,18900.0,15933.3,5138.4,14450.0,18900.0,,,,1,0
동작구,대방동,2021,10,월세,연립다세대,12,4750.0,6433.3,5008.6,4000.0,8362.5,36.5,38.42,22.33,9,0
동작구,대방동,2021,10,월세,오피스텔,4,4500.0,5500.0,3109.1,3750.0,6250.0,42.5,38.0,15.12,1,0
동작구,대방동,2021,10,전세,연립다세대,19,30000.0,27116.6,8993.4,22000.0,32500.0,,,,10,0
동작구,대방동,2021,10,전세,오피스텔,1,10000.0,10000.0,,10000.0,10000.0,,,,0,0
동작구,대방동,2021,11,월세,연립다세대,22,2470.5,6025.6,7363.7,1000.0,7250.0,44.0,48.27,30.04,13,0
동작구,대방동,2021,11,월세,오피스텔,3,5000.0,8000.0,6082.8,4500.0,10000.0,50.0,44.0,12.17,2,0
동작구,대방동,2021,11,전세,연립다세대,30,29150.0,27100.8,9823.4,25250.0,31875.0,,,,20,0
동작구,대방동,2021,11,전세,오피스텔,1,22000.0,22000.0,,22000.0,22000.0,,,,1,0
동작구,대방동,2021,12,월세,연립다세대,18,5000.0,9383.3,9183.3,2250.0,15250.0,36.0,40.22,25.06,14,0
동작구,대방동,2021,12,월세,오피스텔,2,750.0,750.0,353.6,625.0,875.0,57.0,57.0,2.83,1,0
동작구,대방동,2021,12,전세,연립다세대,21,26000.0,25338.8,7051.2,23000.0,30000.0,,,,10,0
동작구,대방동,2021,12,전세,오피스텔,2,11500.0,11500.0,707.1,11250.0,11750.0,,,,0,0
동작구,대방동,2022,1,월세,연립다세대,17,3000.0,4517.6,6138.4,1000.0,5000.0,55.0,51.0,21.1,13,0
동작구,대방동,2022,1,월세,오피스텔,4,1500.0,5500.0,8346.7,1000.0,6000.0,52.0,48.25,15.59,4,0
동작구,대방동,2022,1,전세,연립다세대,32,27412.5,25618.3,10055.7,17750.0,29700.0,,,,17,0
동작구,대방동,2022,1,전세,오피스텔,1,28000.0,28000.0,,28000.0,28000.0,,,,1,0
동작구,대방동,2022,2,월세,연립다세대,21,3000.0,4514.3,4209.4,2000.0,5000.0,34.0,39.76,20.67,12,0
동작구,대방동,2022,2,월세,오피스텔,9,2000.0,5055.6,5865.4,1000.0,10000.0,63.0,70.44,25.36,8,0
동작구,대방동,2022,2,전세,연립다세대,29,26500.0,25984.5,7609.9,22050.0,30000.0,,,,14,0
동작구,대방동,2022,2,전세,오피스텔,1,10000.0,10000.0,,10000.0,10000.0,,,,1,0
동작구,대방동,2022,3,월세,연립다세대,21,3000.0,7976.2,9108.3,1000.0,15000.0,38.0,40.1,31.09,9,0
동작구,대방동,2022,3,월세,오피스텔,2,1000.0,1000.0,0.0,1000.0,1000.0,48.5,48.5,12.02,1,0
동작구,대방동,2022,3,전세,연립다세대,23,28000.0,27056.5,10541.3,19000.0,32000.0,,,,11,0
동작구,대방동,2022,3,전세,오피스텔,4,14390.0,14595.0,625.1,14235.0,14750.0,,,,2,0
동작구,대방동,2022,4,월세,연립다세대,17,5000.0,6206.2,5144.1,2000.0,10000.0,40.0,39.18,16.87,9,0
동작구,대방동,2022,4,월세,오피스텔,4,5000.0,4000.0,2000.0,4000.0,5000.0,48.0,47.0,7.62,3,0
동작구,대방동,2022,4,전세,연립다세대,37,27500.0,28346.6,9986.5,23000.0,37000.0,,,,15,0
동작구,대방동,2022,5,월세,연립다세대,14,4500.0,7835.7,7739.6,1875.0,11500.0,35.0,37.93,21.21,7,0
동작구,대방동,2022,5,월세,오피스텔,6,1000.0,1666.7,1722.4,625.0,1750.0,49.5,49.0,9.21,5,0
동작구,대방동,2022,5,전세,연립다세대,26,17500.0,21486.3,10455.5,13275.0,32125.0,,,,15,0
동작구,대방동,2022,5,전세,오피스텔,2,21735.0,21735.0,15931.1,16102.5,27367.5,,,,2,0
동작구,대방동,2022,6,월세,연립다세대,27,3000.0,6888.9,7438.6,1000.0,12500.0,50.0,46.07,22.91,18,0
동작구,대방동,2022,6,월세,오피스텔,6,1000.0,1833.3,1329.2,1000.0,2500.0,57.5,58.5,8.31,3,0
동작구,대방동,2022,6,전세,연립다세대,36,23550.0,23330.3,9287.8,16750.0,28125.0,,,,20,0
동작구,대방동,2022,6,전세,오피스텔,4,22800.0,22300.0,1708.8,21500.0,23600.0,,,,3,0
동작구,대방동,2022,7,월세,연립다세대,22,4500.0,8377.3,9200.6,1000.0,12250.0,50.0,54.36,32.36,19,0
동작구,대방동,2022,7,월세,오피스텔,4,1000.0,1000.0,408.2,875.0,1125.0,47.5,48.75,6.99,4,0
동작구,대방동,2022,7,전세,연립다세대,22,26500.0,23910.5,9704.1,15172.5,30000.0,,,,16,0
동작구,대방동,2022,7,전세,오피스텔,2,24640.0,24640.0,15047.2,19320.0,29960.0,,,,1,0
동작구,대방동,2022,8,월세,연립다세대,19,4000.0,7784.2,6915.1,2000.0,13000.0,45.0,40.32,21.77,10,0
동작구,대방동,2022,8,월세,오피스텔,2,2500.0,2500.0,2121.3,1750.0,3250.0,44.5,44.5,17.68,2,0
동작구,대방동,2022,8,전세,연립다세대,39,29000.0,29244.6,12398.0,22895.0,34000.0,,,,12,0
동작구,대방동,2022,8,전세,오피스텔,2,20000.0,20000.0,7071.1,17500.0,22500.0,,,,2,0
동작구,대방동,2022,9,월세,연립다세대,14,7500.0,11314.3,9507.8,5500.0,13800.0,50.0,47.79,20.51,8,0
동작구,대방동,2022,9,월세,오피스텔,2,1750.0,1750.0,353.6,1625.0,1875.0,57.0,57.0,2.83,1,0
동작구,대방동,2022,9,전세,연립다세대,26,28000.0,26676.1,9910.7,18737.0,30750.0,,,,11,0
동작구,대방동,2022,9,전세,오피스텔,3,10800.0,15433.3,8727.2,10400.0,18150.0,,,,2,0
동작구,대방동,2022,10,월세,연립다세대,19,6500.0,9536.8,10058.9,1000.0,14850.0,43.0,44.0,21.16,14,0
동작구,대방동,2022,10,월세,오피스텔,3,1000.0,833.3,288.7,750.0,1000.0,60.0,75.33,30.99,2,0
동작구,대방동,2022,10,전세,연립다세대,25,27500.0,25106.0,7703.0,23000.0,30000.0,,,,19,0
동작구,대방동,2022,10,전세,오피스텔,1,16000.0,16000.0,,16000.0,16000.0,,,,1,0
동작구,대방동,2022,11,월세,연립다세대,5,10000.0,10900.0,10052.4,5000.0,12000.0,35.0,38.4,14.33,2,0
동작구,대방동,2022,11,월세,오피스텔,4,1000.0,1500.0,1000.0,1000.0,1500.0,52.0,51.0,10.03,4,0
동작구,대방동,2022,11,전세,연립다세대,20,22500.0,24809.0,11506.5,13937.5,32500.0,,,,12,0
동작구,대방동,2022,11,전세,오피스텔,1,14500.0,14500.0,,14500.0,14500.0,,,,1,0
동작구,대방동,2022,12,월세,연립다세대,32,1000.0,5300.0,7490.0,1000.0,8250.0,63.5,65.81,33.76,28,0
동작구,대방동,2022,12,월세,오피스텔,2,1000.0,1000.0,0.0,1000.0,1000.0,57.5,57.5,0.71,2,0
동작구,대방동,2022,12,전세,연립다세대,23,25000.0,24734.3,9724.7,19265.0,32250.0,,,,11,0
동작구,대방동,2022,12,전세,오피스텔,2,19050.0,19050.0,6434.7,16775.0,21325.0,,,,2,0
동작구,대방동,2023,1,월세,연립다세대,28,11350.0,11042.9,8632.0,3000.0,15000.0,40.5,44.25,31.37,24,0
동작구,대방동,2023,1,월세,오피스텔,3,1000.0,2333.3,2309.4,1000.0,3000.0,47.0,49.0,10.15,3,0
동작구,대방동,2023,1,전세,연립다세대,26,20500.0,20403.8,7553.8,12500.0,25750.0,,,,17,0
동작구,대방동,2023,1,전세,오피스텔,1,23600.0,23600.0,,23600.0,23600.0,,,,1,0
동작구,대방동,2023,2,월세,연립다세대,18,5000.0,7500.0,7633.1,3000.0,10000.0,47.5,54.33,30.41,11,0
동작구,대방동,2023,2,월세,오피스텔,7,3000.0,3000.0,1633.0,2000.0,4000.0,50.0,50.43,9.16,7,0
동작구,대방동,2023,2,전세,연립다세대,28,22500.0,22228.1,8231.3,17250.0,26050.0,,,,17,0
동작구,대방동,2023,2,전세,오피스텔,2,20000.0,20000.0,11313.7,16000.0,24000.0,,,,1,0
동작구,대방동,2023,3,월세,연립다세대,29,3000.0,3879.3,2477.2,2000.0,5000.0,90.0,82.62,40.23,20,0
동작구,대방동,2023,3,월세,오피스텔,3,2000.0,6333.3,8386.5,1500.0,9000.0,45.0,36.33,23.25,2,0
동작구,대방동,2023,3,전세,연립다세대,20,25000.0,23195.0,8931.5,14425.0,30500.0,,,,12,0
동작구,대방동,2023,3,전세,오피스텔,1,24000.0,24000.0,,24000.0,24000.0,,,,1,0
동작구,대방동,2023,4,월세,연립다세대,26,4500.0,7341.2,7142.6,3000.0,8000.0,43.5,48.19,32.16,17,0
동작구,대방동,2023,4,월세,오피스텔,3,1000.0,4666.7,6350.9,1000.0,6500.0,53.0,40.67,27.65,3,0
동작구,대방동,2023,4,전세,연립다세대,26,28350.0,27842.3,11034.2,20775.0,33975.0,,,,12,0
동작구,대방동,2023,5,월세,연립다세대,27,4000.0,7419.7,8857.2,1000.0,10000.0,53.0,50.59,31.0,22,0
동작구,대방동,2023,5,월세,오피스텔,4,8500.0,7650.0,5617.5,4000.0,12150.0,52.5,50.75,15.78,0,0
동작구,대방동,2023,5,전세,연립다세대,24,23500.0,22191.7,7591.5,18637.5,25837.5,,,,8,0
동작구,대방동,2023,5,전세,오피스텔,2,16482.0,16482.0,8652.2,13423.0,19541.0,,,,1,0
동작구,대방동,2023,6,월세,연립다세대,11,3000.0,7090.9,9512.7,1000.0,8500.0,45.0,54.73,30.67,8,0
동작구,대방동,2023,6,월세,오피스텔,7,3000.0,6642.9,6459.6,1000.0,13250.0,50.0,35.0,28.05,3,0
동작구,대방동,2023,6,전세,연립다세대,22,25000.0,24946.4,9398.9,20000.0,28125.0,,,,15,0
동작구,대방동,2023,6,전세,오피스텔,1,13000.0,13000.0,,13000.0,13000.0,,,,1,0
동작구,대방동,2023,7,월세,연립다세대,26,1500.0,4092.3,5087.4,1000.0,4500.0,90.0,79.27,35.79,26,0
동작구,대방동,2023,7,월세,오피스텔,3,1000.0,2333.3,2309.4,1000.0,3000.0,55.0,54.0,6.56,2,0
동작구,대방동,2023,7,전세,연립다세대,21,26500.0,24111.9,10138.9,14000.0,31000.0,,,,13,0
동작구,대방동,2023,8,월세,연립다세대,41,3000.0,6994.4,7944.4,2000.0,10000.0,45.0,59.24,40.13,25,0
동작구,대방동,2023,8,월세,오피스텔,3,5000.0,6666.7,2886.8,5000.0,7500.0,49.0,46.67,21.59,2,0
동작구,대방동,2023,8,전세,연립다세대,18,25500.0,26538.9,8379.0,23000.0,31500.0,,,,10,0
동작구,대방동,2023,9,월세,연립다세대,17,16000.0,13276.5,9758.8,3000.0,20000.0,36.0,36.0,19.94,9,0
동작구,대방동,2023,9,월세,오피스텔,2,8500.0,8500.0,7778.2,5750.0,11250.0,41.5,41.5,30.41,2,0
동작구,대방동,2023,9,전세,연립다세대,20,23450.0,23365.0,7605.8,19500.0,25500.0,,,,17,0
동작구,대방동,2023,9,전세,오피스텔,3,12000.0,12300.0,1670.3,11400.0,13050.0,,,,3,0
동작구,대방동,2023,10,월세,연립다세대,23,4000.0,10417.4,10507.5,2250.0,22500.0,42.0,53.0,37.62,16,0
동작구,대방동,2023,10,월세,오피스텔,4,1500.0,2000.0,1414.2,1000.0,2500.0,47.5,47.5,7.23,2,0
동작구,대방동,2023,10,전세,연립다세대,20,26300.0,24606.8,6714.3,19575.0,27750.0,,,,13,0
동작구,대방동,2023,10,전세,오피스텔,2,16250.0,16250.0,8131.7,13375.0,19125.0,,,,1,0
동작구,대방동,2023,11,월세,연립다세대,25,10000.0,11620.0,9984.7,4000.0,19000.0,38.0,39.56,22.77,18,0
동작구,대방동,2023,11,월세,오피스텔,5,10000.0,10800.0,10034.9,1000.0,20000.0,20.0,29.8,28.51,4,0
동작구,대방동,2023,11,전세,연립다세대,27,26000.0,24324.6,9918.8,17107.5,27800.0,,,,17,0
동작구,대방동,2023,11,전세,오피스텔,1,13000.0,13000.0,,13000.0,13000.0,,,,1,0
동작구,대방동,2023,12,월세,연립다세대,25,15000.0,16942.4,12770.4,3000.0,29000.0,29.0,32.04,27.48,20,0
동작구,대방동,2023,12,월세,오피스텔,2,8000.0,8000.0,9899.5,4500.0,11500.0,51.0,51.0,15.56,2,0
동작구,대방동,2023,12,전세,연립다세대,20,25250.0,22970.0,7579.4,20500.0,27200.0,,,,13,0
동작구,대방동,2023,12,전세,오피스텔,1,12600.0,12600.0,,12600.0,12600.0,,,,1,0
동작구,대방동,2024,1,월세,연립다세대,47,5287.0,11049.8,10090.9,2000.0,18300.0,38.0,44.87,32.46,32,0
동작구,대방동,2024,1,월세,오피스텔,8,2000.0,6350.0,7761.3,1000.0,9450.0,56.5,44.25,26.68,6,0
동작구,대방동,2024,1,전세,연립다세대,29,23100.0,22312.1,7770.9,15000.0,27000.0,,,,25,0
동작구,대방동,2024,1,전세,오피스텔,2,13200.0,13200.0,1414.2,12700.0,13700.0,,,,2,0
동작구,대방동,2024,2,월세,연립다세대,35,3000.0,6301.4,6538.6,1000.0,10000.0,50.0,54.4,37.21,31,0
동작구,대방동,2024,2,월세,오피스텔,3,1000.0,4666.7,6350.9,1000.0,6500.0,54.0,41.67,24.91,3,0
동작구,대방동,2024,2,전세,연립다세대,34,25150.0,25305.9,10692.4,18950.0,29450.0,,,,22,0
동작구,대방동,2024,2,전세,오피스텔,5,14000.0,16758.0,5050.0,13790.0,20000.0,,,,3,0
동작구,대방동,2024,3,월세,연립다세대,30,3000.0,5893.8,7110.5,1000.0,8000.0,46.0,50.0,33.88,27,0
동작구,대방동,2024,3,월세,오피스텔,6,1000.0,1666.7,1032.8,1000.0,2500.0,51.5,54.17,7.73,6,0
동작구,대방동,2024,3,전세,연립다세대,15,30000.0,27517.3,7165.8,24500.0,32380.0,,,,13,0
동작구,대방동,2024,3,전세,오피스텔,4,15750.0,14975.0,3715.2,12725.0,18000.0,,,,3,0
동작구,대방동,2024,4,월세,연립다세대,30,9500.0,9433.3,8900.5,2000.0,10000.0,47.5,48.43,26.46,21,0
동작구,대방동,2024,4,월세,오피스텔,10,1250.0,2200.0,1702.9,1000.0,3000.0,58.0,55.0,9.99,9,0
동작구,대방동,2024,4,전세,연립다세대,19,25000.0,25768.4,6435.2,20850.0,28400.0,,,,15,0
동작구,대방동,2024,4,전세,오피스텔,4,11400.0,13947.5,5373.2,11185.0,14162.5,,,,3,0
동작구,대방동,2024,5,월세,연립다세대,36,5000.0,9692.7,9834.1,1000.0,15000.0,45.0,54.94,36.52,33,0
동작구,대방동,2024,5,월세,오피스텔,12,1250.0,4858.3,7321.5,1000.0,4500.0,49.5,48.75,16.07,11,0
동작구,대방동,2024,5,전세,연립다세대,24,26175.0,26877.1,8302.7,22000.0,30800.0,,,,13,0
동작구,대방동,2024,5,전세,오피스텔,1,21000.0,21000.0,,21000.0,21000.0,,,,1,0
동작구,대방동,2024,6,월세,연립다세대,36,5000.0,7737.9,7884.5,1875.0,12250.0,35.5,42.31,28.18,30,0
동작구,대방동,2024,6,월세,오피스텔,8,3000.0,7500.0,8035.6,1000.0,15250.0,55.0,44.0,26.37,6,0
동작구,대방동,2024,6,전세,연립다세대,16,19950.0,20571.9,7230.5,13500.0,27775.0,,,,12,0
동작구,대방동,2024,6,전세,오피스텔,2,21880.0,21880.0,15726.1,16320.0,27440.0,,,,2,0
동작구,대방동,2024,7,월세,연립다세대,33,5000.0,10333.9,9726.9,3000.0,14990.0,53.0,50.24,30.22,28,0
동작구,대방동,2024,7,월세,오피스텔,6,1500.0,2500.0,1974.8,1000.0,4250.0,58.5,61.83,25.12,6,0
동작구,대방동,2024,7,전세,연립다세대,21,23500.0,24526.4,12312.8,13000.0,31000.0,,,,11,0
동작구,대방동,2024,7,전세,오피스텔,2,19500.0,19500.0,12020.8,15250.0,23750.0,,,,1,0
동작구,대방동,2024,8,월세,연립다세대,39,5000.0,8385.6,8504.2,1000.0,12900.0,50.0,56.77,37.08,32,0
동작구,대방동,2024,8,월세,오피스텔,10,4000.0,6759.0,5810.5,2250.0,12975.0,30.0,31.3,23.17,7,0
동작구,대방동,2024,8,전세,연립다세대,26,11000.0,16960.3,9769.7,10000.0,22462.5,,,,17,0
동작구,대방동,2024,8,전세,오피스텔,1,26250.0,26250.0,,26250.0,26250.0,,,,1,0
동작구,대방동,2024,9,월세,연립다세대,24,8000.0,12677.1,11617.3,3000.0,22175.0,32.0,37.0,27.53,17,0
동작구,대방동,2024,9,월세,오피스텔,4,3500.0,4625.0,3544.4,2000.0,6125.0,65.0,66.0,12.11,3,0
동작구,대방동,2024,9,전세,연립다세대,18,28900.0,26583.3,8467.9,21925.0,30000.0,,,,14,0
동작구,대방동,2024,9,전세,오피스텔,1,26250.0,26250.0,,26250.0,26250.0,,,,1,0
동작구,대방동,2024,10,월세,연립다세대,35,14000.0,13434.4,10723.1,2000.0,24000.0,35.0,38.91,25.6,25,0
동작구,대방동,2024,10,월세,오피스텔,15,3000.0,4133.3,4138.1,1000.0,5000.0,60.0,57.53,17.05,15,0
동작구,대방동,2024,10,전세,연립다세대,11,22000.0,20375.8,8081.5,12267.0,27100.0,,,,8,0
동작구,대방동,2024,10,전세,오피스텔,1,14480.0,14480.0,,14480.0,14480.0,,,,1,0
동작구,대방동,2024,11,월세,연립다세대,26,14250.0,13987.3,10728.9,2125.0,25062.5,21.0,47.23,43.74,19,0
동작구,대방동,2024,11,월세,오피스텔,4,4000.0,3500.0,1914.9,2500.0,5000.0,58.5,58.0,10.1,3,0
동작구,대방동,2024,11,전세,연립다세대,13,26500.0,27020.0,11974.9,12640.0,38000.0,,,,8,0
동작구,대방동,2024,11,전세,오피스텔,1,14000.0,14000.0,,14000.0,14000.0,,,,1,0
동작구,대방동,2024,12,월세,연립다세대,41,3000.0,7358.5,8190.2,2000.0,10000.0,50.0,53.39,34.89,36,0
동작구,대방동,2024,12,월세,오피스텔,3,1000.0,3000.0,3464.1,1000.0,4000.0,65.0,67.0,18.08,3,0
동작구,대방동,2024,12,전세,연립다세대,12,25950.0,23583.3,11634.3,19000.0,30450.0,,,,10,0
동작구,대방동,2024,12,전세,오피스텔,2,11800.0,11800.0,1697.1,11200.0,12400.0,,,,1,0
동작구,대방동,2025,1,월세,연립다세대,42,9000.0,11064.0,9606.5,2000.0,21175.0,41.5,45.64,31.58,33,0
동작구,대방동,2025,1,월세,오피스텔,7,1000.0,3157.1,4286.4,1000.0,3000.0,45.0,45.57,15.19,6,0
동작구,대방동,2025,1,전세,연립다세대,8,17777.5,19138.8,9891.7,12416.25,27250.0,,,,6,0
동작구,대방동,2025,1,전세,오피스텔,2,12765.0,12765.0,1081.9,12382.5,13147.5,,,,1,0
동작구,대방동,2025,2,월세,연립다세대,30,5000.0,9631.3,8909.3,3000.0,15000.0,51.5,54.37,34.45,21,0
동작구,대방동,2025,2,월세,오피스텔,11,3000.0,5972.7,5457.1,1750.0,11300.0,51.0,37.45,21.75,8,0
동작구,대방동,2025,2,전세,연립다세대,18,26950.0,27822.2,11987.9,22375.0,34000.0,,,,15,0
동작구,대방동,2025,2,전세,오피스텔,7,20000.0,18357.1,5055.6,16000.0,21500.0,,,,6,0
동작구,대방동,2025,3,월세,연립다세대,33,5000.0,8423.7,8840.2,2000.0,13000.0,55.0,63.85,42.58,26,0
동작구,대방동,2025,3,월세,오피스텔,9,10000.0,7188.9,6084.5,1000.0,10000.0,46.0,43.33,18.69,6,0
동작구,대방동,2025,3,전세,연립다세대,13,25300.0,24092.3,8923.4,18600.0,26150.0,,,,7,0
동작구,대방동,2025,3,전세,오피스텔,1,20000.0,20000.0,,20000.0,20000.0,,,,1,0
동작구,대방동,2025,4,월세,연립다세대,19,3000.0,4409.5,4318.8,1000.0,5500.0,68.0,67.21,30.32,14,0
동작구,대방동,2025,4,월세,오피스텔,2,1000.0,1000.0,0.0,1000.0,1000.0,66.0,66.0,8.49,1,0
동작구,대방동,2025,4,전세,연립다세대,15,24000.0,24533.3,9260.3,18000.0,28900.0,,,,9,0
동작구,대방동,2025,4,전세,오피스텔,1,10000.0,10000.0,,10000.0,10000.0,,,,1,0
동작구,대방동,2025,5,월세,연립다세대,36,7500.0,10494.4,8671.5,3000.0,16800.0,45.0,47.19,30.73,25,0
동작구,대방동,2025,5,월세,오피스텔,8,2000.0,4362.5,4597.5,1000.0,6600.0,47.0,44.25,16.66,7,0
동작구,대방동,2025,5,전세,연립다세대,27,20000.0,20474.1,11487.6,10000.0,27200.0,,,,18,0
동작구,대방동,2025,6,월세,연립다세대,26,1000.0,4573.1,6576.9,1000.0,5000.0,51.5,59.0,31.28,23,0
동작구,대방동,2025,6,월세,오피스텔,15,1000.0,2646.7,2997.8,1000.0,4000.0,65.0,56.6,16.64,12,0
동작구,대방동,2025,6,전세,연립다세대,9,28000.0,26775.6,8936.3,26600.0,30500.0,,,,3,0
동작구,대방동,2025,6,전세,오피스텔,2,11000.0,11000.0,0.0,11000.0,11000.0,,,,1,0
동작구,대방동,2025,7,월세,연립다세대,36,4500.0,8483.6,9315.4,1000.0,15937.5,50.0,52.39,36.09,26,0
동작구,대방동,2025,7,월세,오피스텔,6,2500.0,2833.3,1834.8,1250.0,4500.0,60.5,66.33,22.19,6,0
동작구,대방동,2025,7,전세,연립다세대,15,26000.0,23758.3,8150.8,17287.5,28700.0,,,,4,0
동작구,대방동,2025,7,전세,오피스텔,1,23000.0,23000.0,,23000.0,23000.0,,,,1,0
동작구,대방동,2025,8,월세,연립다세대,38,3622.5,6746.4,5915.9,3000.0,9498.25,44.0,48.11,32.52,34,0
동작구,대방동,2025,8,월세,오피스텔,5,1000.0,1800.0,1788.9,1000.0,1000.0,63.0,60.2,6.69,3,0
동작구,대방동,2025,8,전세,연립다세대,13,28000.0,27219.2,9366.2,21500.0,32500.0,,,,6,0
동작구,대방동,2025,9,월세,연립다세대,30,11000.0,13825.0,9628.6,5125.0,23387.5,30.0,38.87,30.44,19,0
동작구,대방동,2025,9,월세,오피스텔,7,2000.0,3857.1,4705.6,1000.0,4000.0,60.0,56.14,15.08,6,0
동작구,대방동,2025,9,전세,연립다세대,9,30000.0,27548.9,8319.2,22000.0,32600.0,,,,6,0
동작구,대방동,2025,9,전세,오피스텔,1,10500.0,10500.0,,10500.0,10500.0,,,,1,0
동작구,대방동,2025,10,월세,연립다세대,23,5000.0,8280.0,7944.2,2000.0,13900.0,50.0,49.61,27.82,21,0
동작구,대방동,2025,10,월세,오피스텔,8,6000.0,7125.0,5139.1,4000.0,11250.0,45.0,44.5,27.38,6,0
동작구,대방동,2025,10,전세,연립다세대,13,26000.0,25415.4,6310.7,24000.0,27400.0,,,,9,0
동작구,대방동,2025,11,월세,연립다세대,30,5250.0,9592.0,9880.1,1000.0,16000.0,42.0,60.47,73.51,21,0
동작구,대방동,2025,11,월세,오피스텔,11,2000.0,3445.5,2956.8,1000.0,5000.0,59.0,53.18,19.95,10,0
동작구,대방동,2025,11,전세,연립다세대,21,26700.0,25500.0,9674.3,19300.0,28300.0,,,,13,0
동작구,대방동,2025,12,월세,연립다세대,33,4000.0,7459.1,7628.3,2000.0,12000.0,45.0,49.97,33.24,25,0
동작구,대방동,2025,12,월세,오피스텔,10,2500.0,2200.0,1456.8,1000.0,3000.0,58.0,65.6,21.82,9,0
동작구,대방동,2025,12,전세,연립다세대,10,19600.0,20990.0,10697.4,11775.0,26750.0,,,,8,0
동작구,대방동,2025,12,전세,오피스텔,1,10500.0,10500.0,,10500.0,10500.0,,,,1,0
동작구,대방동,2026,1,월세,연립다세대,34,4000.0,9195.8,10052.5,2059.5,12937.5,42.0,51.0,35.67,26,1
동작구,대방동,2026,1,월세,오피스텔,7,2000.0,5967.1,7319.5,1250.0,9817.5,59.0,60.57,37.57,6,1
동작구,대방동,2026,1,전세,연립다세대,12,24000.0,24015.0,13999.8,10395.0,35150.0,,,,9,1
동작구,대방동,2026,2,월세,연립다세대,53,6120.0,9686.5,7900.0,3177.0,13000.0,33.0,41.26,32.89,47,1
동작구,대방동,2026,2,월세,오피스텔,7,5000.0,8571.4,8734.2,1000.0,16000.0,45.0,49.71,30.46,6,1
동작구,대방동,2026,2,전세,연립다세대,15,27500.0,28450.0,9219.2,26000.0,34400.0,,,,10,1
동작구,대방동,2026,2,전세,오피스텔,2,12895.0,12895.0,1265.7,12447.5,13342.5,,,,1,1
동작구,대방동,2026,3,월세,연립다세대,26,8000.0,9225.0,8112.4,2125.0,14662.5,47.5,53.62,34.45,21,1
동작구,대방동,2026,3,월세,오피스텔,3,2000.0,2833.3,1893.0,1750.0,3500.0,49.0,71.0,51.64,1,1
동작구,대방동,2026,3,전세,연립다세대,15,24000.0,25943.3,6709.1,23250.0,27000.0,,,,8,1
동작구,대방동,2026,3,전세,오피스텔,3,10500.0,13333.3,5795.1,10000.0,15250.0,,,,2,1
동작구,대방동,2026,4,월세,연립다세대,43,10000.0,10079.1,7697.2,3500.0,15100.0,44.0,45.65,31.11,28,1
동작구,대방동,2026,4,월세,오피스텔,11,3000.0,6390.9,7311.7,2000.0,9000.0,50.0,44.45,15.54,8,1
동작구,대방동,2026,4,전세,연립다세대,9,15000.0,16333.3,6164.4,12000.0,17000.0,,,,7,1
동작구,대방동,2026,4,전세,오피스텔,1,13000.0,13000.0,,13000.0,13000.0,,,,0,1
동작구,대방동,2026,5,월세,연립다세대,21,17000.0,15928.6,10608.1,7000.0,22000.0,32.0,42.48,36.37,17,1
동작구,대방동,2026,5,월세,오피스텔,12,2000.0,3908.3,5374.3,1000.0,3000.0,53.0,53.42,19.08,6,1
동작구,대방동,2026,5,전세,연립다세대,7,33000.0,31314.3,4495.3,27750.0,34250.0,,,,3,1
동작구,대방동,2026,5,전세,오피스텔,2,22085.0,22085.0,8365.1,19127.5,25042.5,,,,2,1
동작구,대방동,2026,6,월세,연립다세대,41,8000.0,12589.7,11006.4,3127.0,20000.0,47.0,47.46,26.49,31,1
동작구,대방동,2026,6,월세,오피스텔,12,11500.0,9958.3,7776.6,1750.0,16250.0,26.0,32.58,27.41,8,1
동작구,대방동,2026,6,전세,연립다세대,16,27250.0,25416.9,7101.3,19680.0,29625.0,,,,6,1
동작구,대방동,2026,7,월세,연립다세대,33,12000.0,10556.4,8785.4,2000.0,17400.0,55.0,52.33,35.01,23,1
동작구,대방동,2026,7,월세,오피스텔,9,2000.0,4833.3,7921.5,1000.0,5000.0,55.0,50.78,20.04,8,1
동작구,대방동,2026,7,전세,연립다세대,14,24500.0,23267.1,8384.5,19105.0,27500.0,,,,5,1
동작구,대방동,2026,7,전세,오피스텔,2,19625.0,19625.0,9369.2,16312.5,22937.5,,,,2,1
동작구,대방동,2026,8,월세,연립다세대,34,5000.0,9835.5,10385.7,2000.0,14500.0,44.5,47.24,30.84,27,1
동작구,대방동,2026,8,월세,오피스텔,5,2000.0,2000.0,1000.0,1000.0,3000.0,63.0,78.2,40.67,5,1
동작구,대방동,2026,8,전세,연립다세대,9,27000.0,27118.2,10395.3,20000.0,37000.0,,,,7,1
동작구,대방동,2026,9,월세,연립다세대,12,11699.5,13554.1,11598.1,2500.0,25725.0,48.0,52.0,47.17,6,1
동작구,대방동,2026,9,전세,연립다세대,2,25555.0,25555.0,2764.8,24577.5,26532.5,,,,0,1
동작구,대방동,2026,9,전세,오피스텔,2,23590.0,23590.0,16532.2,17745.0,29435.0,,,,1,1
동작구,동작동,2021,3,전세,연립다세대,3,46000.0,46333.3,3511.9,44500.0,48000.0,,,,0,0
동작구,동작동,2021,4,전세,연립다세대,1,50000.0,50000.0,,50000.0,50000.0,,,,0,0
동작구,동작동,2021,6,전세,연립다세대,2,41000.0,41000.0,1414.2,40500.0,41500.0,,,,2,0
동작구,동작동,2021,7,월세,연립다세대,1,5000.0,5000.0,,5000.0,5000.0,100.0,100.0,,1,0
동작구,동작동,2021,7,전세,연립다세대,2,36012.5,36012.5,5639.2,34018.75,38006.25,,,,1,0
동작구,동작동,2021,8,월세,연립다세대,1,3000.0,3000.0,,3000.0,3000.0,100.0,100.0,,1,0
동작구,동작동,2021,8,전세,연립다세대,3,50000.0,51666.7,6658.3,48000.0,54500.0,,,,3,0
동작구,동작동,2021,9,월세,연립다세대,1,20000.0,20000.0,,20000.0,20000.0,70.0,70.0,,1,0
동작구,동작동,2021,10,전세,연립다세대,1,29000.0,29000.0,,29000.0,29000.0,,,,0,0
동작구,동작동,2021,11,월세,연립다세대,1,2000.0,2000.0,,2000.0,2000.0,65.0,65.0,,1,0
동작구,동작동,2021,11,전세,연립다세대,4,41500.0,37000.0,16391.1,29250.0,49250.0,,,,3,0
동작구,동작동,2021,12,전세,연립다세대,2,42000.0,42000.0,2828.4,41000.0,43000.0,,,,1,0
동작구,동작동,2022,1,전세,연립다세대,1,45000.0,45000.0,,45000.0,45000.0,,,,1,0
동작구,동작동,2022,2,월세,연립다세대,1,12000.0,12000.0,,12000.0,12000.0,15.0,15.0,,0,0
동작구,동작동,2022,2,전세,연립다세대,4,42691.5,38095.8,14658.1,31787.25,49000.0,,,,2,0
동작구,동작동,2022,3,월세,연립다세대,1,1000.0,1000.0,,1000.0,1000.0,60.0,60.0,,1,0
동작구,동작동,2022,3,전세,연립다세대,2,42000.0,42000.0,4242.6,40500.0,43500.0,,,,2,0
동작구,동작동,2022,4,월세,연립다세대,1,20000.0,20000.0,,20000.0,20000.0,130.0,130.0,,1,0
동작구,동작동,2022,4,전세,연립다세대,5,41000.0,38393.0,14048.5,34965.0,50000.0,,,,2,0
동작구,동작동,2022,5,월세,연립다세대,1,5000.0,5000.0,,5000.0,5000.0,100.0,100.0,,1,0
동작구,동작동,2022,5,전세,연립다세대,1,33075.0,33075.0,,33075.0,33075.0,,,,0,0
동작구,동작동,2022,7,전세,연립다세대,4,26250.0,25500.0,7035.6,20250.0,31500.0,,,,0,0
동작구,동작동,2022,9,월세,연립다세대,3,2000.0,4666.7,4618.8,2000.0,6000.0,65.0,56.67,14.43,2,0
동작구,동작동,2022,9,전세,연립다세대,1,28350.0,28350.0,,28350.0,28350.0,,,,0,0
동작구,동작동,2022,10,전세,연립다세대,5,42000.0,37717.4,11532.0,38587.0,42000.0,,,,3,0
동작구,동작동,2022,11,월세,연립다세대,2,7500.0,7500.0,3535.5,6250.0,8750.0,91.5,91.5,51.62,0,0
동작구,동작동,2022,11,전세,연립다세대,3,37000.0,36666.7,577.4,36500.0,37000.0,,,,2,0
동작구,동작동,2022,12,월세,연립다세대,3,15000.0,17333.3,4041.5,15000.0,18500.0,30.0,35.0,8.66,2,0
동작구,동작동,2023,1,월세,연립다세대,1,1000.0,1000.0,,1000.0,1000.0,60.0,60.0,,1,0
동작구,동작동,2023,1,전세,연립다세대,1,38000.0,38000.0,,38000.0,38000.0,,,,1,0
동작구,동작동,2023,2,월세,연립다세대,1,5000.0,5000.0,,5000.0,5000.0,100.0,100.0,,1,0
동작구,동작동,2023,2,전세,연립다세대,3,32500.0,31000.0,2598.1,30250.0,32500.0,,,,2,0
동작구,동작동,2023,3,월세,연립다세대,1,4700.0,4700.0,,4700.0,4700.0,85.0,85.0,,1,0
동작구,동작동,2023,4,월세,연립다세대,3,300.0,1766.7,2804.2,150.0,2650.0,55.0,65.0,40.93,2,0
동작구,동작동,2023,4,전세,연립다세대,1,46000.0,46000.0,,46000.0,46000.0,,,,0,0
동작구,동작동,2023,6,전세,연립다세대,1,17000.0,17000.0,,17000.0,17000.0,,,,1,0
동작구,동작동,2023,7,월세,연립다세대,2,11000.0,11000.0,12727.9,6500.0,15500.0,60.0,60.0,0.0,2,0
동작구,동작동,2023,7,전세,연립다세대,3,34725.0,33241.7,2810.7,32362.5,34862.5,,,,1,0
동작구,동작동,2023,8,월세,연립다세대,1,1000.0,1000.0,,1000.0,1000.0,70.0,70.0,,1,0
동작구,동작동,2023,8,전세,연립다세대,1,35000.0,35000.0,,35000.0,35000.0,,,,0,0
동작구,동작동,2023,9,월세,연립다세대,2,11500.0,11500.0,12020.8,7250.0,15750.0,85.0,85.0,21.21,1,0
동작구,동작동,2023,9,전세,연립다세대,3,40000.0,38333.3,2886.8,37500.0,40000.0,,,,2,0
동작구,동작동,2023,10,전세,연립다세대,2,32000.0,32000.0,0.0,32000.0,32000.0,,,,1,0
동작구,동작동,2023,11,월세,연립다세대,1,40000.0,40000.0,,40000.0,40000.0,30.0,30.0,,1,0
동작구,동작동,2023,11,전세,연립다세대,1,18000.0,18000.0,,18000.0,18000.0,,,,1,0
동작구,동작동,2023,12,전세,연립다세대,3,38000.0,36000.0,5291.5,34000.0,39000.0,,,,3,0
동작구,동작동,2024,1,월세,연립다세대,2,2500.0,2500.0,3535.5,1250.0,3750.0,80.0,80.0,84.85,1,0
동작구,동작동,2024,1,전세,연립다세대,5,35000.0,40345.0,10322.7,34725.0,47000.0,,,,4,0
동작구,동작동,2024,2,전세,연립다세대,3,31500.0,32433.3,4473.6,30000.0,34400.0,,,,1,0
동작구,동작동,2024,4,월세,연립다세대,1,2000.0,2000.0,,2000.0,2000.0,60.0,60.0,,1,0
동작구,동작동,2024,4,전세,연립다세대,2,39750.0,39750.0,13081.5,35125.0,44375.0,,,,0,0
동작구,동작동,2024,5,전세,연립다세대,3,33075.0,35941.7,8019.0,31412.5,39037.5,,,,0,0
동작구,동작동,2024,6,월세,연립다세대,2,6000.0,6000.0,5656.9,4000.0,8000.0,60.0,60.0,56.57,2,0
동작구,동작동,2024,6,전세,연립다세대,2,40000.0,40000.0,0.0,40000.0,40000.0,,,,2,0
동작구,동작동,2024,7,월세,연립다세대,1,20000.0,20000.0,,20000.0,20000.0,80.0,80.0,,1,0
동작구,동작동,2024,7,전세,연립다세대,2,40606.5,40606.5,5506.2,38659.75,42553.25,,,,2,0
동작구,동작동,2024,8,전세,연립다세대,3,20000.0,26833.3,13156.1,19250.0,31000.0,,,,2,0
동작구,동작동,2024,9,월세,연립다세대,1,22000.0,22000.0,,22000.0,22000.0,25.0,25.0,,1,0
동작구,동작동,2024,9,전세,연립다세대,2,36600.0,36600.0,7636.8,33900.0,39300.0,,,,1,0
동작구,동작동,2024,10,월세,연립다세대,4,10000.0,11265.0,6271.7,8765.0,12500.0,133.5,119.25,41.74,1,0
동작구,동작동,2024,10,전세,연립다세대,1,9000.0,9000.0,,9000.0,9000.0,,,,1,0
동작구,동작동,2024,11,전세,연립다세대,4,34600.0,35800.0,8001.7,29150.0,41250.0,,,,2,0
동작구,동작동,2024,12,월세,연립다세대,2,20150.0,20150.0,24253.8,11575.0,28725.0,63.5,63.5,79.9,2,0
동작구,동작동,2024,12,전세,연립다세대,1,35100.0,35100.0,,35100.0,35100.0,,,,0,0
동작구,동작동,2025,1,월세,연립다세대,1,8000.0,8000.0,,8000.0,8000.0,150.0,150.0,,1,0
동작구,동작동,2025,3,월세,연립다세대,2,3000.0,3000.0,1414.2,2500.0,3500.0,75.0,75.0,21.21,1,0
동작구,동작동,2025,3,전세,연립다세대,2,31887.5,31887.5,1679.4,31293.75,32481.25,,,,1,0
동작구,동작동,2025,4,월세,연립다세대,3,12000.0,20000.0,13856.4,12000.0,24000.0,50.0,40.0,17.32,3,0
동작구,동작동,2025,4,전세,연립다세대,3,35000.0,32533.3,13865.5,26300.0,40000.0,,,,2,0
동작구,동작동,2025,6,월세,연립다세대,1,20000.0,20000.0,,20000.0,20000.0,65.0,65.0,,1,0
동작구,동작동,2025,7,월세,연립다세대,1,30000.0,30000.0,,30000.0,30000.0,30.0,30.0,,0,0
동작구,동작동,2025,7,전세,연립다세대,3,34725.0,33650.0,1862.0,33112.5,34725.0,,,,0,0
동작구,동작동,2025,8,월세,연립다세대,2,4000.0,4000.0,1414.2,3500.0,4500.0,85.0,85.0,21.21,2,0
동작구,동작동,2025,8,전세,연립다세대,1,36000.0,36000.0,,36000.0,36000.0,,,,1,0
동작구,동작동,2025,10,월세,연립다세대,2,8000.0,8000.0,9899.5,4500.0,11500.0,42.5,42.5,24.75,2,0
동작구,동작동,2025,11,월세,연립다세대,1,5000.0,5000.0,,5000.0,5000.0,80.0,80.0,,1,0
동작구,동작동,2025,11,전세,연립다세대,1,38000.0,38000.0,,38000.0,38000.0,,,,1,0
동작구,동작동,2025,12,전세,연립다세대,3,31500.0,30833.3,10515.9,25750.0,36250.0,,,,3,0
동작구,동작동,2026,1,월세,연립다세대,2,20000.0,20000.0,0.0,20000.0,20000.0,60.0,60.0,0.0,2,1
동작구,동작동,2026,1,전세,연립다세대,1,47000.0,47000.0,,47000.0,47000.0,,,,0,1
동작구,동작동,2026,2,월세,연립다세대,1,21100.0,21100.0,,21100.0,21100.0,38.0,38.0,,1,1
동작구,동작동,2026,2,전세,연립다세대,3,36460.0,34806.7,2863.7,33980.0,36460.0,,,,1,1
동작구,동작동,2026,4,월세,연립다세대,3,5000.0,8666.7,10016.7,3000.0,12500.0,80.0,81.67,22.55,2,1
동작구,동작동,2026,4,전세,연립다세대,1,35000.0,35000.0,,35000.0,35000.0,,,,1,1
동작구,동작동,2026,5,전세,연립다세대,2,41500.0,41500.0,2121.3,40750.0,42250.0,,,,2,1
동작구,동작동,2026,6,월세,연립다세대,3,20000.0,15666.7,11150.5,11500.0,22000.0,120.0,88.67,63.13,3,1
동작구,동작동,2026,7,월세,연립다세대,1,36713.0,36713.0,,36713.0,36713.0,7.0,7.0,,0,1
동작구,동작동,2026,8,월세,연립다세대,1,1000.0,1000.0,,1000.0,1000.0,70.0,70.0,,1,1
동작구,동작동,2026,8,전세,연립다세대,3,33500.0,31666.7,3175.4,30750.0,33500.0,,,,3,1
동작구,동작동,2026,9,월세,연립다세대,1,22000.0,22000.0,,22000.0,22000.0,30.0,30.0,,0,1
동작구,동작동,2026,9,전세,연립다세대,1,20500.0,20500.0,,20500.0,20500.0,,,,0,1
동작구,본동,2021,1,월세,연립다세대,1,12000.0,12000.0,,12000.0,12000.0,20.0,20.0,,0,0
동작구,본동,2021,1,전세,연립다세대,1,23500.0,23500.0,,23500.0,23500.0,,,,0,0
동작구,본동,2021,2,월세,연립다세대,2,9500.0,9500.0,12020.8,5250.0,13750.0,40.0,40.0,14.14,0,0
동작구,본동,2021,2,전세,연립다세대,7,18000.0,17678.6,5751.2,16500.0,20800.0,,,,1,0
동작구,본동,2021,3,월세,연립다세대,4,10000.0,9875.0,7554.0,7625.0,12250.0,28.5,29.25,16.6,1,0
동작구,본동,2021,3,전세,연립다세대,3,23000.0,21666.7,4163.3,20000.0,24000.0,,,,0,0
동작구,본동,2021,4,월세,연립다세대,2,2500.0,2500.0,707.1,2250.0,2750.0,42.0,42.0,11.31,0,0
동작구,본동,2021,4,전세,연립다세대,3,17800.0,17933.3,4001.7,15900.0,19900.0,,,,0,0
동작구,본동,2021,5,월세,연립다세대,1,15000.0,15000.0,,15000.0,15000.0,10.0,10.0,,0,0
동작구,본동,2021,5,전세,연립다세대,1,22000.0,22000.0,,22000.0,22000.0,,,,0,0
동작구,본동,2021,6,월세,연립다세대,2,400.0,400.0,141.4,350.0,450.0,28.5,28.5,12.02,0,0
동작구,본동,2021,6,전세,연립다세대,6,27500.0,27333.3,5819.5,24000.0,32500.0,,,,4,0
동작구,본동,2021,7,전세,연립다세대,5,19000.0,17000.0,4472.1,19000.0,19000.0,,,,4,0
동작구,본동,2021,8,전세,연립다세대,5,8500.0,15900.0,13844.7,8000.0,30000.0,,,,2,0
동작구,본동,2021,9,월세,연립다세대,2,750.0,750.0,353.6,625.0,875.0,50.0,50.0,14.14,0,0
동작구,본동,2021,10,월세,연립다세대,1,5000.0,5000.0,,5000.0,5000.0,30.0,30.0,,0,0
동작구,본동,2021,10,전세,연립다세대,1,30000.0,30000.0,,30000.0,30000.0,,,,1,0
동작구,본동,2021,11,월세,연립다세대,1,17000.0,17000.0,,17000.0,17000.0,15.0,15.0,,1,0
동작구,본동,2021,11,전세,연립다세대,2,22000.0,22000.0,4242.6,20500.0,23500.0,,,,1,0
동작구,본동,2021,12,전세,연립다세대,6,16000.0,16916.7,2835.8,15250.0,16750.0,,,,5,0
동작구,본동,2022,1,전세,연립다세대,7,21000.0,19357.1,5749.7,14000.0,22750.0,,,,6,0
동작구,본동,2022,2,전세,연립다세대,5,18600.0,19345.0,9156.0,14000.0,20000.0,,,,3,0
동작구,본동,2022,3,월세,연립다세대,2,750.0,750.0,353.6,625.0,875.0,46.5,46.5,2.12,2,0
동작구,본동,2022,3,전세,연립다세대,1,18000.0,18000.0,,18000.0,18000.0,,,,1,0
동작구,본동,2022,4,월세,연립다세대,1,11000.0,11000.0,,11000.0,11000.0,20.0,20.0,,1,0
동작구,본동,2022,5,전세,연립다세대,1,18000.0,18000.0,,18000.0,18000.0,,,,1,0
동작구,본동,2022,6,전세,연립다세대,1,10300.0,10300.0,,10300.0,10300.0,,,,1,0
동작구,본동,2022,7,전세,연립다세대,3,6500.0,12666.7,10681.0,6500.0,15750.0,,,,2,0
동작구,본동,2022,8,전세,연립다세대,1,17000.0,17000.0,,17000.0,17000.0,,,,1,0
동작구,본동,2022,9,전세,연립다세대,3,23500.0,20000.0,6062.2,18250.0,23500.0,,,,2,0
동작구,본동,2022,10,전세,연립다세대,5,9000.0,9600.0,1474.8,8500.0,10000.0,,,,5,0
동작구,본동,2022,11,전세,연립다세대,2,21000.0,21000.0,5939.7,18900.0,23100.0,,,,1,0
동작구,본동,2022,12,월세,연립다세대,1,200.0,200.0,,200.0,200.0,35.0,35.0,,1,0
동작구,본동,2022,12,전세,연립다세대,4,11000.0,12731.2,4943.6,10481.25,13250.0,,,,2,0
동작구,본동,2023,1,월세,연립다세대,7,4000.0,5857.1,7051.7,750.0,8000.0,45.0,49.57,32.64,4,0
동작구,본동,2023,1,전세,연립다세대,3,23500.0,22866.7,1184.6,22500.0,23550.0,,,,0,0
동작구,본동,2023,2,월세,연립다세대,3,10000.0,6833.3,5484.8,5250.0,10000.0,36.0,37.0,2.65,3,0
동작구,본동,2023,2,전세,연립다세대,2,12500.0,12500.0,6364.0,10250.0,14750.0,,,,2,0
동작구,본동,2023,3,월세,연립다세대,2,1000.0,1000.0,707.1,750.0,1250.0,47.5,47.5,3.54,2,0
동작구,본동,2023,3,전세,연립다세대,2,12900.0,12900.0,5798.3,10850.0,14950.0,,,,1,0
동작구,본동,2023,4,월세,연립다세대,2,6750.0,6750.0,8838.8,3625.0,9875.0,33.5,33.5,23.33,2,0
동작구,본동,2023,4,전세,연립다세대,1,15000.0,15000.0,,15000.0,15000.0,,,,1,0
동작구,본동,2023,5,월세,연립다세대,1,500.0,500.0,,500.0,500.0,35.0,35.0,,1,0
동작구,본동,2023,5,전세,연립다세대,1,12000.0,12000.0,,12000.0,12000.0,,,,0,0
동작구,본동,2023,6,월세,연립다세대,3,15200.0,13900.0,10311.6,9100.0,19350.0,22.0,22.33,17.5,3,0
동작구,본동,2023,6,전세,연립다세대,1,13000.0,13000.0,,13000.0,13000.0,,,,1,0
동작구,본동,2023,7,월세,연립다세대,1,1000.0,1000.0,,1000.0,1000.0,50.0,50.0,,1,0
동작구,본동,2023,7,전세,연립다세대,1,19000.0,19000.0,,19000.0,19000.0,,,,1,0
동작구,본동,2023,8,월세,연립다세대,1,1000.0,1000.0,,1000.0,1000.0,70.0,70.0,,1,0
동작구,본동,2023,8,전세,연립다세대,5,20000.0,19800.0,6760.2,19000.0,25000.0,,,,2,0
동작구,본동,2023,9,월세,연립다세대,1,3000.0,3000.0,,3000.0,3000.0,70.0,70.0,,1,0
동작구,본동,2023,9,전세,연립다세대,6,17250.0,16982.3,7423.4,14995.5,21300.0,,,,4,0
동작구,본동,2023,10,월세,연립다세대,1,370.0,370.0,,370.0,370.0,22.0,22.0,,0,0
동작구,본동,2023,10,전세,연립다세대,1,20000.0,20000.0,,20000.0,20000.0,,,,1,0
동작구,본동,2023,11,월세,연립다세대,4,13250.0,10875.0,7598.0,8625.0,15500.0,17.5,18.75,8.54,3,0
동작구,본동,2023,11,전세,연립다세대,4,15250.0,16375.0,5186.1,12375.0,19250.0,,,,4,0
동작구,본동,2023,12,월세,연립다세대,1,13700.0,13700.0,,13700.0,13700.0,30.0,30.0,,1,0
동작구,본동,2023,12,전세,연립다세대,7,10000.0,13785.7,9582.3,7000.0,17250.0,,,,5,0
동작구,본동,2024,1,전세,연립다세대,4,18400.0,18400.0,6235.4,13000.0,23800.0,,,,4,0
동작구,본동,2024,2,전세,연립다세대,4,25000.0,23250.0,3500.0,23250.0,25000.0,,,,4,0
동작구,본동,2024,3,월세,연립다세대,5,2000.0,7600.0,10496.4,500.0,10000.0,45.0,52.0,19.24,5,0
동작구,본동,2024,3,전세,연립다세대,2,9000.0,9000.0,0.0,9000.0,9000.0,,,,0,0
동작구,본동,2024,4,월세,연립다세대,3,5500.0,4000.0,2598.1,3250.0,5500.0,57.0,53.0,6.93,3,0
동작구,본동,2024,4,전세,연립다세대,1,25000.0,25000.0,,25000.0,25000.0,,,,1,0
동작구,본동,2024,5,월세,연립다세대,3,10600.0,9233.3,8532.5,5350.0,13800.0,25.0,29.33,9.29,2,0
동작구,본동,2024,5,전세,연립다세대,1,11550.0,11550.0,,11550.0,11550.0,,,,1,0
동작구,본동,2024,6,월세,연립다세대,1,500.0,500.0,,500.0,500.0,35.0,35.0,,1,0
동작구,본동,2024,6,전세,연립다세대,1,10600.0,10600.0,,10600.0,10600.0,,,,1,0
동작구,본동,2024,7,월세,연립다세대,1,1000.0,1000.0,,1000.0,1000.0,110.0,110.0,,1,0
동작구,본동,2024,7,전세,연립다세대,4,11800.0,9900.0,4737.1,8700.0,13000.0,,,,4,0
동작구,본동,2024,8,월세,연립다세대,1,1000.0,1000.0,,1000.0,1000.0,48.0,48.0,,0,0
동작구,본동,2024,8,전세,연립다세대,1,9345.0,9345.0,,9345.0,9345.0,,,,0,0
동작구,본동,2024,9,월세,연립다세대,2,1450.0,1450.0,777.8,1175.0,1725.0,80.0,80.0,7.07,2,0
동작구,본동,2024,9,전세,연립다세대,2,23750.0,23750.0,1060.7,23375.0,24125.0,,,,2,0
동작구,본동,2024,10,전세,연립다세대,2,25000.0,25000.0,1414.2,24500.0,25500.0,,,,1,0
동작구,본동,2024,11,월세,연립다세대,1,200.0,200.0,,200.0,200.0,15.0,15.0,,1,0
동작구,본동,2024,11,전세,연립다세대,5,10500.0,14050.0,7328.5,9450.0,18000.0,,,,1,0
동작구,본동,2025,1,월세,연립다세대,1,3000.0,3000.0,,3000.0,3000.0,70.0,70.0,,1,0
동작구,본동,2025,1,전세,연립다세대,4,14250.0,15875.0,7099.0,10375.0,19750.0,,,,3,0
동작구,본동,2025,2,월세,연립다세대,4,400.0,3998.5,7331.4,275.0,4123.5,31.5,32.0,14.58,3,0
동작구,본동,2025,2,전세,연립다세대,1,24700.0,24700.0,,24700.0,24700.0,,,,0,0
동작구,본동,2025,3,월세,연립다세대,1,13000.0,13000.0,,13000.0,13000.0,20.0,20.0,,1,0
동작구,본동,2025,4,전세,연립다세대,2,10000.0,10000.0,4242.6,8500.0,11500.0,,,,2,0
동작구,본동,2025,5,월세,연립다세대,2,9825.0,9825.0,9652.0,6412.5,13237.5,40.0,40.0,38.18,2,0
동작구,본동,2025,5,전세,연립다세대,2,13500.0,13500.0,4949.7,11750.0,15250.0,,,,0,0
동작구,본동,2025,6,월세,연립다세대,3,23500.0,20790.0,4693.9,19435.0,23500.0,10.0,14.67,8.08,3,0
동작구,본동,2025,6,전세,연립다세대,2,22000.0,22000.0,4242.6,20500.0,23500.0,,,,2,0
동작구,본동,2025,7,월세,연립다세대,4,10000.0,11250.0,2500.0,10000.0,11250.0,55.0,52.5,8.66,3,0
동작구,본동,2025,7,전세,연립다세대,2,25000.0,25000.0,11313.7,21000.0,29000.0,,,,1,0
동작구,본동,2025,8,월세,연립다세대,1,1000.0,1000.0,,1000.0,1000.0,80.0,80.0,,1,0
동작구,본동,2025,8,전세,연립다세대,1,21000.0,21000.0,,21000.0,21000.0,,,,1,0
동작구,본동,2025,9,전세,연립다세대,2,26000.0,26000.0,0.0,26000.0,26000.0,,,,0,0
동작구,본동,2025,10,월세,연립다세대,2,13000.0,13000.0,16970.6,7000.0,19000.0,27.5,27.5,10.61,2,0
동작구,본동,2025,10,전세,연립다세대,1,18000.0,18000.0,,18000.0,18000.0,,,,0,0
동작구,본동,2025,11,월세,연립다세대,3,900.0,3933.3,5253.9,900.0,5450.0,85.0,76.67,14.43,2,0
동작구,본동,2025,11,전세,연립다세대,2,22500.0,22500.0,10606.6,18750.0,26250.0,,,,1,0
동작구,본동,2025,12,월세,연립다세대,3,12000.0,15733.3,6727.8,11850.0,17750.0,8.0,10.67,8.33,2,0
동작구,본동,2025,12,전세,연립다세대,1,10000.0,10000.0,,10000.0,10000.0,,,,1,0
동작구,본동,2026,1,월세,연립다세대,1,1000.0,1000.0,,1000.0,1000.0,80.0,80.0,,1,1
동작구,본동,2026,1,전세,연립다세대,1,8000.0,8000.0,,8000.0,8000.0,,,,1,1
동작구,본동,2026,3,전세,연립다세대,1,15600.0,15600.0,,15600.0,15600.0,,,,1,1
동작구,본동,2026,4,전세,연립다세대,4,14450.0,15475.0,7922.7,9500.0,20425.0,,,,3,1
동작구,본동,2026,5,월세,연립다세대,2,7000.0,7000.0,4242.6,5500.0,8500.0,21.5,21.5,16.26,1,1
동작구,본동,2026,6,월세,연립다세대,1,500.0,500.0,,500.0,500.0,50.0,50.0,,1,1
동작구,본동,2026,6,전세,연립다세대,2,19175.0,19175.0,10005.6,15637.5,22712.5,,,,0,1
동작구,본동,2026,7,전세,연립다세대,1,9000.0,9000.0,,9000.0,9000.0,,,,1,1
동작구,본동,2026,8,전세,연립다세대,1,9000.0,9000.0,,9000.0,9000.0,,,,1,1
동작구,본동,2026,9,월세,연립다세대,1,25000.0,25000.0,,25000.0,25000.0,60.0,60.0,,1,1
동작구,사당동,2021,1,월세,연립다세대,60,5000.0,8031.7,7443.0,2000.0,15000.0,53.5,49.17,22.72,2,0
동작구,사당동,2021,1,월세,오피스텔,18,7000.0,8033.3,6782.6,1250.0,13000.0,40.0,41.78,17.77,2,0
동작구,사당동,2021,1,전세,연립다세대,50,23000.0,25776.9,11534.3,18750.0,33750.0,,,,2,0
동작구,사당동,2021,1,전세,오피스텔,3,20000.0,20200.0,3304.5,18500.0,21800.0,,,,0,0
동작구,사당동,2021,2,월세,연립다세대,51,7000.0,9230.4,8009.6,2500.0,15475.0,45.0,44.65,24.41,1,0
동작구,사당동,2021,2,월세,오피스텔,13,10000.0,10192.3,9040.5,1000.0,15000.0,41.0,37.15,18.45,0,0
동작구,사당동,2021,2,전세,연립다세대,56,25000.0,25022.3,10206.0,17762.5,33000.0,,,,0,0
동작구,사당동,2021,2,전세,오피스텔,4,19000.0,21125.0,7215.4,17250.0,22875.0,,,,0,0
동작구,사당동,2021,3,월세,연립다세대,50,8000.0,10472.0,8061.1,5000.0,17250.0,50.0,46.9,22.54,1,0
동작구,사당동,2021,3,월세,오피스텔,10,13500.0,12880.0,4951.9,13000.0,14000.0,35.0,39.9,16.86,0,0
동작구,사당동,2021,3,전세,연립다세대,71,26000.0,27584.9,9455.2,21000.0,33000.0,,,,1,0
동작구,사당동,2021,4,월세,연립다세대,42,3000.0,6628.6,6491.2,1000.0,13875.0,50.0,48.29,22.21,1,0
동작구,사당동,2021,4,월세,오피스텔,12,11500.0,9750.0,6181.6,4500.0,13500.0,35.0,39.33,11.93,1,0
동작구,사당동,2021,4,전세,연립다세대,85,25000.0,26392.9,10756.2,19000.0,31000.0,,,,3,0
동작구,사당동,2021,4,전세,오피스텔,4,10500.0,11050.0,1508.9,10000.0,11550.0,,,,0,0
동작구,사당동,2021,5,월세,연립다세대,36,5500.0,8613.9,8228.5,2750.0,14250.0,53.0,51.97,18.48,1,0
동작구,사당동,2021,5,월세,오피스텔,16,13000.0,11375.0,3827.5,10000.0,13500.0,30.0,31.88,12.7,2,0
동작구,사당동,2021,5,전세,연립다세대,77,27000.0,27598.7,9869.3,20400.0,34000.0,,,,2,0
동작구,사당동,2021,5,전세,오피스텔,3,16000.0,19516.7,11679.1,13000.0,24275.0,,,,0,0
동작구,사당동,2021,6,월세,연립다세대,44,8400.0,8293.2,6750.5,2750.0,11000.0,48.0,50.39,22.67,28,0
동작구,사당동,2021,6,월세,오피스텔,15,12500.0,11033.3,4501.9,10000.0,13500.0,30.0,31.8,15.79,10,0
동작구,사당동,2021,6,전세,연립다세대,91,26200.0,26765.4,9756.0,20300.0,33000.0,,,,48,0
동작구,사당동,2021,6,전세,오피스텔,1,17325.0,17325.0,,17325.0,17325.0,,,,1,0
동작구,사당동,2021,7,월세,연립다세대,54,5000.0,8793.0,8197.9,2000.0,15000.0,47.5,47.57,22.91,32,0
동작구,사당동,2021,7,월세,오피스텔,13,8000.0,7000.0,3894.4,5000.0,10000.0,35.0,34.62,18.32,13,0
동작구,사당동,2021,7,전세,연립다세대,91,25000.0,25684.1,10113.5,18500.0,31750.0,,,,50,0
동작구,사당동,2021,7,전세,오피스텔,3,15900.0,15966.7,2000.8,14950.0,16950.0,,,,3,0
동작구,사당동,2021,8,월세,연립다세대,65,7000.0,9179.4,8513.6,2000.0,13000.0,45.0,42.14,23.12,42,0
동작구,사당동,2021,8,월세,오피스텔,10,10000.0,8000.0,4268.7,5750.0,10000.0,25.0,30.2,18.09,8,0
동작구,사당동,2021,8,전세,연립다세대,85,27500.0,28303.0,9524.7,21500.0,33600.0,,,,44,0
동작구,사당동,2021,9,월세,연립다세대,54,7537.0,9645.1,8377.4,2250.0,13750.0,42.5,41.41,20.67,35,0
동작구,사당동,2021,9,월세,오피스텔,3,10000.0,7333.3,4618.8,6000.0,10000.0,29.0,26.0,6.08,1,0
동작구,사당동,2021,9,전세,연립다세대,50,26100.0,25137.2,7742.0,20250.0,30600.0,,,,25,0
동작구,사당동,2021,9,전세,오피스텔,3,14000.0,15666.7,6658.3,12000.0,18500.0,,,,3,0
동작구,사당동,2021,10,월세,연립다세대,65,10000.0,9814.0,7513.5,3000.0,15000.0,50.0,45.78,26.21,38,0
동작구,사당동,2021,10,월세,오피스텔,7,3000.0,3971.4,4676.8,1000.0,4000.0,55.0,54.14,17.95,7,0
동작구,사당동,2021,10,전세,연립다세대,81,26200.0,25349.6,10282.9,16000.0,31000.0,,,,40,0
동작구,사당동,2021,10,전세,오피스텔,1,35800.0,35800.0,,35800.0,35800.0,,,,1,0
동작구,사당동,2021,11,월세,연립다세대,57,6000.0,7929.2,7379.3,2000.0,11000.0,30.0,33.25,22.01,25,0
동작구,사당동,2021,11,월세,오피스텔,6,4000.0,5166.7,3970.7,2250.0,8750.0,50.0,45.33,18.46,3,0
동작구,사당동,2021,11,전세,연립다세대,80,25775.0,25873.4,7725.7,21000.0,30000.0,,,,43,0
동작구,사당동,2021,12,월세,연립다세대,58,3000.0,7069.3,7500.3,2000.0,10750.0,46.0,45.43,22.98,41,0
동작구,사당동,2021,12,월세,오피스텔,11,10000.0,10454.5,9719.7,3500.0,14500.0,49.0,46.91,20.17,9,0
동작구,사당동,2021,12,전세,연립다세대,71,25200.0,26859.9,10164.4,19475.0,32500.0,,,,42,0
동작구,사당동,2022,1,월세,연립다세대,85,5000.0,8856.5,8403.9,2366.0,14000.0,45.0,42.99,24.24,55,0
동작구,사당동,2022,1,월세,오피스텔,8,2000.0,4875.0,4940.7,1000.0,9250.0,54.0,51.88,21.19,7,0
동작구,사당동,2022,1,전세,연립다세대,62,26500.0,26270.2,8997.6,18000.0,31462.5,,,,40,0
동작구,사당동,2022,2,월세,연립다세대,86,5500.0,8156.7,7920.0,2000.0,12483.75,50.0,51.56,25.19,63,0
동작구,사당동,2022,2,월세,오피스텔,8,2000.0,5500.0,6568.3,875.0,9625.0,42.5,46.75,23.13,8,0
동작구,사당동,2022,2,전세,연립다세대,77,24000.0,23172.4,7927.9,19000.0,28900.0,,,,40,0
동작구,사당동,2022,2,전세,오피스텔,2,14687.5,14687.5,2209.7,13906.25,15468.75,,,,0,0
동작구,사당동,2022,3,월세,연립다세대,83,5215.0,9650.7,9562.7,2000.0,15450.0,50.0,46.39,26.73,54,0
동작구,사당동,2022,3,월세,오피스텔,6,1000.0,2333.3,3763.9,625.0,1000.0,46.5,47.83,15.41,4,0
동작구,사당동,2022,3,전세,연립다세대,99,25000.0,25363.0,7924.8,21000.0,30000.0,,,,47,0
동작구,사당동,2022,3,전세,오피스텔,3,15750.0,16083.3,803.6,15625.0,16375.0,,,,3,0
동작구,사당동,2022,4,월세,연립다세대,67,5000.0,7304.1,6799.7,1000.0,10250.0,50.0,48.36,24.5,40,0
동작구,사당동,2022,4,월세,오피스텔,5,1000.0,5400.0,6188.7,1000.0,10000.0,40.0,41.6,10.74,4,0
동작구,사당동,2022,4,전세,연립다세대,84,24000.0,25056.0,7646.6,19712.5,30000.0,,,,42,0
동작구,사당동,2022,4,전세,오피스텔,1,10000.0,10000.0,,10000.0,10000.0,,,,1,0
동작구,사당동,2022,5,월세,연립다세대,50,3000.0,6443.4,7673.5,1000.0,10000.0,50.0,48.0,29.3,29,0
동작구,사당동,2022,5,월세,오피스텔,7,1000.0,3571.4,4391.6,1000.0,5500.0,60.0,50.71,16.69,6,0
동작구,사당동,2022,5,전세,연립다세대,81,25000.0,25069.6,8839.5,18900.0,31500.0,,,,39,0
동작구,사당동,2022,5,전세,오피스텔,4,19500.0,20900.0,10180.4,16750.0,23650.0,,,,4,0
동작구,사당동,2022,6,월세,연립다세대,79,6000.0,7672.9,6738.3,2000.0,10000.0,50.0,48.8,25.25,48,0
동작구,사당동,2022,6,월세,오피스텔,8,1000.0,4000.0,5470.7,875.0,4750.0,40.0,40.0,13.46,6,0
동작구,사당동,2022,6,전세,연립다세대,81,27000.0,25525.7,9016.7,19950.0,31000.0,,,,33,0
동작구,사당동,2022,6,전세,오피스텔,1,12600.0,12600.0,,12600.0,12600.0,,,,0,0
동작구,사당동,2022,7,월세,연립다세대,78,5750.0,7606.9,6467.3,2328.75,10000.0,48.5,45.88,26.99,48,0
동작구,사당동,2022,7,월세,오피스텔,14,2661.0,3874.0,3098.2,1250.0,4893.0,41.5,44.29,26.75,7,0
동작구,사당동,2022,7,전세,연립다세대,74,28000.0,27742.4,8323.5,23000.0,33000.0,,,,33,0
동작구,사당동,2022,7,전세,오피스텔,4,19650.0,18625.0,7287.6,13900.0,24375.0,,,,2,0
동작구,사당동,2022,8,월세,연립다세대,62,5000.0,7741.9,7576.8,1625.0,10000.0,50.0,48.45,22.7,46,0
동작구,사당동,2022,8,월세,오피스텔,7,1000.0,5000.0,6608.1,1000.0,6500.0,40.0,49.43,18.27,7,0
동작구,사당동,2022,8,전세,연립다세대,66,29200.0,26847.3,8963.7,22000.0,31500.0,,,,28,0
동작구,사당동,2022,8,전세,오피스텔,5,19000.0,25003.2,10581.5,18191.0,33600.0,,,,2,0
동작구,사당동,2022,9,월세,연립다세대,64,5000.0,8614.5,8704.7,1000.0,15250.0,42.5,48.33,29.31,42,0
동작구,사당동,2022,9,월세,오피스텔,7,5000.0,5857.1,6511.0,1000.0,7500.0,40.0,41.0,14.33,6,0
동작구,사당동,2022,9,전세,연립다세대,80,27000.0,27169.2,7898.1,23000.0,31250.0,,,,33,0
동작구,사당동,2022,9,전세,오피스텔,6,29050.0,28041.7,8455.1,23125.0,35425.0,,,,0,0
동작구,사당동,2022,10,월세,연립다세대,59,7000.0,10074.6,8730.5,3000.0,15000.0,43.0,44.56,28.29,39,0
동작구,사당동,2022,10,월세,오피스텔,7,10000.0,7285.7,5407.2,2000.0,11500.0,33.0,47.0,26.01,6,0
동작구,사당동,2022,10,전세,연립다세대,73,26000.0,25851.0,8066.3,21000.0,30000.0,,,,35,0
동작구,사당동,2022,10,전세,오피스텔,2,33000.0,33000.0,9899.5,29500.0,36500.0,,,,2,0
동작구,사당동,2022,11,월세,연립다세대,49,8000.0,8755.1,7556.8,2000.0,13000.0,50.0,49.33,25.74,32,0
동작구,사당동,2022,11,월세,오피스텔,6,3250.0,5083.3,3904.1,3000.0,8375.0,57.0,51.17,13.61,5,0
동작구,사당동,2022,11,전세,연립다세대,46,24850.0,24063.0,8820.4,16250.0,28000.0,,,,25,0
동작구,사당동,2022,11,전세,오피스텔,6,17775.0,19960.0,11831.7,10920.0,29625.0,,,,1,0
동작구,사당동,2022,12,월세,연립다세대,80,3000.0,5608.9,6229.8,1000.0,7750.0,41.5,47.45,28.82,55,0
동작구,사당동,2022,12,월세,오피스텔,7,8000.0,7571.4,5533.4,3000.0,11500.0,24.0,36.14,22.65,6,0
동작구,사당동,2022,12,전세,연립다세대,61,25000.0,25708.1,10798.7,20000.0,29500.0,,,,28,0
동작구,사당동,2022,12,전세,오피스텔,3,20000.0,20333.3,4708.9,17900.0,22600.0,,,,1,0
동작구,사당동,2023,1,월세,연립다세대,66,5000.0,8329.3,7813.9,2503.25,11625.0,45.5,46.23,24.4,41,0
동작구,사당동,2023,1,월세,오피스텔,11,10000.0,8236.0,5593.8,3851.5,12000.0,29.0,31.18,14.92,6,0
동작구,사당동,2023,1,전세,연립다세대,39,24000.0,24600.0,6432.2,20250.0,28500.0,,,,22,0
동작구,사당동,2023,1,전세,오피스텔,1,35000.0,35000.0,,35000.0,35000.0,,,,1,0
동작구,사당동,2023,2,월세,연립다세대,70,4925.0,6887.0,6193.4,2000.0,10439.5,48.0,46.94,28.25,48,0
동작구,사당동,2023,2,월세,오피스텔,8,9000.0,7062.5,4754.2,2500.0,10000.0,32.5,41.12,16.44,3,0
동작구,사당동,2023,2,전세,연립다세대,78,25000.0,24338.6,7649.9,20000.0,30000.0,,,,52,0
동작구,사당동,2023,2,전세,오피스텔,1,34000.0,34000.0,,34000.0,34000.0,,,,1,0
동작구,사당동,2023,3,월세,연립다세대,74,7500.0,9189.6,7564.2,2000.0,15000.0,51.0,46.36,24.28,54,0
동작구,사당동,2023,3,월세,오피스텔,11,6000.0,6518.2,5237.7,1000.0,11500.0,48.0,46.27,16.4,6,0
동작구,사당동,2023,3,전세,연립다세대,101,26000.0,25161.9,8149.2,20000.0,28000.0,,,,57,0
동작구,사당동,2023,3,전세,오피스텔,4,22000.0,23375.0,4190.8,21500.0,23875.0,,,,3,0
동작구,사당동,2023,4,월세,연립다세대,65,5850.0,11111.8,10365.8,4000.0,18000.0,50.0,52.95,36.63,47,0
동작구,사당동,2023,4,월세,오피스텔,9,9500.0,7500.0,5979.1,1000.0,13000.0,40.0,44.11,28.85,7,0
동작구,사당동,2023,4,전세,연립다세대,66,24000.0,23459.1,7951.8,17600.0,26750.0,,,,30,0
동작구,사당동,2023,4,전세,오피스텔,4,16500.0,19387.5,9449.9,14137.5,21750.0,,,,2,0
동작구,사당동,2023,5,월세,연립다세대,79,7000.0,8683.5,7637.7,2000.0,12500.0,50.0,49.28,28.2,56,0
동작구,사당동,2023,5,월세,오피스텔,5,3000.0,5780.0,5855.9,1000.0,10000.0,40.0,42.4,14.71,5,0
동작구,사당동,2023,5,전세,연립다세대,61,24150.0,22861.2,7139.8,18000.0,28000.0,,,,23,0
동작구,사당동,2023,5,전세,오피스텔,1,16000.0,16000.0,,16000.0,16000.0,,,,0,0
동작구,사당동,2023,6,월세,연립다세대,89,7000.0,9273.2,8536.9,2000.0,14000.0,50.0,53.57,31.31,68,0
동작구,사당동,2023,6,월세,오피스텔,13,13000.0,11300.0,4714.7,10000.0,13900.0,30.0,36.15,18.0,8,0
동작구,사당동,2023,6,전세,연립다세대,78,24000.0,24262.8,7791.7,17250.0,29937.5,,,,42,0
동작구,사당동,2023,7,월세,연립다세대,89,5500.0,10269.7,9015.4,3000.0,15000.0,50.0,58.6,38.46,76,0
동작구,사당동,2023,7,월세,오피스텔,5,11000.0,13620.0,10934.9,10000.0,13500.0,32.0,33.4,19.87,4,0
동작구,사당동,2023,7,전세,연립다세대,82,23000.0,23692.5,9248.8,16134.5,29000.0,,,,43,0
동작구,사당동,2023,7,전세,오피스텔,1,32000.0,32000.0,,32000.0,32000.0,,,,0,0
동작구,사당동,2023,8,월세,연립다세대,90,5000.0,8833.7,7908.1,3000.0,14375.0,59.5,62.34,38.27,66,0
동작구,사당동,2023,8,월세,오피스텔,8,10000.0,8250.0,3453.8,5000.0,10000.0,29.0,35.75,15.89,1,0
동작구,사당동,2023,8,전세,연립다세대,73,25000.0,26120.8,8804.0,20000.0,32000.0,,,,47,0
동작구,사당동,2023,8,전세,오피스텔,2,33275.0,33275.0,1025.3,32912.5,33637.5,,,,1,0
동작구,사당동,2023,9,월세,연립다세대,71,10000.0,11805.4,9427.5,3540.0,17000.0,40.0,47.3,34.68,45,0
동작구,사당동,2023,9,월세,오피스텔,6,7500.0,6916.7,5517.4,2000.0,11500.0,37.5,41.33,19.03,3,0
동작구,사당동,2023,9,전세,연립다세대,66,26000.0,26035.6,8288.4,20000.0,31675.0,,,,48,0
동작구,사당동,2023,9,전세,오피스텔,1,10000.0,10000.0,,10000.0,10000.0,,,,1,0
동작구,사당동,2023,10,월세,연립다세대,72,10000.0,11194.6,9186.0,3000.0,18000.0,47.5,48.81,31.65,57,0
동작구,사당동,2023,10,월세,오피스텔,8,7500.0,6937.5,5784.4,1000.0,11000.0,42.5,44.88,22.77,4,0
동작구,사당동,2023,10,전세,연립다세대,76,24000.0,23741.8,8553.9,15000.0,32125.0,,,,46,0
동작구,사당동,2023,11,월세,연립다세대,64,5000.0,10370.2,9455.6,3000.0,18000.0,45.0,49.16,34.29,51,0
동작구,사당동,2023,11,월세,오피스텔,8,11855.0,11526.2,9651.9,3125.0,15500.0,32.5,43.12,30.28,6,0
동작구,사당동,2023,11,전세,연립다세대,69,24000.0,23567.7,8203.3,16800.0,29000.0,,,,42,0
동작구,사당동,2023,11,전세,오피스텔,1,16000.0,16000.0,,16000.0,16000.0,,,,1,0
동작구,사당동,2023,12,월세,연립다세대,85,5000.0,10089.2,9242.1,2000.0,18600.0,47.0,47.38,32.56,71,0
동작구,사당동,2023,12,월세,오피스텔,4,12400.0,9950.0,6023.0,9250.0,13100.0,34.0,33.25,6.65,4,0
동작구,사당동,2023,12,전세,연립다세대,61,25830.0,26148.0,8424.2,20000.0,32500.0,,,,34,0
동작구,사당동,2023,12,전세,오피스텔,2,13300.0,13300.0,4666.9,11650.0,14950.0,,,,2,0
동작구,사당동,2024,1,월세,연립다세대,105,5000.0,8840.1,8707.0,2000.0,14000.0,50.0,52.52,30.52,79,0
동작구,사당동,2024,1,월세,오피스텔,11,10000.0,8454.5,6202.6,2500.0,14500.0,38.0,41.09,22.06,9,0
동작구,사당동,2024,1,전세,연립다세대,79,25000.0,25491.1,7737.8,20000.0,30000.0,,,,63,0
동작구,사당동,2024,1,전세,오피스텔,1,16500.0,16500.0,,16500.0,16500.0,,,,1,0
동작구,사당동,2024,2,월세,연립다세대,91,5000.0,8139.5,8483.5,2000.0,12300.0,55.0,55.75,29.18,77,0
동작구,사당동,2024,2,월세,오피스텔,9,4000.0,5222.2,4055.2,2000.0,10000.0,50.0,49.0,23.05,9,0
동작구,사당동,2024,2,전세,연립다세대,80,25000.0,25524.4,8292.8,20000.0,30712.5,,,,62,0
동작구,사당동,2024,3,월세,연립다세대,106,5000.0,9593.5,9165.5,2000.0,13650.0,55.0,54.63,31.26,90,0
동작구,사당동,2024,3,월세,오피스텔,5,13000.0,10400.0,6188.7,6000.0,14000.0,35.0,35.0,20.31,4,0
동작구,사당동,2024,3,전세,연립다세대,90,25000.0,24376.7,7940.4,19625.0,29750.0,,,,74,0
동작구,사당동,2024,4,월세,연립다세대,104,5000.0,9832.0,9496.1,2000.0,16000.0,50.0,50.62,33.71,79,0
동작구,사당동,2024,4,월세,오피스텔,6,4000.0,6033.3,4699.6,3000.0,6650.0,59.0,56.0,23.12,5,0
동작구,사당동,2024,4,전세,연립다세대,73,25000.0,25106.3,7686.0,20000.0,29925.0,,,,53,0
동작구,사당동,2024,4,전세,오피스텔,1,20600.0,20600.0,,20600.0,20600.0,,,,0,0
동작구,사당동,2024,5,월세,연립다세대,76,7750.0,9966.7,9019.2,3000.0,13500.0,50.0,53.54,34.56,60,0
동작구,사당동,2024,5,월세,오피스텔,9,5000.0,7711.1,7208.9,1000.0,14500.0,54.0,54.67,30.13,7,0
동작구,사당동,2024,5,전세,연립다세대,77,25500.0,25198.4,8222.2,17000.0,32000.0,,,,47,0
동작구,사당동,2024,6,월세,연립다세대,81,7000.0,9702.7,8691.0,3000.0,13000.0,47.0,49.25,32.37,62,0
동작구,사당동,2024,6,월세,오피스텔,6,10000.0,11166.7,5231.3,10000.0,12250.0,32.0,37.67,14.26,4,0
동작구,사당동,2024,6,전세,연립다세대,63,25000.0,24118.4,7864.3,17500.0,29800.0,,,,48,0
동작구,사당동,2024,6,전세,오피스텔,6,16250.0,22080.0,9638.0,15985.0,29625.0,,,,6,0
동작구,사당동,2024,7,월세,연립다세대,82,8000.0,10067.7,9469.3,2000.0,13750.0,50.5,53.32,30.38,71,0
동작구,사당동,2024,7,월세,오피스텔,13,5000.0,6430.8,5787.7,2000.0,12000.0,50.0,43.38,23.15,13,0
동작구,사당동,2024,7,전세,연립다세대,57,26700.0,27036.8,8747.3,21000.0,32000.0,,,,49,0
동작구,사당동,2024,7,전세,오피스텔,3,35400.0,30066.7,9498.6,27250.0,35550.0,,,,2,0
동작구,사당동,2024,8,월세,연립다세대,77,10000.0,11630.8,10119.5,2000.0,18900.0,38.0,45.17,34.76,62,0
동작구,사당동,2024,8,월세,오피스텔,17,3000.0,5473.5,6273.2,1000.0,10000.0,60.0,48.47,21.42,13,0
동작구,사당동,2024,8,전세,연립다세대,69,26460.0,26596.4,10572.0,19000.0,33600.0,,,,46,0
동작구,사당동,2024,8,전세,오피스텔,2,24500.0,24500.0,20506.1,17250.0,31750.0,,,,2,0
동작구,사당동,2024,9,월세,연립다세대,68,10000.0,11869.1,10958.3,2000.0,20000.0,50.0,49.41,28.52,53,0
동작구,사당동,2024,9,월세,오피스텔,2,6500.0,6500.0,6364.0,4250.0,8750.0,32.5,32.5,3.54,2,0
동작구,사당동,2024,9,전세,연립다세대,55,28000.0,28996.5,7435.2,25650.0,33250.0,,,,34,0
동작구,사당동,2024,9,전세,오피스텔,3,34000.0,31588.0,5713.5,29532.0,34850.0,,,,1,0
동작구,사당동,2024,10,월세,연립다세대,76,9000.0,10710.5,8655.1,3000.0,16000.0,48.5,47.43,29.21,57,0
동작구,사당동,2024,10,월세,오피스텔,9,8000.0,9626.7,6819.2,4950.0,14000.0,35.0,41.33,31.5,7,0
동작구,사당동,2024,10,전세,연립다세대,61,27000.0,26402.2,8763.9,20900.0,32000.0,,,,45,0
동작구,사당동,2024,10,전세,오피스텔,2,22250.0,22250.0,4596.2,20625.0,23875.0,,,,2,0
동작구,사당동,2024,11,월세,연립다세대,80,10000.0,10791.8,8616.2,3000.0,16800.0,51.5,56.14,38.86,66,0
동작구,사당동,2024,11,월세,오피스텔,9,5000.0,6222.2,4265.5,2000.0,10000.0,60.0,65.0,55.92,7,0
동작구,사당동,2024,11,전세,연립다세대,55,27000.0,26620.9,8495.0,20000.0,33000.0,,,,40,0
동작구,사당동,2024,12,월세,연립다세대,100,10000.0,12941.8,11414.4,3000.0,22375.0,34.0,41.55,28.59,84,0
동작구,사당동,2024,12,월세,오피스텔,16,4000.0,7437.5,7773.3,2300.0,10250.0,47.5,51.19,31.5,13,0
동작구,사당동,2024,12,전세,연립다세대,44,25000.0,25107.2,8005.3,22000.0,29250.0,,,,35,0
동작구,사당동,2024,12,전세,오피스텔,13,20700.0,21538.5,5009.7,20000.0,22000.0,,,,13,0
동작구,사당동,2025,1,월세,연립다세대,100,5000.0,8597.0,9055.7,1000.0,15000.0,50.5,56.29,34.83,84,0
동작구,사당동,2025,1,월세,오피스텔,16,2000.0,2437.5,2128.2,1750.0,2250.0,100.0,95.56,29.2,16,0
동작구,사당동,2025,1,전세,연립다세대,46,25000.0,24855.9,9852.0,17625.0,30000.0,,,,31,0
동작구,사당동,2025,1,전세,오피스텔,4,28000.0,28050.0,2876.9,25800.0,30250.0,,,,4,0
동작구,사당동,2025,2,월세,연립다세대,95,5000.0,9410.7,9908.3,2000.0,12000.0,51.0,54.61,33.52,79,0
동작구,사당동,2025,2,월세,오피스텔,16,6250.0,7593.8,7209.3,2000.0,9250.0,42.5,60.69,37.09,10,0
동작구,사당동,2025,2,전세,연립다세대,62,27000.0,27067.7,7763.3,24000.0,32000.0,,,,43,0
동작구,사당동,2025,2,전세,오피스텔,5,29500.0,27980.0,4150.5,27500.0,30900.0,,,,4,0
동작구,사당동,2025,3,월세,연립다세대,98,5913.5,10193.2,9943.5,2000.0,16825.0,40.0,47.99,37.36,77,0
동작구,사당동,2025,3,월세,오피스텔,19,10000.0,10568.4,9700.2,2000.0,17500.0,35.0,46.05,35.46,16,0
동작구,사당동,2025,3,전세,연립다세대,76,26730.0,25549.3,7359.2,20000.0,30000.0,,,,41,0
동작구,사당동,2025,3,전세,오피스텔,3,18900.0,17233.3,4535.8,15500.0,19800.0,,,,1,0
동작구,사당동,2025,4,월세,연립다세대,81,8000.0,10192.6,8960.1,2000.0,18100.0,55.0,53.75,32.82,53,0
동작구,사당동,2025,4,월세,오피스텔,8,11500.0,12812.5,8400.4,9000.0,18875.0,30.0,37.88,18.41,8,0
동작구,사당동,2025,4,전세,연립다세대,48,24000.0,25382.3,8622.5,19375.0,31500.0,,,,27,0
동작구,사당동,2025,5,월세,연립다세대,103,10000.0,10974.3,9205.0,3000.0,16250.0,48.0,49.51,30.55,80,0
동작구,사당동,2025,5,월세,오피스텔,12,10000.0,8583.3,4757.0,4500.0,12000.0,42.5,51.17,32.26,9,0
동작구,사당동,2025,5,전세,연립다세대,75,25500.0,25134.3,7269.0,20000.0,30000.0,,,,41,0
동작구,사당동,2025,5,전세,오피스텔,1,19700.0,19700.0,,19700.0,19700.0,,,,1,0
동작구,사당동,2025,6,월세,연립다세대,96,10000.0,12536.1,10861.7,3000.0,20250.0,50.0,47.6,32.14,77,0
동작구,사당동,2025,6,월세,오피스텔,9,5000.0,6933.3,5301.2,2000.0,12000.0,50.0,49.89,21.43,8,0
동작구,사당동,2025,6,전세,연립다세대,57,25000.0,26071.9,7146.3,21100.0,31000.0,,,,41,0
동작구,사당동,2025,6,전세,오피스텔,3,18520.0,23365.0,8409.1,18510.0,25797.5,,,,0,0
동작구,사당동,2025,7,월세,연립다세대,96,9250.0,11319.5,9736.1,3750.0,18000.0,41.0,47.2,31.62,69,0
동작구,사당동,2025,7,월세,오피스텔,12,4000.0,8250.0,8996.2,2750.0,12000.0,50.0,42.58,19.23,11,0
동작구,사당동,2025,7,전세,연립다세대,52,22500.0,25361.9,8977.6,18675.0,32075.0,,,,34,0
동작구,사당동,2025,7,전세,오피스텔,3,33900.0,33892.7,289.1,33750.0,34039.0,,,,0,0
동작구,사당동,2025,8,월세,연립다세대,90,8500.0,11681.9,10435.3,3000.0,19850.0,50.0,51.28,31.1,64,0
동작구,사당동,2025,8,월세,오피스텔,12,4000.0,8375.0,8715.5,2000.0,15250.0,50.0,55.42,31.16,10,0
동작구,사당동,2025,8,전세,연립다세대,55,25000.0,26329.1,9413.4,19200.0,31500.0,,,,35,0
동작구,사당동,2025,9,월세,연립다세대,86,7000.0,11512.8,10854.2,3000.0,20925.0,60.0,55.07,32.13,59,0
동작구,사당동,2025,9,월세,오피스텔,3,5000.0,13000.0,15620.5,4000.0,18000.0,120.0,89.33,60.18,3,0
동작구,사당동,2025,9,전세,연립다세대,65,25000.0,25849.6,8630.7,19500.0,32200.0,,,,44,0
동작구,사당동,2025,9,전세,오피스텔,2,25400.0,25400.0,14707.8,20200.0,30600.0,,,,2,0
동작구,사당동,2025,10,월세,연립다세대,81,10000.0,13104.5,12673.1,3000.0,20000.0,48.0,53.41,36.39,66,0
동작구,사당동,2025,10,월세,오피스텔,13,3000.0,4692.3,4250.2,2000.0,5000.0,70.0,66.77,26.91,11,0
동작구,사당동,2025,10,전세,연립다세대,52,25000.0,26751.9,8867.5,22125.0,31500.0,,,,32,0
동작구,사당동,2025,11,월세,연립다세대,83,5500.0,10451.0,10031.5,2000.0,16000.0,56.0,59.2,33.29,70,0
동작구,사당동,2025,11,월세,오피스텔,9,3000.0,6000.0,5979.1,2000.0,10000.0,62.0,52.44,23.67,9,0
동작구,사당동,2025,11,전세,연립다세대,65,25000.0,24617.1,8247.4,17500.0,31000.0,,,,38,0
동작구,사당동,2025,11,전세,오피스텔,2,16450.0,16450.0,495.0,16275.0,16625.0,,,,0,0
동작구,사당동,2025,12,월세,연립다세대,99,5000.0,10855.6,10109.4,2000.0,19000.0,50.0,51.16,33.01,76,0
동작구,사당동,2025,12,월세,오피스텔,10,3000.0,5100.0,5685.3,1250.0,4750.0,65.0,60.6,23.74,9,0
동작구,사당동,2025,12,전세,연립다세대,72,27000.0,26443.2,8992.4,21000.0,32875.0,,,,45,0
동작구,사당동,2026,1,월세,연립다세대,120,5000.0,9084.1,9447.5,2000.0,15000.0,57.5,54.47,33.34,98,1
동작구,사당동,2026,1,월세,오피스텔,14,7500.0,11028.6,9891.1,2250.0,18000.0,42.5,40.79,21.76,12,1
동작구,사당동,2026,1,전세,연립다세대,72,25000.0,25542.5,8352.4,20000.0,32125.0,,,,58,1
동작구,사당동,2026,1,전세,오피스텔,2,30000.0,30000.0,0.0,30000.0,30000.0,,,,2,1
동작구,사당동,2026,2,월세,연립다세대,113,5000.0,10766.5,9992.3,2000.0,20000.0,51.0,49.24,29.37,83,1
동작구,사당동,2026,2,월세,오피스텔,8,1000.0,1937.5,1657.0,1000.0,2500.0,50.0,56.25,13.12,8,1
동작구,사당동,2026,2,전세,연립다세대,74,27500.0,27428.4,9020.9,21625.0,32000.0,,,,46,1
동작구,사당동,2026,2,전세,오피스텔,1,17325.0,17325.0,,17325.0,17325.0,,,,0,1
동작구,사당동,2026,3,월세,연립다세대,112,8000.0,10731.9,9889.6,3000.0,18500.0,50.0,53.26,30.87,94,1
동작구,사당동,2026,3,월세,오피스텔,6,9500.0,8833.3,6853.2,3000.0,13000.0,45.0,39.17,13.2,6,1
동작구,사당동,2026,3,전세,연립다세대,82,25350.0,25535.9,7920.2,19661.25,30000.0,,,,56,1
동작구,사당동,2026,3,전세,오피스텔,3,27500.0,29300.0,4107.3,26950.0,30750.0,,,,3,1
동작구,사당동,2026,4,월세,연립다세대,111,5203.0,9049.2,8537.9,2980.5,13500.0,50.0,54.61,38.45,72,1
동작구,사당동,2026,4,월세,오피스텔,11,5000.0,7290.9,6428.9,1500.0,13500.0,41.0,46.09,14.54,10,1
동작구,사당동,2026,4,전세,연립다세대,59,28500.0,28364.3,10003.1,20500.0,33075.0,,,,37,1
동작구,사당동,2026,4,전세,오피스텔,3,16100.0,17933.3,3175.4,16100.0,18850.0,,,,2,1
동작구,사당동,2026,5,월세,연립다세대,93,8000.0,9940.1,8905.8,2000.0,15000.0,47.0,48.88,28.85,68,1
동작구,사당동,2026,5,월세,오피스텔,12,9000.0,9666.7,9058.7,1750.0,14250.0,39.0,41.08,20.23,10,1
동작구,사당동,2026,5,전세,연립다세대,60,27155.0,26343.6,7317.1,21000.0,32000.0,,,,41,1
동작구,사당동,2026,5,전세,오피스텔,2,14550.0,14550.0,2192.0,13775.0,15325.0,,,,2,1
동작구,사당동,2026,6,월세,연립다세대,92,5436.0,9483.3,8596.8,3000.0,15000.0,47.0,50.7,32.07,68,1
동작구,사당동,2026,6,월세,오피스텔,10,2500.0,8620.0,9954.3,1000.0,17500.0,45.5,52.8,21.9,7,1
동작구,사당동,2026,6,전세,연립다세대,51,26000.0,25888.4,8058.9,21000.0,31550.0,,,,31,1
동작구,사당동,2026,6,전세,오피스텔,3,21700.0,25250.0,7622.5,20875.0,27850.0,,,,3,1
동작구,사당동,2026,7,월세,연립다세대,85,9000.0,11965.6,11088.9,2853.0,19500.0,40.0,44.2,32.42,70,1
동작구,사당동,2026,7,월세,오피스텔,10,5000.0,7786.0,8696.1,2520.0,9500.0,54.5,55.3,26.82,8,1
동작구,사당동,2026,7,전세,연립다세대,49,28700.0,27366.9,7934.3,22000.0,31500.0,,,,34,1
동작구,사당동,2026,7,전세,오피스텔,2,23500.0,23500.0,14283.6,18450.0,28550.0,,,,2,1
동작구,사당동,2026,8,월세,연립다세대,57,5000.0,10037.8,9795.8,3000.0,15000.0,50.0,55.72,37.09,44,1
동작구,사당동,2026,8,월세,오피스텔,10,5000.0,7000.0,5120.8,5000.0,9000.0,60.0,55.8,24.0,8,1
동작구,사당동,2026,8,전세,연립다세대,63,26250.0,26495.7,9157.6,21000.0,33800.0,,,,41,1
동작구,사당동,2026,8,전세,오피스텔,1,20800.0,20800.0,,20800.0,20800.0,,,,1,1
동작구,사당동,2026,9,월세,연립다세대,31,10000.0,12409.7,10695.5,5000.0,17000.0,55.0,56.9,31.13,28,1
동작구,사당동,2026,9,월세,오피스텔,3,3000.0,4666.7,4725.8,2000.0,6500.0,56.0,55.33,25.01,3,1
동작구,사당동,2026,9,전세,연립다세대,33,29000.0,29809.9,10353.8,25000.0,37000.0,,,,21,1
동작구,사당동,2026,9,전세,오피스텔,1,15500.0,15500.0,,15500.0,15500.0,,,,1,1
동작구,상도1동,2021,1,월세,연립다세대,24,2000.0,2666.7,2872.9,1000.0,3000.0,53.5,51.29,14.7,1,0
동작구,상도1동,2021,1,월세,오피스텔,10,5000.0,5750.0,5266.5,2500.0,5750.0,60.0,56.3,20.17,1,0
동작구,상도1동,2021,1,전세,연립다세대,10,21500.0,19515.0,7718.8,14112.5,26000.0,,,,1,0
동작구,상도1동,2021,1,전세,오피스텔,6,21000.0,21000.0,894.4,20250.0,21750.0,,,,1,0
동작구,상도1동,2021,2,월세,연립다세대,31,2000.0,2596.8,2885.1,1000.0,2750.0,50.0,57.35,18.51,3,0
동작구,상도1동,2021,2,월세,오피스텔,3,1000.0,2000.0,1732.1,1000.0,2500.0,70.0,73.33,5.77,0,0
동작구,상도1동,2021,2,전세,연립다세대,11,25000.0,20677.3,8634.4,16550.0,25350.0,,,,0,0
동작구,상도1동,2021,2,전세,오피스텔,2,21000.0,21000.0,0.0,21000.0,21000.0,,,,0,0
동작구,상도1동,2021,3,월세,연립다세대,18,4500.0,5972.2,6467.6,1000.0,9500.0,51.5,42.67,23.77,3,0
동작구,상도1동,2021,3,월세,오피스텔,1,3000.0,3000.0,,3000.0,3000.0,65.0,65.0,,0,0
동작구,상도1동,2021,3,전세,연립다세대,5,21000.0,25400.0,12522.0,16000.0,32000.0,,,,0,0
동작구,상도1동,2021,4,월세,연립다세대,17,4183.0,3848.2,2368.1,2000.0,5335.0,29.0,34.53,26.3,0,0
동작구,상도1동,2021,4,전세,연립다세대,11,26000.0,24186.8,9952.2,18925.0,29500.0,,,,0,0
동작구,상도1동,2021,5,월세,연립다세대,7,1962.0,2566.0,2227.1,1000.0,3000.0,44.0,42.86,13.57,0,0
동작구,상도1동,2021,5,전세,연립다세대,8,27500.0,28275.0,3427.5,25800.0,30750.0,,,,1,0
동작구,상도1동,2021,6,월세,연립다세대,29,2000.0,2724.1,2377.7,1000.0,3000.0,52.0,50.72,17.92,11,0
동작구,상도1동,2021,6,월세,오피스텔,1,2000.0,2000.0,,2000.0,2000.0,75.0,75.0,,1,0
동작구,상도1동,2021,6,전세,연립다세대,10,27650.0,26875.0,7465.1,24362.5,30575.0,,,,6,0
동작구,상도1동,2021,7,월세,연립다세대,25,2000.0,2470.0,1817.6,1000.0,4000.0,55.0,54.48,17.36,12,0
동작구,상도1동,2021,7,월세,오피스텔,1,1000.0,1000.0,,1000.0,1000.0,80.0,80.0,,1,0
동작구,상도1동,2021,7,전세,연립다세대,7,28300.0,26178.6,8486.9,21225.0,32750.0,,,,2,0
동작구,상도1동,2021,8,월세,연립다세대,28,1000.0,2571.4,3213.7,1000.0,2000.0,50.0,53.04,26.56,16,0
동작구,상도1동,2021,8,월세,오피스텔,1,1000.0,1000.0,,1000.0,1000.0,80.0,80.0,,1,0
동작구,상도1동,2021,8,전세,연립다세대,17,27800.0,28037.1,13917.9,17300.0,34500.0,,,,5,0
동작구,상도1동,2021,9,월세,연립다세대,5,2000.0,1580.0,1110.0,500.0,2000.0,47.0,53.6,21.73,2,0
동작구,상도1동,2021,9,전세,연립다세대,13,28000.0,28034.6,8796.0,26000.0,32000.0,,,,6,0
동작구,상도1동,2021,10,월세,연립다세대,8,3500.0,6750.0,8908.3,2000.0,7000.0,40.0,40.38,17.48,5,0
동작구,상도1동,2021,10,월세,오피스텔,1,1000.0,1000.0,,1000.0,1000.0,70.0,70.0,,1,0
동작구,상도1동,2021,10,전세,연립다세대,16,26000.0,26318.8,9933.1,21500.0,32000.0,,,,8,0
동작구,상도1동,2021,10,전세,오피스텔,1,20000.0,20000.0,,20000.0,20000.0,,,,1,0
동작구,상도1동,2021,11,월세,연립다세대,12,2000.0,1625.0,711.1,1000.0,2000.0,85.0,75.17,18.23,8,0
동작구,상도1동,2021,11,월세,오피스텔,1,1000.0,1000.0,,1000.0,1000.0,70.0,70.0,,1,0
동작구,상도1동,2021,11,전세,연립다세대,12,25325.0,26683.3,4983.5,22000.0,31500.0,,,,3,0
동작구,상도1동,2021,12,월세,연립다세대,47,2000.0,3606.4,4453.8,1000.0,3250.0,52.0,55.19,20.89,26,0
동작구,상도1동,2021,12,월세,오피스텔,2,1000.0,1000.0,0.0,1000.0,1000.0,80.0,80.0,0.0,2,0
동작구,상도1동,2021,12,전세,연립다세대,21,27600.0,26497.6,9471.1,20000.0,33000.0,,,,12,0
동작구,상도1동,2022,1,월세,연립다세대,69,2000.0,2978.3,3104.1,1000.0,3000.0,50.0,53.45,14.25,46,0
동작구,상도1동,2022,1,월세,오피스텔,2,1000.0,1000.0,0.0,1000.0,1000.0,80.0,80.0,0.0,1,0
동작구,상도1동,2022,1,전세,연립다세대,10,22000.0,21100.0,4907.8,17675.0,25125.0,,,,4,0
동작구,상도1동,2022,1,전세,오피스텔,1,20000.0,20000.0,,20000.0,20000.0,,,,1,0
동작구,상도1동,2022,2,월세,연립다세대,33,2000.0,2303.0,1824.1,1000.0,3000.0,55.0,60.18,22.28,24,0
동작구,상도1동,2022,2,월세,오피스텔,4,2000.0,2000.0,1154.7,1000.0,3000.0,72.5,73.75,4.79,4,0
동작구,상도1동,2022,2,전세,연립다세대,8,20500.0,20206.2,7674.8,17137.5,24500.0,,,,4,0
동작구,상도1동,2022,2,전세,오피스텔,9,30000.0,25555.6,5270.5,20000.0,30000.0,,,,5,0
동작구,상도1동,2022,3,월세,연립다세대,17,2000.0,2776.5,3476.6,1000.0,3000.0,50.0,61.88,34.17,14,0
동작구,상도1동,2022,3,월세,오피스텔,1,3000.0,3000.0,,3000.0,3000.0,59.0,59.0,,1,0
동작구,상도1동,2022,3,전세,연립다세대,8,25050.0,25068.8,4755.2,21750.0,29225.0,,,,5,0
동작구,상도1동,2022,3,전세,오피스텔,8,30500.0,28875.0,3681.5,28250.0,31000.0,,,,5,0
동작구,상도1동,2022,4,월세,연립다세대,8,2000.0,7450.0,10232.0,2000.0,7450.0,57.5,56.88,37.79,6,0
동작구,상도1동,2022,4,월세,오피스텔,1,2000.0,2000.0,,2000.0,2000.0,75.0,75.0,,1,0
동작구,상도1동,2022,4,전세,연립다세대,6,37600.0,33700.0,7248.4,28800.0,38000.0,,,,4,0
동작구,상도1동,2022,4,전세,오피스텔,11,23000.0,23636.4,2110.6,23000.0,23000.0,,,,9,0
동작구,상도1동,2022,5,월세,연립다세대,7,1000.0,2500.0,3354.1,1000.0,2000.0,60.0,61.43,20.1,6,0
동작구,상도1동,2022,5,월세,오피스텔,2,1000.0,1000.0,0.0,1000.0,1000.0,82.5,82.5,3.54,1,0
동작구,상도1동,2022,5,전세,연립다세대,4,33000.0,30000.0,6733.0,29000.0,34000.0,,,,2,0
동작구,상도1동,2022,5,전세,오피스텔,4,26500.0,27000.0,4690.4,23000.0,30500.0,,,,1,0
동작구,상도1동,2022,6,월세,연립다세대,18,2000.0,3083.3,3926.7,1000.0,2750.0,53.5,55.89,19.66,13,0
동작구,상도1동,2022,6,전세,연립다세대,18,27600.0,26944.4,8776.3,20250.0,33000.0,,,,10,0
동작구,상도1동,2022,6,전세,오피스텔,2,23000.0,23000.0,0.0,23000.0,23000.0,,,,1,0
동작구,상도1동,2022,7,월세,연립다세대,33,2000.0,2702.1,2560.6,1000.0,3000.0,50.0,55.48,24.73,27,0
동작구,상도1동,2022,7,전세,연립다세대,12,29500.0,26925.0,13361.4,18125.0,36750.0,,,,7,0
동작구,상도1동,2022,7,전세,오피스텔,1,23000.0,23000.0,,23000.0,23000.0,,,,1,0
동작구,상도1동,2022,8,월세,연립다세대,17,1000.0,1894.1,2037.6,1000.0,3000.0,55.0,52.76,13.82,10,0
동작구,상도1동,2022,8,월세,오피스텔,1,1000.0,1000.0,,1000.0,1000.0,70.0,70.0,,1,0
동작구,상도1동,2022,8,전세,연립다세대,6,30850.0,27800.0,9756.6,24000.0,35375.0,,,,3,0
동작구,상도1동,2022,9,월세,연립다세대,10,1500.0,3050.0,3320.4,1000.0,3500.0,50.0,49.3,24.46,7,0
동작구,상도1동,2022,9,전세,연립다세대,8,28150.0,27262.5,5270.9,24500.0,29625.0,,,,4,0
동작구,상도1동,2022,10,월세,연립다세대,7,3000.0,4571.4,6023.8,1500.0,3500.0,73.0,65.86,35.13,7,0
동작구,상도1동,2022,10,월세,오피스텔,1,1000.0,1000.0,,1000.0,1000.0,80.0,80.0,,1,0
동작구,상도1동,2022,10,전세,연립다세대,7,22000.0,23235.7,6002.8,20475.0,23500.0,,,,4,0
동작구,상도1동,2022,11,월세,연립다세대,26,2000.0,2798.1,2836.4,1000.0,3000.0,55.0,53.04,14.34,20,0
동작구,상도1동,2022,11,월세,오피스텔,2,5000.0,5000.0,0.0,5000.0,5000.0,66.0,66.0,2.83,2,0
동작구,상도1동,2022,11,전세,연립다세대,12,24375.0,22729.2,4302.7,22575.0,25200.0,,,,3,0
동작구,상도1동,2022,11,전세,오피스텔,3,22050.0,22016.7,1000.4,21525.0,22525.0,,,,2,0
동작구,상도1동,2022,12,월세,연립다세대,64,2000.0,2296.9,2969.0,1000.0,2000.0,55.0,58.98,14.99,50,0
동작구,상도1동,2022,12,월세,오피스텔,6,3500.0,4333.3,1751.2,3000.0,5500.0,69.5,70.83,11.16,5,0
동작구,상도1동,2022,12,전세,연립다세대,7,28150.0,36021.4,19094.6,26000.0,47000.0,,,,4,0
동작구,상도1동,2022,12,전세,오피스텔,2,21000.0,21000.0,0.0,21000.0,21000.0,,,,2,0
동작구,상도1동,2023,1,월세,연립다세대,48,2000.0,2792.7,3510.3,1000.0,3000.0,55.0,58.21,19.39,36,0
동작구,상도1동,2023,1,월세,오피스텔,6,2000.0,4750.0,7731.4,1250.0,2000.0,79.5,69.33,31.87,5,0
동작구,상도1동,2023,1,전세,연립다세대,8,27575.0,26821.2,5387.1,23690.0,31375.0,,,,2,0
동작구,상도1동,2023,1,전세,오피스텔,3,21000.0,21333.3,1527.5,20500.0,22000.0,,,,1,0
동작구,상도1동,2023,2,월세,연립다세대,30,2000.0,4153.3,5049.3,1000.0,5500.0,58.5,59.67,24.27,20,0
동작구,상도1동,2023,2,월세,오피스텔,7,1000.0,771.4,390.4,600.0,1000.0,65.0,68.57,9.0,6,0
동작구,상도1동,2023,2,전세,연립다세대,12,24710.0,23451.7,9525.0,17625.0,29000.0,,,,9,0
동작구,상도1동,2023,2,전세,오피스텔,1,21000.0,21000.0,,21000.0,21000.0,,,,0,0
동작구,상도1동,2023,3,월세,연립다세대,12,2500.0,5666.7,6889.8,1750.0,7000.0,57.5,54.33,27.33,7,0
동작구,상도1동,2023,3,월세,오피스텔,1,300.0,300.0,,300.0,300.0,66.0,66.0,,1,0
동작구,상도1동,2023,3,전세,연립다세대,11,25000.0,23536.4,9283.6,16000.0,32000.0,,,,7,0
동작구,상도1동,2023,4,월세,연립다세대,4,5000.0,6900.0,3800.0,5000.0,6900.0,58.0,71.0,33.05,4,0
동작구,상도1동,2023,4,전세,연립다세대,7,20000.0,21928.6,5862.5,19000.0,26500.0,,,,4,0
동작구,상도1동,2023,5,월세,연립다세대,17,2000.0,2885.3,2567.6,1000.0,5000.0,72.0,74.41,29.43,14,0
동작구,상도1동,2023,5,월세,오피스텔,1,200.0,200.0,,200.0,200.0,65.0,65.0,,1,0
동작구,상도1동,2023,5,전세,연립다세대,2,23250.0,23250.0,4596.2,21625.0,24875.0,,,,0,0
동작구,상도1동,2023,6,월세,연립다세대,29,2000.0,4775.9,5877.6,1000.0,5000.0,55.0,63.38,32.37,25,0
동작구,상도1동,2023,6,월세,오피스텔,2,2500.0,2500.0,707.1,2250.0,2750.0,74.5,74.5,6.36,2,0
동작구,상도1동,2023,6,전세,연립다세대,4,27400.0,25750.0,7428.1,22525.0,30625.0,,,,3,0
동작구,상도1동,2023,7,월세,연립다세대,34,2000.0,3872.9,5774.4,1000.0,5000.0,59.0,63.44,28.46,28,0
동작구,상도1동,2023,7,전세,연립다세대,15,25000.0,22960.0,8836.3,14100.0,26150.0,,,,9,0
동작구,상도1동,2023,8,월세,연립다세대,20,3000.0,5048.0,6404.8,1000.0,5000.0,58.5,65.75,28.38,16,0
동작구,상도1동,2023,8,월세,오피스텔,1,300.0,300.0,,300.0,300.0,66.0,66.0,,1,0
동작구,상도1동,2023,8,전세,연립다세대,10,26000.0,22150.0,10806.5,15000.0,29250.0,,,,5,0
동작구,상도1동,2023,9,월세,연립다세대,12,3000.0,3256.7,2168.7,2500.0,3500.0,87.0,93.33,28.72,9,0
동작구,상도1동,2023,9,전세,연립다세대,1,26000.0,26000.0,,26000.0,26000.0,,,,0,0
동작구,상도1동,2023,10,월세,연립다세대,17,3000.0,5726.9,8283.0,1000.0,5000.0,55.0,61.47,39.24,14,0
동작구,상도1동,2023,10,월세,오피스텔,1,1000.0,1000.0,,1000.0,1000.0,90.0,90.0,,1,0
동작구,상도1동,2023,10,전세,연립다세대,6,27000.0,27900.0,3524.8,25475.0,28150.0,,,,4,0
동작구,상도1동,2023,11,월세,연립다세대,39,2000.0,6661.5,10778.5,1000.0,5000.0,58.0,51.36,22.18,34,0
동작구,상도1동,2023,11,월세,오피스텔,1,1000.0,1000.0,,1000.0,1000.0,90.0,90.0,,1,0
동작구,상도1동,2023,11,전세,연립다세대,8,29150.0,30162.5,14754.6,22000.0,43000.0,,,,6,0
동작구,상도1동,2023,12,월세,연립다세대,64,2000.0,3251.2,4523.4,1000.0,2625.0,58.0,59.25,17.33,62,0
동작구,상도1동,2023,12,월세,오피스텔,3,3000.0,3000.0,2000.0,2000.0,4000.0,84.0,78.67,11.93,3,0
동작구,상도1동,2023,12,전세,연립다세대,17,28720.0,29168.2,11197.7,27300.0,30000.0,,,,10,0
동작구,상도1동,2024,1,월세,연립다세대,67,2000.0,2880.6,4069.6,1000.0,2000.0,59.0,60.67,17.33,59,0
동작구,상도1동,2024,1,월세,오피스텔,2,5000.0,5000.0,0.0,5000.0,5000.0,71.5,71.5,4.95,2,0
동작구,상도1동,2024,1,전세,연립다세대,9,12000.0,16494.4,7239.2,11900.0,22400.0,,,,5,0
동작구,상도1동,2024,1,전세,오피스텔,3,21000.0,20666.7,577.4,20500.0,21000.0,,,,3,0
동작구,상도1동,2024,2,월세,연립다세대,32,2000.0,3333.2,5048.5,1000.0,3000.0,60.0,61.44,21.33,27,0
동작구,상도1동,2024,2,월세,오피스텔,9,300.0,674.4,629.6,200.0,1000.0,75.0,81.44,9.14,7,0
동작구,상도1동,2024,2,전세,연립다세대,9,21000.0,24144.4,6028.9,20900.0,28000.0,,,,4,0
동작구,상도1동,2024,3,월세,연립다세대,15,3000.0,4433.3,6044.1,1000.0,3000.0,58.0,66.2,28.91,13,0
동작구,상도1동,2024,3,월세,오피스텔,1,1000.0,1000.0,,1000.0,1000.0,78.0,78.0,,1,0
동작구,상도1동,2024,3,전세,연립다세대,7,15700.0,16728.6,6671.3,11000.0,21450.0,,,,4,0
동작구,상도1동,2024,4,월세,연립다세대,8,2750.0,6125.0,9705.5,2000.0,3500.0,62.5,61.38,26.37,7,0
동작구,상도1동,2024,4,월세,오피스텔,1,3000.0,3000.0,,3000.0,3000.0,62.0,62.0,,0,0
동작구,상도1동,2024,4,전세,연립다세대,7,24400.0,26000.0,6061.1,21800.0,27250.0,,,,5,0
동작구,상도1동,2024,5,월세,연립다세대,13,3000.0,8284.6,10495.0,2000.0,10000.0,59.0,52.23,27.62,12,0
동작구,상도1동,2024,5,월세,오피스텔,1,5000.0,5000.0,,5000.0,5000.0,56.0,56.0,,1,0
동작구,상도1동,2024,5,전세,연립다세대,7,34600.0,32728.6,12651.0,27750.0,38500.0,,,,4,0
동작구,상도1동,2024,6,월세,연립다세대,29,2000.0,4386.2,4920.5,1000.0,5000.0,55.0,61.97,41.58,28,0
동작구,상도1동,2024,6,월세,오피스텔,1,3000.0,3000.0,,3000.0,3000.0,74.0,74.0,,0,0
동작구,상도1동,2024,6,전세,연립다세대,3,17800.0,19600.0,4762.4,16900.0,21400.0,,,,2,0
동작구,상도1동,2024,7,월세,연립다세대,26,1500.0,3057.7,4682.6,1000.0,3000.0,60.0,62.54,22.02,24,0
동작구,상도1동,2024,7,월세,오피스텔,3,1000.0,2066.7,2571.6,600.0,3000.0,80.0,77.67,12.66,3,0
동작구,상도1동,2024,7,전세,연립다세대,9,24000.0,22066.7,10086.6,14000.0,30000.0,,,,7,0
동작구,상도1동,2024,8,월세,연립다세대,22,2000.0,4704.6,6788.1,1000.0,3750.0,62.0,61.59,22.21,20,0
동작구,상도1동,2024,8,전세,연립다세대,8,30100.0,32575.0,13314.7,24900.0,37900.0,,,,5,0
동작구,상도1동,2024,9,월세,연립다세대,7,2000.0,3211.4,3295.6,1064.0,3926.0,26.0,56.43,49.09,5,0
동작구,상도1동,2024,9,전세,연립다세대,2,24700.0,24700.0,10889.4,20850.0,28550.0,,,,2,0
동작구,상도1동,2024,10,월세,연립다세대,18,5000.0,9661.9,8837.9,2000.0,18675.0,56.5,60.67,36.34,18,0
동작구,상도1동,2024,10,전세,연립다세대,5,36280.0,32316.0,6862.7,28500.0,37400.0,,,,2,0
동작구,상도1동,2024,10,전세,오피스텔,2,22055.0,22055.0,1548.6,21507.5,22602.5,,,,2,0
동작구,상도1동,2024,11,월세,연립다세대,30,2000.0,10080.0,14786.0,1000.0,15250.0,54.0,48.1,20.22,28,0
동작구,상도1동,2024,11,월세,오피스텔,4,1000.0,825.0,350.0,825.0,1000.0,84.5,84.0,6.98,4,0
동작구,상도1동,2024,11,전세,연립다세대,3,25000.0,30333.3,21501.9,18500.0,39500.0,,,,3,0
동작구,상도1동,2024,11,전세,오피스텔,1,22000.0,22000.0,,22000.0,22000.0,,,,1,0
동작구,상도1동,2024,12,월세,연립다세대,46,1500.0,1880.4,1239.1,1000.0,2000.0,61.5,63.91,14.15,45,0
동작구,상도1동,2024,12,월세,오피스텔,2,4500.0,4500.0,707.1,4250.0,4750.0,63.5,63.5,2.12,1,0
동작구,상도1동,2024,12,전세,연립다세대,5,23000.0,23860.0,9153.6,17500.0,29600.0,,,,5,0
동작구,상도1동,2024,12,전세,오피스텔,4,21200.0,21637.5,1025.8,21000.0,21837.5,,,,4,0
동작구,상도1동,2025,1,월세,연립다세대,46,2000.0,2315.2,2148.3,1000.0,3000.0,60.0,61.39,19.7,44,0
동작구,상도1동,2025,1,전세,연립다세대,8,21350.0,24362.5,8397.1,18875.0,30500.0,,,,5,0
동작구,상도1동,2025,1,전세,오피스텔,1,24000.0,24000.0,,24000.0,24000.0,,,,0,0
동작구,상도1동,2025,2,월세,연립다세대,34,2000.0,4505.9,6109.9,1000.0,4750.0,62.0,61.71,25.51,30,0
동작구,상도1동,2025,2,월세,오피스텔,2,650.0,650.0,495.0,475.0,825.0,85.0,85.0,14.14,2,0
동작구,상도1동,2025,2,전세,연립다세대,8,25250.0,24212.5,6435.7,23550.0,27750.0,,,,5,0
동작구,상도1동,2025,3,월세,연립다세대,12,2000.0,3750.0,4223.9,1750.0,5000.0,60.0,61.5,16.97,9,0
동작구,상도1동,2025,3,전세,연립다세대,3,27300.0,28266.7,4331.7,25900.0,30150.0,,,,1,0
동작구,상도1동,2025,4,월세,연립다세대,8,4000.0,4500.0,3779.6,2000.0,5000.0,63.0,64.62,20.73,7,0
동작구,상도1동,2025,4,전세,연립다세대,7,20000.0,23500.0,7567.3,17600.0,29150.0,,,,6,0
동작구,상도1동,2025,4,전세,오피스텔,1,20000.0,20000.0,,20000.0,20000.0,,,,1,0
동작구,상도1동,2025,5,월세,연립다세대,9,3000.0,2444.4,1013.8,2000.0,3000.0,60.0,72.56,29.96,9,0
동작구,상도1동,2025,5,전세,연립다세대,4,24750.0,25125.0,3705.3,23625.0,26250.0,,,,3,0
동작구,상도1동,2025,6,월세,연립다세대,24,2000.0,4737.5,5265.3,1000.0,6125.0,62.0,73.71,33.86,20,0
동작구,상도1동,2025,6,월세,오피스텔,1,3000.0,3000.0,,3000.0,3000.0,78.0,78.0,,0,0
동작구,상도1동,2025,6,전세,연립다세대,3,22000.0,19933.3,7128.3,17000.0,23900.0,,,,2,0
동작구,상도1동,2025,7,월세,연립다세대,36,2000.0,3804.6,5600.6,1000.0,3000.0,62.0,64.22,28.43,32,0
동작구,상도1동,2025,7,월세,오피스텔,1,300.0,300.0,,300.0,300.0,75.0,75.0,,1,0
동작구,상도1동,2025,7,전세,연립다세대,3,30000.0,29166.7,5795.1,26500.0,32250.0,,,,1,0
동작구,상도1동,2025,8,월세,연립다세대,19,2000.0,4691.6,8483.2,1000.0,3000.0,56.0,56.0,15.77,18,0
동작구,상도1동,2025,8,월세,오피스텔,1,300.0,300.0,,300.0,300.0,75.0,75.0,,1,0
동작구,상도1동,2025,8,전세,연립다세대,9,25000.0,27477.8,14437.1,17000.0,30000.0,,,,7,0
동작구,상도1동,2025,9,월세,연립다세대,7,2000.0,9338.0,13129.1,750.0,13500.0,60.0,55.43,24.93,7,0
동작구,상도1동,2025,9,전세,연립다세대,3,30000.0,33333.3,5773.5,30000.0,35000.0,,,,3,0
동작구,상도1동,2025,10,월세,연립다세대,11,5447.0,10858.8,10386.3,2000.0,22900.0,37.0,37.0,32.33,8,0
동작구,상도1동,2025,10,월세,오피스텔,3,300.0,500.0,435.9,250.0,650.0,70.0,76.0,10.39,3,0
동작구,상도1동,2025,10,전세,연립다세대,2,40500.0,40500.0,9192.4,37250.0,43750.0,,,,2,0
동작구,상도1동,2025,11,월세,연립다세대,34,1500.0,2852.9,3693.8,1000.0,2000.0,60.0,63.32,16.07,31,0
동작구,상도1동,2025,11,월세,오피스텔,2,1000.0,1000.0,0.0,1000.0,1000.0,88.5,88.5,6.36,1,0
동작구,상도1동,2025,11,전세,연립다세대,10,11500.0,15980.0,8420.8,10000.0,22000.0,,,,9,0
동작구,상도1동,2025,11,전세,오피스텔,1,21000.0,21000.0,,21000.0,21000.0,,,,1,0
동작구,상도1동,2025,12,월세,연립다세대,74,1000.0,3628.4,6491.1,1000.0,2000.0,61.0,62.62,27.6,65,0
동작구,상도1동,2025,12,월세,오피스텔,7,1000.0,2342.9,3504.2,650.0,2000.0,75.0,78.43,17.29,7,0
동작구,상도1동,2025,12,전세,연립다세대,7,22900.0,22100.0,10090.1,13250.0,29250.0,,,,6,0
동작구,상도1동,2026,1,월세,연립다세대,63,2000.0,3622.2,4421.7,1000.0,4000.0,60.0,61.86,17.3,56,1
동작구,상도1동,2026,1,월세,오피스텔,3,5000.0,9266.7,11698.9,2650.0,13750.0,68.0,49.67,37.98,3,1
동작구,상도1동,2026,1,전세,연립다세대,2,21500.0,21500.0,4949.7,19750.0,23250.0,,,,1,1
동작구,상도1동,2026,2,월세,연립다세대,45,2000.0,3297.8,4982.2,1000.0,3000.0,60.0,60.67,20.62,35,1
동작구,상도1동,2026,2,월세,오피스텔,2,1500.0,1500.0,707.1,1250.0,1750.0,72.5,72.5,10.61,2,1
동작구,상도1동,2026,2,전세,연립다세대,7,16500.0,17242.9,4650.8,14850.0,18250.0,,,,6,1
동작구,상도1동,2026,3,월세,연립다세대,9,2000.0,5166.7,6324.6,1000.0,5000.0,68.0,86.78,48.95,8,1
동작구,상도1동,2026,3,월세,오피스텔,4,7500.0,7750.0,7804.9,1000.0,14250.0,52.5,45.5,26.66,4,1
동작구,상도1동,2026,3,전세,연립다세대,7,23000.0,23045.7,4513.5,20650.0,25500.0,,,,6,1
동작구,상도1동,2026,4,월세,연립다세대,15,15750.0,17025.3,10656.3,9265.0,28650.0,50.0,43.07,32.76,11,1
동작구,상도1동,2026,4,월세,오피스텔,1,1000.0,1000.0,,1000.0,1000.0,85.0,85.0,,1,1
동작구,상도1동,2026,4,전세,연립다세대,4,25250.0,27125.0,7663.5,23750.0,28625.0,,,,3,1
동작구,상도1동,2026,4,전세,오피스텔,1,24000.0,24000.0,,24000.0,24000.0,,,,1,1
동작구,상도1동,2026,5,월세,연립다세대,14,3000.0,7014.3,6995.1,2000.0,11000.0,56.5,54.64,19.95,14,1
동작구,상도1동,2026,5,월세,오피스텔,5,2000.0,7320.0,8752.8,1000.0,12000.0,77.0,50.8,38.65,5,1
동작구,상도1동,2026,5,전세,연립다세대,5,33000.0,33100.0,13164.3,24000.0,34500.0,,,,4,1
동작구,상도1동,2026,6,월세,연립다세대,32,2000.0,3618.8,5061.8,1750.0,3000.0,60.0,67.06,33.34,28,1
동작구,상도1동,2026,6,월세,오피스텔,1,5000.0,5000.0,,5000.0,5000.0,65.0,65.0,,1,1
동작구,상도1동,2026,6,전세,연립다세대,7,14300.0,16128.6,7773.4,13150.0,15150.0,,,,6,1
동작구,상도1동,2026,7,월세,연립다세대,35,1000.0,5091.4,9094.7,1000.0,3000.0,65.0,68.11,28.27,30,1
동작구,상도1동,2026,7,월세,오피스텔,3,1000.0,766.7,404.1,650.0,1000.0,90.0,86.67,10.41,3,1
동작구,상도1동,2026,7,전세,연립다세대,5,25900.0,28266.0,15786.3,24000.0,28000.0,,,,1,1
동작구,상도1동,2026,8,월세,연립다세대,13,2000.0,5923.1,7783.1,1000.0,5000.0,70.0,73.31,28.38,13,1
동작구,상도1동,2026,8,월세,오피스텔,1,1000.0,1000.0,,1000.0,1000.0,95.0,95.0,,1,1
동작구,상도1동,2026,8,전세,연립다세대,6,30020.5,26746.8,11285.2,17805.0,31285.25,,,,3,1
동작구,상도1동,2026,9,월세,연립다세대,5,3000.0,3000.0,1414.2,3000.0,3000.0,65.0,88.8,49.1,5,1
동작구,상도1동,2026,9,월세,오피스텔,1,15000.0,15000.0,,15000.0,15000.0,25.0,25.0,,1,1
동작구,상도1동,2026,9,전세,연립다세대,5,24000.0,22960.0,7829.6,14900.0,30000.0,,,,3,1
동작구,상도동,2021,1,월세,연립다세대,51,3000.0,3364.7,4023.4,1000.0,3000.0,50.0,51.92,22.93,2,0
동작구,상도동,2021,1,전세,연립다세대,109,25000.0,24267.8,8463.9,19000.0,30500.0,,,,8,0
동작구,상도동,2021,2,월세,연립다세대,46,3000.0,5868.9,6764.8,1000.0,7750.0,43.0,45.41,21.73,1,0
동작구,상도동,2021,2,월세,오피스텔,2,4500.0,4500.0,4949.7,2750.0,6250.0,35.0,35.0,21.21,0,0
동작구,상도동,2021,2,전세,연립다세대,93,23000.0,22750.3,7854.4,18500.0,27000.0,,,,5,0
동작구,상도동,2021,3,월세,연립다세대,38,3595.0,6136.7,6597.1,1184.25,8750.0,47.0,44.11,25.24,3,0
동작구,상도동,2021,3,전세,연립다세대,83,23400.0,22476.5,8171.2,16000.0,28000.0,,,,2,0
동작구,상도동,2021,4,월세,연립다세대,34,5000.0,7727.1,6417.9,3000.0,12750.0,43.5,42.79,24.25,1,0
동작구,상도동,2021,4,월세,오피스텔,1,4000.0,4000.0,,4000.0,4000.0,35.0,35.0,,0,0
동작구,상도동,2021,4,전세,연립다세대,98,23500.0,23910.2,7599.9,19000.0,27950.0,,,,2,0
동작구,상도동,2021,5,월세,연립다세대,32,4176.0,6108.4,5409.1,1000.0,10000.0,50.0,47.91,29.0,0,0
동작구,상도동,2021,5,전세,연립다세대,112,26000.0,25727.5,7832.4,21375.0,29700.0,,,,3,0
동작구,상도동,2021,6,월세,연립다세대,57,5000.0,6600.0,6231.1,1500.0,10000.0,50.0,49.82,24.96,35,0
동작구,상도동,2021,6,전세,연립다세대,128,23550.0,23125.1,8343.4,17500.0,28387.5,,,,70,0
동작구,상도동,2021,7,월세,연립다세대,54,3500.0,5004.4,4795.1,1809.5,6750.0,50.0,49.15,23.77,33,0
동작구,상도동,2021,7,월세,오피스텔,2,750.0,750.0,353.6,625.0,875.0,45.5,45.5,0.71,2,0
동작구,상도동,2021,7,전세,연립다세대,148,25000.0,25114.6,8084.1,18900.0,30000.0,,,,87,0
동작구,상도동,2021,8,월세,연립다세대,68,5000.0,7319.8,6771.0,2000.0,10000.0,46.5,42.81,22.09,34,0
동작구,상도동,2021,8,월세,오피스텔,1,500.0,500.0,,500.0,500.0,50.0,50.0,,1,0
동작구,상도동,2021,8,전세,연립다세대,137,25000.0,24046.0,7225.8,19000.0,29290.0,,,,75,0
동작구,상도동,2021,9,월세,연립다세대,45,3680.0,5309.9,4737.9,2000.0,7000.0,49.0,43.62,26.8,26,0
동작구,상도동,2021,9,전세,연립다세대,89,23000.0,23274.2,8237.1,18000.0,30000.0,,,,57,0
동작구,상도동,2021,10,월세,연립다세대,42,6750.0,7416.7,5793.1,2000.0,10000.0,45.0,47.36,21.54,32,0
동작구,상도동,2021,10,월세,오피스텔,1,500.0,500.0,,500.0,500.0,53.0,53.0,,1,0
동작구,상도동,2021,10,전세,연립다세대,130,23655.0,23582.0,8247.8,17600.0,29375.0,,,,65,0
동작구,상도동,2021,11,월세,연립다세대,54,5000.0,6555.7,5829.3,2000.0,10000.0,50.0,47.3,22.67,34,0
동작구,상도동,2021,11,전세,연립다세대,114,21250.0,21817.1,8754.0,16000.0,27975.0,,,,53,0
동작구,상도동,2021,11,전세,오피스텔,2,16000.0,16000.0,5656.9,14000.0,18000.0,,,,2,0
동작구,상도동,2021,12,월세,연립다세대,80,3000.0,7743.8,9426.4,1000.0,14000.0,45.0,42.15,23.93,59,0
동작구,상도동,2021,12,월세,오피스텔,1,500.0,500.0,,500.0,500.0,50.0,50.0,,1,0
동작구,상도동,2021,12,전세,연립다세대,117,22000.0,23079.6,8000.9,17000.0,28350.0,,,,60,0
동작구,상도동,2022,1,월세,연립다세대,103,3000.0,5824.2,6915.4,1000.0,8000.0,50.0,44.86,23.17,65,0
동작구,상도동,2022,1,전세,연립다세대,120,23000.0,23360.8,8404.4,16725.0,28125.0,,,,72,0
동작구,상도동,2022,2,월세,연립다세대,89,2000.0,5524.6,6581.7,1000.0,6000.0,45.0,45.12,18.35,65,0
동작구,상도동,2022,2,월세,오피스텔,3,1000.0,1333.3,577.4,1000.0,1500.0,50.0,53.33,5.77,2,0
동작구,상도동,2022,2,전세,연립다세대,126,25000.0,24535.5,8317.1,19757.75,29950.0,,,,66,0
동작구,상도동,2022,2,전세,오피스텔,1,36000.0,36000.0,,36000.0,36000.0,,,,1,0
동작구,상도동,2022,3,월세,연립다세대,63,4196.0,7631.4,8362.5,2000.0,10500.0,48.0,46.24,25.48,46,0
동작구,상도동,2022,3,전세,연립다세대,121,24000.0,24064.9,7327.9,19800.0,27500.0,,,,55,0
동작구,상도동,2022,4,월세,연립다세대,54,6000.0,8133.3,7371.6,2000.0,11500.0,50.0,48.02,22.43,47,0
동작구,상도동,2022,4,전세,연립다세대,129,25000.0,24656.1,8769.3,17200.0,30500.0,,,,70,0
동작구,상도동,2022,4,전세,오피스텔,2,28600.0,28600.0,10748.0,24800.0,32400.0,,,,2,0
동작구,상도동,2022,5,월세,연립다세대,38,4098.0,7460.0,7880.5,1000.0,12625.0,45.0,45.45,33.35,25,0
동작구,상도동,2022,5,전세,연립다세대,162,23700.0,23912.0,7975.3,18125.0,29000.0,,,,80,0
동작구,상도동,2022,6,월세,연립다세대,69,3000.0,5772.4,6399.1,1000.0,9000.0,50.0,53.23,26.49,51,0
동작구,상도동,2022,6,월세,오피스텔,1,3000.0,3000.0,,3000.0,3000.0,37.0,37.0,,1,0
동작구,상도동,2022,6,전세,연립다세대,109,25200.0,24374.3,7889.1,18500.0,29000.0,,,,62,0
동작구,상도동,2022,6,전세,오피스텔,2,36400.0,36400.0,141.4,36350.0,36450.0,,,,2,0
동작구,상도동,2022,7,월세,연립다세대,43,1869.0,4378.3,5944.7,1000.0,6000.0,50.0,46.86,20.66,31,0
동작구,상도동,2022,7,월세,오피스텔,1,500.0,500.0,,500.0,500.0,46.0,46.0,,0,0
동작구,상도동,2022,7,전세,연립다세대,128,24800.0,24876.6,8089.8,19987.5,29025.0,,,,62,0
동작구,상도동,2022,7,전세,오피스텔,2,24400.0,24400.0,16829.1,18450.0,30350.0,,,,2,0
동작구,상도동,2022,8,월세,연립다세대,54,5000.0,7339.7,8061.6,1000.0,11500.0,50.0,49.7,25.87,34,0
동작구,상도동,2022,8,월세,오피스텔,1,2000.0,2000.0,,2000.0,2000.0,45.0,45.0,,1,0
동작구,상도동,2022,8,전세,연립다세대,119,26000.0,26401.8,8324.2,20000.0,30000.0,,,,58,0
동작구,상도동,2022,8,전세,오피스텔,2,26650.0,26650.0,13930.0,21725.0,31575.0,,,,1,0
동작구,상도동,2022,9,월세,연립다세대,53,5000.0,7619.8,7947.3,2000.0,11000.0,55.0,53.91,28.4,32,0
동작구,상도동,2022,9,전세,연립다세대,100,24100.0,24899.2,9259.0,18500.0,29887.5,,,,54,0
동작구,상도동,2022,10,월세,연립다세대,38,4000.0,6235.5,5675.4,2000.0,10000.0,50.0,51.37,22.12,27,0
동작구,상도동,2022,10,전세,연립다세대,112,24000.0,23319.7,7638.9,18000.0,28250.0,,,,69,0
동작구,상도동,2022,10,전세,오피스텔,1,13650.0,13650.0,,13650.0,13650.0,,,,1,0
동작구,상도동,2022,11,월세,연립다세대,56,5000.0,7239.3,6700.8,1875.0,10000.0,60.0,57.98,27.49,35,0
동작구,상도동,2022,11,전세,연립다세대,87,24500.0,23320.3,7011.8,19000.0,28000.0,,,,53,0
동작구,상도동,2022,11,전세,오피스텔,1,9450.0,9450.0,,9450.0,9450.0,,,,1,0
동작구,상도동,2022,12,월세,연립다세대,83,4500.0,6520.1,7562.5,1000.0,9800.0,48.0,48.71,31.15,52,0
동작구,상도동,2022,12,월세,오피스텔,1,1000.0,1000.0,,1000.0,1000.0,50.0,50.0,,1,0
동작구,상도동,2022,12,전세,연립다세대,100,23565.0,23642.9,7669.2,17225.0,29625.0,,,,57,0
동작구,상도동,2023,1,월세,연립다세대,61,2000.0,5235.6,6686.6,1000.0,6000.0,50.0,49.2,22.06,48,0
동작구,상도동,2023,1,월세,오피스텔,1,3000.0,3000.0,,3000.0,3000.0,47.0,47.0,,1,0
동작구,상도동,2023,1,전세,연립다세대,79,22500.0,21256.8,6494.5,15875.0,26000.0,,,,46,0
동작구,상도동,2023,2,월세,연립다세대,90,3000.0,6003.5,5619.4,1125.0,10750.0,50.0,50.32,26.34,58,0
동작구,상도동,2023,2,전세,연립다세대,103,23000.0,21760.0,7645.4,16900.0,27295.0,,,,68,0
동작구,상도동,2023,3,월세,연립다세대,61,7000.0,8199.1,7162.9,2000.0,12000.0,50.0,46.21,27.29,46,0
동작구,상도동,2023,3,전세,연립다세대,98,22000.0,21991.6,6227.3,19225.0,27000.0,,,,48,0
동작구,상도동,2023,4,월세,연립다세대,67,5000.0,7637.9,6645.4,2000.0,12000.0,51.0,53.49,32.27,49,0
동작구,상도동,2023,4,월세,오피스텔,1,2000.0,2000.0,,2000.0,2000.0,45.0,45.0,,1,0
동작구,상도동,2023,4,전세,연립다세대,102,23650.0,23166.6,6051.6,19000.0,27375.0,,,,53,0
동작구,상도동,2023,5,월세,연립다세대,71,5000.0,8322.6,7333.1,3000.0,13300.0,54.0,57.76,41.31,58,0
동작구,상도동,2023,5,월세,오피스텔,1,1000.0,1000.0,,1000.0,1000.0,50.0,50.0,,1,0
동작구,상도동,2023,5,전세,연립다세대,80,21250.0,21234.5,6126.5,17750.0,25250.0,,,,48,0
동작구,상도동,2023,6,월세,연립다세대,84,4429.5,6847.5,6375.9,2000.0,11250.0,52.5,57.94,35.53,65,0
동작구,상도동,2023,6,월세,오피스텔,1,4000.0,4000.0,,4000.0,4000.0,35.0,35.0,,1,0
동작구,상도동,2023,6,전세,연립다세대,74,20000.0,20505.4,6433.9,15000.0,24000.0,,,,46,0
동작구,상도동,2023,7,월세,연립다세대,68,3000.0,5742.6,5509.4,2000.0,7250.0,62.0,63.99,32.69,59,0
동작구,상도동,2023,7,전세,연립다세대,83,23000.0,22416.1,8178.3,17000.0,26650.0,,,,57,0
동작구,상도동,2023,7,전세,오피스텔,1,13300.0,13300.0,,13300.0,13300.0,,,,0,0
동작구,상도동,2023,8,월세,연립다세대,65,5000.0,6699.8,7195.3,1000.0,9000.0,57.0,62.31,38.09,50,0
동작구,상도동,2023,8,전세,연립다세대,71,22000.0,22987.8,7346.7,19312.5,27650.0,,,,52,0
동작구,상도동,2023,9,월세,연립다세대,67,5000.0,8270.7,7146.2,2000.0,13000.0,50.0,52.43,34.17,53,0
동작구,상도동,2023,9,전세,연립다세대,78,23000.0,22350.2,6969.3,17250.0,27375.0,,,,47,0
동작구,상도동,2023,10,월세,연립다세대,68,6252.0,8782.4,8040.2,1750.0,12900.0,44.5,48.16,31.86,48,0
동작구,상도동,2023,10,월세,오피스텔,1,1000.0,1000.0,,1000.0,1000.0,52.0,52.0,,1,0
동작구,상도동,2023,10,전세,연립다세대,103,24000.0,24582.9,8013.3,19550.0,30000.0,,,,68,0
동작구,상도동,2023,10,전세,오피스텔,1,13000.0,13000.0,,13000.0,13000.0,,,,0,0
동작구,상도동,2023,11,월세,연립다세대,68,5000.0,8673.6,8951.3,1000.0,15000.0,52.0,48.4,33.39,54,0
동작구,상도동,2023,11,월세,오피스텔,1,11000.0,11000.0,,11000.0,11000.0,5.0,5.0,,0,0
동작구,상도동,2023,11,전세,연립다세대,89,22000.0,22155.2,6902.6,17000.0,25000.0,,,,58,0
동작구,상도동,2023,11,전세,오피스텔,2,18250.0,18250.0,353.6,18125.0,18375.0,,,,2,0
동작구,상도동,2023,12,월세,연립다세대,93,3000.0,5971.9,6029.0,1700.0,10000.0,55.0,54.77,24.2,74,0
동작구,상도동,2023,12,전세,연립다세대,83,22500.0,22791.3,7848.5,18370.0,26200.0,,,,59,0
동작구,상도동,2024,1,월세,연립다세대,130,3000.0,7314.5,8023.1,1000.0,12000.0,50.0,50.59,33.86,104,0
동작구,상도동,2024,1,전세,연립다세대,90,22750.0,22686.9,7630.9,17000.0,27850.0,,,,57,0
동작구,상도동,2024,2,월세,연립다세대,105,4000.0,7852.7,7629.7,2000.0,13000.0,47.0,51.81,40.3,90,0
동작구,상도동,2024,2,전세,연립다세대,69,20500.0,21776.3,7435.5,17000.0,27000.0,,,,49,0
동작구,상도동,2024,2,전세,오피스텔,1,31700.0,31700.0,,31700.0,31700.0,,,,0,0
동작구,상도동,2024,3,월세,연립다세대,120,5000.0,7845.6,7529.7,2351.25,11000.0,32.5,45.4,33.99,102,0
동작구,상도동,2024,3,월세,오피스텔,3,18000.0,17000.0,13527.7,10500.0,24000.0,10.0,21.67,24.66,3,0
동작구,상도동,2024,3,전세,연립다세대,117,24800.0,23602.1,7757.0,17000.0,30000.0,,,,84,0
동작구,상도동,2024,3,전세,오피스텔,1,33000.0,33000.0,,33000.0,33000.0,,,,0,0
동작구,상도동,2024,4,월세,연립다세대,88,12000.0,11644.5,8680.7,3763.75,18075.0,29.0,39.91,33.16,74,0
동작구,상도동,2024,4,월세,오피스텔,1,9300.0,9300.0,,9300.0,9300.0,3.0,3.0,,1,0
동작구,상도동,2024,4,전세,연립다세대,97,25000.0,24999.1,9192.7,18000.0,30000.0,,,,71,0
동작구,상도동,2024,5,월세,연립다세대,84,5375.0,9181.5,7867.5,2000.0,15340.0,44.0,47.19,30.84,70,0
동작구,상도동,2024,5,월세,오피스텔,1,9300.0,9300.0,,9300.0,9300.0,15.0,15.0,,1,0
동작구,상도동,2024,5,전세,연립다세대,87,20000.0,20637.9,7590.7,15450.0,26200.0,,,,64,0
동작구,상도동,2024,5,전세,오피스텔,2,25500.0,25500.0,10606.6,21750.0,29250.0,,,,1,0
동작구,상도동,2024,6,월세,연립다세대,76,4500.0,8652.2,8197.9,2000.0,14000.0,40.5,46.32,29.65,71,0
동작구,상도동,2024,6,전세,연립다세대,60,24225.0,24260.8,7767.6,20000.0,28000.0,,,,42,0
동작구,상도동,2024,7,월세,연립다세대,88,8000.0,10356.9,9297.9,3000.0,15000.0,40.5,45.66,29.95,80,0
동작구,상도동,2024,7,월세,오피스텔,3,30000.0,20333.3,16743.2,15500.0,30000.0,15.0,25.0,21.79,3,0
동작구,상도동,2024,7,전세,연립다세대,68,23100.0,23687.5,7449.9,19675.0,29000.0,,,,42,0
동작구,상도동,2024,8,월세,연립다세대,100,5250.0,9473.1,8041.5,3000.0,16000.0,48.5,48.91,32.54,78,0
동작구,상도동,2024,8,월세,오피스텔,2,1500.0,1500.0,707.1,1250.0,1750.0,47.5,47.5,3.54,2,0
동작구,상도동,2024,8,전세,연립다세대,92,25000.0,24121.7,6926.7,19800.0,29075.0,,,,57,0
동작구,상도동,2024,8,전세,오피스텔,2,23000.0,23000.0,9899.5,19500.0,26500.0,,,,0,0
동작구,상도동,2024,9,월세,연립다세대,63,10000.0,9589.2,8290.9,2250.0,15250.0,45.0,46.11,29.36,55,0
동작구,상도동,2024,9,전세,연립다세대,61,22000.0,22321.5,7755.5,18000.0,26500.0,,,,45,0
동작구,상도동,2024,10,월세,연립다세대,69,8000.0,10997.7,9231.2,3000.0,17200.0,48.0,54.06,40.48,62,0
동작구,상도동,2024,10,전세,연립다세대,73,19670.0,20896.6,7251.8,15900.0,26000.0,,,,52,0
동작구,상도동,2024,11,월세,연립다세대,92,4516.0,8817.7,9225.7,1975.0,13075.0,61.5,56.61,33.89,77,0
동작구,상도동,2024,11,월세,오피스텔,1,9400.0,9400.0,,9400.0,9400.0,2.0,2.0,,1,0
동작구,상도동,2024,11,전세,연립다세대,67,20000.0,21229.0,6362.4,17000.0,26000.0,,,,43,0
동작구,상도동,2024,11,전세,오피스텔,1,18000.0,18000.0,,18000.0,18000.0,,,,1,0
동작구,상도동,2024,12,월세,연립다세대,111,4704.0,8631.2,8094.4,2750.0,15000.0,45.0,44.64,32.38,94,0
동작구,상도동,2024,12,전세,연립다세대,57,23000.0,22125.0,8764.8,17000.0,28000.0,,,,37,0
동작구,상도동,2024,12,전세,오피스텔,2,13500.0,13500.0,2121.3,12750.0,14250.0,,,,2,0
동작구,상도동,2025,1,월세,연립다세대,111,5000.0,8173.5,7948.8,1750.0,12900.0,50.0,49.58,35.14,90,0
동작구,상도동,2025,1,월세,오피스텔,1,30000.0,30000.0,,30000.0,30000.0,5.0,5.0,,1,0
동작구,상도동,2025,1,전세,연립다세대,72,24000.0,22936.7,6012.9,18652.5,27000.0,,,,52,0
동작구,상도동,2025,2,월세,연립다세대,112,5000.0,8659.2,8188.4,1802.0,16175.0,42.0,45.85,31.67,90,0
동작구,상도동,2025,2,전세,연립다세대,62,21840.0,22092.4,7153.8,16062.5,27000.0,,,,45,0
동작구,상도동,2025,3,월세,연립다세대,105,8000.0,10899.0,8684.8,3000.0,17500.0,47.0,48.71,31.86,80,0
동작구,상도동,2025,3,전세,연립다세대,77,24000.0,23430.5,6761.9,19500.0,27800.0,,,,48,0
동작구,상도동,2025,3,전세,오피스텔,1,13000.0,13000.0,,13000.0,13000.0,,,,1,0
동작구,상도동,2025,4,월세,연립다세대,75,5000.0,9072.9,8309.4,3000.0,15350.0,50.0,54.01,37.9,55,0
동작구,상도동,2025,4,월세,오피스텔,1,5000.0,5000.0,,5000.0,5000.0,20.0,20.0,,1,0
동작구,상도동,2025,4,전세,연립다세대,66,23800.0,22705.5,6330.0,20000.0,28000.0,,,,40,0
동작구,상도동,2025,5,월세,연립다세대,101,5000.0,7999.8,8245.0,2000.0,12800.0,55.0,57.19,38.8,81,0
동작구,상도동,2025,5,전세,연립다세대,78,23750.0,23693.8,7112.0,19750.0,28600.0,,,,58,0
동작구,상도동,2025,5,전세,오피스텔,1,12500.0,12500.0,,12500.0,12500.0,,,,1,0
동작구,상도동,2025,6,월세,연립다세대,93,5000.0,9866.7,10233.8,1500.0,19000.0,50.0,49.24,30.84,78,0
동작구,상도동,2025,6,전세,연립다세대,95,23000.0,22856.3,7914.8,18000.0,27000.0,,,,66,0
동작구,상도동,2025,7,월세,연립다세대,101,5000.0,7589.1,7600.0,2000.0,10500.0,55.0,53.84,29.84,77,0
동작구,상도동,2025,7,전세,연립다세대,77,24000.0,23540.1,6307.2,20790.0,27500.0,,,,53,0
동작구,상도동,2025,8,월세,연립다세대,122,5000.0,7644.0,7766.9,1686.5,11690.0,50.0,49.86,29.79,109,0
동작구,상도동,2025,8,월세,오피스텔,1,12600.0,12600.0,,12600.0,12600.0,4.0,4.0,,1,0
동작구,상도동,2025,8,전세,연립다세대,72,24100.0,24427.0,6688.4,21000.0,30000.0,,,,48,0
동작구,상도동,2025,9,월세,연립다세대,70,5000.0,9224.2,7906.1,2250.0,14500.0,54.5,53.61,33.5,57,0
동작구,상도동,2025,9,월세,오피스텔,1,17700.0,17700.0,,17700.0,17700.0,6.0,6.0,,1,0
동작구,상도동,2025,9,전세,연립다세대,67,25000.0,25307.1,7550.8,19500.0,30000.0,,,,39,0
동작구,상도동,2025,10,월세,연립다세대,79,5000.0,8708.4,7715.2,2000.0,13000.0,54.0,54.58,38.03,66,0
동작구,상도동,2025,10,전세,연립다세대,62,22800.0,23384.7,6626.5,20112.5,27825.0,,,,38,0
동작구,상도동,2025,11,월세,연립다세대,75,5000.0,9389.5,9055.8,2000.0,18900.0,50.0,51.99,35.14,61,0
동작구,상도동,2025,11,월세,오피스텔,2,3500.0,3500.0,707.1,3250.0,3750.0,45.0,45.0,0.0,2,0
동작구,상도동,2025,11,전세,연립다세대,62,23840.0,23923.6,6470.5,19164.0,29000.0,,,,48,0
동작구,상도동,2025,12,월세,연립다세대,131,4538.0,7775.3,7672.4,2000.0,12000.0,40.0,47.55,34.8,103,0
동작구,상도동,2025,12,전세,연립다세대,73,23000.0,22793.3,6313.1,19000.0,27000.0,,,,49,0
동작구,상도동,2026,1,월세,연립다세대,140,5000.0,7700.0,7989.8,1000.0,11925.0,55.0,55.33,30.84,117,1
동작구,상도동,2026,1,전세,연립다세대,66,24150.0,23805.5,6864.8,20000.0,27825.0,,,,43,1
동작구,상도동,2026,2,월세,연립다세대,129,3000.0,6454.5,8048.4,1000.0,9000.0,53.0,55.33,29.99,105,1
동작구,상도동,2026,2,월세,오피스텔,2,30000.0,30000.0,0.0,30000.0,30000.0,13.5,13.5,2.12,2,1
동작구,상도동,2026,2,전세,연립다세대,61,20500.0,21303.9,6682.1,16800.0,27800.0,,,,47,1
동작구,상도동,2026,3,월세,연립다세대,105,10000.0,10274.3,8100.2,3000.0,17200.0,45.0,54.83,39.91,83,1
동작구,상도동,2026,3,전세,연립다세대,73,24690.0,23065.8,7756.2,17500.0,27700.0,,,,49,1
동작구,상도동,2026,3,전세,오피스텔,1,10500.0,10500.0,,10500.0,10500.0,,,,1,1
동작구,상도동,2026,4,월세,연립다세대,101,7000.0,10775.1,9061.5,3000.0,18000.0,50.0,55.64,41.81,75,1
동작구,상도동,2026,4,전세,연립다세대,99,24300.0,23957.5,7543.8,18500.0,28150.0,,,,69,1
동작구,상도동,2026,4,전세,오피스텔,1,16000.0,16000.0,,16000.0,16000.0,,,,1,1
동작구,상도동,2026,5,월세,연립다세대,104,6000.0,10548.2,9554.7,2466.75,16904.25,50.0,55.45,38.79,87,1
동작구,상도동,2026,5,월세,오피스텔,1,30900.0,30900.0,,30900.0,30900.0,14.0,14.0,,0,1
동작구,상도동,2026,5,전세,연립다세대,72,25373.5,25418.0,7599.3,20000.0,30425.0,,,,47,1
동작구,상도동,2026,6,월세,연립다세대,107,5061.0,9927.5,10066.9,1679.5,14650.0,37.0,44.85,35.49,82,1
동작구,상도동,2026,6,월세,오피스텔,1,500.0,500.0,,500.0,500.0,60.0,60.0,,1,1
동작구,상도동,2026,6,전세,연립다세대,84,24000.0,23068.7,8424.5,16075.0,29325.0,,,,55,1
동작구,상도동,2026,6,전세,오피스텔,1,30000.0,30000.0,,30000.0,30000.0,,,,0,1
동작구,상도동,2026,7,월세,연립다세대,100,5250.0,10510.6,9682.1,3000.0,20000.0,50.0,53.99,36.79,83,1
동작구,상도동,2026,7,월세,오피스텔,1,27700.0,27700.0,,27700.0,27700.0,24.0,24.0,,1,1
동작구,상도동,2026,7,전세,연립다세대,77,23200.0,24590.8,7827.6,20000.0,30000.0,,,,49,1
동작구,상도동,2026,8,월세,연립다세대,97,5000.0,9321.5,8532.9,2025.0,14000.0,45.0,46.86,32.35,64,1
동작구,상도동,2026,8,전세,연립다세대,57,23150.0,22705.1,9116.8,15600.0,29000.0,,,,39,1
동작구,상도동,2026,9,월세,연립다세대,41,7000.0,10172.0,9099.8,2000.0,20000.0,42.0,46.76,34.69,40,1
동작구,상도동,2026,9,전세,연립다세대,28,24000.0,27221.4,9413.4,22200.0,30375.0,,,,18,1
동작구,신대방동,2021,1,월세,연립다세대,14,5000.0,8257.1,9251.7,2000.0,11000.0,32.0,29.43,18.56,1,0
동작구,신대방동,2021,1,월세,오피스텔,5,1000.0,2800.0,4024.9,1000.0,1000.0,80.0,74.0,21.04,0,0
동작구,신대방동,2021,1,전세,연립다세대,29,28000.0,26603.4,7545.6,21000.0,35000.0,,,,3,0
동작구,신대방동,2021,1,전세,오피스텔,10,27500.0,27900.0,5796.6,26750.0,32625.0,,,,0,0
동작구,신대방동,2021,2,월세,연립다세대,6,2000.0,3000.0,3563.7,875.0,2750.0,45.0,39.5,17.13,0,0
동작구,신대방동,2021,2,월세,오피스텔,4,1000.0,4500.0,7000.0,1000.0,4500.0,62.5,73.75,31.98,0,0
동작구,신대방동,2021,2,전세,연립다세대,27,18000.0,20413.9,8266.1,15725.0,26600.0,,,,3,0
동작구,신대방동,2021,2,전세,오피스텔,7,36000.0,33664.3,4675.0,31075.0,36500.0,,,,0,0
동작구,신대방동,2021,3,월세,연립다세대,15,2000.0,4200.0,4336.2,1250.0,6700.0,42.0,47.8,19.81,1,0
동작구,신대방동,2021,3,월세,오피스텔,4,2500.0,2750.0,1707.8,1750.0,3500.0,77.5,83.75,26.26,0,0
동작구,신대방동,2021,3,전세,연립다세대,32,23600.0,22861.7,10505.4,13375.0,29625.0,,,,1,0
동작구,신대방동,2021,3,전세,오피스텔,6,21525.0,26325.0,11969.8,19425.0,33262.5,,,,1,0
동작구,신대방동,2021,4,월세,연립다세대,8,4750.0,5362.5,3204.4,3900.0,7500.0,32.5,34.62,17.74,0,0
동작구,신대방동,2021,4,월세,오피스텔,3,3000.0,4000.0,2645.8,2500.0,5000.0,70.0,64.33,19.14,0,0
동작구,신대방동,2021,4,전세,연립다세대,24,18975.0,21763.5,10248.4,12900.0,29900.0,,,,1,0
동작구,신대방동,2021,4,전세,오피스텔,5,30450.0,28620.0,7783.0,21000.0,34650.0,,,,0,0
동작구,신대방동,2021,5,월세,연립다세대,19,3000.0,6542.1,6448.2,2250.0,9500.0,34.0,34.05,16.43,1,0
동작구,신대방동,2021,5,월세,오피스텔,6,1500.0,2166.7,1602.1,1000.0,2750.0,65.0,82.5,37.91,1,0
동작구,신대방동,2021,5,전세,연립다세대,25,22500.0,20639.0,9422.8,15000.0,25000.0,,,,1,0
동작구,신대방동,2021,5,전세,오피스텔,6,29000.0,28050.0,13351.2,16000.0,37350.0,,,,0,0
동작구,신대방동,2021,6,월세,연립다세대,13,2000.0,3700.0,3397.7,1000.0,5000.0,40.0,45.08,9.41,9,0
동작구,신대방동,2021,6,월세,오피스텔,2,8000.0,8000.0,8485.3,5000.0,11000.0,46.5,46.5,4.95,0,0
동작구,신대방동,2021,6,전세,연립다세대,28,20000.0,19411.6,7544.3,15437.5,23625.0,,,,15,0
동작구,신대방동,2021,6,전세,오피스텔,2,32250.0,32250.0,13788.6,27375.0,37125.0,,,,1,0
동작구,신대방동,2021,7,월세,연립다세대,10,2500.0,4340.0,4350.0,1000.0,7250.0,45.0,40.9,15.04,7,0
동작구,신대방동,2021,7,월세,오피스텔,12,2000.0,2416.7,2503.0,1000.0,2250.0,67.5,81.42,35.59,12,0
동작구,신대방동,2021,7,전세,연립다세대,18,23000.0,20576.6,7259.7,16062.5,24750.0,,,,7,0
동작구,신대방동,2021,7,전세,오피스텔,4,29250.0,25487.5,8366.6,24625.0,30112.5,,,,1,0
동작구,신대방동,2021,8,월세,연립다세대,15,2000.0,3266.7,4003.9,1000.0,3500.0,50.0,46.8,19.25,14,0
동작구,신대방동,2021,8,월세,오피스텔,7,1000.0,1142.9,378.0,1000.0,1000.0,85.0,77.86,24.47,7,0
동작구,신대방동,2021,8,전세,연립다세대,24,18900.0,19705.4,7489.3,12875.0,26062.5,,,,14,0
동작구,신대방동,2021,8,전세,오피스텔,3,14000.0,16216.7,4146.2,13825.0,17500.0,,,,2,0
동작구,신대방동,2021,9,월세,연립다세대,6,1000.0,3916.7,4716.1,1000.0,7750.0,36.5,36.17,18.93,6,0
동작구,신대방동,2021,9,월세,오피스텔,7,1000.0,1928.6,1592.4,1000.0,2500.0,85.0,76.29,29.15,6,0
동작구,신대방동,2021,9,전세,연립다세대,29,25000.0,23014.2,12451.7,12000.0,28300.0,,,,21,0
동작구,신대방동,2021,9,전세,오피스텔,5,30900.0,30240.0,7327.3,24150.0,34100.0,,,,1,0
동작구,신대방동,2021,10,월세,연립다세대,19,9000.0,9947.4,9636.5,2000.0,14700.0,40.0,41.26,18.48,14,0
동작구,신대방동,2021,10,월세,오피스텔,9,2000.0,2500.0,2850.4,1000.0,2000.0,117.0,110.78,37.74,8,0
동작구,신대방동,2021,10,전세,연립다세대,33,16800.0,19719.1,8649.7,13230.0,25000.0,,,,18,0
동작구,신대방동,2021,10,전세,오피스텔,3,31500.0,34833.3,15766.5,26250.0,41750.0,,,,2,0
동작구,신대방동,2021,11,월세,연립다세대,20,6500.0,7515.0,6366.4,2000.0,10500.0,49.5,43.45,21.57,12,0
동작구,신대방동,2021,11,월세,오피스텔,5,1000.0,860.0,313.0,1000.0,1000.0,55.0,62.4,12.99,4,0
동작구,신대방동,2021,11,전세,연립다세대,31,24000.0,22563.7,9089.2,17000.0,30400.0,,,,19,0
동작구,신대방동,2021,11,전세,오피스텔,2,24750.0,24750.0,3889.1,23375.0,26125.0,,,,1,0
동작구,신대방동,2021,12,월세,연립다세대,23,5000.0,7472.3,8986.5,1000.0,10000.0,45.0,41.35,21.13,16,0
동작구,신대방동,2021,12,월세,오피스텔,5,1000.0,1700.0,1857.4,1000.0,1000.0,57.0,66.0,20.78,4,0
동작구,신대방동,2021,12,전세,연립다세대,23,20000.0,19904.3,7957.8,14800.0,25000.0,,,,14,0
동작구,신대방동,2021,12,전세,오피스텔,10,27000.0,27567.5,7569.2,23000.0,31000.0,,,,2,0
동작구,신대방동,2022,1,월세,연립다세대,23,6000.0,7339.0,5654.0,3000.0,10000.0,40.0,40.09,18.25,20,0
동작구,신대방동,2022,1,월세,오피스텔,8,1000.0,2562.5,4624.8,1000.0,1000.0,57.5,54.75,23.92,7,0
동작구,신대방동,2022,1,전세,연립다세대,25,21000.0,22060.0,9490.0,15750.0,26000.0,,,,14,0
동작구,신대방동,2022,1,전세,오피스텔,9,14500.0,19183.3,7147.2,14000.0,24000.0,,,,7,0
동작구,신대방동,2022,2,월세,연립다세대,16,2250.0,3593.8,3347.7,1000.0,5500.0,40.0,47.06,22.56,12,0
동작구,신대방동,2022,2,월세,오피스텔,6,1000.0,2916.7,4476.8,1000.0,1750.0,57.5,55.5,5.54,5,0
동작구,신대방동,2022,2,전세,연립다세대,34,21400.0,22083.8,7827.3,16125.0,29487.5,,,,15,0
동작구,신대방동,2022,2,전세,오피스텔,4,24000.0,25100.0,3657.0,23500.0,25600.0,,,,2,0
동작구,신대방동,2022,3,월세,연립다세대,12,1500.0,5166.7,6332.9,1000.0,6750.0,50.0,50.33,15.78,10,0
동작구,신대방동,2022,3,월세,오피스텔,13,1000.0,1538.5,1547.3,1000.0,1000.0,60.0,77.23,30.33,9,0
동작구,신대방동,2022,3,전세,연립다세대,27,20000.0,20863.1,7000.3,16000.0,25250.0,,,,16,0
동작구,신대방동,2022,3,전세,오피스텔,13,32500.0,35215.4,13665.8,22000.0,49000.0,,,,7,0
동작구,신대방동,2022,4,월세,연립다세대,24,4000.0,7065.7,5782.2,2000.0,13000.0,40.0,42.17,20.44,17,0
동작구,신대방동,2022,4,월세,오피스텔,8,1500.0,1562.5,623.2,1000.0,2000.0,107.5,104.38,33.32,6,0
동작구,신대방동,2022,4,전세,연립다세대,32,17000.0,20221.9,8243.1,13750.0,26512.5,,,,18,0
동작구,신대방동,2022,4,전세,오피스텔,6,14000.0,18833.3,9363.0,13625.0,19250.0,,,,3,0
동작구,신대방동,2022,5,월세,연립다세대,11,4000.0,7318.2,7121.4,1000.0,13000.0,50.0,49.0,23.87,7,0
동작구,신대방동,2022,5,월세,오피스텔,8,1000.0,2875.0,4517.8,1000.0,2000.0,72.5,80.25,32.41,7,0
동작구,신대방동,2022,5,전세,연립다세대,41,22000.0,21240.5,7908.3,17000.0,25000.0,,,,21,0
동작구,신대방동,2022,5,전세,오피스텔,10,16000.0,20830.0,11444.6,15250.0,20875.0,,,,4,0
동작구,신대방동,2022,6,월세,연립다세대,17,2000.0,6517.4,9030.6,547.0,8226.0,40.0,44.41,15.53,14,0
동작구,신대방동,2022,6,월세,오피스텔,10,1000.0,1450.0,685.2,1000.0,1875.0,83.5,94.2,35.23,9,0
동작구,신대방동,2022,6,전세,연립다세대,42,25000.0,23258.9,8258.3,18900.0,28225.0,,,,24,0
동작구,신대방동,2022,6,전세,오피스텔,9,16000.0,18622.2,6565.8,14000.0,22000.0,,,,5,0
동작구,신대방동,2022,7,월세,연립다세대,10,3000.0,8967.8,11392.8,1000.0,18393.0,45.0,43.4,14.62,8,0
동작구,신대방동,2022,7,월세,오피스텔,11,1000.0,1409.1,490.8,1000.0,2000.0,90.0,94.18,28.6,8,0
동작구,신대방동,2022,7,전세,연립다세대,26,24000.0,23666.1,9212.0,16903.5,31837.5,,,,7,0
동작구,신대방동,2022,7,전세,오피스텔,9,16500.0,21544.4,9131.6,14500.0,25000.0,,,,6,0
동작구,신대방동,2022,8,월세,연립다세대,13,5000.0,4960.7,4043.4,2000.0,8000.0,47.0,41.46,15.08,9,0
동작구,신대방동,2022,8,월세,오피스텔,10,2000.0,3300.0,3622.5,1250.0,3000.0,80.0,86.9,49.09,9,0
동작구,신대방동,2022,8,전세,연립다세대,22,23575.0,23127.5,7454.5,16897.5,27000.0,,,,8,0
동작구,신대방동,2022,8,전세,오피스텔,5,25000.0,26380.0,11877.4,15000.0,36000.0,,,,1,0
동작구,신대방동,2022,9,월세,연립다세대,13,5000.0,7165.2,6321.0,1000.0,14000.0,40.0,43.54,18.82,9,0
동작구,신대방동,2022,9,월세,오피스텔,8,1500.0,3750.0,6584.6,1000.0,2000.0,90.0,87.25,30.95,7,0
동작구,신대방동,2022,9,전세,연립다세대,19,24000.0,25284.2,8990.4,18250.0,33862.5,,,,11,0
동작구,신대방동,2022,9,전세,오피스텔,6,15500.0,23250.0,12600.6,15000.0,33250.0,,,,5,0
동작구,신대방동,2022,10,월세,연립다세대,16,3850.0,7312.5,7524.7,1000.0,12500.0,40.0,36.69,17.04,16,0
동작구,신대방동,2022,10,월세,오피스텔,12,1000.0,3058.3,4259.0,1000.0,2750.0,70.0,84.17,34.03,10,0
동작구,신대방동,2022,10,전세,연립다세대,32,20000.0,22168.8,9326.2,12900.0,29550.0,,,,17,0
동작구,신대방동,2022,10,전세,오피스텔,7,24000.0,25767.9,10059.5,19050.0,31137.5,,,,3,0
동작구,신대방동,2022,11,월세,연립다세대,13,1000.0,1884.6,1570.0,1000.0,3000.0,50.0,53.0,13.92,11,0
동작구,신대방동,2022,11,월세,오피스텔,11,1000.0,1318.2,643.1,1000.0,1250.0,75.0,78.64,27.28,9,0
동작구,신대방동,2022,11,전세,연립다세대,19,23000.0,24250.0,7289.1,18950.0,30200.0,,,,11,0
동작구,신대방동,2022,11,전세,오피스텔,4,26500.0,27000.0,14583.1,19750.0,33750.0,,,,3,0
동작구,신대방동,2022,12,월세,연립다세대,16,2473.5,5318.0,6040.6,1000.0,10000.0,46.5,45.12,17.57,13,0
동작구,신대방동,2022,12,월세,오피스텔,6,5500.0,6083.3,5834.5,1250.0,9000.0,62.5,74.17,28.18,5,0
동작구,신대방동,2022,12,전세,연립다세대,16,28700.0,27456.2,8590.9,20000.0,33500.0,,,,7,0
동작구,신대방동,2022,12,전세,오피스텔,9,20000.0,20333.3,6214.9,14500.0,26500.0,,,,7,0
동작구,신대방동,2023,1,월세,연립다세대,10,11250.0,11150.0,8110.5,5250.0,16000.0,38.5,39.7,18.52,7,0
동작구,신대방동,2023,1,월세,오피스텔,13,1000.0,2230.8,3139.9,1000.0,1000.0,75.0,81.38,18.55,12,0
동작구,신대방동,2023,1,전세,연립다세대,25,17300.0,19662.0,6971.8,16000.0,24500.0,,,,12,0
동작구,신대방동,2023,1,전세,오피스텔,11,23000.0,21931.8,6948.1,16250.0,25750.0,,,,7,0
동작구,신대방동,2023,2,월세,연립다세대,18,6950.0,8100.0,7128.8,3000.0,10750.0,30.0,35.5,26.21,13,0
동작구,신대방동,2023,2,월세,오피스텔,19,1000.0,4184.2,9112.3,1000.0,1000.0,75.0,77.58,36.56,19,0
동작구,신대방동,2023,2,전세,연립다세대,20,24900.0,23375.0,6665.6,19725.0,27500.0,,,,12,0
동작구,신대방동,2023,2,전세,오피스텔,6,25250.0,26416.7,8212.3,23250.0,32875.0,,,,6,0
동작구,신대방동,2023,3,월세,연립다세대,21,5000.0,7341.2,7402.6,1050.0,11000.0,44.0,38.76,23.71,17,0
동작구,신대방동,2023,3,월세,오피스텔,16,1000.0,1187.5,750.0,1000.0,1000.0,75.0,75.0,16.43,16,0
동작구,신대방동,2023,3,전세,연립다세대,24,23000.0,21843.8,7892.0,17600.0,27250.0,,,,14,0
동작구,신대방동,2023,3,전세,오피스텔,5,34000.0,36200.0,3474.9,33500.0,40000.0,,,,1,0
동작구,신대방동,2023,4,월세,연립다세대,22,10000.0,10330.5,7336.8,3500.0,15750.0,27.0,36.77,26.74,15,0
동작구,신대방동,2023,4,월세,오피스텔,14,1000.0,1685.7,1929.1,1000.0,1000.0,72.5,78.64,29.48,13,0
동작구,신대방동,2023,4,전세,연립다세대,24,20000.0,20550.0,8391.5,15000.0,26850.0,,,,16,0
동작구,신대방동,2023,4,전세,오피스텔,6,26975.0,26158.3,10200.5,17500.0,34237.5,,,,4,0
동작구,신대방동,2023,5,월세,연립다세대,17,6000.0,6617.6,5633.4,2000.0,10000.0,47.0,47.35,19.1,11,0
동작구,신대방동,2023,5,월세,오피스텔,11,1000.0,1181.8,404.5,1000.0,1000.0,75.0,87.73,32.97,11,0
동작구,신대방동,2023,5,전세,연립다세대,13,20000.0,17250.0,10254.3,8850.0,24500.0,,,,9,0
동작구,신대방동,2023,5,전세,오피스텔,7,22000.0,22714.3,6830.4,21500.0,22000.0,,,,4,0
동작구,신대방동,2023,6,월세,연립다세대,17,3000.0,7982.4,8771.0,1000.0,10000.0,37.0,37.35,20.69,14,0
동작구,신대방동,2023,6,월세,오피스텔,6,1000.0,2750.0,4536.0,1000.0,1000.0,82.5,75.83,18.28,6,0
동작구,신대방동,2023,6,전세,연립다세대,24,22000.0,21335.0,7346.5,18000.0,26250.0,,,,8,0
동작구,신대방동,2023,6,전세,오피스텔,1,37000.0,37000.0,,37000.0,37000.0,,,,0,0
동작구,신대방동,2023,7,월세,연립다세대,13,12500.0,11369.2,8753.4,4000.0,14000.0,40.0,36.31,24.71,11,0
동작구,신대방동,2023,7,월세,오피스텔,7,1000.0,5571.4,8941.6,1000.0,5000.0,60.0,74.0,32.23,7,0
동작구,신대방동,2023,7,전세,연립다세대,17,16500.0,16072.1,6302.5,9975.0,20000.0,,,,9,0
동작구,신대방동,2023,7,전세,오피스텔,5,24000.0,21380.0,7097.3,14000.0,25000.0,,,,3,0
동작구,신대방동,2023,8,월세,연립다세대,17,6500.0,8229.4,7202.9,2000.0,13000.0,35.0,40.41,22.6,14,0
동작구,신대방동,2023,8,월세,오피스텔,7,1000.0,1500.0,763.8,1000.0,1750.0,85.0,76.71,20.25,6,0
동작구,신대방동,2023,8,전세,연립다세대,14,19372.5,18573.2,7297.4,12250.0,25550.0,,,,6,0
동작구,신대방동,2023,8,전세,오피스텔,5,35000.0,34020.0,5966.7,35000.0,36100.0,,,,2,0
동작구,신대방동,2023,9,월세,연립다세대,23,5000.0,9361.4,9555.7,1500.0,15750.0,60.0,52.0,28.21,21,0
동작구,신대방동,2023,9,월세,오피스텔,13,1000.0,5434.6,8705.9,1000.0,2000.0,60.0,62.38,40.11,11,0
동작구,신대방동,2023,9,전세,연립다세대,15,21000.0,21180.0,6953.4,18000.0,24500.0,,,,10,0
동작구,신대방동,2023,9,전세,오피스텔,1,21000.0,21000.0,,21000.0,21000.0,,,,0,0
동작구,신대방동,2023,10,월세,연립다세대,18,9000.0,8272.2,5907.3,2625.0,11300.0,55.0,46.06,30.05,15,0
동작구,신대방동,2023,10,월세,오피스텔,5,2000.0,5340.0,5989.8,1000.0,8000.0,75.0,64.6,47.15,5,0
동작구,신대방동,2023,10,전세,연립다세대,16,25650.0,22440.0,9397.4,15800.0,29250.0,,,,9,0
동작구,신대방동,2023,10,전세,오피스텔,7,34650.0,32378.6,10847.6,27500.0,39000.0,,,,4,0
동작구,신대방동,2023,11,월세,연립다세대,31,5000.0,8698.4,9365.6,2250.0,11500.0,45.0,42.74,26.57,22,0
동작구,신대방동,2023,11,월세,오피스텔,12,1500.0,1916.7,1311.4,1000.0,2000.0,97.5,97.5,30.34,10,0
동작구,신대방동,2023,11,전세,연립다세대,19,18000.0,22224.2,10775.1,13250.0,29500.0,,,,13,0
동작구,신대방동,2023,11,전세,오피스텔,3,37000.0,29500.0,12990.4,25750.0,37000.0,,,,1,0
동작구,신대방동,2023,12,월세,연립다세대,39,1001.0,5360.8,6797.5,100.0,10000.0,40.0,45.56,31.36,29,0
동작구,신대방동,2023,12,월세,오피스텔,10,1000.0,2150.0,2427.3,1000.0,1750.0,90.0,92.0,25.3,9,0
동작구,신대방동,2023,12,전세,연립다세대,25,19100.0,19529.9,7092.4,14000.0,25000.0,,,,20,0
동작구,신대방동,2023,12,전세,오피스텔,1,23000.0,23000.0,,23000.0,23000.0,,,,1,0
동작구,신대방동,2024,1,월세,연립다세대,25,4090.0,14032.5,24201.9,2000.0,22000.0,25.0,28.6,17.08,18,0
동작구,신대방동,2024,1,월세,오피스텔,9,1000.0,3833.3,4756.6,1000.0,5000.0,75.0,77.0,35.35,7,0
동작구,신대방동,2024,1,전세,연립다세대,24,19250.0,19627.5,9087.3,12925.0,28500.0,,,,9,0
동작구,신대방동,2024,1,전세,오피스텔,7,24000.0,27057.1,8805.7,22500.0,33700.0,,,,4,0
동작구,신대방동,2024,2,월세,연립다세대,19,9000.0,8897.9,8142.4,3185.0,10000.0,30.0,33.89,20.75,13,0
동작구,신대방동,2024,2,월세,오피스텔,13,1000.0,2961.5,4370.6,1000.0,2000.0,75.0,73.69,31.01,10,0
동작구,신대방동,2024,2,전세,연립다세대,18,17250.0,18482.8,9430.4,10000.0,25900.0,,,,11,0
동작구,신대방동,2024,2,전세,오피스텔,3,36500.0,29833.3,13768.9,25250.0,37750.0,,,,2,0
동작구,신대방동,2024,3,월세,연립다세대,20,8950.0,8710.0,6893.8,1750.0,14775.0,37.5,39.45,26.71,18,0
동작구,신대방동,2024,3,월세,오피스텔,11,1000.0,2500.0,3074.1,1000.0,2000.0,75.0,88.45,39.37,10,0
동작구,신대방동,2024,3,전세,연립다세대,25,20000.0,21598.0,17740.8,13500.0,23000.0,,,,19,0
동작구,신대방동,2024,3,전세,오피스텔,4,27750.0,29875.0,16779.8,19625.0,38000.0,,,,3,0
동작구,신대방동,2024,4,월세,연립다세대,17,12000.0,11135.3,9631.8,2000.0,20000.0,42.0,42.24,30.25,13,0
동작구,신대방동,2024,4,월세,오피스텔,10,1000.0,1700.0,1567.0,1000.0,1750.0,82.5,89.8,35.6,10,0
동작구,신대방동,2024,4,전세,연립다세대,23,20000.0,20805.0,8424.3,14000.0,27025.0,,,,20,0
동작구,신대방동,2024,4,전세,오피스텔,6,39250.0,33016.7,13552.2,22450.0,42250.0,,,,4,0
동작구,신대방동,2024,5,월세,연립다세대,19,5000.0,7936.8,7400.7,1900.0,13000.0,48.0,43.74,24.33,15,0
동작구,신대방동,2024,5,월세,오피스텔,10,2000.0,2750.0,3310.3,1125.0,2000.0,96.5,92.4,41.66,8,0
동작구,신대방동,2024,5,전세,연립다세대,18,23400.0,24086.1,6848.1,19900.0,29750.0,,,,8,0
동작구,신대방동,2024,5,전세,오피스텔,13,28500.0,30292.3,11121.8,22500.0,40000.0,,,,11,0
동작구,신대방동,2024,6,월세,연립다세대,21,3500.0,6176.0,6783.4,1000.0,8251.0,51.0,54.81,17.24,17,0
동작구,신대방동,2024,6,월세,오피스텔,13,1000.0,5846.2,8761.6,1000.0,12000.0,65.0,59.0,36.52,11,0
동작구,신대방동,2024,6,전세,연립다세대,14,24900.0,24071.4,6173.7,19250.0,29350.0,,,,10,0
동작구,신대방동,2024,6,전세,오피스텔,9,16000.0,19064.4,7564.6,13800.0,23000.0,,,,8,0
동작구,신대방동,2024,7,월세,연립다세대,23,4000.0,7981.4,8308.4,1000.0,12000.0,50.0,44.13,25.3,21,0
동작구,신대방동,2024,7,월세,오피스텔,9,1000.0,1444.4,726.5,1000.0,2000.0,90.0,94.0,33.3,7,0
동작구,신대방동,2024,7,전세,연립다세대,30,27700.0,25839.2,9517.2,18031.25,33862.5,,,,21,0
동작구,신대방동,2024,7,전세,오피스텔,7,28000.0,27397.1,12680.1,16500.0,36140.0,,,,6,0
동작구,신대방동,2024,8,월세,연립다세대,13,5000.0,7715.4,7685.7,3000.0,10000.0,45.0,46.31,25.23,11,0
동작구,신대방동,2024,8,월세,오피스텔,10,1500.0,3200.0,4341.0,1000.0,2750.0,90.0,105.0,35.12,9,0
동작구,신대방동,2024,8,전세,연립다세대,27,23000.0,22429.1,8555.4,16015.0,26675.0,,,,16,0
동작구,신대방동,2024,8,전세,오피스텔,5,23000.0,26708.0,13534.4,17000.0,37000.0,,,,5,0
동작구,신대방동,2024,9,월세,연립다세대,19,10000.0,10924.5,10329.0,1908.0,15000.0,23.0,27.47,18.24,14,0
동작구,신대방동,2024,9,월세,오피스텔,8,1000.0,2937.5,4313.1,1000.0,2000.0,65.0,66.38,34.57,8,0
동작구,신대방동,2024,9,전세,연립다세대,18,17750.0,20652.8,11354.9,12000.0,26125.0,,,,13,0
동작구,신대방동,2024,9,전세,오피스텔,5,23500.0,28460.0,11648.3,23500.0,37800.0,,,,2,0
동작구,신대방동,2024,10,월세,연립다세대,20,8000.0,9575.0,7212.2,3575.0,15650.0,32.5,36.7,20.01,15,0
동작구,신대방동,2024,10,월세,오피스텔,13,1000.0,4700.0,7073.1,1000.0,3000.0,90.0,78.62,46.61,10,0
동작구,신대방동,2024,10,전세,연립다세대,23,23000.0,23810.4,10220.3,16250.0,32225.0,,,,16,0
동작구,신대방동,2024,10,전세,오피스텔,8,30505.0,30501.2,9956.5,26500.0,36750.0,,,,4,0
동작구,신대방동,2024,11,월세,연립다세대,28,9000.0,9453.6,8272.4,2000.0,12225.0,48.0,47.64,27.37,22,0
동작구,신대방동,2024,11,월세,오피스텔,6,1000.0,5166.7,6524.3,1000.0,9250.0,65.0,72.83,42.59,5,0
동작구,신대방동,2024,11,전세,연립다세대,12,15000.0,17345.0,10432.8,10675.0,26250.0,,,,8,0
동작구,신대방동,2024,11,전세,오피스텔,3,28000.0,24666.7,8976.8,21250.0,29750.0,,,,2,0
동작구,신대방동,2024,12,월세,연립다세대,19,8000.0,10467.0,9245.5,2500.0,16250.0,40.0,37.95,24.47,16,0
동작구,신대방동,2024,12,월세,오피스텔,12,1000.0,5608.3,9454.9,1000.0,3500.0,69.0,77.83,43.52,9,0
동작구,신대방동,2024,12,전세,연립다세대,24,20850.0,20418.8,8494.8,17375.0,23125.0,,,,19,0
동작구,신대방동,2024,12,전세,오피스텔,7,29000.0,29007.1,13631.5,18725.0,39800.0,,,,7,0
동작구,신대방동,2025,1,월세,연립다세대,25,5000.0,8923.6,9332.0,2000.0,12000.0,38.0,40.16,26.14,19,0
동작구,신대방동,2025,1,월세,오피스텔,5,24150.0,15270.0,13037.2,1000.0,24600.0,7.0,33.0,38.37,2,0
동작구,신대방동,2025,1,전세,연립다세대,18,19400.0,19959.4,8935.6,14627.5,28800.0,,,,12,0
동작구,신대방동,2025,1,전세,오피스텔,9,25400.0,29944.4,8526.7,24000.0,38000.0,,,,5,0
동작구,신대방동,2025,2,월세,연립다세대,22,6950.0,9526.8,9478.6,1000.0,16500.0,37.5,41.36,36.3,17,0
동작구,신대방동,2025,2,월세,오피스텔,11,1000.0,1245.5,665.4,1000.0,1000.0,90.0,97.73,30.53,9,0
동작구,신대방동,2025,2,전세,연립다세대,15,22000.0,23695.5,11895.0,15666.5,30000.0,,,,9,0
동작구,신대방동,2025,2,전세,오피스텔,4,33375.0,31450.0,7055.8,28012.5,36812.5,,,,2,0
동작구,신대방동,2025,3,월세,연립다세대,23,6000.0,8479.1,8394.2,1025.0,10995.0,42.0,40.3,28.07,20,0
동작구,신대방동,2025,3,월세,오피스텔,13,1000.0,6576.9,10347.8,1000.0,2000.0,75.0,74.46,37.68,11,0
동작구,신대방동,2025,3,전세,연립다세대,12,21000.0,23140.8,6636.6,20000.0,27000.0,,,,9,0
동작구,신대방동,2025,3,전세,오피스텔,5,24000.0,23200.0,11099.5,14000.0,34000.0,,,,3,0
동작구,신대방동,2025,4,월세,연립다세대,28,4600.0,8616.9,8568.0,2000.0,15925.0,50.0,47.61,25.12,21,0
동작구,신대방동,2025,4,월세,오피스텔,5,1000.0,7000.0,12864.7,1000.0,2000.0,75.0,73.0,39.47,4,0
동작구,신대방동,2025,4,전세,연립다세대,8,20750.0,19200.0,7818.8,16500.0,22450.0,,,,6,0
동작구,신대방동,2025,4,전세,오피스텔,10,30770.0,29374.0,8865.9,24000.0,35170.0,,,,5,0
동작구,신대방동,2025,5,월세,연립다세대,22,3500.0,8259.1,8335.4,1625.0,14500.0,47.5,40.73,24.92,14,0
동작구,신대방동,2025,5,월세,오피스텔,10,1500.0,1600.0,699.2,1000.0,2000.0,94.5,103.0,31.92,8,0
동작구,신대방동,2025,5,전세,연립다세대,17,21500.0,23191.2,7092.1,18900.0,23600.0,,,,10,0
동작구,신대방동,2025,5,전세,오피스텔,3,37000.0,35956.7,4653.6,33935.0,38500.0,,,,3,0
동작구,신대방동,2025,6,월세,연립다세대,21,2000.0,5473.8,6826.4,1000.0,10000.0,46.0,57.81,43.07,13,0
동작구,신대방동,2025,6,월세,오피스텔,9,1000.0,2000.0,2345.2,1000.0,1000.0,65.0,62.33,19.01,5,0
동작구,신대방동,2025,6,전세,연립다세대,12,17000.0,19583.3,7424.9,16500.0,20375.0,,,,11,0
동작구,신대방동,2025,6,전세,오피스텔,2,29000.0,29000.0,15556.3,23500.0,34500.0,,,,2,0
동작구,신대방동,2025,7,월세,연립다세대,20,4000.0,5095.0,5336.2,1000.0,5500.0,55.0,52.95,21.49,15,0
동작구,신대방동,2025,7,월세,오피스텔,15,1000.0,2600.0,3576.7,1000.0,2000.0,90.0,87.93,38.99,13,0
동작구,신대방동,2025,7,전세,연립다세대,17,25000.0,25547.4,6710.5,18900.0,31500.0,,,,9,0
동작구,신대방동,2025,7,전세,오피스텔,2,34500.0,34500.0,7778.2,31750.0,37250.0,,,,1,0
동작구,신대방동,2025,8,월세,연립다세대,29,5000.0,10465.5,9615.4,2000.0,18000.0,31.0,39.38,26.16,21,0
동작구,신대방동,2025,8,월세,오피스텔,17,2000.0,3758.8,5184.2,1000.0,3000.0,75.0,92.0,47.7,15,0
동작구,신대방동,2025,8,전세,연립다세대,13,25000.0,23988.5,6064.0,22000.0,27500.0,,,,8,0
동작구,신대방동,2025,8,전세,오피스텔,5,30900.0,30780.0,7701.1,23800.0,34600.0,,,,1,0
동작구,신대방동,2025,9,월세,연립다세대,17,9900.0,11394.1,9231.4,8000.0,13000.0,21.0,35.88,31.61,12,0
동작구,신대방동,2025,9,월세,오피스텔,7,17100.0,14014.3,9421.7,6500.0,21500.0,65.0,58.0,49.9,6,0
동작구,신대방동,2025,9,전세,연립다세대,10,18700.0,19790.0,9406.6,11625.0,28025.0,,,,7,0
동작구,신대방동,2025,9,전세,오피스텔,6,36500.0,32850.0,8108.9,26287.5,38500.0,,,,4,0
동작구,신대방동,2025,10,월세,연립다세대,21,15000.0,14285.5,10593.1,3000.0,23400.0,29.0,39.67,28.73,14,0
동작구,신대방동,2025,10,월세,오피스텔,2,18000.0,18000.0,24041.6,9500.0,26500.0,40.5,40.5,38.89,2,0
동작구,신대방동,2025,10,전세,연립다세대,8,19500.0,18443.8,4903.7,15000.0,21000.0,,,,5,0
동작구,신대방동,2025,10,전세,오피스텔,2,35500.0,35500.0,2121.3,34750.0,36250.0,,,,2,0
동작구,신대방동,2025,11,월세,연립다세대,21,9400.0,12278.6,10095.8,2000.0,21400.0,50.0,48.24,27.69,13,0
동작구,신대방동,2025,11,월세,오피스텔,14,1250.0,2321.4,3135.4,1000.0,2000.0,95.0,92.71,40.97,10,0
동작구,신대방동,2025,11,전세,연립다세대,12,18500.0,18457.5,6209.7,14625.0,21995.0,,,,7,0
동작구,신대방동,2025,11,전세,오피스텔,2,39000.0,39000.0,0.0,39000.0,39000.0,,,,2,0
동작구,신대방동,2025,12,월세,연립다세대,41,12000.0,11980.2,10380.9,2000.0,19000.0,32.0,32.39,20.33,34,0
동작구,신대방동,2025,12,월세,오피스텔,10,1250.0,4750.0,7707.3,1000.0,2000.0,75.0,80.2,44.08,8,0
동작구,신대방동,2025,12,전세,연립다세대,11,21000.0,18208.6,7011.8,12400.0,24500.0,,,,7,0
동작구,신대방동,2025,12,전세,오피스텔,4,23000.0,24625.0,10609.5,19875.0,27750.0,,,,3,0
동작구,신대방동,2026,1,월세,연립다세대,29,9000.0,11396.6,10894.9,2000.0,16000.0,50.0,50.03,30.32,26,1
동작구,신대방동,2026,1,월세,오피스텔,9,1000.0,6555.6,12672.4,1000.0,1000.0,65.0,56.67,27.01,8,1
동작구,신대방동,2026,1,전세,연립다세대,9,16000.0,16917.8,5983.3,10330.0,23000.0,,,,6,1
동작구,신대방동,2026,1,전세,오피스텔,4,24050.0,27275.0,7172.8,23525.0,27800.0,,,,4,1
동작구,신대방동,2026,2,월세,연립다세대,24,10250.0,10810.4,7991.3,3750.0,18500.0,50.0,51.92,42.08,19,1
동작구,신대방동,2026,2,월세,오피스텔,15,1000.0,4800.0,8001.8,1000.0,2500.0,75.0,75.27,42.24,12,1
동작구,신대방동,2026,2,전세,연립다세대,17,17000.0,17002.9,8079.9,12000.0,23000.0,,,,12,1
동작구,신대방동,2026,2,전세,오피스텔,2,24000.0,24000.0,707.1,23750.0,24250.0,,,,1,1
동작구,신대방동,2026,3,월세,연립다세대,33,5000.0,7297.0,8195.7,1000.0,10000.0,50.0,53.09,37.57,27,1
동작구,신대방동,2026,3,월세,오피스텔,10,1000.0,1250.5,980.5,1000.0,1000.0,66.0,70.6,26.74,4,1
동작구,신대방동,2026,3,전세,연립다세대,14,19000.0,19965.0,8105.9,14500.0,28375.0,,,,10,1
동작구,신대방동,2026,3,전세,오피스텔,4,37750.0,34600.0,8532.7,33625.0,38725.0,,,,2,1
동작구,신대방동,2026,4,월세,연립다세대,22,1500.0,9413.7,11957.3,614.5,20000.0,56.5,52.77,27.18,18,1
동작구,신대방동,2026,4,월세,오피스텔,1,1000.0,1000.0,,1000.0,1000.0,130.0,130.0,,1,1
동작구,신대방동,2026,4,전세,연립다세대,13,28000.0,26996.2,9712.1,21900.0,31100.0,,,,7,1
동작구,신대방동,2026,4,전세,오피스텔,7,37000.0,37900.0,7218.0,36900.0,43000.0,,,,4,1
동작구,신대방동,2026,5,월세,연립다세대,21,3000.0,7559.5,8395.9,2000.0,10000.0,50.0,48.43,24.72,14,1
동작구,신대방동,2026,5,월세,오피스텔,6,3750.0,6166.7,5715.5,2000.0,10750.0,80.0,80.0,44.27,5,1
동작구,신대방동,2026,5,전세,연립다세대,24,21000.0,20602.9,9442.7,12750.0,27000.0,,,,16,1
동작구,신대방동,2026,5,전세,오피스텔,3,36000.0,33666.7,8736.9,30000.0,38500.0,,,,1,1
동작구,신대방동,2026,6,월세,연립다세대,27,5000.0,12754.4,13036.4,2000.0,21360.0,44.0,43.41,28.85,15,1
동작구,신대방동,2026,6,월세,오피스텔,16,2500.0,7937.5,9339.7,1000.0,13250.0,67.0,71.38,50.95,11,1
동작구,신대방동,2026,6,전세,연립다세대,8,23000.0,24268.8,4678.9,21050.0,27187.5,,,,8,1
동작구,신대방동,2026,6,전세,오피스텔,8,24000.0,25842.5,12696.4,13375.0,37750.0,,,,6,1
동작구,신대방동,2026,7,월세,연립다세대,37,19000.0,15873.8,13851.8,1000.0,24000.0,35.0,36.41,28.33,27,1
동작구,신대방동,2026,7,월세,오피스텔,10,1000.0,4600.0,5830.0,1000.0,9250.0,70.0,64.0,43.07,7,1
동작구,신대방동,2026,7,전세,연립다세대,15,20000.0,22174.7,7965.7,16275.0,30000.0,,,,8,1
동작구,신대방동,2026,7,전세,오피스텔,6,23500.0,25166.7,12081.7,16625.0,28125.0,,,,3,1
동작구,신대방동,2026,8,월세,연립다세대,22,18000.0,16625.0,11542.3,6250.0,22600.0,20.5,28.05,22.5,15,1
동작구,신대방동,2026,8,월세,오피스텔,8,1000.0,5437.5,8165.4,1000.0,5125.0,115.0,98.12,59.46,8,1
동작구,신대방동,2026,8,전세,연립다세대,13,24600.0,23392.3,7784.0,23000.0,26200.0,,,,11,1
동작구,신대방동,2026,8,전세,오피스텔,5,17000.0,23400.0,11839.6,15000.0,36000.0,,,,3,1
동작구,신대방동,2026,9,월세,연립다세대,12,3000.0,6441.7,7989.5,1000.0,7750.0,50.0,46.92,23.09,9,1
동작구,신대방동,2026,9,월세,오피스텔,5,3000.0,4800.0,5403.7,1000.0,5000.0,75.0,72.6,51.83,4,1
동작구,신대방동,2026,9,전세,연립다세대,7,26250.0,26557.1,7817.6,22500.0,29825.0,,,,4,1
동작구,흑석동,2021,1,월세,연립다세대,5,3000.0,3040.0,2051.3,2000.0,5000.0,50.0,50.6,14.55,0,0
동작구,흑석동,2021,1,전세,연립다세대,5,18000.0,29200.0,26715.2,13000.0,30000.0,,,,0,0
동작구,흑석동,2021,2,월세,연립다세대,1,3000.0,3000.0,,3000.0,3000.0,64.0,64.0,,0,0
동작구,흑석동,2021,2,전세,연립다세대,6,32325.0,38941.7,21498.4,28500.0,47662.5,,,,0,0
동작구,흑석동,2021,3,월세,연립다세대,5,5000.0,27000.0,45535.7,4000.0,15000.0,40.0,46.8,14.18,0,0
동작구,흑석동,2021,3,전세,연립다세대,3,25000.0,21666.7,5773.5,20000.0,25000.0,,,,0,0
동작구,흑석동,2021,4,월세,연립다세대,1,2000.0,2000.0,,2000.0,2000.0,40.0,40.0,,0,0
동작구,흑석동,2021,4,전세,연립다세대,5,14000.0,15800.0,10256.7,13000.0,20000.0,,,,0,0
동작구,흑석동,2021,5,월세,연립다세대,1,1000.0,1000.0,,1000.0,1000.0,120.0,120.0,,0,0
동작구,흑석동,2021,5,전세,연립다세대,5,45000.0,37900.0,15844.6,31500.0,50000.0,,,,0,0
동작구,흑석동,2021,6,월세,연립다세대,3,8000.0,7833.3,7251.4,4250.0,11500.0,45.0,36.0,18.25,3,0
동작구,흑석동,2021,6,전세,연립다세대,6,16800.0,17683.3,9476.4,10900.0,20375.0,,,,4,0
동작구,흑석동,2021,7,월세,연립다세대,2,500.0,500.0,707.1,250.0,750.0,90.0,90.0,98.99,1,0
동작구,흑석동,2021,7,전세,연립다세대,6,15750.0,17233.3,6571.7,13500.0,18000.0,,,,2,0
동작구,흑석동,2021,8,월세,연립다세대,4,1250.0,9750.0,17504.8,875.0,10125.0,24.0,43.0,52.29,1,0
동작구,흑석동,2021,8,전세,연립다세대,12,30150.0,33841.7,16900.7,25200.0,34700.0,,,,3,0
동작구,흑석동,2021,9,월세,연립다세대,4,1000.0,1000.0,0.0,1000.0,1000.0,105.0,93.75,50.23,1,0
동작구,흑석동,2021,9,전세,연립다세대,1,23000.0,23000.0,,23000.0,23000.0,,,,1,0
동작구,흑석동,2021,10,월세,연립다세대,3,3000.0,3233.3,1365.0,2500.0,3850.0,90.0,83.33,20.82,2,0
동작구,흑석동,2021,10,전세,연립다세대,10,27000.0,31732.5,14915.7,23000.0,36493.75,,,,6,0
동작구,흑석동,2021,11,월세,연립다세대,2,1600.0,1600.0,1979.9,900.0,2300.0,58.5,58.5,2.12,2,0
동작구,흑석동,2021,11,전세,연립다세대,15,20000.0,27720.0,14882.5,17000.0,36400.0,,,,12,0
동작구,흑석동,2021,12,월세,연립다세대,7,2500.0,4100.0,4332.4,1500.0,5000.0,60.0,62.86,45.72,2,0
동작구,흑석동,2021,12,전세,연립다세대,4,16000.0,15750.0,1500.0,14750.0,17000.0,,,,4,0
동작구,흑석동,2022,1,월세,연립다세대,11,2000.0,2090.9,1428.6,1000.0,2500.0,80.0,81.55,33.08,10,0
동작구,흑석동,2022,1,전세,연립다세대,6,13500.0,15041.7,5684.2,13000.0,14000.0,,,,4,0
동작구,흑석동,2022,2,월세,연립다세대,14,3000.0,4442.9,5386.6,1000.0,5000.0,67.5,75.36,30.47,11,0
동작구,흑석동,2022,2,전세,연립다세대,9,28500.0,29771.1,19259.9,14700.0,34700.0,,,,6,0
동작구,흑석동,2022,3,월세,연립다세대,11,10000.0,9681.8,8497.9,2000.0,15000.0,90.0,95.0,23.13,11,0
동작구,흑석동,2022,3,전세,연립다세대,10,25000.0,20880.0,8897.5,17600.0,25750.0,,,,3,0
동작구,흑석동,2022,4,월세,연립다세대,17,5000.0,8447.1,8538.0,2000.0,12000.0,80.0,85.88,27.8,11,0
동작구,흑석동,2022,4,전세,연립다세대,5,15750.0,20400.0,8754.6,15750.0,25000.0,,,,1,0
동작구,흑석동,2022,5,월세,연립다세대,7,10000.0,12428.6,11487.1,4000.0,18500.0,70.0,85.71,55.11,3,0
동작구,흑석동,2022,5,전세,연립다세대,11,25000.0,25881.8,10277.8,19000.0,28000.0,,,,7,0
동작구,흑석동,2022,6,월세,연립다세대,8,5000.0,9000.0,8451.5,4250.0,13000.0,97.5,96.0,36.36,5,0
동작구,흑석동,2022,6,전세,연립다세대,3,33600.0,29066.7,7852.0,26800.0,33600.0,,,,1,0
동작구,흑석동,2022,7,월세,연립다세대,11,1000.0,5227.3,9288.1,1000.0,1500.0,120.0,98.91,33.27,8,0
동작구,흑석동,2022,7,전세,연립다세대,7,27000.0,23142.9,9685.5,17000.0,30000.0,,,,4,0
동작구,흑석동,2022,8,월세,연립다세대,9,2000.0,12055.6,14431.8,1000.0,20000.0,100.0,93.89,36.47,7,0
동작구,흑석동,2022,8,전세,연립다세대,5,33000.0,37600.0,15372.1,30000.0,45000.0,,,,5,0
동작구,흑석동,2022,9,월세,연립다세대,3,12000.0,11333.3,1154.7,11000.0,12000.0,60.0,45.0,25.98,1,0
동작구,흑석동,2022,9,전세,연립다세대,1,25000.0,25000.0,,25000.0,25000.0,,,,1,0
동작구,흑석동,2022,10,월세,연립다세대,4,2500.0,6750.0,8845.9,2000.0,7250.0,71.0,64.25,19.97,2,0
동작구,흑석동,2022,11,월세,연립다세대,3,3000.0,11666.7,15885.0,2500.0,16500.0,55.0,51.67,20.21,2,0
동작구,흑석동,2022,11,전세,연립다세대,6,30000.0,30166.7,2562.6,28500.0,30000.0,,,,5,0
동작구,흑석동,2022,12,월세,연립다세대,9,5000.0,5611.1,3756.5,3000.0,8000.0,83.0,85.67,52.33,7,0
동작구,흑석동,2022,12,전세,연립다세대,4,18700.0,19100.0,5969.9,14800.0,23000.0,,,,3,0
동작구,흑석동,2023,1,월세,연립다세대,7,1000.0,2142.9,1842.0,750.0,3500.0,73.0,88.71,36.04,2,0
동작구,흑석동,2023,1,전세,연립다세대,7,30000.0,28142.9,7712.1,26500.0,33000.0,,,,6,0
동작구,흑석동,2023,2,월세,연립다세대,9,3000.0,14344.4,32420.6,2000.0,3000.0,70.0,73.67,26.36,5,0
동작구,흑석동,2023,2,전세,연립다세대,3,27000.0,23333.3,6350.9,21500.0,27000.0,,,,2,0
동작구,흑석동,2023,3,월세,연립다세대,4,1500.0,3875.0,5452.4,875.0,4500.0,97.5,103.75,41.51,3,0
동작구,흑석동,2023,3,전세,연립다세대,1,30000.0,30000.0,,30000.0,30000.0,,,,1,0
동작구,흑석동,2023,4,월세,연립다세대,1,2000.0,2000.0,,2000.0,2000.0,125.0,125.0,,0,0
동작구,흑석동,2023,4,전세,연립다세대,2,23000.0,23000.0,4242.6,21500.0,24500.0,,,,2,0
동작구,흑석동,2023,5,월세,연립다세대,5,1000.0,10600.0,13145.3,1000.0,25000.0,55.0,76.2,48.01,2,0
동작구,흑석동,2023,5,전세,연립다세대,3,26000.0,26333.3,3511.9,24500.0,28000.0,,,,2,0
동작구,흑석동,2023,6,월세,연립다세대,3,5000.0,3833.3,2466.4,3000.0,5250.0,72.0,80.67,45.62,3,0
동작구,흑석동,2023,6,전세,연립다세대,6,30000.0,27333.3,9770.7,30000.0,30000.0,,,,4,0
동작구,흑석동,2023,7,월세,연립다세대,3,1000.0,2166.7,2466.4,750.0,3000.0,75.0,79.33,28.75,2,0
동작구,흑석동,2023,7,전세,연립다세대,2,25000.0,25000.0,2828.4,24000.0,26000.0,,,,1,0
동작구,흑석동,2023,8,월세,연립다세대,4,15000.0,18750.0,16997.5,8250.0,25500.0,32.5,53.75,44.23,3,0
동작구,흑석동,2023,8,전세,연립다세대,2,47050.0,47050.0,32456.2,35575.0,58525.0,,,,2,0
동작구,흑석동,2023,9,월세,연립다세대,3,500.0,5566.7,9036.8,350.0,8250.0,60.0,50.0,26.46,2,0
동작구,흑석동,2023,9,전세,연립다세대,1,26400.0,26400.0,,26400.0,26400.0,,,,0,0
동작구,흑석동,2023,10,월세,연립다세대,3,1000.0,2033.3,2608.3,550.0,3000.0,50.0,60.0,26.46,2,0
동작구,흑석동,2023,10,전세,연립다세대,4,35050.0,35075.0,665.2,34500.0,35625.0,,,,0,0
동작구,흑석동,2023,11,월세,연립다세대,5,4000.0,3600.0,1673.3,3000.0,5000.0,66.0,66.0,3.94,3,0
동작구,흑석동,2023,11,전세,연립다세대,7,13000.0,20428.6,11998.0,12500.0,26000.0,,,,6,0
동작구,흑석동,2023,12,월세,연립다세대,16,3000.0,3343.8,2481.4,2000.0,3250.0,81.0,83.5,30.5,14,0
동작구,흑석동,2023,12,전세,연립다세대,8,31175.0,27818.8,8839.7,24412.5,34000.0,,,,3,0
동작구,흑석동,2024,1,월세,연립다세대,5,3000.0,3000.0,1414.2,3000.0,3000.0,50.0,53.0,4.47,5,0
동작구,흑석동,2024,1,전세,연립다세대,5,27300.0,25320.0,7444.3,20000.0,28300.0,,,,2,0
동작구,흑석동,2024,2,월세,연립다세대,6,3000.0,6000.0,7848.6,3000.0,3000.0,75.0,95.0,45.93,4,0
동작구,흑석동,2024,2,전세,연립다세대,4,20000.0,21500.0,11090.5,13250.0,28250.0,,,,4,0
동작구,흑석동,2024,3,월세,연립다세대,5,1000.0,7200.0,8976.4,500.0,16000.0,83.0,84.2,15.45,4,0
동작구,흑석동,2024,3,전세,연립다세대,5,28500.0,27100.0,4159.3,27000.0,30000.0,,,,2,0
동작구,흑석동,2024,4,월세,연립다세대,3,10000.0,7333.3,4618.8,6000.0,10000.0,110.0,106.67,5.77,3,0
동작구,흑석동,2024,4,전세,연립다세대,1,20000.0,20000.0,,20000.0,20000.0,,,,1,0
동작구,흑석동,2024,5,월세,연립다세대,6,6500.0,5750.0,4730.2,1500.0,10000.0,110.0,110.0,48.99,6,0
동작구,흑석동,2024,5,전세,연립다세대,7,27000.0,25285.7,8826.4,17500.0,32000.0,,,,2,0
동작구,흑석동,2024,6,월세,연립다세대,2,7000.0,7000.0,7071.1,4500.0,9500.0,112.5,112.5,17.68,2,0
동작구,흑석동,2024,6,전세,연립다세대,2,23000.0,23000.0,4242.6,21500.0,24500.0,,,,2,0
동작구,흑석동,2024,7,월세,연립다세대,2,1750.0,1750.0,1767.8,1125.0,2375.0,61.5,61.5,2.12,2,0
동작구,흑석동,2024,7,전세,연립다세대,4,32750.0,31750.0,4627.8,29000.0,35500.0,,,,1,0
동작구,흑석동,2024,8,월세,연립다세대,7,5000.0,9171.4,8477.8,3000.0,16500.0,60.0,79.29,35.17,7,0
동작구,흑석동,2024,8,전세,연립다세대,6,29212.5,27570.8,8195.7,22125.0,29981.25,,,,4,0
동작구,흑석동,2024,9,월세,연립다세대,2,1250.0,1250.0,1060.7,875.0,1625.0,55.0,55.0,7.07,2,0
동작구,흑석동,2024,9,전세,연립다세대,4,32500.0,32625.0,3038.0,30000.0,35125.0,,,,4,0
동작구,흑석동,2024,10,월세,연립다세대,2,12500.0,12500.0,7778.2,9750.0,15250.0,81.5,81.5,33.23,2,0
동작구,흑석동,2024,10,전세,연립다세대,1,24000.0,24000.0,,24000.0,24000.0,,,,1,0
동작구,흑석동,2024,11,월세,연립다세대,8,2000.0,5537.5,8287.5,1000.0,5750.0,62.0,53.0,22.81,5,0
동작구,흑석동,2024,11,전세,연립다세대,5,28500.0,24720.0,8199.2,16000.0,29400.0,,,,4,0
동작구,흑석동,2024,12,월세,연립다세대,6,3000.0,8883.3,11123.0,2625.0,10350.0,62.5,59.67,36.09,4,0
동작구,흑석동,2024,12,전세,연립다세대,2,28000.0,28000.0,0.0,28000.0,28000.0,,,,2,0
동작구,흑석동,2025,1,월세,연립다세대,12,3000.0,3958.3,3732.3,2750.0,4250.0,52.5,67.5,41.42,12,0
동작구,흑석동,2025,1,전세,연립다세대,4,25500.0,24625.0,8844.7,22000.0,28125.0,,,,4,0
동작구,흑석동,2025,2,월세,연립다세대,14,4750.0,5785.7,7399.9,2250.0,5000.0,70.0,72.29,35.46,14,0
동작구,흑석동,2025,2,전세,연립다세대,7,25000.0,22857.1,5900.0,20500.0,27000.0,,,,7,0
동작구,흑석동,2025,3,월세,연립다세대,1,3000.0,3000.0,,3000.0,3000.0,100.0,100.0,,1,0
동작구,흑석동,2025,3,전세,연립다세대,8,26200.0,26050.0,4889.3,22750.0,27250.0,,,,6,0
동작구,흑석동,2025,4,월세,연립다세대,5,2000.0,6400.0,7797.4,2000.0,6000.0,100.0,107.0,40.87,5,0
동작구,흑석동,2025,4,전세,연립다세대,1,24000.0,24000.0,,24000.0,24000.0,,,,0,0
동작구,흑석동,2025,5,전세,연립다세대,6,29000.0,29500.0,3563.7,27250.0,30000.0,,,,4,0
동작구,흑석동,2025,6,월세,연립다세대,5,1000.0,2900.0,4006.2,1000.0,2000.0,135.0,115.6,36.39,5,0
동작구,흑석동,2025,6,전세,연립다세대,3,31500.0,30000.0,2598.1,29250.0,31500.0,,,,1,0
동작구,흑석동,2025,7,월세,연립다세대,6,5000.0,4434.2,3957.0,875.0,8000.0,62.0,72.17,38.15,6,0
동작구,흑석동,2025,7,전세,연립다세대,2,20500.0,20500.0,6364.0,18250.0,22750.0,,,,2,0
동작구,흑석동,2025,8,월세,연립다세대,5,1000.0,2340.0,2214.3,700.0,4500.0,70.0,93.6,48.32,5,0
동작구,흑석동,2025,8,전세,연립다세대,7,25000.0,24171.4,4311.1,21650.0,27700.0,,,,6,0
동작구,흑석동,2025,9,월세,연립다세대,5,25000.0,24800.0,7596.1,20000.0,30000.0,27.0,40.4,38.55,5,0
동작구,흑석동,2025,9,전세,연립다세대,1,36000.0,36000.0,,36000.0,36000.0,,,,0,0
동작구,흑석동,2025,10,월세,연립다세대,1,5000.0,5000.0,,5000.0,5000.0,120.0,120.0,,1,0
동작구,흑석동,2025,10,전세,연립다세대,5,26000.0,25960.0,1016.4,26000.0,26500.0,,,,4,0
동작구,흑석동,2025,11,월세,연립다세대,9,10000.0,11866.7,9679.7,3000.0,21300.0,90.0,73.11,47.87,6,0
동작구,흑석동,2025,11,전세,연립다세대,11,26000.0,25950.0,4633.3,25500.0,26500.0,,,,8,0
동작구,흑석동,2025,12,월세,연립다세대,14,950.0,6121.4,12286.8,500.0,3000.0,70.0,77.43,39.16,13,0
동작구,흑석동,2025,12,전세,연립다세대,6,31200.0,29466.7,8102.0,26400.0,36000.0,,,,5,0
동작구,흑석동,2026,1,월세,연립다세대,10,5250.0,10750.0,11451.0,5000.0,9000.0,45.0,61.2,52.27,9,1
동작구,흑석동,2026,1,전세,연립다세대,15,29000.0,28173.3,7300.1,25200.0,33000.0,,,,14,1
동작구,흑석동,2026,2,월세,연립다세대,9,3000.0,4055.6,3609.4,2000.0,5000.0,60.0,82.33,41.33,8,1
동작구,흑석동,2026,2,전세,연립다세대,4,25700.0,34125.0,18632.5,24525.0,35300.0,,,,3,1
동작구,흑석동,2026,3,월세,연립다세대,5,3000.0,4700.0,4086.6,2000.0,8000.0,82.0,87.0,37.64,4,1
동작구,흑석동,2026,3,전세,연립다세대,4,33250.0,32875.0,10554.4,27500.0,38625.0,,,,3,1
동작구,흑석동,2026,4,월세,연립다세대,7,25000.0,17085.7,12666.7,4750.0,25700.0,15.0,29.14,21.32,6,1
동작구,흑석동,2026,4,전세,연립다세대,4,25000.0,23200.0,14152.5,16250.0,31950.0,,,,3,1
동작구,흑석동,2026,5,월세,연립다세대,1,300.0,300.0,,300.0,300.0,30.0,30.0,,1,1
동작구,흑석동,2026,5,전세,연립다세대,6,32000.0,28833.3,11973.6,23500.0,33000.0,,,,5,1
동작구,흑석동,2026,6,월세,연립다세대,4,2000.0,5625.0,8320.4,875.0,6750.0,107.5,102.0,20.31,4,1
동작구,흑석동,2026,6,전세,연립다세대,2,37000.0,37000.0,707.1,36750.0,37250.0,,,,0,1
동작구,흑석동,2026,7,월세,연립다세대,4,2250.0,7500.0,11697.6,1625.0,8125.0,77.5,73.75,41.51,3,1
동작구,흑석동,2026,7,전세,연립다세대,6,27700.0,28893.3,3185.0,27325.0,28000.0,,,,5,1
동작구,흑석동,2026,8,월세,연립다세대,7,3000.0,5900.0,5345.1,2000.0,10000.0,97.0,90.57,35.86,7,1
동작구,흑석동,2026,8,전세,연립다세대,1,120000.0,120000.0,,120000.0,120000.0,,,,1,1
동작구,흑석동,2026,9,월세,연립다세대,1,18000.0,18000.0,,18000.0,18000.0,25.0,25.0,,1,1
서대문구,남가좌동,2021,1,월세,연립다세대,8,1000.0,2037.5,2936.9,500.0,1500.0,40.0,41.88,13.86,0,0
서대문구,남가좌동,2021,1,전세,연립다세대,9,11500.0,13116.7,7776.0,10000.0,12000.0,,,,0,0
서대문구,남가좌동,2021,1,전세,오피스텔,1,27000.0,27000.0,,27000.0,27000.0,,,,0,0
서대문구,남가좌동,2021,2,월세,연립다세대,7,500.0,700.0,635.1,400.0,750.0,50.0,47.14,9.14,2,0
서대문구,남가좌동,2021,2,전세,연립다세대,8,10500.0,12167.5,5170.6,9500.0,16405.0,,,,1,0
서대문구,남가좌동,2021,3,월세,연립다세대,3,500.0,600.0,360.6,400.0,750.0,45.0,46.0,13.53,0,0
서대문구,남가좌동,2021,3,월세,오피스텔,1,500.0,500.0,,500.0,500.0,45.0,45.0,,0,0
서대문구,남가좌동,2021,3,전세,연립다세대,9,19000.0,20322.2,8575.2,16000.0,22000.0,,,,0,0
서대문구,남가좌동,2021,4,월세,연립다세대,6,750.0,1075.3,810.3,500.0,1750.0,40.0,41.83,22.37,0,0
서대문구,남가좌동,2021,4,전세,연립다세대,13,10000.0,12500.0,7941.8,7500.0,15750.0,,,,1,0
서대문구,남가좌동,2021,4,전세,오피스텔,1,26250.0,26250.0,,26250.0,26250.0,,,,0,0
서대문구,남가좌동,2021,5,월세,연립다세대,5,1568.0,2917.2,3999.6,685.0,1833.0,15.0,22.2,15.09,0,0
서대문구,남가좌동,2021,5,전세,연립다세대,6,21500.0,20283.3,7367.6,19250.0,25250.0,,,,0,0
서대문구,남가좌동,2021,6,월세,연립다세대,11,1000.0,3409.1,3929.5,500.0,6000.0,40.0,34.64,15.2,5,0
서대문구,남가좌동,2021,6,전세,연립다세대,9,14700.0,16033.3,9426.6,6700.0,19900.0,,,,5,0
서대문구,남가좌동,2021,7,월세,연립다세대,14,500.0,1442.9,3073.4,500.0,875.0,40.0,40.86,11.67,12,0
서대문구,남가좌동,2021,7,전세,연립다세대,14,19500.0,19000.0,10262.7,10387.5,25937.5,,,,8,0
서대문구,남가좌동,2021,8,월세,연립다세대,12,500.0,783.3,748.1,450.0,1000.0,41.0,44.25,8.28,12,0
서대문구,남가좌동,2021,8,전세,연립다세대,15,19000.0,16550.0,6100.1,13100.0,20000.0,,,,7,0
서대문구,남가좌동,2021,9,월세,연립다세대,10,300.0,3060.0,5778.7,0.0,1000.0,50.0,47.0,25.09,9,0
서대문구,남가좌동,2021,9,전세,연립다세대,8,13075.0,13418.8,5118.7,11000.0,15025.0,,,,4,0
서대문구,남가좌동,2021,10,월세,연립다세대,10,883.5,1067.8,814.3,352.75,1750.0,39.0,44.1,18.97,6,0
서대문구,남가좌동,2021,10,전세,연립다세대,19,19000.0,20318.4,8287.8,14175.0,24000.0,,,,7,0
서대문구,남가좌동,2021,11,월세,연립다세대,16,600.0,1256.2,2109.7,500.0,1000.0,52.5,55.62,17.13,15,0
서대문구,남가좌동,2021,11,전세,연립다세대,13,20000.0,22388.5,8225.7,17000.0,27300.0,,,,6,0
서대문구,남가좌동,2021,12,월세,연립다세대,11,1206.0,3044.6,5697.2,500.0,2500.0,34.0,26.82,18.0,7,0
서대문구,남가좌동,2021,12,전세,연립다세대,9,16800.0,15722.2,4745.5,12500.0,20000.0,,,,4,0
서대문구,남가좌동,2022,1,월세,연립다세대,18,500.0,1872.2,2977.9,500.0,1000.0,49.0,47.44,12.75,15,0
서대문구,남가좌동,2022,1,전세,연립다세대,8,16425.0,16956.2,5036.3,13625.0,18375.0,,,,2,0
서대문구,남가좌동,2022,1,전세,오피스텔,2,30450.0,30450.0,0.0,30450.0,30450.0,,,,0,0
서대문구,남가좌동,2022,2,월세,연립다세대,28,500.0,2166.5,3632.7,500.0,1125.0,45.0,46.29,16.26,22,0
서대문구,남가좌동,2022,2,월세,오피스텔,1,500.0,500.0,,500.0,500.0,45.0,45.0,,1,0
서대문구,남가좌동,2022,2,전세,연립다세대,11,17000.0,18600.0,11191.5,8750.0,27000.0,,,,7,0
서대문구,남가좌동,2022,3,월세,연립다세대,8,500.0,2737.5,4190.1,450.0,3000.0,41.5,38.75,17.16,6,0
서대문구,남가좌동,2022,3,전세,연립다세대,12,14500.0,19508.3,10994.7,11875.0,23750.0,,,,9,0
서대문구,남가좌동,2022,3,전세,오피스텔,1,26000.0,26000.0,,26000.0,26000.0,,,,0,0
서대문구,남가좌동,2022,4,월세,연립다세대,14,500.0,2042.9,3450.2,500.0,1750.0,43.5,43.0,15.16,10,0
서대문구,남가좌동,2022,4,전세,연립다세대,4,13000.0,13000.0,4899.0,11500.0,14500.0,,,,0,0
서대문구,남가좌동,2022,5,월세,연립다세대,9,500.0,4433.3,7540.6,300.0,2000.0,32.0,36.78,20.12,7,0
서대문구,남가좌동,2022,5,전세,연립다세대,9,21000.0,22107.4,5839.8,19667.0,24000.0,,,,7,0
서대문구,남가좌동,2022,6,월세,연립다세대,8,5000.0,7000.0,8102.0,1625.0,7250.0,50.0,53.75,38.06,7,0
서대문구,남가좌동,2022,6,전세,연립다세대,17,19950.0,20414.7,10270.5,13650.0,26250.0,,,,6,0
서대문구,남가좌동,2022,7,월세,연립다세대,7,1000.0,4142.9,4327.4,750.0,8000.0,45.0,50.14,29.42,6,0
서대문구,남가좌동,2022,7,전세,연립다세대,16,21000.0,20396.9,7259.8,13500.0,28000.0,,,,8,0
서대문구,남가좌동,2022,8,월세,연립다세대,12,500.0,1312.2,1406.8,500.0,2000.0,37.5,47.5,25.66,10,0
서대문구,남가좌동,2022,8,전세,연립다세대,15,15000.0,15123.3,7708.5,9500.0,21000.0,,,,7,0
서대문구,남가좌동,2022,9,월세,연립다세대,5,2583.0,5916.6,6521.9,500.0,13000.0,30.0,35.6,18.2,3,0
서대문구,남가좌동,2022,9,전세,연립다세대,6,17950.0,21866.7,8342.6,16250.0,26325.0,,,,3,0
서대문구,남가좌동,2022,10,월세,연립다세대,9,1000.0,2060.6,3085.5,500.0,2000.0,50.0,47.0,17.64,6,0
서대문구,남가좌동,2022,10,전세,연립다세대,9,16000.0,17588.9,9708.2,9900.0,18500.0,,,,5,0
서대문구,남가좌동,2022,11,월세,연립다세대,7,500.0,1526.4,1935.3,400.0,2042.5,43.0,41.86,18.27,6,0
서대문구,남가좌동,2022,11,전세,연립다세대,11,14500.0,14309.1,4862.6,11750.0,16800.0,,,,5,0
서대문구,남가좌동,2022,12,월세,연립다세대,21,1000.0,3575.1,5301.2,500.0,4930.0,43.0,42.86,24.29,15,0
서대문구,남가좌동,2022,12,월세,오피스텔,1,500.0,500.0,,500.0,500.0,45.0,45.0,,1,0
서대문구,남가좌동,2022,12,전세,연립다세대,5,16200.0,15200.0,6881.9,12600.0,16200.0,,,,2,0
서대문구,남가좌동,2023,1,월세,연립다세대,22,500.0,900.0,1069.5,500.0,875.0,45.0,43.5,14.88,17,0
서대문구,남가좌동,2023,1,전세,연립다세대,6,12500.0,15583.3,8788.7,10500.0,18625.0,,,,3,0
서대문구,남가좌동,2023,2,월세,연립다세대,22,1000.0,4095.5,6417.7,500.0,3000.0,47.5,44.18,20.77,17,0
서대문구,남가좌동,2023,2,전세,연립다세대,5,20000.0,19400.0,1949.4,18000.0,20000.0,,,,4,0
서대문구,남가좌동,2023,3,월세,연립다세대,7,2000.0,2642.9,1796.2,1500.0,4000.0,55.0,51.86,15.3,3,0
서대문구,남가좌동,2023,3,전세,연립다세대,6,18000.0,17933.3,8719.3,13200.0,24750.0,,,,4,0
서대문구,남가좌동,2023,3,전세,오피스텔,1,36000.0,36000.0,,36000.0,36000.0,,,,0,0
서대문구,남가좌동,2023,4,월세,연립다세대,4,400.0,1700.0,2874.0,225.0,1875.0,40.0,41.25,6.29,1,0
서대문구,남가좌동,2023,4,전세,연립다세대,8,16875.0,16606.2,6875.8,11950.0,18875.0,,,,6,0
서대문구,남가좌동,2023,5,월세,연립다세대,7,5000.0,5571.4,4419.9,1750.0,10000.0,47.0,39.0,21.03,4,0
서대문구,남가좌동,2023,5,월세,오피스텔,1,1000.0,1000.0,,1000.0,1000.0,255.0,255.0,,1,0
서대문구,남가좌동,2023,5,전세,연립다세대,6,15500.0,16750.0,7264.6,10500.0,22750.0,,,,4,0
서대문구,남가좌동,2023,6,월세,연립다세대,6,900.0,1266.7,1034.7,575.0,1750.0,55.0,57.5,21.1,5,0
서대문구,남가좌동,2023,6,전세,연립다세대,10,10000.0,12795.0,7193.6,9000.0,11750.0,,,,5,0
서대문구,남가좌동,2023,7,월세,연립다세대,11,500.0,1027.3,999.1,500.0,1000.0,42.0,47.91,16.23,9,0
서대문구,남가좌동,2023,7,전세,연립다세대,7,11700.0,12385.7,7349.0,8000.0,12500.0,,,,4,0
서대문구,남가좌동,2023,8,월세,연립다세대,14,750.0,1023.3,834.7,500.0,1000.0,48.5,44.64,17.7,12,0
서대문구,남가좌동,2023,8,전세,연립다세대,12,19500.0,19366.7,4928.8,15375.0,23225.0,,,,5,0
서대문구,남가좌동,2023,9,월세,연립다세대,11,3000.0,5418.2,6290.9,1000.0,7250.0,40.0,44.45,23.67,8,0
서대문구,남가좌동,2023,9,전세,연립다세대,6,16750.0,15433.3,7154.5,11875.0,19750.0,,,,3,0
서대문구,남가좌동,2023,10,월세,연립다세대,10,1000.0,3040.0,4015.3,350.0,4250.0,45.0,45.8,18.88,9,0
서대문구,남가좌동,2023,10,전세,연립다세대,5,22000.0,23706.0,6708.1,22000.0,28600.0,,,,3,0
서대문구,남가좌동,2023,11,월세,연립다세대,13,1000.0,4458.8,5671.3,500.0,8200.0,30.0,35.31,20.77,10,0
서대문구,남가좌동,2023,11,월세,오피스텔,1,5000.0,5000.0,,5000.0,5000.0,275.0,275.0,,1,0
서대문구,남가좌동,2023,11,전세,연립다세대,5,22000.0,26200.0,10329.6,19000.0,29000.0,,,,4,0
서대문구,남가좌동,2023,12,월세,연립다세대,18,500.0,2866.7,4247.9,500.0,4000.0,40.0,40.56,20.04,13,0
서대문구,남가좌동,2023,12,전세,연립다세대,7,11500.0,15600.0,9019.8,9150.0,23200.0,,,,5,0
서대문구,남가좌동,2024,1,월세,연립다세대,24,500.0,2187.5,3735.6,500.0,3000.0,42.0,45.71,14.04,19,0
서대문구,남가좌동,2024,1,월세,오피스텔,2,2000.0,2000.0,1414.2,1500.0,2500.0,165.0,165.0,162.63,2,0
서대문구,남가좌동,2024,1,전세,연립다세대,10,7550.0,12250.0,8505.5,7025.0,15250.0,,,,6,0
서대문구,남가좌동,2024,2,월세,연립다세대,29,500.0,3118.6,5718.5,500.0,1000.0,40.0,41.24,16.73,27,0
서대문구,남가좌동,2024,2,월세,오피스텔,1,1000.0,1000.0,,1000.0,1000.0,50.0,50.0,,1,0
서대문구,남가좌동,2024,2,전세,연립다세대,6,22000.0,20666.7,10557.8,15000.0,23750.0,,,,4,0
서대문구,남가좌동,2024,3,월세,연립다세대,11,500.0,2536.4,5275.5,500.0,2000.0,57.0,88.82,83.68,10,0
서대문구,남가좌동,2024,3,월세,오피스텔,1,3000.0,3000.0,,3000.0,3000.0,250.0,250.0,,1,0
서대문구,남가좌동,2024,3,전세,연립다세대,7,22000.0,21357.1,7914.9,15300.0,28000.0,,,,7,0
서대문구,남가좌동,2024,3,전세,오피스텔,1,37000.0,37000.0,,37000.0,37000.0,,,,0,0
서대문구,남가좌동,2024,4,월세,연립다세대,13,1000.0,4692.3,6035.9,500.0,9000.0,45.0,35.77,16.79,12,0
서대문구,남가좌동,2024,4,전세,연립다세대,15,17000.0,18606.7,7698.1,14300.0,23000.0,,,,9,0
서대문구,남가좌동,2024,5,월세,연립다세대,14,5000.0,7357.1,7456.1,1250.0,11500.0,55.0,57.21,21.91,10,0
서대문구,남가좌동,2024,5,전세,연립다세대,8,22000.0,22068.8,8856.9,14500.0,26937.5,,,,6,0
서대문구,남가좌동,2024,6,월세,연립다세대,13,10000.0,8023.1,6734.8,500.0,12000.0,42.0,40.92,20.94,13,0
서대문구,남가좌동,2024,6,전세,연립다세대,9,18850.0,17666.7,9116.8,12000.0,20000.0,,,,6,0
서대문구,남가좌동,2024,7,월세,연립다세대,23,1000.0,4278.3,5286.9,500.0,7750.0,44.0,44.0,25.26,22,0
서대문구,남가좌동,2024,7,전세,연립다세대,9,25000.0,22505.6,10642.2,15000.0,26000.0,,,,7,0
서대문구,남가좌동,2024,8,월세,연립다세대,13,1000.0,5297.1,8306.5,500.0,7500.0,49.0,53.31,26.81,11,0
서대문구,남가좌동,2024,8,전세,연립다세대,1,26250.0,26250.0,,26250.0,26250.0,,,,0,0
서대문구,남가좌동,2024,8,전세,오피스텔,1,30800.0,30800.0,,30800.0,30800.0,,,,1,0
서대문구,남가좌동,2024,9,월세,연립다세대,6,6750.0,7416.7,4499.1,5250.0,10875.0,42.5,41.33,21.18,4,0
서대문구,남가좌동,2024,9,전세,연립다세대,8,19650.0,17825.0,8068.8,12625.0,21100.0,,,,7,0
서대문구,남가좌동,2024,10,월세,연립다세대,9,2341.0,3970.6,3044.5,1923.0,5500.0,33.0,39.44,21.76,7,0
서대문구,남가좌동,2024,10,전세,연립다세대,8,17300.0,20146.2,9560.1,12727.5,26650.0,,,,6,0
서대문구,남가좌동,2024,10,전세,오피스텔,1,32000.0,32000.0,,32000.0,32000.0,,,,1,0
서대문구,남가좌동,2024,11,월세,연립다세대,18,3000.0,4761.4,5083.6,500.0,8348.75,45.0,45.06,20.19,13,0
서대문구,남가좌동,2024,11,전세,연립다세대,8,12500.0,13325.0,6207.5,8500.0,17250.0,,,,7,0
서대문구,남가좌동,2024,12,월세,연립다세대,17,500.0,2949.9,4942.3,300.0,2198.0,45.0,40.53,15.78,12,0
서대문구,남가좌동,2024,12,전세,연립다세대,3,9000.0,10390.0,5225.5,7500.0,12585.0,,,,2,0
서대문구,남가좌동,2025,1,월세,연립다세대,21,1000.0,4442.1,5768.8,500.0,6525.0,38.0,37.86,17.68,15,0
서대문구,남가좌동,2025,1,전세,연립다세대,3,17000.0,17000.0,4000.0,15000.0,19000.0,,,,2,0
서대문구,남가좌동,2025,1,전세,오피스텔,1,28000.0,28000.0,,28000.0,28000.0,,,,0,0
서대문구,남가좌동,2025,2,월세,연립다세대,25,500.0,1334.4,2444.6,500.0,1000.0,45.0,45.28,11.58,23,0
서대문구,남가좌동,2025,2,전세,연립다세대,7,9000.0,13600.0,6986.9,8250.0,20500.0,,,,6,0
서대문구,남가좌동,2025,2,전세,오피스텔,1,27000.0,27000.0,,27000.0,27000.0,,,,0,0
서대문구,남가좌동,2025,3,월세,연립다세대,12,1000.0,4816.7,6711.7,875.0,5425.0,47.5,50.42,31.12,12,0
서대문구,남가좌동,2025,3,전세,연립다세대,8,17500.0,17912.5,9255.3,9225.0,25750.0,,,,7,0
서대문구,남가좌동,2025,4,월세,연립다세대,6,500.0,1750.0,3061.9,500.0,500.0,52.5,50.5,13.37,6,0
서대문구,남가좌동,2025,4,전세,연립다세대,7,18600.0,16428.6,8683.8,10000.0,19400.0,,,,5,0
서대문구,남가좌동,2025,4,전세,오피스텔,1,28350.0,28350.0,,28350.0,28350.0,,,,0,0
서대문구,남가좌동,2025,5,월세,연립다세대,17,1000.0,4058.8,5299.8,500.0,9000.0,40.0,36.59,18.93,13,0
서대문구,남가좌동,2025,5,전세,연립다세대,2,15000.0,15000.0,0.0,15000.0,15000.0,,,,2,0
서대문구,남가좌동,2025,6,월세,연립다세대,20,500.0,4501.5,7471.2,475.0,4468.75,36.5,40.85,28.97,18,0
서대문구,남가좌동,2025,6,월세,오피스텔,1,1000.0,1000.0,,1000.0,1000.0,57.0,57.0,,1,0
서대문구,남가좌동,2025,6,전세,연립다세대,7,20000.0,16614.3,9245.1,7500.0,22900.0,,,,4,0
서대문구,남가좌동,2025,7,월세,연립다세대,22,500.0,1432.4,2178.5,500.0,1275.25,48.5,51.86,18.43,19,0
서대문구,남가좌동,2025,7,월세,오피스텔,3,1000.0,1666.7,1154.7,1000.0,2000.0,57.0,121.33,111.43,3,0
서대문구,남가좌동,2025,7,전세,연립다세대,3,19950.0,22250.0,4379.2,19725.0,23625.0,,,,1,0
서대문구,남가좌동,2025,8,월세,연립다세대,21,500.0,3617.9,5652.2,500.0,3000.0,44.0,47.29,20.14,18,0
서대문구,남가좌동,2025,8,전세,연립다세대,5,12000.0,16600.0,9181.5,9000.0,25000.0,,,,3,0
서대문구,남가좌동,2025,9,월세,연립다세대,9,1000.0,4144.4,6184.7,500.0,3000.0,65.0,53.11,21.81,9,0
서대문구,남가좌동,2025,9,전세,연립다세대,6,13022.5,14340.8,6773.4,9500.0,18011.25,,,,3,0
서대문구,남가좌동,2025,10,월세,연립다세대,18,1674.0,3624.9,4633.0,740.5,4431.75,41.5,39.67,22.64,15,0
서대문구,남가좌동,2025,10,전세,연립다세대,8,16750.0,18187.5,9447.8,9900.0,22150.0,,,,5,0
서대문구,남가좌동,2025,11,월세,연립다세대,20,1381.5,4046.7,5110.9,500.0,6250.0,47.5,48.15,21.9,17,0
서대문구,남가좌동,2025,11,전세,연립다세대,3,12000.0,10933.3,1847.5,10400.0,12000.0,,,,3,0
서대문구,남가좌동,2025,12,월세,연립다세대,29,500.0,4127.6,6812.6,500.0,3000.0,45.0,39.76,17.05,29,0
서대문구,남가좌동,2025,12,전세,연립다세대,1,6700.0,6700.0,,6700.0,6700.0,,,,1,0
서대문구,남가좌동,2026,1,월세,연립다세대,32,750.0,3454.9,5452.6,500.0,2215.5,45.0,45.81,21.59,27,1
서대문구,남가좌동,2026,1,전세,연립다세대,3,16000.0,16000.0,11000.0,10500.0,21500.0,,,,3,1
서대문구,남가좌동,2026,2,월세,연립다세대,46,1000.0,2326.3,4610.9,500.0,2183.0,45.0,44.46,24.13,36,1
서대문구,남가좌동,2026,2,전세,연립다세대,3,20000.0,18333.3,2886.8,17500.0,20000.0,,,,1,1
서대문구,남가좌동,2026,3,월세,연립다세대,16,4988.5,6968.8,6761.5,2265.25,9100.0,29.0,39.81,37.95,9,1
서대문구,남가좌동,2026,3,전세,연립다세대,10,21000.0,20750.0,8162.4,16000.0,24000.0,,,,7,1
서대문구,남가좌동,2026,4,월세,연립다세대,17,1872.0,5651.3,7840.7,500.0,7500.0,40.0,41.35,21.77,15,1
서대문구,남가좌동,2026,4,전세,연립다세대,4,19950.0,17912.5,5813.0,16537.5,21325.0,,,,2,1
서대문구,남가좌동,2026,5,월세,연립다세대,7,1000.0,5228.6,7282.3,500.0,7050.0,55.0,56.86,32.79,7,1
서대문구,남가좌동,2026,5,전세,연립다세대,8,19200.0,16550.0,6758.5,14375.0,20250.0,,,,7,1
서대문구,남가좌동,2026,6,월세,연립다세대,21,500.0,4537.8,9248.1,500.0,1710.0,44.0,38.9,18.02,20,1
서대문구,남가좌동,2026,6,전세,연립다세대,4,16100.0,22312.5,15561.2,12375.0,26037.5,,,,3,1
서대문구,남가좌동,2026,6,전세,오피스텔,1,30700.0,30700.0,,30700.0,30700.0,,,,0,1
서대문구,남가좌동,2026,7,월세,연립다세대,18,500.0,5161.1,6637.4,500.0,11500.0,45.0,44.22,20.28,17,1
서대문구,남가좌동,2026,7,전세,연립다세대,4,24500.0,20650.0,8988.8,19087.5,26062.5,,,,0,1
서대문구,남가좌동,2026,8,월세,연립다세대,14,1000.0,4864.3,6153.0,500.0,10500.0,42.5,48.07,22.95,13,1
서대문구,남가좌동,2026,8,월세,오피스텔,1,1000.0,1000.0,,1000.0,1000.0,60.0,60.0,,1,1
서대문구,남가좌동,2026,8,전세,연립다세대,2,22400.0,22400.0,3677.0,21100.0,23700.0,,,,1,1
서대문구,남가좌동,2026,8,전세,오피스텔,1,28370.0,28370.0,,28370.0,28370.0,,,,0,1
서대문구,남가좌동,2026,9,월세,연립다세대,5,1000.0,4613.6,7401.5,1000.0,2808.0,58.0,53.4,32.97,3,1
서대문구,냉천동,2021,1,월세,연립다세대,1,1000.0,1000.0,,1000.0,1000.0,55.0,55.0,,0,0
서대문구,냉천동,2021,2,월세,연립다세대,1,2000.0,2000.0,,2000.0,2000.0,55.0,55.0,,1,0
서대문구,냉천동,2021,7,월세,연립다세대,1,6000.0,6000.0,,6000.0,6000.0,67.0,67.0,,1,0
서대문구,냉천동,2021,8,월세,연립다세대,1,1000.0,1000.0,,1000.0,1000.0,60.0,60.0,,1,0
서대문구,냉천동,2021,12,월세,연립다세대,1,1000.0,1000.0,,1000.0,1000.0,55.0,55.0,,0,0
서대문구,냉천동,2022,1,월세,연립다세대,2,1000.0,1000.0,0.0,1000.0,1000.0,54.0,54.0,5.66,2,0
서대문구,냉천동,2022,2,전세,연립다세대,1,35700.0,35700.0,,35700.0,35700.0,,,,0,0
서대문구,냉천동,2022,3,월세,연립다세대,2,1000.0,1000.0,0.0,1000.0,1000.0,57.5,57.5,3.54,1,0
서대문구,냉천동,2022,4,월세,연립다세대,1,1000.0,1000.0,,1000.0,1000.0,50.0,50.0,,1,0
서대문구,냉천동,2022,5,월세,연립다세대,1,1000.0,1000.0,,1000.0,1000.0,55.0,55.0,,1,0
서대문구,냉천동,2023,2,월세,연립다세대,1,1000.0,1000.0,,1000.0,1000.0,57.0,57.0,,1,0
서대문구,냉천동,2023,3,월세,연립다세대,4,1000.0,1000.0,0.0,1000.0,1000.0,60.0,59.25,1.5,3,0
서대문구,냉천동,2023,4,월세,연립다세대,1,3000.0,3000.0,,3000.0,3000.0,105.0,105.0,,1,0
서대문구,냉천동,2023,7,월세,연립다세대,1,5000.0,5000.0,,5000.0,5000.0,70.0,70.0,,0,0
서대문구,냉천동,2023,9,월세,연립다세대,1,20000.0,20000.0,,20000.0,20000.0,63.0,63.0,,1,0
서대문구,냉천동,2023,12,월세,연립다세대,1,1000.0,1000.0,,1000.0,1000.0,55.0,55.0,,1,0
서대문구,냉천동,2023,12,전세,연립다세대,1,37485.0,37485.0,,37485.0,37485.0,,,,1,0
서대문구,냉천동,2024,1,월세,연립다세대,3,1000.0,1000.0,0.0,1000.0,1000.0,60.0,59.0,1.73,2,0
서대문구,냉천동,2024,5,월세,연립다세대,1,1000.0,1000.0,,1000.0,1000.0,60.0,60.0,,1,0
서대문구,냉천동,2024,6,월세,연립다세대,1,1000.0,1000.0,,1000.0,1000.0,75.0,75.0,,1,0
서대문구,냉천동,2024,7,월세,연립다세대,1,1000.0,1000.0,,1000.0,1000.0,64.0,64.0,,1,0
서대문구,냉천동,2024,8,월세,연립다세대,1,1000.0,1000.0,,1000.0,1000.0,58.0,58.0,,1,0
서대문구,냉천동,2024,9,월세,연립다세대,1,1000.0,1000.0,,1000.0,1000.0,62.0,62.0,,1,0
서대문구,냉천동,2024,11,월세,연립다세대,1,1000.0,1000.0,,1000.0,1000.0,57.0,57.0,,1,0
서대문구,냉천동,2025,3,월세,연립다세대,1,1000.0,1000.0,,1000.0,1000.0,60.0,60.0,,1,0
서대문구,냉천동,2025,3,전세,연립다세대,1,39359.0,39359.0,,39359.0,39359.0,,,,0,0
서대문구,냉천동,2025,4,월세,연립다세대,1,1000.0,1000.0,,1000.0,1000.0,60.0,60.0,,1,0
서대문구,냉천동,2025,5,월세,연립다세대,1,500.0,500.0,,500.0,500.0,75.0,75.0,,1,0
서대문구,냉천동,2025,7,월세,연립다세대,1,1000.0,1000.0,,1000.0,1000.0,62.0,62.0,,1,0
서대문구,냉천동,2025,8,월세,연립다세대,1,5500.0,5500.0,,5500.0,5500.0,130.0,130.0,,1,0
서대문구,냉천동,2025,11,월세,연립다세대,1,1000.0,1000.0,,1000.0,1000.0,60.0,60.0,,1,0
서대문구,냉천동,2026,1,월세,연립다세대,1,1000.0,1000.0,,1000.0,1000.0,65.0,65.0,,1,1
서대문구,냉천동,2026,2,월세,연립다세대,4,2000.0,2750.0,1500.0,2000.0,2750.0,120.0,116.25,7.5,4,1
서대문구,냉천동,2026,3,월세,연립다세대,5,2000.0,9100.0,14579.1,2000.0,5500.0,105.0,85.8,42.62,4,1
서대문구,냉천동,2026,5,월세,연립다세대,1,2000.0,2000.0,,2000.0,2000.0,120.0,120.0,,1,1
서대문구,냉천동,2026,7,월세,연립다세대,1,1000.0,1000.0,,1000.0,1000.0,64.0,64.0,,1,1
서대문구,냉천동,2026,9,월세,연립다세대,1,1000.0,1000.0,,1000.0,1000.0,58.0,58.0,,1,1
서대문구,대신동,2021,1,월세,연립다세대,2,2000.0,2000.0,1414.2,1500.0,2500.0,65.0,65.0,49.5,0,0
서대문구,대신동,2021,1,월세,오피스텔,2,2000.0,2000.0,0.0,2000.0,2000.0,68.0,68.0,0.0,0,0
서대문구,대신동,2021,1,전세,연립다세대,4,10250.0,11840.0,8408.9,4965.0,17125.0,,,,0,0
서대문구,대신동,2021,2,월세,연립다세대,2,4000.0,4000.0,4242.6,2500.0,5500.0,70.0,70.0,42.43,0,0
서대문구,대신동,2021,2,전세,연립다세대,2,22125.0,22125.0,5833.6,20062.5,24187.5,,,,0,0
서대문구,대신동,2021,3,월세,연립다세대,1,4000.0,4000.0,,4000.0,4000.0,40.0,40.0,,1,0
서대문구,대신동,2021,3,월세,오피스텔,1,2000.0,2000.0,,2000.0,2000.0,70.0,70.0,,0,0
서대문구,대신동,2021,3,전세,연립다세대,1,14430.0,14430.0,,14430.0,14430.0,,,,0,0
서대문구,대신동,2021,4,월세,연립다세대,2,1500.0,1500.0,1414.2,1000.0,2000.0,72.5,72.5,31.82,0,0
서대문구,대신동,2021,5,월세,연립다세대,3,7000.0,5553.3,4354.1,3830.0,8000.0,50.0,50.0,10.0,0,0
서대문구,대신동,2021,5,전세,연립다세대,1,4500.0,4500.0,,4500.0,4500.0,,,,0,0
서대문구,대신동,2021,6,월세,연립다세대,1,500.0,500.0,,500.0,500.0,55.0,55.0,,1,0
서대문구,대신동,2021,6,전세,연립다세대,2,22800.0,22800.0,7778.2,20050.0,25550.0,,,,2,0
서대문구,대신동,2021,7,월세,연립다세대,4,7000.0,7500.0,7047.5,1750.0,12750.0,18.0,19.5,15.63,1,0
서대문구,대신동,2021,7,월세,오피스텔,1,2000.0,2000.0,,2000.0,2000.0,70.0,70.0,,1,0
서대문구,대신동,2021,7,전세,연립다세대,1,24000.0,24000.0,,24000.0,24000.0,,,,0,0
서대문구,대신동,2021,8,월세,연립다세대,5,500.0,900.0,651.9,500.0,1000.0,45.0,46.2,13.59,4,0
서대문구,대신동,2021,8,월세,오피스텔,1,2000.0,2000.0,,2000.0,2000.0,70.0,70.0,,1,0
서대문구,대신동,2021,9,월세,연립다세대,2,5000.0,5000.0,5656.9,3000.0,7000.0,42.5,42.5,3.54,2,0
서대문구,대신동,2021,9,전세,연립다세대,1,18000.0,18000.0,,18000.0,18000.0,,,,0,0
서대문구,대신동,2021,10,월세,연립다세대,4,2250.0,2150.0,1629.9,875.0,3525.0,54.5,56.0,12.94,3,0
서대문구,대신동,2021,11,월세,연립다세대,3,1000.0,833.3,288.7,750.0,1000.0,45.0,53.33,14.43,3,0
서대문구,대신동,2021,12,월세,연립다세대,5,5000.0,4300.0,3834.1,1000.0,5000.0,65.0,65.0,16.58,3,0
서대문구,대신동,2021,12,전세,연립다세대,2,23600.0,23600.0,5232.6,21750.0,25450.0,,,,0,0
서대문구,대신동,2022,1,월세,연립다세대,9,1500.0,2722.2,2647.1,1000.0,5000.0,60.0,57.78,11.49,4,0
서대문구,대신동,2022,1,전세,연립다세대,5,13000.0,13470.0,7815.3,7350.0,14500.0,,,,2,0
서대문구,대신동,2022,2,월세,연립다세대,7,500.0,3128.6,5346.2,500.0,2500.0,50.0,60.0,31.81,5,0
서대문구,대신동,2022,2,전세,연립다세대,3,19000.0,17913.3,12665.0,11870.0,24500.0,,,,2,0
서대문구,대신동,2022,3,월세,연립다세대,4,4000.0,3875.0,2657.5,3125.0,4750.0,40.0,43.0,6.0,1,0
서대문구,대신동,2022,3,전세,연립다세대,1,21000.0,21000.0,,21000.0,21000.0,,,,0,0
서대문구,대신동,2022,5,월세,연립다세대,4,9000.0,10175.0,8962.3,6875.0,12300.0,41.5,48.25,14.57,2,0
서대문구,대신동,2022,6,월세,연립다세대,4,2000.0,3625.0,4308.4,1625.0,4000.0,37.5,38.75,12.5,3,0
서대문구,대신동,2022,6,전세,연립다세대,1,14430.0,14430.0,,14430.0,14430.0,,,,0,0
서대문구,대신동,2022,7,월세,연립다세대,5,2000.0,2260.0,1840.7,1000.0,3000.0,70.0,68.0,10.37,2,0
서대문구,대신동,2022,8,월세,연립다세대,8,1000.0,1875.0,2887.8,875.0,1000.0,52.5,60.0,21.02,5,0
서대문구,대신동,2022,10,전세,연립다세대,1,26750.0,26750.0,,26750.0,26750.0,,,,0,0
서대문구,대신동,2022,12,월세,연립다세대,11,2169.0,1971.9,1214.2,1000.0,2421.0,50.0,44.45,21.13,5,0
서대문구,대신동,2022,12,전세,연립다세대,2,17250.0,17250.0,2474.9,16375.0,18125.0,,,,1,0
서대문구,대신동,2023,1,월세,연립다세대,11,1000.0,3136.4,5172.5,750.0,1000.0,50.0,52.09,19.06,9,0
서대문구,대신동,2023,2,월세,연립다세대,11,1000.0,2454.5,3517.5,500.0,2500.0,58.0,56.0,17.35,6,0
서대문구,대신동,2023,2,전세,연립다세대,2,13000.0,13000.0,9899.5,9500.0,16500.0,,,,1,0
서대문구,대신동,2023,3,월세,연립다세대,1,1000.0,1000.0,,1000.0,1000.0,55.0,55.0,,1,0
서대문구,대신동,2023,3,전세,연립다세대,2,11500.0,11500.0,9192.4,8250.0,14750.0,,,,1,0
서대문구,대신동,2023,4,월세,연립다세대,1,10000.0,10000.0,,10000.0,10000.0,40.0,40.0,,1,0
서대문구,대신동,2023,5,월세,연립다세대,2,500.0,500.0,0.0,500.0,500.0,51.0,51.0,5.66,2,0
서대문구,대신동,2023,6,월세,연립다세대,4,9000.0,10860.0,9841.3,6250.0,13610.0,40.5,38.25,15.84,2,0
서대문구,대신동,2023,6,전세,연립다세대,1,16500.0,16500.0,,16500.0,16500.0,,,,0,0
서대문구,대신동,2023,7,월세,연립다세대,6,3250.0,4000.0,3701.4,1125.0,5750.0,77.5,71.0,29.95,4,0
서대문구,대신동,2023,8,월세,연립다세대,7,1000.0,1714.3,2342.7,750.0,1000.0,50.0,52.29,6.21,3,0
서대문구,대신동,2023,8,전세,연립다세대,1,5500.0,5500.0,,5500.0,5500.0,,,,0,0
서대문구,대신동,2023,10,월세,연립다세대,3,5000.0,5333.3,4509.2,3000.0,7500.0,58.0,51.0,13.89,2,0
서대문구,대신동,2023,11,월세,연립다세대,2,1750.0,1750.0,1767.8,1125.0,2375.0,100.0,100.0,56.57,1,0
서대문구,대신동,2023,11,전세,연립다세대,2,27750.0,27750.0,353.6,27625.0,27875.0,,,,1,0
서대문구,대신동,2023,12,월세,연립다세대,9,2500.0,3555.6,4209.0,1000.0,4000.0,45.0,56.33,39.6,7,0
서대문구,대신동,2024,1,월세,연립다세대,16,1000.0,2156.2,1776.9,1000.0,3125.0,69.5,79.56,31.96,16,0
서대문구,대신동,2024,1,전세,연립다세대,3,26000.0,27666.7,6658.3,24000.0,30500.0,,,,2,0
서대문구,대신동,2024,2,월세,연립다세대,6,750.0,4666.7,6423.9,500.0,8125.0,50.5,55.67,28.62,5,0
서대문구,대신동,2024,2,전세,연립다세대,5,10500.0,17400.0,9449.9,10500.0,27500.0,,,,4,0
서대문구,대신동,2024,3,월세,연립다세대,3,500.0,666.7,288.7,500.0,750.0,47.0,105.67,107.73,3,0
서대문구,대신동,2024,3,전세,연립다세대,1,19600.0,19600.0,,19600.0,19600.0,,,,1,0
서대문구,대신동,2024,4,월세,연립다세대,1,500.0,500.0,,500.0,500.0,47.0,47.0,,1,0
서대문구,대신동,2024,4,전세,연립다세대,2,27300.0,27300.0,0.0,27300.0,27300.0,,,,1,0
서대문구,대신동,2024,5,월세,연립다세대,10,500.0,2300.0,3102.0,500.0,2500.0,53.5,59.2,27.6,9,0
서대문구,대신동,2024,6,월세,연립다세대,8,1000.0,4281.2,4742.4,1000.0,10000.0,52.0,52.0,12.71,8,0
서대문구,대신동,2024,7,월세,연립다세대,6,1000.0,1966.7,2021.6,1000.0,1750.0,66.0,68.5,21.02,5,0
서대문구,대신동,2024,7,전세,연립다세대,1,34000.0,34000.0,,34000.0,34000.0,,,,1,0
서대문구,대신동,2024,8,월세,연립다세대,4,750.0,1750.0,2179.4,500.0,2000.0,48.0,50.75,11.5,4,0
서대문구,대신동,2024,9,월세,연립다세대,3,1500.0,1166.7,577.4,1000.0,1500.0,130.0,126.67,5.77,3,0
서대문구,대신동,2024,10,월세,연립다세대,2,8000.0,8000.0,0.0,8000.0,8000.0,57.0,57.0,0.0,1,0
서대문구,대신동,2024,11,월세,연립다세대,1,500.0,500.0,,500.0,500.0,60.0,60.0,,1,0
서대문구,대신동,2024,11,전세,연립다세대,1,31000.0,31000.0,,31000.0,31000.0,,,,1,0
서대문구,대신동,2024,12,월세,연립다세대,12,1000.0,3350.0,5765.7,1000.0,1250.0,52.5,54.67,22.35,11,0
서대문구,대신동,2024,12,전세,연립다세대,2,29500.0,29500.0,2121.3,28750.0,30250.0,,,,2,0
서대문구,대신동,2025,1,월세,연립다세대,18,1000.0,5720.8,8121.9,1000.0,8750.0,53.0,54.44,26.96,16,0
서대문구,대신동,2025,2,월세,연립다세대,7,1000.0,3292.9,6289.6,1000.0,1000.0,55.0,57.43,26.81,7,0
서대문구,대신동,2025,2,전세,연립다세대,1,19700.0,19700.0,,19700.0,19700.0,,,,1,0
서대문구,대신동,2025,3,월세,연립다세대,3,4000.0,3333.3,2081.7,2500.0,4500.0,115.0,97.33,48.95,3,0
서대문구,대신동,2025,4,월세,연립다세대,4,8150.0,10562.5,11693.0,1625.0,17087.5,43.5,46.5,30.01,4,0
서대문구,대신동,2025,4,전세,연립다세대,1,16500.0,16500.0,,16500.0,16500.0,,,,0,0
서대문구,대신동,2025,5,월세,연립다세대,6,3500.0,5500.0,6082.8,1250.0,7250.0,51.5,44.67,18.52,4,0
서대문구,대신동,2025,6,월세,연립다세대,6,500.0,3000.0,5882.2,500.0,875.0,62.5,59.17,8.23,6,0
서대문구,대신동,2025,7,월세,연립다세대,11,1000.0,2727.3,4660.3,750.0,2500.0,54.0,56.64,30.15,11,0
서대문구,대신동,2025,7,전세,연립다세대,1,18300.0,18300.0,,18300.0,18300.0,,,,0,0
서대문구,대신동,2025,8,월세,연립다세대,17,1000.0,2088.2,4687.9,500.0,1000.0,55.0,56.71,20.44,16,0
서대문구,대신동,2025,9,월세,연립다세대,3,1000.0,1166.7,763.8,750.0,1500.0,80.0,80.0,20.0,3,0
서대문구,대신동,2025,10,월세,연립다세대,8,1000.0,1812.5,1689.0,1000.0,1750.0,61.0,54.12,19.17,7,0
서대문구,대신동,2025,11,월세,연립다세대,8,1000.0,1875.0,1941.1,875.0,2000.0,61.0,59.12,6.77,7,0
서대문구,대신동,2025,12,월세,연립다세대,19,1000.0,3550.0,5803.5,1000.0,3500.0,60.0,77.95,45.57,18,0
서대문구,대신동,2026,1,월세,연립다세대,19,1000.0,2984.2,4067.8,1000.0,2250.0,58.0,52.53,25.39,15,1
서대문구,대신동,2026,2,월세,연립다세대,9,1000.0,3877.8,8101.5,1000.0,1000.0,57.0,49.0,19.63,8,1
서대문구,대신동,2026,2,전세,연립다세대,1,27800.0,27800.0,,27800.0,27800.0,,,,1,1
서대문구,대신동,2026,3,월세,연립다세대,3,1000.0,2333.3,2309.4,1000.0,3000.0,64.0,125.67,107.68,3,1
서대문구,대신동,2026,4,월세,연립다세대,2,5250.0,5250.0,6717.5,2875.0,7625.0,52.5,52.5,12.02,2,1
서대문구,대신동,2026,4,전세,연립다세대,2,22000.0,22000.0,0.0,22000.0,22000.0,,,,2,1
서대문구,대신동,2026,5,월세,연립다세대,12,2390.0,4625.3,6709.5,1000.0,5041.25,33.5,38.25,21.64,12,1
서대문구,대신동,2026,6,월세,연립다세대,7,6000.0,7694.3,6696.2,1500.0,14430.0,35.0,50.57,45.89,4,1
서대문구,대신동,2026,7,월세,연립다세대,7,1000.0,857.1,244.0,750.0,1000.0,58.0,60.43,6.65,6,1
서대문구,대신동,2026,8,월세,연립다세대,10,500.0,630.0,262.7,500.0,875.0,56.5,64.5,24.04,10,1
서대문구,대현동,2021,1,월세,연립다세대,12,1000.0,3000.0,4022.7,1000.0,3250.0,57.5,64.83,20.44,2,0
서대문구,대현동,2021,1,월세,오피스텔,68,1000.0,2720.6,2801.1,1000.0,3000.0,65.0,66.38,15.1,3,0
서대문구,대현동,2021,1,전세,연립다세대,2,22500.0,22500.0,707.1,22250.0,22750.0,,,,0,0
서대문구,대현동,2021,1,전세,오피스텔,23,18400.0,19206.7,3367.1,16350.0,22000.0,,,,0,0
서대문구,대현동,2021,2,월세,연립다세대,10,1500.0,3700.0,4347.4,1000.0,4250.0,60.0,60.6,12.67,1,0
서대문구,대현동,2021,2,월세,오피스텔,52,1000.0,2288.5,2688.7,1000.0,3000.0,70.0,67.71,14.1,3,0
서대문구,대현동,2021,2,전세,연립다세대,3,16200.0,17733.3,3743.4,15600.0,19100.0,,,,0,0
서대문구,대현동,2021,2,전세,오피스텔,25,20000.0,19962.2,2305.9,19000.0,20500.0,,,,0,0
서대문구,대현동,2021,3,월세,연립다세대,5,1000.0,1200.0,447.2,1000.0,1000.0,60.0,61.4,12.24,0,0
서대문구,대현동,2021,3,월세,오피스텔,21,1000.0,2602.9,3361.5,1000.0,3000.0,58.0,57.05,13.9,1,0
서대문구,대현동,2021,3,전세,연립다세대,1,27000.0,27000.0,,27000.0,27000.0,,,,0,0
서대문구,대현동,2021,3,전세,오피스텔,10,18650.0,18710.0,2867.2,17100.0,19500.0,,,,0,0
서대문구,대현동,2021,4,월세,연립다세대,1,3000.0,3000.0,,3000.0,3000.0,75.0,75.0,,0,0
서대문구,대현동,2021,4,월세,오피스텔,11,1000.0,3245.5,3490.4,1000.0,3350.0,58.0,60.82,23.24,0,0
서대문구,대현동,2021,4,전세,연립다세대,1,16000.0,16000.0,,16000.0,16000.0,,,,0,0
서대문구,대현동,2021,4,전세,오피스텔,12,20000.0,20538.7,2277.9,19000.0,22000.0,,,,0,0
서대문구,대현동,2021,5,월세,연립다세대,1,1000.0,1000.0,,1000.0,1000.0,55.0,55.0,,0,0
서대문구,대현동,2021,5,월세,오피스텔,16,1500.0,2375.0,1586.4,1000.0,4000.0,58.5,56.0,12.15,2,0
서대문구,대현동,2021,5,전세,오피스텔,14,20000.0,20178.6,3220.2,18250.0,20750.0,,,,0,0
서대문구,대현동,2021,6,월세,연립다세대,7,1000.0,1000.0,0.0,1000.0,1000.0,60.0,66.71,18.0,7,0
서대문구,대현동,2021,6,월세,오피스텔,38,1000.0,2539.5,2682.2,1000.0,3000.0,65.0,61.95,14.85,32,0
서대문구,대현동,2021,6,전세,연립다세대,3,10500.0,9966.7,923.8,9700.0,10500.0,,,,3,0
서대문구,대현동,2021,6,전세,오피스텔,15,19950.0,18830.0,3493.9,17250.0,20500.0,,,,9,0
서대문구,대현동,2021,7,월세,연립다세대,4,1500.0,3500.0,4358.9,1000.0,4000.0,70.0,70.5,17.92,4,0
서대문구,대현동,2021,7,월세,오피스텔,47,1000.0,2255.3,2661.9,1000.0,2000.0,70.0,69.15,14.72,39,0
서대문구,대현동,2021,7,전세,연립다세대,1,24800.0,24800.0,,24800.0,24800.0,,,,0,0
서대문구,대현동,2021,7,전세,오피스텔,17,19430.0,19388.8,1603.6,18000.0,20000.0,,,,8,0
서대문구,대현동,2021,8,월세,연립다세대,5,1000.0,720.0,408.7,500.0,1000.0,60.0,60.6,6.27,4,0
서대문구,대현동,2021,8,월세,오피스텔,21,1000.0,1547.6,1094.4,1000.0,2000.0,70.0,73.48,13.22,19,0
서대문구,대현동,2021,8,전세,연립다세대,1,24000.0,24000.0,,24000.0,24000.0,,,,0,0
서대문구,대현동,2021,8,전세,오피스텔,22,20000.0,20129.8,1944.7,19425.0,21300.0,,,,13,0
서대문구,대현동,2021,9,월세,연립다세대,1,10000.0,10000.0,,10000.0,10000.0,55.0,55.0,,1,0
서대문구,대현동,2021,9,월세,오피스텔,22,1000.0,2386.4,3872.8,1000.0,1000.0,72.5,73.64,20.75,20,0
서대문구,대현동,2021,9,전세,오피스텔,15,20400.0,20305.9,2260.1,18950.0,22250.0,,,,11,0
서대문구,대현동,2021,10,월세,연립다세대,3,1000.0,833.3,288.7,750.0,1000.0,60.0,60.0,5.0,3,0
서대문구,대현동,2021,10,월세,오피스텔,28,1000.0,3982.1,5558.6,1000.0,5000.0,75.0,72.11,18.03,24,0
서대문구,대현동,2021,10,전세,오피스텔,19,22500.0,21521.1,3350.4,18900.0,24150.0,,,,14,0
서대문구,대현동,2021,11,월세,연립다세대,4,1000.0,1500.0,1000.0,1000.0,1500.0,84.0,84.0,24.25,3,0
서대문구,대현동,2021,11,월세,오피스텔,45,1000.0,2261.1,3582.4,1000.0,1000.0,75.0,70.82,18.6,35,0
서대문구,대현동,2021,11,전세,연립다세대,2,19600.0,19600.0,4808.3,17900.0,21300.0,,,,1,0
서대문구,대현동,2021,11,전세,오피스텔,18,20250.0,20075.0,2562.0,17925.0,21000.0,,,,15,0
서대문구,대현동,2021,12,월세,연립다세대,4,1000.0,3250.0,4500.0,1000.0,3250.0,75.0,67.25,26.96,4,0
서대문구,대현동,2021,12,월세,오피스텔,78,1000.0,2403.8,3150.0,1000.0,2000.0,70.0,68.53,18.64,60,0
서대문구,대현동,2021,12,전세,연립다세대,5,23000.0,22230.0,5047.2,20000.0,24800.0,,,,4,0
서대문구,대현동,2021,12,전세,오피스텔,32,19070.5,19100.4,3188.6,17541.0,21183.75,,,,21,0
서대문구,대현동,2022,1,월세,연립다세대,23,1000.0,1782.6,1953.0,1000.0,1500.0,65.0,67.17,13.94,15,0
서대문구,대현동,2022,1,월세,오피스텔,105,1000.0,2478.1,3205.7,1000.0,3000.0,71.0,69.41,15.51,73,0
서대문구,대현동,2022,1,전세,연립다세대,6,20475.0,19741.7,5836.3,16575.0,24787.5,,,,5,0
서대문구,대현동,2022,1,전세,오피스텔,37,18300.0,18836.8,2690.5,17000.0,20000.0,,,,21,0
서대문구,대현동,2022,2,월세,연립다세대,8,1000.0,1750.0,1488.0,1000.0,1500.0,60.0,58.75,5.95,4,0
서대문구,대현동,2022,2,월세,오피스텔,90,1000.0,2697.8,2697.5,1000.0,3000.0,75.0,72.89,15.0,62,0
서대문구,대현동,2022,2,전세,연립다세대,1,16700.0,16700.0,,16700.0,16700.0,,,,1,0
서대문구,대현동,2022,2,전세,오피스텔,22,21000.0,20758.2,5886.3,19237.5,22375.0,,,,14,0
서대문구,대현동,2022,3,월세,연립다세대,5,1000.0,1000.0,0.0,1000.0,1000.0,65.0,68.4,14.22,3,0
서대문구,대현동,2022,3,월세,오피스텔,22,1500.0,3377.3,3632.9,1000.0,4750.0,77.0,71.59,19.33,14,0
서대문구,대현동,2022,3,전세,연립다세대,1,16200.0,16200.0,,16200.0,16200.0,,,,0,0
서대문구,대현동,2022,3,전세,오피스텔,15,20500.0,19516.7,2654.4,17400.0,21500.0,,,,8,0
서대문구,대현동,2022,4,월세,연립다세대,3,1000.0,833.3,288.7,750.0,1000.0,63.0,65.67,15.18,3,0
서대문구,대현동,2022,4,월세,오피스텔,18,1000.0,2483.3,2804.3,1000.0,2750.0,69.5,68.94,16.89,10,0
서대문구,대현동,2022,4,전세,연립다세대,1,17800.0,17800.0,,17800.0,17800.0,,,,1,0
서대문구,대현동,2022,4,전세,오피스텔,16,19000.0,18278.2,2101.1,16800.0,19325.75,,,,7,0
서대문구,대현동,2022,5,월세,오피스텔,15,1000.0,1040.0,803.4,500.0,1000.0,77.0,75.13,14.77,13,0
서대문구,대현동,2022,5,전세,연립다세대,1,24000.0,24000.0,,24000.0,24000.0,,,,0,0
서대문구,대현동,2022,5,전세,오피스텔,14,21500.0,21685.7,3796.5,19425.0,22975.0,,,,8,0
서대문구,대현동,2022,6,월세,연립다세대,12,1000.0,1083.3,288.7,1000.0,1000.0,65.0,63.0,7.25,7,0
서대문구,대현동,2022,6,월세,오피스텔,40,1000.0,1975.0,2554.4,1000.0,1000.0,68.0,72.22,12.51,31,0
서대문구,대현동,2022,6,전세,연립다세대,1,21000.0,21000.0,,21000.0,21000.0,,,,1,0
서대문구,대현동,2022,6,전세,오피스텔,15,19950.0,19660.0,3010.7,18250.0,21900.0,,,,12,0
서대문구,대현동,2022,7,월세,연립다세대,9,1000.0,3666.7,6750.0,1000.0,3000.0,60.0,52.11,18.8,6,0
서대문구,대현동,2022,7,월세,오피스텔,33,1000.0,2257.6,3527.0,1000.0,2000.0,78.0,74.21,19.37,24,0
서대문구,대현동,2022,7,전세,오피스텔,14,21000.0,20412.9,2840.7,18582.5,22625.0,,,,10,0
서대문구,대현동,2022,8,월세,연립다세대,2,6850.0,6850.0,4454.8,5275.0,8425.0,59.5,59.5,6.36,2,0
서대문구,대현동,2022,8,월세,오피스텔,29,1000.0,2344.8,2605.3,1000.0,3000.0,74.0,75.66,19.91,15,0
서대문구,대현동,2022,8,전세,연립다세대,1,24000.0,24000.0,,24000.0,24000.0,,,,0,0
서대문구,대현동,2022,8,전세,오피스텔,12,20536.5,20064.4,4278.5,17175.0,22000.0,,,,9,0
서대문구,대현동,2022,9,월세,연립다세대,1,1000.0,1000.0,,1000.0,1000.0,65.0,65.0,,0,0
서대문구,대현동,2022,9,월세,오피스텔,20,1000.0,1850.0,2183.1,1000.0,1000.0,81.0,82.35,12.89,15,0
서대문구,대현동,2022,9,전세,오피스텔,10,21000.0,20169.1,2548.1,18724.75,21764.5,,,,1,0
서대문구,대현동,2022,10,월세,연립다세대,3,1000.0,1000.0,0.0,1000.0,1000.0,70.0,75.0,18.03,3,0
서대문구,대현동,2022,10,월세,오피스텔,13,1000.0,1761.5,1938.0,1000.0,1000.0,78.0,80.62,13.02,11,0
서대문구,대현동,2022,10,전세,오피스텔,19,20500.0,20100.0,1723.8,19420.0,21200.0,,,,10,0
서대문구,대현동,2022,11,월세,연립다세대,4,2000.0,2500.0,1914.9,1000.0,3500.0,82.0,79.75,23.13,3,0
서대문구,대현동,2022,11,월세,오피스텔,62,1000.0,2121.0,3022.7,1000.0,1000.0,87.5,82.08,21.97,50,0
서대문구,대현동,2022,11,전세,연립다세대,2,12800.0,12800.0,5939.7,10700.0,14900.0,,,,2,0
서대문구,대현동,2022,11,전세,오피스텔,19,19100.0,18815.8,3346.2,17000.0,21000.0,,,,16,0
서대문구,대현동,2022,12,월세,연립다세대,7,1000.0,1571.4,975.9,1000.0,2000.0,68.0,65.29,10.75,6,0
서대문구,대현동,2022,12,월세,오피스텔,106,1000.0,2271.2,3115.1,1000.0,2000.0,80.0,79.56,20.36,68,0
서대문구,대현동,2022,12,전세,연립다세대,1,20001.0,20001.0,,20001.0,20001.0,,,,0,0
서대문구,대현동,2022,12,전세,오피스텔,35,19000.0,19441.2,2921.8,18200.0,20500.0,,,,25,0
서대문구,대현동,2023,1,월세,연립다세대,14,1000.0,1928.6,2556.0,1000.0,1000.0,63.0,62.43,14.6,12,0
서대문구,대현동,2023,1,월세,오피스텔,118,1000.0,2359.3,2717.0,1000.0,3000.0,78.0,78.39,17.01,67,0
서대문구,대현동,2023,1,전세,연립다세대,4,17000.0,16125.0,5603.2,14875.0,18250.0,,,,3,0
서대문구,대현동,2023,1,전세,오피스텔,40,19950.0,19796.5,3027.5,18150.0,21000.0,,,,26,0
서대문구,대현동,2023,2,월세,연립다세대,10,1000.0,1400.0,699.2,1000.0,1750.0,61.5,73.6,19.99,9,0
서대문구,대현동,2023,2,월세,오피스텔,91,1000.0,3761.5,5454.7,1000.0,3500.0,80.0,77.4,28.56,64,0
서대문구,대현동,2023,2,전세,연립다세대,1,8900.0,8900.0,,8900.0,8900.0,,,,1,0
서대문구,대현동,2023,2,전세,오피스텔,42,19250.0,19697.6,4404.6,16625.0,21000.0,,,,26,0
서대문구,대현동,2023,3,월세,연립다세대,2,1000.0,1000.0,0.0,1000.0,1000.0,85.0,85.0,21.21,1,0
서대문구,대현동,2023,3,월세,오피스텔,21,2000.0,4533.3,5785.6,1000.0,5000.0,73.0,80.33,35.01,16,0
서대문구,대현동,2023,3,전세,연립다세대,1,22000.0,22000.0,,22000.0,22000.0,,,,0,0
서대문구,대현동,2023,3,전세,오피스텔,19,22000.0,22530.0,4187.4,19500.0,26500.0,,,,17,0
서대문구,대현동,2023,4,월세,연립다세대,1,1000.0,1000.0,,1000.0,1000.0,90.0,90.0,,0,0
서대문구,대현동,2023,4,월세,오피스텔,24,1000.0,2345.8,5956.2,875.0,1000.0,83.0,77.58,23.99,15,0
서대문구,대현동,2023,4,전세,연립다세대,1,17000.0,17000.0,,17000.0,17000.0,,,,0,0
서대문구,대현동,2023,4,전세,오피스텔,10,20000.0,20960.0,3824.8,18450.0,23875.0,,,,5,0
서대문구,대현동,2023,5,월세,연립다세대,1,3000.0,3000.0,,3000.0,3000.0,50.0,50.0,,1,0
서대문구,대현동,2023,5,월세,오피스텔,27,1000.0,1851.9,3383.1,1000.0,1000.0,90.0,84.15,16.89,20,0
서대문구,대현동,2023,5,전세,오피스텔,9,19000.0,18366.7,1827.6,17500.0,19300.0,,,,8,0
서대문구,대현동,2023,6,월세,연립다세대,1,1000.0,1000.0,,1000.0,1000.0,70.0,70.0,,1,0
서대문구,대현동,2023,6,월세,오피스텔,40,1000.0,1285.0,1908.8,100.0,1000.0,69.0,61.15,26.75,17,0
서대문구,대현동,2023,6,전세,오피스텔,15,19300.0,20415.5,3089.1,19000.0,20500.0,,,,10,0
서대문구,대현동,2023,7,월세,연립다세대,7,1000.0,2147.1,3481.6,1000.0,1000.0,65.0,77.43,22.83,6,0
서대문구,대현동,2023,7,월세,오피스텔,66,1000.0,2869.7,4284.6,1000.0,2750.0,80.0,76.92,22.22,62,0
서대문구,대현동,2023,7,전세,연립다세대,2,23150.0,23150.0,2333.5,22325.0,23975.0,,,,1,0
서대문구,대현동,2023,7,전세,오피스텔,10,20250.0,20388.8,3810.9,18741.0,21750.0,,,,9,0
서대문구,대현동,2023,8,월세,연립다세대,4,3350.0,8125.0,9788.9,3000.0,8475.0,59.0,51.0,28.5,2,0
서대문구,대현동,2023,8,월세,오피스텔,50,1000.0,2749.3,3486.3,1000.0,3000.0,85.0,80.36,22.6,46,0
서대문구,대현동,2023,8,전세,연립다세대,2,20350.0,20350.0,5161.9,18525.0,22175.0,,,,0,0
서대문구,대현동,2023,8,전세,오피스텔,11,21500.0,20340.9,3293.1,17950.0,23000.0,,,,6,0
서대문구,대현동,2023,9,월세,연립다세대,1,1000.0,1000.0,,1000.0,1000.0,65.0,65.0,,1,0
서대문구,대현동,2023,9,월세,오피스텔,26,1000.0,4380.8,7093.2,1000.0,2500.0,83.0,77.0,29.02,22,0
서대문구,대현동,2023,9,전세,오피스텔,7,19800.0,19528.6,2221.6,17700.0,20750.0,,,,5,0
서대문구,대현동,2023,10,월세,연립다세대,2,1000.0,1000.0,0.0,1000.0,1000.0,107.5,107.5,3.54,2,0
서대문구,대현동,2023,10,월세,오피스텔,34,1000.0,5655.9,6763.7,1000.0,10000.0,69.0,67.53,31.42,26,0
서대문구,대현동,2023,10,전세,오피스텔,13,20000.0,19738.5,2162.8,19800.0,21000.0,,,,10,0
서대문구,대현동,2023,11,월세,연립다세대,7,1000.0,1285.7,755.9,1000.0,1000.0,70.0,75.14,20.12,5,0
서대문구,대현동,2023,11,월세,오피스텔,71,1000.0,2636.6,4292.9,1000.0,2500.0,80.0,76.46,20.83,58,0
서대문구,대현동,2023,11,전세,연립다세대,1,17000.0,17000.0,,17000.0,17000.0,,,,0,0
서대문구,대현동,2023,11,전세,오피스텔,23,19100.0,18820.4,2691.1,16900.0,20000.0,,,,18,0
서대문구,대현동,2023,12,월세,연립다세대,19,1000.0,1342.1,1028.1,1000.0,1000.0,64.0,71.37,13.45,17,0
서대문구,대현동,2023,12,월세,오피스텔,123,1000.0,4224.0,5619.9,1000.0,4500.0,76.0,70.7,26.53,103,0
서대문구,대현동,2023,12,전세,연립다세대,2,20425.5,20425.5,600.3,20213.25,20637.75,,,,1,0
서대문구,대현동,2023,12,전세,오피스텔,43,19800.0,19405.8,2335.7,17350.0,20000.0,,,,34,0
서대문구,대현동,2024,1,월세,연립다세대,12,1000.0,3200.0,3432.5,1000.0,3650.0,63.0,58.75,12.69,8,0
서대문구,대현동,2024,1,월세,오피스텔,153,1000.0,3455.2,4545.2,1000.0,3200.0,80.0,76.29,24.65,126,0
서대문구,대현동,2024,1,전세,연립다세대,3,17600.0,21000.0,7594.1,16650.0,23650.0,,,,0,0
서대문구,대현동,2024,1,전세,오피스텔,28,18600.0,18351.8,3336.9,16450.0,20250.0,,,,23,0
서대문구,대현동,2024,2,월세,연립다세대,10,1000.0,2850.0,3863.0,1000.0,3200.0,58.0,65.2,24.7,10,0
서대문구,대현동,2024,2,월세,오피스텔,90,1000.0,3051.1,4845.4,1000.0,3000.0,85.0,81.04,22.78,79,0
서대문구,대현동,2024,2,전세,연립다세대,1,22000.0,22000.0,,22000.0,22000.0,,,,0,0
서대문구,대현동,2024,2,전세,오피스텔,17,20000.0,19932.9,3710.9,17500.0,20500.0,,,,12,0
서대문구,대현동,2024,3,월세,오피스텔,36,1000.0,3843.3,5982.7,1000.0,2250.0,72.5,66.25,29.84,30,0
서대문구,대현동,2024,3,전세,연립다세대,1,20000.0,20000.0,,20000.0,20000.0,,,,1,0
서대문구,대현동,2024,3,전세,오피스텔,11,19900.0,18845.5,3504.1,18450.0,20250.0,,,,6,0
서대문구,대현동,2024,4,월세,연립다세대,3,3200.0,2466.7,1270.2,2100.0,3200.0,50.0,58.33,14.43,2,0
서대문구,대현동,2024,4,월세,오피스텔,34,1000.0,4326.3,6361.7,1000.0,3680.0,72.0,59.29,32.9,27,0
서대문구,대현동,2024,4,전세,오피스텔,16,19600.0,19888.8,3290.9,19075.0,20000.0,,,,10,0
서대문구,대현동,2024,5,월세,연립다세대,2,11000.0,11000.0,14142.1,6000.0,16000.0,58.5,58.5,72.83,2,0
서대문구,대현동,2024,5,월세,오피스텔,36,1000.0,2168.3,2742.4,1000.0,2250.0,86.0,78.44,27.58,29,0
서대문구,대현동,2024,5,전세,오피스텔,8,19300.0,19487.5,2982.1,18125.0,20500.0,,,,7,0
서대문구,대현동,2024,6,월세,연립다세대,3,1000.0,2166.7,2466.4,750.0,3000.0,65.0,59.33,26.95,3,0
서대문구,대현동,2024,6,월세,오피스텔,53,1000.0,3086.8,4656.2,1000.0,3000.0,85.0,79.11,23.75,45,0
서대문구,대현동,2024,6,전세,연립다세대,1,19000.0,19000.0,,19000.0,19000.0,,,,1,0
서대문구,대현동,2024,6,전세,오피스텔,14,18200.0,18225.7,2052.5,16625.0,19250.0,,,,11,0
서대문구,대현동,2024,7,월세,연립다세대,12,1000.0,1125.0,607.7,1000.0,1000.0,72.5,78.75,19.5,12,0
서대문구,대현동,2024,7,월세,오피스텔,60,1000.0,2628.4,3602.5,1000.0,2250.0,82.5,78.7,24.25,50,0
서대문구,대현동,2024,7,전세,연립다세대,1,16000.0,16000.0,,16000.0,16000.0,,,,1,0
서대문구,대현동,2024,7,전세,오피스텔,16,19300.0,20299.2,4179.8,17875.0,23000.0,,,,9,0
서대문구,대현동,2024,8,월세,연립다세대,4,1000.0,3125.0,4589.4,875.0,3250.0,62.5,61.5,8.1,2,0
서대문구,대현동,2024,8,월세,오피스텔,56,1000.0,3327.0,5396.0,1000.0,2250.0,86.0,78.79,29.63,51,0
서대문구,대현동,2024,8,전세,연립다세대,1,24000.0,24000.0,,24000.0,24000.0,,,,0,0
서대문구,대현동,2024,8,전세,오피스텔,7,21500.0,20500.0,2415.2,18250.0,22500.0,,,,5,0
서대문구,대현동,2024,9,월세,연립다세대,1,1000.0,1000.0,,1000.0,1000.0,65.0,65.0,,1,0
서대문구,대현동,2024,9,월세,오피스텔,22,1000.0,3278.2,5115.7,1000.0,3000.0,84.0,74.41,29.11,19,0
서대문구,대현동,2024,9,전세,오피스텔,7,19800.0,20885.7,2268.2,18950.0,22800.0,,,,5,0
서대문구,대현동,2024,10,월세,연립다세대,5,1000.0,1300.0,974.7,1000.0,1000.0,65.0,63.4,9.76,3,0
서대문구,대현동,2024,10,월세,오피스텔,37,2000.0,5932.2,7180.3,1000.0,11500.0,70.0,63.43,35.16,28,0
서대문구,대현동,2024,10,전세,연립다세대,1,17850.0,17850.0,,17850.0,17850.0,,,,0,0
서대문구,대현동,2024,10,전세,오피스텔,8,20500.0,19786.2,2463.9,17312.5,22000.0,,,,5,0
서대문구,대현동,2024,11,월세,연립다세대,7,2000.0,7128.6,8892.8,1000.0,11950.0,65.0,66.14,38.2,7,0
서대문구,대현동,2024,11,월세,오피스텔,81,1000.0,5375.7,6928.5,1000.0,7000.0,80.0,69.83,35.19,73,0
서대문구,대현동,2024,11,전세,연립다세대,1,17850.0,17850.0,,17850.0,17850.0,,,,1,0
서대문구,대현동,2024,11,전세,오피스텔,7,21000.0,20130.0,1994.7,18950.0,21500.0,,,,6,0
서대문구,대현동,2024,12,월세,연립다세대,20,1000.0,4585.0,7471.6,1000.0,2250.0,72.0,68.35,33.23,14,0
서대문구,대현동,2024,12,월세,오피스텔,124,1000.0,3855.9,5571.9,1000.0,4250.0,80.0,75.47,25.81,110,0
서대문구,대현동,2024,12,전세,연립다세대,5,17850.0,18356.2,975.3,17850.0,18480.0,,,,2,0
서대문구,대현동,2024,12,전세,오피스텔,22,18450.0,18125.0,2281.4,16562.5,19475.0,,,,13,0
서대문구,대현동,2025,1,월세,연립다세대,20,1000.0,3100.0,4278.5,1000.0,2750.0,72.0,69.35,17.29,14,0
서대문구,대현동,2025,1,월세,오피스텔,138,1000.0,4691.2,6842.8,1000.0,5000.0,81.0,75.53,31.13,115,0
서대문구,대현동,2025,1,전세,연립다세대,2,19925.0,19925.0,2934.5,18887.5,20962.5,,,,0,0
서대문구,대현동,2025,1,전세,오피스텔,25,17500.0,18702.0,3233.8,16800.0,20000.0,,,,17,0
서대문구,대현동,2025,2,월세,연립다세대,11,1000.0,2760.7,2025.9,1000.0,4842.0,65.0,65.64,27.24,8,0
서대문구,대현동,2025,2,월세,오피스텔,109,1000.0,3592.2,5159.9,1000.0,3000.0,82.0,77.31,28.16,85,0
서대문구,대현동,2025,2,전세,오피스텔,13,18500.0,20415.4,5135.0,16400.0,25200.0,,,,6,0
서대문구,대현동,2025,3,월세,연립다세대,2,1000.0,1000.0,0.0,1000.0,1000.0,75.0,75.0,0.0,2,0
서대문구,대현동,2025,3,월세,오피스텔,31,1000.0,2118.4,3306.6,1000.0,1000.0,92.0,83.52,32.35,27,0
서대문구,대현동,2025,3,전세,오피스텔,6,23100.0,24366.7,4578.5,20775.0,28275.0,,,,4,0
서대문구,대현동,2025,4,월세,연립다세대,4,10500.0,10500.0,10969.7,1000.0,20000.0,51.0,56.5,40.84,3,0
서대문구,대현동,2025,4,월세,오피스텔,21,2000.0,7019.0,7397.5,1000.0,15000.0,80.0,64.43,34.36,16,0
서대문구,대현동,2025,4,전세,오피스텔,7,17000.0,17395.7,1375.1,16985.0,18600.0,,,,6,0
서대문구,대현동,2025,5,월세,연립다세대,3,1000.0,833.3,288.7,750.0,1000.0,63.0,78.0,32.23,3,0
서대문구,대현동,2025,5,월세,오피스텔,43,1000.0,3563.5,5632.4,1000.0,2500.0,85.0,75.33,32.93,35,0
서대문구,대현동,2025,5,전세,오피스텔,3,21000.0,19333.3,3785.9,18000.0,21500.0,,,,1,0
서대문구,대현동,2025,6,월세,연립다세대,16,1000.0,2675.0,5412.0,1000.0,1250.0,73.5,74.25,23.58,11,0
서대문구,대현동,2025,6,월세,오피스텔,67,1000.0,3299.4,4956.1,1000.0,2500.0,90.0,82.79,29.64,52,0
서대문구,대현동,2025,6,전세,연립다세대,3,17850.0,15400.0,4243.5,14175.0,17850.0,,,,2,0
서대문구,대현동,2025,6,전세,오피스텔,10,20000.0,20365.0,2284.3,19300.0,20750.0,,,,8,0
서대문구,대현동,2025,7,월세,연립다세대,10,1000.0,4500.0,7717.2,1000.0,1000.0,64.0,60.4,23.47,8,0
서대문구,대현동,2025,7,월세,오피스텔,73,1000.0,2330.5,3806.2,1000.0,1000.0,85.0,81.52,25.54,64,0
서대문구,대현동,2025,7,전세,오피스텔,11,19800.0,20750.0,5582.2,17950.0,22025.0,,,,5,0
서대문구,대현동,2025,8,월세,연립다세대,6,1000.0,916.7,204.1,1000.0,1000.0,73.5,79.17,17.77,4,0
서대문구,대현동,2025,8,월세,오피스텔,81,1000.0,2574.3,4432.0,1000.0,1500.0,93.0,87.85,24.58,77,0
서대문구,대현동,2025,8,전세,연립다세대,1,24000.0,24000.0,,24000.0,24000.0,,,,0,0
서대문구,대현동,2025,8,전세,오피스텔,11,17900.0,18118.2,2942.0,15975.0,20250.0,,,,8,0
서대문구,대현동,2025,9,월세,연립다세대,4,1000.0,4702.5,8009.3,777.5,4925.0,87.5,72.0,50.66,4,0
서대문구,대현동,2025,9,월세,오피스텔,30,1000.0,3431.4,5270.4,1000.0,2968.25,88.0,73.67,36.41,19,0
서대문구,대현동,2025,9,전세,연립다세대,1,18060.0,18060.0,,18060.0,18060.0,,,,0,0
서대문구,대현동,2025,9,전세,오피스텔,6,22000.0,20950.0,2301.1,20500.0,22000.0,,,,5,0
서대문구,대현동,2025,10,월세,연립다세대,8,1000.0,2562.5,3849.3,1000.0,2000.0,95.0,89.88,29.68,7,0
서대문구,대현동,2025,10,월세,오피스텔,33,1000.0,6540.6,7748.6,1000.0,13000.0,90.0,75.94,45.68,26,0
서대문구,대현동,2025,10,전세,오피스텔,7,20900.0,20021.4,2580.4,17900.0,22000.0,,,,4,0
서대문구,대현동,2025,11,월세,연립다세대,8,1000.0,2562.5,4030.6,1000.0,1250.0,76.5,76.38,31.05,7,0
서대문구,대현동,2025,11,월세,오피스텔,66,1000.0,3850.0,6233.5,1000.0,1000.0,82.5,75.83,28.93,52,0
서대문구,대현동,2025,11,전세,오피스텔,17,18500.0,19089.4,2407.5,17300.0,21000.0,,,,11,0
서대문구,대현동,2025,12,월세,연립다세대,23,1000.0,2328.3,3320.6,1000.0,2500.0,69.0,69.78,17.94,19,0
서대문구,대현동,2025,12,월세,오피스텔,164,1000.0,2569.1,4572.4,1000.0,1000.0,78.0,73.2,28.66,146,0
서대문구,대현동,2025,12,전세,연립다세대,1,31000.0,31000.0,,31000.0,31000.0,,,,0,0
서대문구,대현동,2025,12,전세,오피스텔,11,19600.0,19806.4,2472.3,17950.0,21785.0,,,,6,0
서대문구,대현동,2026,1,월세,연립다세대,19,1000.0,1263.2,653.4,1000.0,1000.0,68.0,73.42,12.4,19,1
서대문구,대현동,2026,1,월세,오피스텔,194,2000.0,4748.6,6333.9,1000.0,5000.0,82.0,75.05,29.76,165,1
서대문구,대현동,2026,1,전세,연립다세대,1,20850.0,20850.0,,20850.0,20850.0,,,,0,1
서대문구,대현동,2026,1,전세,오피스텔,24,20000.0,18833.3,2192.8,16875.0,20000.0,,,,20,1
서대문구,대현동,2026,2,월세,연립다세대,10,3000.0,4600.0,4617.6,1000.0,5750.0,67.5,64.0,29.1,8,1
서대문구,대현동,2026,2,월세,오피스텔,125,1000.0,3541.6,4758.2,1000.0,3000.0,90.0,87.1,29.55,109,1
서대문구,대현동,2026,2,전세,오피스텔,11,20000.0,19872.7,1204.2,20000.0,20500.0,,,,11,1
서대문구,대현동,2026,3,월세,연립다세대,5,1000.0,900.0,223.6,1000.0,1000.0,97.0,91.2,23.58,4,1
서대문구,대현동,2026,3,월세,오피스텔,38,1000.0,2578.9,4741.1,1000.0,1000.0,90.0,80.61,29.48,34,1
서대문구,대현동,2026,4,월세,연립다세대,2,1000.0,1000.0,0.0,1000.0,1000.0,88.5,88.5,23.33,2,1
서대문구,대현동,2026,4,월세,오피스텔,26,1000.0,4839.8,7577.4,1000.0,3356.25,83.0,69.46,34.62,23,1
서대문구,대현동,2026,4,전세,오피스텔,5,20000.0,19930.0,2247.1,20000.0,20000.0,,,,2,1
서대문구,대현동,2026,5,월세,연립다세대,6,1000.0,1000.0,547.7,625.0,1000.0,72.5,81.67,22.95,5,1
서대문구,대현동,2026,5,월세,오피스텔,40,1000.0,2552.5,4131.2,1000.0,1000.0,90.0,88.2,28.87,29,1
서대문구,대현동,2026,5,전세,오피스텔,3,20000.0,20133.3,808.3,19700.0,20500.0,,,,3,1
서대문구,대현동,2026,6,월세,연립다세대,6,10000.0,9650.0,7203.8,4000.0,14500.0,64.0,59.83,36.65,5,1
서대문구,대현동,2026,6,월세,오피스텔,65,1000.0,2887.8,4877.6,1000.0,1000.0,92.0,87.77,31.55,56,1
서대문구,대현동,2026,6,전세,연립다세대,1,19000.0,19000.0,,19000.0,19000.0,,,,0,1
서대문구,대현동,2026,6,전세,오피스텔,9,18900.0,18850.0,2604.1,16800.0,19600.0,,,,8,1
서대문구,대현동,2026,7,월세,연립다세대,6,1500.0,4666.7,7554.2,1000.0,2750.0,72.5,74.5,37.46,6,1
서대문구,대현동,2026,7,월세,오피스텔,90,1000.0,2896.9,5405.1,1000.0,1000.0,86.5,76.97,32.84,81,1
서대문구,대현동,2026,7,전세,오피스텔,6,20400.0,20150.0,3089.2,19200.0,21750.0,,,,4,1
서대문구,대현동,2026,8,월세,연립다세대,8,1000.0,1375.0,744.0,1000.0,1250.0,80.0,84.38,19.86,7,1
서대문구,대현동,2026,8,월세,오피스텔,73,1000.0,2965.8,4981.9,1000.0,3000.0,94.0,85.73,35.99,66,1
서대문구,대현동,2026,8,전세,오피스텔,5,19700.0,19332.0,1383.9,19600.0,19800.0,,,,5,1
서대문구,대현동,2026,9,월세,오피스텔,5,16500.0,15980.0,9245.4,15200.0,23100.0,5.0,31.8,55.08,2,1
서대문구,미근동,2021,1,월세,오피스텔,3,9800.0,9866.7,115.5,9800.0,9900.0,19.0,17.0,6.24,0,0
서대문구,미근동,2021,2,월세,오피스텔,1,9800.0,9800.0,,9800.0,9800.0,23.0,23.0,,0,0
서대문구,미근동,2021,3,월세,오피스텔,2,9650.0,9650.0,212.1,9575.0,9725.0,21.5,21.5,3.54,0,0
서대문구,미근동,2021,5,월세,오피스텔,2,9800.0,9800.0,0.0,9800.0,9800.0,21.5,21.5,6.36,0,0
서대문구,미근동,2021,6,월세,오피스텔,2,7400.0,7400.0,3394.1,6200.0,8600.0,29.0,29.0,12.73,2,0
서대문구,미근동,2021,8,월세,오피스텔,1,10000.0,10000.0,,10000.0,10000.0,22.0,22.0,,0,0
서대문구,미근동,2021,9,월세,오피스텔,1,5000.0,5000.0,,5000.0,5000.0,30.0,30.0,,1,0
서대문구,미근동,2021,11,월세,오피스텔,4,10000.0,9750.0,1258.3,9500.0,10250.0,19.0,18.75,2.99,2,0
서대문구,미근동,2021,12,월세,오피스텔,1,8500.0,8500.0,,8500.0,8500.0,22.0,22.0,,0,0
서대문구,미근동,2022,1,월세,오피스텔,2,7400.0,7400.0,3394.1,6200.0,8600.0,35.5,35.5,13.44,1,0
서대문구,미근동,2022,2,월세,오피스텔,10,9800.0,9610.0,578.2,9800.0,9800.0,26.0,24.6,4.06,6,0
서대문구,미근동,2022,3,월세,오피스텔,1,9800.0,9800.0,,9800.0,9800.0,26.0,26.0,,1,0
서대문구,미근동,2022,6,월세,오피스텔,2,9800.0,9800.0,0.0,9800.0,9800.0,29.0,29.0,0.0,1,0
서대문구,미근동,2022,8,월세,오피스텔,2,9800.0,9800.0,0.0,9800.0,9800.0,28.5,28.5,0.71,2,0
서대문구,미근동,2022,9,월세,오피스텔,1,9800.0,9800.0,,9800.0,9800.0,25.0,25.0,,1,0
서대문구,미근동,2022,12,월세,오피스텔,1,9800.0,9800.0,,9800.0,9800.0,29.0,29.0,,1,0
서대문구,미근동,2023,1,월세,오피스텔,4,9800.0,9800.0,0.0,9800.0,9800.0,29.0,28.25,1.5,4,0
서대문구,미근동,2023,2,월세,오피스텔,3,9800.0,9533.3,461.9,9400.0,9800.0,29.0,28.67,1.53,3,0
서대문구,미근동,2023,5,월세,오피스텔,1,9800.0,9800.0,,9800.0,9800.0,30.0,30.0,,1,0
서대문구,미근동,2023,10,월세,오피스텔,1,5000.0,5000.0,,5000.0,5000.0,45.0,45.0,,1,0
서대문구,미근동,2023,12,월세,오피스텔,1,6000.0,6000.0,,6000.0,6000.0,40.0,40.0,,1,0
서대문구,미근동,2024,1,월세,오피스텔,1,9800.0,9800.0,,9800.0,9800.0,28.0,28.0,,1,0
서대문구,미근동,2024,2,월세,오피스텔,2,7900.0,7900.0,2687.0,6950.0,8850.0,39.0,39.0,15.56,2,0
서대문구,미근동,2024,3,월세,오피스텔,2,7400.0,7400.0,3394.1,6200.0,8600.0,36.5,36.5,12.02,1,0
서대문구,미근동,2024,5,월세,오피스텔,2,5400.0,5400.0,6222.5,3200.0,7600.0,50.0,50.0,28.28,2,0
서대문구,미근동,2024,8,월세,오피스텔,1,9800.0,9800.0,,9800.0,9800.0,30.0,30.0,,1,0
서대문구,미근동,2024,9,월세,오피스텔,1,8500.0,8500.0,,8500.0,8500.0,24.0,24.0,,1,0
서대문구,미근동,2024,10,월세,오피스텔,1,11000.0,11000.0,,11000.0,11000.0,15.0,15.0,,0,0
서대문구,미근동,2024,12,월세,오피스텔,1,9500.0,9500.0,,9500.0,9500.0,25.0,25.0,,1,0
서대문구,미근동,2025,1,월세,오피스텔,4,5000.0,4000.0,2000.0,4000.0,5000.0,44.0,44.5,4.2,4,0
서대문구,미근동,2025,2,월세,오피스텔,5,9000.0,8100.0,1917.0,7500.0,9500.0,29.0,33.4,8.17,5,0
서대문구,미근동,2025,3,월세,오피스텔,1,7000.0,7000.0,,7000.0,7000.0,40.0,40.0,,1,0
서대문구,미근동,2025,4,월세,오피스텔,2,8400.0,8400.0,1979.9,7700.0,9100.0,36.0,36.0,9.9,2,0
서대문구,미근동,2025,5,월세,오피스텔,2,8250.0,8250.0,1767.8,7625.0,8875.0,30.5,30.5,6.36,2,0
서대문구,미근동,2025,6,월세,오피스텔,1,9800.0,9800.0,,9800.0,9800.0,31.0,31.0,,0,0
서대문구,미근동,2025,7,월세,오피스텔,1,5000.0,5000.0,,5000.0,5000.0,40.0,40.0,,1,0
서대문구,미근동,2025,10,월세,오피스텔,1,9000.0,9000.0,,9000.0,9000.0,35.0,35.0,,1,0
서대문구,미근동,2026,1,월세,오피스텔,2,7250.0,7250.0,3182.0,6125.0,8375.0,36.0,36.0,5.66,2,1
서대문구,미근동,2026,2,월세,오피스텔,1,6000.0,6000.0,,6000.0,6000.0,50.0,50.0,,1,1
서대문구,미근동,2026,5,월세,오피스텔,1,8500.0,8500.0,,8500.0,8500.0,30.0,30.0,,1,1
서대문구,미근동,2026,6,월세,오피스텔,1,5000.0,5000.0,,5000.0,5000.0,40.0,40.0,,0,1
서대문구,미근동,2026,7,월세,오피스텔,2,9800.0,9800.0,0.0,9800.0,9800.0,30.0,30.0,0.0,2,1
서대문구,미근동,2026,8,월세,오피스텔,1,7000.0,7000.0,,7000.0,7000.0,34.0,34.0,,1,1
서대문구,봉원동,2023,3,전세,연립다세대,1,15000.0,15000.0,,15000.0,15000.0,,,,1,0
서대문구,봉원동,2025,9,전세,연립다세대,1,38000.0,38000.0,,38000.0,38000.0,,,,1,0
서대문구,봉원동,2025,11,월세,연립다세대,1,0.0,0.0,,0.0,0.0,40.0,40.0,,1,0
서대문구,북가좌동,2021,1,월세,연립다세대,13,3000.0,2987.1,2314.0,1548.0,3736.0,35.0,41.38,22.27,1,0
서대문구,북가좌동,2021,1,월세,오피스텔,1,1000.0,1000.0,,1000.0,1000.0,40.0,40.0,,0,0
서대문구,북가좌동,2021,1,전세,연립다세대,28,19475.0,19418.9,6168.4,15000.0,22625.0,,,,0,0
서대문구,북가좌동,2021,1,전세,오피스텔,1,48800.0,48800.0,,48800.0,48800.0,,,,0,0
서대문구,북가좌동,2021,2,월세,연립다세대,9,1000.0,1977.8,2691.1,800.0,2000.0,50.0,50.78,11.96,1,0
서대문구,북가좌동,2021,2,전세,연립다세대,40,17775.0,17554.4,5335.2,14131.25,20000.0,,,,0,0
서대문구,북가좌동,2021,3,월세,연립다세대,9,2000.0,3777.8,3345.8,1000.0,7000.0,60.0,56.0,16.05,1,0
서대문구,북가좌동,2021,3,전세,연립다세대,38,21500.0,21086.8,6048.9,17250.0,25000.0,,,,4,0
서대문구,북가좌동,2021,3,전세,오피스텔,1,48800.0,48800.0,,48800.0,48800.0,,,,0,0
서대문구,북가좌동,2021,4,월세,연립다세대,13,2000.0,3676.3,3903.1,1000.0,5000.0,45.0,44.85,18.63,0,0
서대문구,북가좌동,2021,4,전세,연립다세대,31,20000.0,20426.3,6805.4,15000.0,25350.0,,,,1,0
서대문구,북가좌동,2021,5,월세,연립다세대,12,2000.0,4883.3,5705.6,1000.0,7250.0,54.0,46.92,22.01,0,0
서대문구,북가좌동,2021,5,전세,연립다세대,31,20500.0,20103.2,6760.3,17850.0,24500.0,,,,0,0
서대문구,북가좌동,2021,6,월세,연립다세대,26,4500.0,6723.1,6188.5,2000.0,10000.0,45.0,44.54,20.97,17,0
서대문구,북가좌동,2021,6,전세,연립다세대,59,20000.0,19395.8,6403.5,15475.0,22975.0,,,,33,0
서대문구,북가좌동,2021,7,월세,연립다세대,20,2000.0,4575.0,5669.1,1000.0,5000.0,54.0,53.3,26.27,13,0
서대문구,북가좌동,2021,7,월세,오피스텔,3,500.0,666.7,288.7,500.0,750.0,45.0,43.33,2.89,2,0
서대문구,북가좌동,2021,7,전세,연립다세대,46,17925.0,18580.4,5790.0,14100.0,23000.0,,,,25,0
서대문구,북가좌동,2021,8,월세,연립다세대,14,2000.0,6642.9,7604.2,1625.0,10000.0,50.0,50.71,16.74,10,0
서대문구,북가좌동,2021,8,전세,연립다세대,61,19950.0,20413.1,7796.3,15000.0,28000.0,,,,25,0
서대문구,북가좌동,2021,8,전세,오피스텔,1,27000.0,27000.0,,27000.0,27000.0,,,,1,0
서대문구,북가좌동,2021,9,월세,연립다세대,23,2000.0,5239.1,5684.6,1500.0,6500.0,50.0,52.52,21.77,17,0
서대문구,북가좌동,2021,9,전세,연립다세대,51,20000.0,20928.2,7808.4,16400.0,25500.0,,,,34,0
서대문구,북가좌동,2021,10,월세,연립다세대,23,3000.0,5333.1,5351.7,1000.0,10000.0,45.0,44.52,25.98,17,0
서대문구,북가좌동,2021,10,월세,오피스텔,1,500.0,500.0,,500.0,500.0,50.0,50.0,,1,0
서대문구,북가좌동,2021,10,전세,연립다세대,49,20000.0,20448.0,7744.4,15500.0,26500.0,,,,27,0
서대문구,북가좌동,2021,11,월세,연립다세대,19,4000.0,4305.3,3241.8,2000.0,5000.0,45.0,45.79,17.25,16,0
서대문구,북가좌동,2021,11,월세,오피스텔,1,500.0,500.0,,500.0,500.0,45.0,45.0,,1,0
서대문구,북가좌동,2021,11,전세,연립다세대,48,22650.0,22066.7,8007.8,16450.0,27250.0,,,,29,0
서대문구,북가좌동,2021,12,월세,연립다세대,24,1864.0,3337.2,3992.3,875.0,3000.0,50.0,43.88,20.93,16,0
서대문구,북가좌동,2021,12,월세,오피스텔,2,750.0,750.0,353.6,625.0,875.0,52.5,52.5,10.61,2,0
서대문구,북가좌동,2021,12,전세,연립다세대,69,19000.0,19653.3,7296.0,13000.0,25000.0,,,,46,0
서대문구,북가좌동,2022,1,월세,연립다세대,9,2000.0,3055.6,2941.6,1000.0,3000.0,50.0,53.11,17.09,6,0
서대문구,북가좌동,2022,1,전세,연립다세대,49,18000.0,19452.7,6367.5,15000.0,24000.0,,,,32,0
서대문구,북가좌동,2022,2,월세,연립다세대,42,3500.0,6024.1,6123.0,1125.0,7000.0,45.0,46.26,18.93,26,0
서대문구,북가좌동,2022,2,월세,오피스텔,1,500.0,500.0,,500.0,500.0,45.0,45.0,,1,0
서대문구,북가좌동,2022,2,전세,연립다세대,60,20000.0,20412.8,6017.0,15750.0,24000.0,,,,27,0
서대문구,북가좌동,2022,3,월세,연립다세대,23,2000.0,5521.7,6278.5,1000.0,10000.0,55.0,47.83,22.9,18,0
서대문구,북가좌동,2022,3,전세,연립다세대,63,18000.0,18649.5,6031.7,14500.0,23000.0,,,,40,0
서대문구,북가좌동,2022,3,전세,오피스텔,1,7500.0,7500.0,,7500.0,7500.0,,,,1,0
서대문구,북가좌동,2022,4,월세,연립다세대,29,2000.0,3624.1,5206.8,1000.0,3000.0,55.0,52.83,21.02,18,0
서대문구,북가좌동,2022,4,전세,연립다세대,51,20000.0,20385.3,8293.2,15750.0,25000.0,,,,34,0
서대문구,북가좌동,2022,5,월세,연립다세대,26,3000.0,5038.5,5504.4,1125.0,6500.0,50.0,48.85,18.14,20,0
서대문구,북가좌동,2022,5,월세,오피스텔,1,1000.0,1000.0,,1000.0,1000.0,50.0,50.0,,1,0
서대문구,북가좌동,2022,5,전세,연립다세대,63,21000.0,20358.7,6931.7,15500.0,25100.0,,,,31,0
서대문구,북가좌동,2022,6,월세,연립다세대,28,2000.0,5209.5,5488.5,1000.0,6750.0,43.5,44.07,23.44,18,0
서대문구,북가좌동,2022,6,전세,연립다세대,54,21000.0,21538.0,7318.1,16575.0,25000.0,,,,30,0
서대문구,북가좌동,2022,6,전세,오피스텔,1,17000.0,17000.0,,17000.0,17000.0,,,,1,0
서대문구,북가좌동,2022,7,월세,연립다세대,23,3000.0,3826.1,3961.8,1000.0,5000.0,50.0,53.61,22.94,20,0
서대문구,북가좌동,2022,7,전세,연립다세대,41,21000.0,20454.6,5235.8,18000.0,24000.0,,,,18,0
서대문구,북가좌동,2022,8,월세,연립다세대,32,3000.0,5801.6,6205.5,1000.0,10000.0,45.0,44.16,19.81,19,0
서대문구,북가좌동,2022,8,월세,오피스텔,3,1000.0,1000.0,0.0,1000.0,1000.0,50.0,53.33,5.77,3,0
서대문구,북가좌동,2022,8,전세,연립다세대,51,20000.0,20717.2,7647.3,16000.0,25000.0,,,,32,0
서대문구,북가좌동,2022,9,월세,연립다세대,27,3000.0,5869.9,5801.4,1250.0,10500.0,45.0,45.52,27.61,17,0
서대문구,북가좌동,2022,9,월세,오피스텔,1,1000.0,1000.0,,1000.0,1000.0,40.0,40.0,,1,0
서대문구,북가좌동,2022,9,전세,연립다세대,45,21000.0,20218.9,6657.0,16000.0,25000.0,,,,24,0
서대문구,북가좌동,2022,10,월세,연립다세대,30,3000.0,5065.0,5150.9,1000.0,9250.0,60.0,54.43,33.07,25,0
서대문구,북가좌동,2022,10,월세,오피스텔,1,1000.0,1000.0,,1000.0,1000.0,50.0,50.0,,1,0
서대문구,북가좌동,2022,10,전세,연립다세대,42,17850.0,17871.5,4864.2,15000.0,20850.0,,,,19,0
서대문구,북가좌동,2022,11,월세,연립다세대,19,3000.0,5000.0,6103.3,2000.0,3500.0,60.0,59.84,23.88,13,0
서대문구,북가좌동,2022,11,월세,오피스텔,1,1000.0,1000.0,,1000.0,1000.0,40.0,40.0,,1,0
서대문구,북가좌동,2022,11,전세,연립다세대,44,19500.0,18302.0,6373.4,13750.0,23025.0,,,,22,0
서대문구,북가좌동,2022,11,전세,오피스텔,1,25000.0,25000.0,,25000.0,25000.0,,,,0,0
서대문구,북가좌동,2022,12,월세,연립다세대,32,2000.0,4437.5,5073.3,1000.0,5000.0,55.0,53.47,17.73,22,0
서대문구,북가좌동,2022,12,전세,연립다세대,44,20000.0,19568.6,6324.2,15000.0,24000.0,,,,25,0
서대문구,북가좌동,2023,1,월세,연립다세대,24,3000.0,5470.8,5109.1,1000.0,11475.0,47.5,41.71,24.35,17,0
서대문구,북가좌동,2023,1,월세,오피스텔,1,500.0,500.0,,500.0,500.0,47.0,47.0,,1,0
서대문구,북가좌동,2023,1,전세,연립다세대,30,20000.0,19346.7,7585.8,12750.0,25250.0,,,,17,0
서대문구,북가좌동,2023,2,월세,연립다세대,34,2000.0,4071.4,4489.1,1000.0,4000.0,47.5,48.97,21.97,23,0
서대문구,북가좌동,2023,2,월세,오피스텔,2,5000.0,5000.0,0.0,5000.0,5000.0,47.5,47.5,31.82,2,0
서대문구,북가좌동,2023,2,전세,연립다세대,50,17470.0,18141.6,6055.7,16000.0,21750.0,,,,29,0
서대문구,북가좌동,2023,2,전세,오피스텔,1,25000.0,25000.0,,25000.0,25000.0,,,,1,0
서대문구,북가좌동,2023,3,월세,연립다세대,37,3736.0,8060.4,7247.2,3000.0,13000.0,50.0,49.41,32.99,25,0
서대문구,북가좌동,2023,3,전세,연립다세대,36,19000.0,18582.9,5827.1,15506.25,22930.0,,,,22,0
서대문구,북가좌동,2023,3,전세,오피스텔,2,26000.0,26000.0,1414.2,25500.0,26500.0,,,,2,0
서대문구,북가좌동,2023,4,월세,연립다세대,33,4703.0,5900.7,5618.5,1000.0,10000.0,50.0,54.21,39.76,23,0
서대문구,북가좌동,2023,4,전세,연립다세대,36,19250.0,17666.7,6334.5,14700.0,22000.0,,,,23,0
서대문구,북가좌동,2023,5,월세,연립다세대,24,3000.0,6733.3,7116.4,1000.0,12750.0,50.0,49.38,21.58,19,0
서대문구,북가좌동,2023,5,전세,연립다세대,33,18000.0,18128.8,5572.7,14700.0,21000.0,,,,18,0
서대문구,북가좌동,2023,6,월세,연립다세대,30,5605.0,7823.1,6435.6,3000.0,12125.0,40.0,43.67,29.74,24,0
서대문구,북가좌동,2023,6,월세,오피스텔,4,750.0,750.0,288.7,500.0,1000.0,47.5,47.5,6.45,3,0
서대문구,북가좌동,2023,6,전세,연립다세대,29,18000.0,18065.5,4778.4,15000.0,21500.0,,,,22,0
서대문구,북가좌동,2023,7,월세,연립다세대,27,5360.0,5299.1,4143.3,3000.0,6391.5,47.0,44.22,26.77,14,0
서대문구,북가좌동,2023,7,전세,연립다세대,39,17000.0,17776.4,6762.8,13500.0,21000.0,,,,26,0
서대문구,북가좌동,2023,8,월세,연립다세대,55,5420.0,7518.1,6957.9,2000.0,12350.0,30.0,41.25,29.28,31,0
서대문구,북가좌동,2023,8,월세,오피스텔,1,1000.0,1000.0,,1000.0,1000.0,60.0,60.0,,1,0
서대문구,북가좌동,2023,8,전세,연립다세대,53,18000.0,17924.5,5388.2,15000.0,22000.0,,,,37,0
서대문구,북가좌동,2023,9,월세,연립다세대,42,4000.0,5608.3,5322.9,1625.0,7925.0,55.0,52.24,28.04,33,0
서대문구,북가좌동,2023,9,전세,연립다세대,56,19000.0,18146.4,5900.7,15000.0,22000.0,,,,41,0
서대문구,북가좌동,2023,10,월세,연립다세대,27,3000.0,4882.3,5573.2,1500.0,5000.0,55.0,51.33,25.74,22,0
서대문구,북가좌동,2023,10,전세,연립다세대,45,18000.0,17492.2,6540.3,12500.0,21600.0,,,,33,0
서대문구,북가좌동,2023,11,월세,연립다세대,38,5000.0,6259.2,5470.2,3000.0,9250.0,50.0,60.26,30.02,28,0
서대문구,북가좌동,2023,11,월세,오피스텔,1,1000.0,1000.0,,1000.0,1000.0,50.0,50.0,,1,0
서대문구,북가좌동,2023,11,전세,연립다세대,38,16000.0,18319.7,7660.2,12850.0,23500.0,,,,22,0
서대문구,북가좌동,2023,12,월세,연립다세대,37,2140.0,4610.1,5265.4,1000.0,5000.0,48.0,49.16,26.52,30,0
서대문구,북가좌동,2023,12,전세,연립다세대,31,17000.0,18619.4,5420.0,15000.0,22650.0,,,,20,0
서대문구,북가좌동,2024,1,월세,연립다세대,42,3000.0,5466.1,4165.6,3000.0,7000.0,55.0,62.9,33.27,35,0
서대문구,북가좌동,2024,1,월세,오피스텔,1,5000.0,5000.0,,5000.0,5000.0,73.0,73.0,,0,0
서대문구,북가좌동,2024,1,전세,연립다세대,34,18350.0,18017.4,5846.5,15000.0,20000.0,,,,18,0
서대문구,북가좌동,2024,2,월세,연립다세대,37,3470.0,7367.2,7433.9,2000.0,10000.0,50.0,48.51,25.97,29,0
서대문구,북가좌동,2024,2,월세,오피스텔,1,9900.0,9900.0,,9900.0,9900.0,25.0,25.0,,1,0
서대문구,북가좌동,2024,2,전세,연립다세대,42,20000.0,19137.1,6498.7,16050.0,23000.0,,,,27,0
서대문구,북가좌동,2024,3,월세,연립다세대,37,3000.0,7381.1,7449.7,2000.0,11100.0,60.0,53.65,27.41,34,0
서대문구,북가좌동,2024,3,월세,오피스텔,2,3500.0,3500.0,3535.5,2250.0,4750.0,37.5,37.5,17.68,1,0
서대문구,북가좌동,2024,3,전세,연립다세대,39,20000.0,19110.3,5047.8,17000.0,22000.0,,,,29,0
서대문구,북가좌동,2024,4,월세,연립다세대,41,8950.0,8572.0,6964.9,2000.0,15000.0,40.0,38.9,23.2,36,0
서대문구,북가좌동,2024,4,전세,연립다세대,25,21000.0,19438.7,7334.8,13400.0,25000.0,,,,20,0
서대문구,북가좌동,2024,4,전세,오피스텔,1,30000.0,30000.0,,30000.0,30000.0,,,,1,0
서대문구,북가좌동,2024,5,월세,연립다세대,40,4500.0,6600.3,6372.1,2000.0,10250.0,45.0,48.2,26.91,35,0
서대문구,북가좌동,2024,5,월세,오피스텔,1,500.0,500.0,,500.0,500.0,60.0,60.0,,1,0
서대문구,북가좌동,2024,5,전세,연립다세대,41,18000.0,18188.8,5566.0,15800.0,21000.0,,,,29,0
서대문구,북가좌동,2024,6,월세,연립다세대,31,5000.0,9159.7,8109.6,2000.0,16850.0,30.0,41.39,27.51,27,0
서대문구,북가좌동,2024,6,월세,오피스텔,2,1250.0,1250.0,353.6,1125.0,1375.0,45.0,45.0,7.07,2,0
서대문구,북가좌동,2024,6,전세,연립다세대,36,19075.0,17604.2,5511.8,13000.0,20500.0,,,,25,0
서대문구,북가좌동,2024,7,월세,연립다세대,35,7400.0,9135.7,7571.3,2000.0,13875.0,45.0,41.4,23.16,32,0
서대문구,북가좌동,2024,7,월세,오피스텔,3,2000.0,5000.0,6082.8,1500.0,7000.0,55.0,46.67,18.93,2,0
서대문구,북가좌동,2024,7,전세,연립다세대,30,20000.0,18830.6,6421.5,12625.0,23075.0,,,,22,0
서대문구,북가좌동,2024,8,월세,연립다세대,42,3000.0,7322.6,7616.7,1000.0,13375.0,40.0,45.02,26.26,35,0
서대문구,북가좌동,2024,8,전세,연립다세대,27,20000.0,19272.2,7098.3,12125.0,24000.0,,,,14,0
서대문구,북가좌동,2024,9,월세,연립다세대,24,3000.0,6486.0,7102.4,1000.0,10200.0,48.0,47.38,30.73,21,0
서대문구,북가좌동,2024,9,월세,오피스텔,1,500.0,500.0,,500.0,500.0,49.0,49.0,,1,0
서대문구,북가좌동,2024,9,전세,연립다세대,28,19000.0,19551.4,5771.9,15000.0,23000.0,,,,18,0
서대문구,북가좌동,2024,10,월세,연립다세대,46,5000.0,8597.2,7331.0,2000.0,13000.0,50.0,48.43,28.39,41,0
서대문구,북가좌동,2024,10,월세,오피스텔,1,1000.0,1000.0,,1000.0,1000.0,50.0,50.0,,1,0
서대문구,북가좌동,2024,10,전세,연립다세대,36,17350.0,18145.8,7513.2,12000.0,21500.0,,,,28,0
서대문구,북가좌동,2024,11,월세,연립다세대,34,3000.0,6573.5,6939.1,2000.0,10000.0,55.0,58.53,27.24,32,0
서대문구,북가좌동,2024,11,월세,오피스텔,1,500.0,500.0,,500.0,500.0,55.0,55.0,,1,0
서대문구,북가좌동,2024,11,전세,연립다세대,24,21000.0,20940.2,8261.9,14637.5,27250.0,,,,14,0
서대문구,북가좌동,2024,12,월세,연립다세대,44,3961.5,6520.6,6555.9,1500.0,10000.0,41.5,46.98,37.99,39,0
서대문구,북가좌동,2024,12,전세,연립다세대,29,22000.0,20347.6,6114.0,15000.0,25000.0,,,,12,0
서대문구,북가좌동,2025,1,월세,연립다세대,34,3000.0,5564.7,5555.0,1000.0,9000.0,50.0,55.26,31.92,29,0
서대문구,북가좌동,2025,1,월세,오피스텔,4,1000.0,1875.0,2096.6,875.0,2000.0,53.5,58.25,12.01,3,0
서대문구,북가좌동,2025,1,전세,연립다세대,22,18000.0,19141.8,6821.5,15250.0,24750.0,,,,17,0
서대문구,북가좌동,2025,2,월세,연립다세대,38,5000.0,7748.9,6656.6,2325.0,13750.0,46.0,46.16,24.11,29,0
서대문구,북가좌동,2025,2,전세,연립다세대,34,17820.0,18500.0,6709.9,14250.0,20750.0,,,,25,0
서대문구,북가좌동,2025,3,월세,연립다세대,43,3000.0,6182.6,6461.0,1000.0,10500.0,52.0,51.49,30.8,36,0
서대문구,북가좌동,2025,3,월세,오피스텔,2,1000.0,1000.0,707.1,750.0,1250.0,47.0,47.0,2.83,2,0
서대문구,북가좌동,2025,3,전세,연립다세대,37,18000.0,17357.3,4717.4,15000.0,20000.0,,,,24,0
서대문구,북가좌동,2025,4,월세,연립다세대,40,5000.0,7046.1,6520.4,1750.0,10500.0,45.0,48.58,27.5,30,0
서대문구,북가좌동,2025,4,월세,오피스텔,5,3000.0,2800.0,1788.9,1000.0,4000.0,60.0,68.0,22.8,5,0
서대문구,북가좌동,2025,4,전세,연립다세대,34,18450.0,17735.0,7015.1,11500.0,21875.0,,,,25,0
서대문구,북가좌동,2025,5,월세,연립다세대,45,5000.0,8264.8,6870.0,2000.0,14000.0,50.0,49.62,32.24,34,0
서대문구,북가좌동,2025,5,월세,오피스텔,1,500.0,500.0,,500.0,500.0,60.0,60.0,,1,0
서대문구,북가좌동,2025,5,전세,연립다세대,27,20000.0,20031.5,5556.2,15675.0,23250.0,,,,17,0
서대문구,북가좌동,2025,5,전세,오피스텔,1,28000.0,28000.0,,28000.0,28000.0,,,,1,0
서대문구,북가좌동,2025,6,월세,연립다세대,34,5000.0,7594.8,6774.5,2000.0,13600.0,43.5,51.18,46.1,23,0
서대문구,북가좌동,2025,6,전세,연립다세대,18,17000.0,18250.0,6002.5,14000.0,23000.0,,,,13,0
서대문구,북가좌동,2025,7,월세,연립다세대,44,2000.0,5013.9,6589.8,742.5,6158.25,60.0,61.7,34.37,40,0
서대문구,북가좌동,2025,7,월세,오피스텔,2,750.0,750.0,353.6,625.0,875.0,57.5,57.5,3.54,2,0
서대문구,북가좌동,2025,7,전세,연립다세대,24,16500.0,17766.7,7814.2,12375.0,21250.0,,,,15,0
서대문구,북가좌동,2025,8,월세,연립다세대,37,5000.0,6818.9,6286.8,2000.0,12000.0,55.0,54.95,29.88,33,0
서대문구,북가좌동,2025,8,월세,오피스텔,6,1000.0,1500.0,836.7,1000.0,1750.0,55.0,54.17,7.36,6,0
서대문구,북가좌동,2025,8,전세,연립다세대,32,20000.0,18068.8,6331.3,14950.0,23000.0,,,,16,0
서대문구,북가좌동,2025,9,월세,연립다세대,34,3000.0,4785.5,5237.1,1000.0,6605.75,42.5,44.82,28.21,29,0
서대문구,북가좌동,2025,9,전세,연립다세대,36,18000.0,19663.9,6485.6,15875.0,25000.0,,,,24,0
서대문구,북가좌동,2025,10,월세,연립다세대,38,3000.0,7177.3,7305.1,1250.0,13000.0,45.0,49.76,32.61,29,0
서대문구,북가좌동,2025,10,월세,오피스텔,1,1000.0,1000.0,,1000.0,1000.0,60.0,60.0,,1,0
서대문구,북가좌동,2025,10,전세,연립다세대,24,15850.0,16387.5,4815.4,13150.0,18500.0,,,,22,0
서대문구,북가좌동,2025,11,월세,연립다세대,30,5000.0,7518.5,6918.9,1250.0,11547.5,45.0,44.47,25.02,23,0
서대문구,북가좌동,2025,11,월세,오피스텔,1,5700.0,5700.0,,5700.0,5700.0,25.0,25.0,,1,0
서대문구,북가좌동,2025,11,전세,연립다세대,24,17000.0,17859.2,6071.2,14750.0,21950.0,,,,21,0
서대문구,북가좌동,2025,12,월세,연립다세대,53,3000.0,5779.3,6620.9,1000.0,10000.0,55.0,49.51,28.14,45,0
서대문구,북가좌동,2025,12,전세,연립다세대,22,17750.0,18363.6,7557.8,13000.0,23800.0,,,,15,0
서대문구,북가좌동,2026,1,월세,연립다세대,48,3500.0,6519.4,6431.0,1652.25,10500.0,50.0,50.42,31.23,40,1
서대문구,북가좌동,2026,1,월세,오피스텔,1,1000.0,1000.0,,1000.0,1000.0,65.0,65.0,,1,1
서대문구,북가좌동,2026,1,전세,연립다세대,32,17700.0,18368.8,5859.8,14500.0,21175.0,,,,25,1
서대문구,북가좌동,2026,2,월세,연립다세대,47,3000.0,5266.8,5938.6,1000.0,7000.0,47.0,52.28,34.29,32,1
서대문구,북가좌동,2026,2,월세,오피스텔,1,1000.0,1000.0,,1000.0,1000.0,65.0,65.0,,1,1
서대문구,북가좌동,2026,2,전세,연립다세대,27,18000.0,18051.9,5406.4,15900.0,20950.0,,,,20,1
서대문구,북가좌동,2026,3,월세,연립다세대,94,525.0,3588.4,6139.6,500.0,3000.0,33.0,39.6,20.45,87,1
서대문구,북가좌동,2026,3,월세,오피스텔,1,500.0,500.0,,500.0,500.0,60.0,60.0,,1,1
서대문구,북가좌동,2026,3,전세,연립다세대,25,17000.0,17129.2,5791.7,13000.0,20000.0,,,,14,1
서대문구,북가좌동,2026,4,월세,연립다세대,46,7975.0,8502.7,7678.5,1000.0,13750.0,34.0,41.8,23.26,34,1
서대문구,북가좌동,2026,4,월세,오피스텔,3,1000.0,1200.0,818.5,750.0,1550.0,60.0,59.33,1.15,1,1
서대문구,북가좌동,2026,4,전세,연립다세대,41,20000.0,20473.2,6951.6,15000.0,25000.0,,,,27,1
서대문구,북가좌동,2026,5,월세,연립다세대,53,5000.0,8145.1,7329.5,1000.0,13000.0,40.0,43.6,30.29,41,1
서대문구,북가좌동,2026,5,월세,오피스텔,1,1000.0,1000.0,,1000.0,1000.0,60.0,60.0,,1,1
서대문구,북가좌동,2026,5,전세,연립다세대,15,20500.0,18226.7,6182.3,14000.0,23000.0,,,,10,1
서대문구,북가좌동,2026,6,월세,연립다세대,41,5000.0,8241.6,8404.7,2000.0,13000.0,50.0,54.27,34.85,32,1
서대문구,북가좌동,2026,6,월세,오피스텔,2,1000.0,1000.0,0.0,1000.0,1000.0,65.0,65.0,7.07,2,1
서대문구,북가좌동,2026,6,전세,연립다세대,21,20000.0,20154.9,6519.7,15000.0,25000.0,,,,10,1
서대문구,북가좌동,2026,7,월세,연립다세대,45,5000.0,7535.6,6804.4,2000.0,12000.0,49.0,54.42,31.57,40,1
서대문구,북가좌동,2026,7,월세,오피스텔,5,11000.0,10000.0,9899.5,1000.0,12000.0,28.0,39.2,19.27,3,1
서대문구,북가좌동,2026,7,전세,연립다세대,18,15500.0,16855.6,5895.0,12400.0,20250.0,,,,14,1
서대문구,북가좌동,2026,8,월세,연립다세대,33,7000.0,9044.7,9324.4,1000.0,15300.0,45.0,41.7,24.13,25,1
서대문구,북가좌동,2026,8,월세,오피스텔,2,1000.0,1000.0,0.0,1000.0,1000.0,60.0,60.0,0.0,2,1
서대문구,북가좌동,2026,8,전세,연립다세대,14,20000.0,22353.6,6409.0,18025.0,28750.0,,,,9,1
서대문구,북가좌동,2026,9,월세,연립다세대,13,5000.0,11261.6,10291.8,2401.0,21000.0,45.0,42.0,19.8,7,1
서대문구,북가좌동,2026,9,전세,연립다세대,5,14000.0,14500.0,4847.7,12000.0,19000.0,,,,3,1
서대문구,북아현동,2021,1,월세,연립다세대,1,2000.0,2000.0,,2000.0,2000.0,60.0,60.0,,0,0
서대문구,북아현동,2021,1,월세,오피스텔,2,1500.0,1500.0,707.1,1250.0,1750.0,84.0,84.0,5.66,0,0
서대문구,북아현동,2021,1,전세,연립다세대,11,22000.0,22881.8,9408.7,14850.0,31250.0,,,,0,0
서대문구,북아현동,2021,2,월세,연립다세대,3,3000.0,7833.3,10610.5,1750.0,11500.0,47.0,70.67,47.18,0,0
서대문구,북아현동,2021,2,월세,오피스텔,2,10500.0,10500.0,13435.0,5750.0,15250.0,51.5,51.5,57.28,0,0
서대문구,북아현동,2021,2,전세,연립다세대,6,30200.0,29800.0,6034.6,29250.0,30400.0,,,,0,0
서대문구,북아현동,2021,2,전세,오피스텔,1,26500.0,26500.0,,26500.0,26500.0,,,,0,0
서대문구,북아현동,2021,3,월세,연립다세대,1,10000.0,10000.0,,10000.0,10000.0,50.0,50.0,,0,0
서대문구,북아현동,2021,3,월세,오피스텔,3,1000.0,1666.7,1154.7,1000.0,2000.0,85.0,83.33,2.89,0,0
서대문구,북아현동,2021,3,전세,연립다세대,7,17700.0,17585.7,7505.2,12000.0,24100.0,,,,0,0
서대문구,북아현동,2021,3,전세,오피스텔,2,23250.0,23250.0,4596.2,21625.0,24875.0,,,,0,0
서대문구,북아현동,2021,4,월세,연립다세대,2,4750.0,4750.0,3889.1,3375.0,6125.0,65.0,65.0,63.64,0,0
서대문구,북아현동,2021,4,전세,연립다세대,16,19250.0,21712.5,8889.2,17000.0,23650.0,,,,0,0
서대문구,북아현동,2021,4,전세,오피스텔,1,29000.0,29000.0,,29000.0,29000.0,,,,0,0
서대문구,북아현동,2021,5,월세,연립다세대,1,200.0,200.0,,200.0,200.0,40.0,40.0,,0,0
서대문구,북아현동,2021,5,월세,오피스텔,1,17500.0,17500.0,,17500.0,17500.0,30.0,30.0,,0,0
서대문구,북아현동,2021,5,전세,연립다세대,16,22750.0,24361.9,9968.4,18592.5,31500.0,,,,0,0
서대문구,북아현동,2021,5,전세,오피스텔,5,27000.0,26591.6,1208.5,25358.0,27300.0,,,,0,0
서대문구,북아현동,2021,6,월세,연립다세대,6,2000.0,3900.0,4772.8,1000.0,4500.0,50.0,41.67,17.51,3,0
서대문구,북아현동,2021,6,월세,오피스텔,2,13000.0,13000.0,16970.6,7000.0,19000.0,53.5,53.5,54.45,1,0
서대문구,북아현동,2021,6,전세,연립다세대,13,23100.0,22276.9,8507.2,18500.0,28000.0,,,,4,0
서대문구,북아현동,2021,6,전세,오피스텔,1,29000.0,29000.0,,29000.0,29000.0,,,,0,0
서대문구,북아현동,2021,7,월세,연립다세대,4,5000.0,4500.0,1732.1,4250.0,5250.0,60.0,65.0,17.32,0,0
서대문구,북아현동,2021,7,월세,오피스텔,1,1000.0,1000.0,,1000.0,1000.0,90.0,90.0,,1,0
서대문구,북아현동,2021,7,전세,연립다세대,8,26500.0,27375.0,11121.9,22750.0,34750.0,,,,4,0
서대문구,북아현동,2021,7,전세,오피스텔,2,29750.0,29750.0,353.6,29625.0,29875.0,,,,0,0
서대문구,북아현동,2021,8,월세,연립다세대,2,1350.0,1350.0,919.2,1025.0,1675.0,51.0,51.0,15.56,2,0
서대문구,북아현동,2021,8,전세,연립다세대,17,25000.0,22889.7,9145.8,15200.0,30000.0,,,,6,0
서대문구,북아현동,2021,8,전세,오피스텔,1,30000.0,30000.0,,30000.0,30000.0,,,,1,0
서대문구,북아현동,2021,9,월세,연립다세대,6,1000.0,4666.7,7706.0,775.0,4000.0,44.5,51.83,31.93,4,0
서대문구,북아현동,2021,9,월세,오피스텔,1,1000.0,1000.0,,1000.0,1000.0,87.0,87.0,,1,0
서대문구,북아현동,2021,9,전세,연립다세대,9,32500.0,33872.2,12579.9,28350.0,33000.0,,,,2,0
서대문구,북아현동,2021,10,월세,연립다세대,7,6000.0,6214.3,4878.7,2650.0,10000.0,45.0,48.43,24.48,3,0
서대문구,북아현동,2021,10,월세,오피스텔,1,10000.0,10000.0,,10000.0,10000.0,63.0,63.0,,0,0
서대문구,북아현동,2021,10,전세,연립다세대,14,19000.0,20903.6,12791.0,11000.0,26550.0,,,,7,0
서대문구,북아현동,2021,11,월세,연립다세대,4,2000.0,8750.0,14198.0,1000.0,9750.0,32.5,31.25,21.75,2,0
서대문구,북아현동,2021,11,월세,오피스텔,2,1000.0,1000.0,0.0,1000.0,1000.0,90.0,90.0,0.0,1,0
서대문구,북아현동,2021,11,전세,연립다세대,15,31000.0,27950.0,12533.6,23000.0,35875.0,,,,11,0
서대문구,북아현동,2021,12,월세,연립다세대,6,8000.0,10250.0,9847.6,2000.0,19250.0,30.0,35.0,16.43,1,0
서대문구,북아현동,2021,12,월세,오피스텔,2,1000.0,1000.0,0.0,1000.0,1000.0,92.5,92.5,2.12,2,0
서대문구,북아현동,2021,12,전세,연립다세대,14,16000.0,20239.3,13279.7,10500.0,26750.0,,,,7,0
서대문구,북아현동,2022,1,월세,연립다세대,11,1000.0,2772.7,4238.9,1000.0,2500.0,50.0,45.27,12.84,10,0
서대문구,북아현동,2022,1,월세,오피스텔,5,1000.0,1000.0,0.0,1000.0,1000.0,95.0,94.0,1.41,4,0
서대문구,북아현동,2022,1,전세,연립다세대,18,24000.0,24766.7,10590.4,16100.0,35000.0,,,,11,0
서대문구,북아현동,2022,1,전세,오피스텔,1,22200.0,22200.0,,22200.0,22200.0,,,,0,0
서대문구,북아현동,2022,2,월세,연립다세대,7,1000.0,9371.4,10666.1,1000.0,19500.0,40.0,37.29,17.13,7,0
서대문구,북아현동,2022,2,전세,연립다세대,18,30000.0,25883.3,11087.3,15750.0,35000.0,,,,12,0
서대문구,북아현동,2022,2,전세,오피스텔,3,30000.0,29833.3,763.8,29500.0,30250.0,,,,2,0
서대문구,북아현동,2022,3,월세,연립다세대,4,5500.0,6625.0,7087.3,875.0,11250.0,31.0,30.5,17.92,3,0
서대문구,북아현동,2022,3,월세,오피스텔,5,5000.0,6900.0,7829.4,1000.0,7500.0,75.0,70.8,24.07,4,0
서대문구,북아현동,2022,3,전세,연립다세대,22,18500.0,21786.4,11576.1,12250.0,28000.0,,,,15,0
서대문구,북아현동,2022,4,월세,연립다세대,4,5500.0,5325.0,5405.8,825.0,10000.0,30.0,34.25,14.34,3,0
서대문구,북아현동,2022,4,월세,오피스텔,4,1000.0,3250.0,4500.0,1000.0,3250.0,89.5,82.0,18.17,3,0
서대문구,북아현동,2022,4,전세,연립다세대,19,25200.0,23400.0,6978.8,20000.0,26200.0,,,,8,0
서대문구,북아현동,2022,4,전세,오피스텔,2,29500.0,29500.0,707.1,29250.0,29750.0,,,,1,0
서대문구,북아현동,2022,5,월세,연립다세대,4,2500.0,2125.0,1181.5,1625.0,3000.0,59.0,60.5,15.59,4,0
서대문구,북아현동,2022,5,월세,오피스텔,1,1000.0,1000.0,,1000.0,1000.0,91.0,91.0,,1,0
서대문구,북아현동,2022,5,전세,연립다세대,8,25500.0,25237.5,10880.9,18500.0,32000.0,,,,5,0
서대문구,북아현동,2022,6,월세,연립다세대,4,2500.0,3825.0,4264.9,1575.0,4750.0,62.5,53.75,22.87,3,0
서대문구,북아현동,2022,6,월세,오피스텔,3,1000.0,5931.3,8541.3,1000.0,8397.0,92.0,71.0,36.37,1,0
서대문구,북아현동,2022,6,전세,연립다세대,14,16005.0,21782.6,13486.8,10710.25,30000.0,,,,6,0
서대문구,북아현동,2022,7,월세,연립다세대,3,6000.0,5333.3,2081.7,4500.0,6500.0,55.0,43.33,20.21,3,0
서대문구,북아현동,2022,7,월세,오피스텔,2,1000.0,1000.0,0.0,1000.0,1000.0,96.0,96.0,2.83,2,0
서대문구,북아현동,2022,7,전세,연립다세대,15,26200.0,26404.3,13922.9,17500.0,30975.0,,,,9,0
서대문구,북아현동,2022,7,전세,오피스텔,1,30450.0,30450.0,,30450.0,30450.0,,,,0,0
서대문구,북아현동,2022,8,월세,연립다세대,7,1000.0,1214.3,566.9,1000.0,1500.0,52.0,60.29,24.37,7,0
서대문구,북아현동,2022,8,월세,오피스텔,1,18000.0,18000.0,,18000.0,18000.0,31.0,31.0,,0,0
서대문구,북아현동,2022,8,전세,연립다세대,16,20000.0,22578.1,9595.0,15562.5,30500.0,,,,10,0
서대문구,북아현동,2022,8,전세,오피스텔,2,27000.0,27000.0,4242.6,25500.0,28500.0,,,,1,0
서대문구,북아현동,2022,9,월세,연립다세대,3,3000.0,6666.7,7234.2,2500.0,9000.0,70.0,66.67,15.28,2,0
서대문구,북아현동,2022,9,월세,오피스텔,1,1000.0,1000.0,,1000.0,1000.0,100.0,100.0,,1,0
서대문구,북아현동,2022,9,전세,연립다세대,17,21000.0,21047.1,6559.6,15000.0,25000.0,,,,11,0
서대문구,북아현동,2022,9,전세,오피스텔,1,29000.0,29000.0,,29000.0,29000.0,,,,0,0
서대문구,북아현동,2022,10,월세,연립다세대,7,5000.0,9571.4,6924.8,5000.0,14500.0,75.0,78.57,45.34,6,0
서대문구,북아현동,2022,10,전세,연립다세대,9,17500.0,19055.6,10603.1,9000.0,29000.0,,,,6,0
서대문구,북아현동,2022,11,월세,연립다세대,6,3000.0,7166.7,9432.2,1000.0,8750.0,137.5,110.5,77.96,5,0
서대문구,북아현동,2022,11,월세,오피스텔,3,1000.0,1000.0,0.0,1000.0,1000.0,95.0,98.33,5.77,3,0
서대문구,북아현동,2022,11,전세,연립다세대,6,19922.5,19224.2,6126.4,15836.25,23750.0,,,,4,0
서대문구,북아현동,2022,12,월세,연립다세대,11,1500.0,4090.9,4397.8,1000.0,5000.0,45.0,55.55,35.29,10,0
서대문구,북아현동,2022,12,월세,오피스텔,6,1000.0,1000.0,0.0,1000.0,1000.0,95.0,98.33,6.06,3,0
서대문구,북아현동,2022,12,전세,연립다세대,3,10000.0,15500.0,12678.7,8250.0,20000.0,,,,3,0
서대문구,북아현동,2023,1,월세,연립다세대,6,1500.0,3000.0,3521.4,1000.0,2750.0,53.5,57.0,35.01,4,0
서대문구,북아현동,2023,1,월세,오피스텔,2,1000.0,1000.0,0.0,1000.0,1000.0,105.0,105.0,14.14,2,0
서대문구,북아현동,2023,1,전세,연립다세대,8,18925.0,21231.2,6595.4,16500.0,24750.0,,,,6,0
서대문구,북아현동,2023,1,전세,오피스텔,1,30000.0,30000.0,,30000.0,30000.0,,,,1,0
서대문구,북아현동,2023,2,월세,연립다세대,10,3000.0,5950.0,7499.8,1625.0,4500.0,65.0,75.9,37.97,9,0
서대문구,북아현동,2023,2,전세,연립다세대,12,16025.0,19837.5,8405.5,13750.0,30000.0,,,,7,0
서대문구,북아현동,2023,2,전세,오피스텔,2,25500.0,25500.0,3535.5,24250.0,26750.0,,,,1,0
서대문구,북아현동,2023,3,월세,연립다세대,6,1000.0,3833.3,4589.8,1000.0,7375.0,56.0,66.67,45.31,3,0
서대문구,북아현동,2023,3,월세,오피스텔,1,2300.0,2300.0,,2300.0,2300.0,83.0,83.0,,0,0
서대문구,북아현동,2023,3,전세,연립다세대,18,23000.0,22190.0,9006.6,15812.5,24750.0,,,,10,0
서대문구,북아현동,2023,3,전세,오피스텔,3,26230.0,26016.0,581.3,25794.0,26345.0,,,,1,0
서대문구,북아현동,2023,4,월세,연립다세대,3,10000.0,9500.0,8760.7,5250.0,14000.0,40.0,42.0,7.21,3,0
서대문구,북아현동,2023,4,월세,오피스텔,3,1000.0,4000.0,5196.2,1000.0,5500.0,98.0,86.0,22.54,2,0
서대문구,북아현동,2023,4,전세,연립다세대,6,35500.0,29666.7,13185.9,21500.0,39750.0,,,,4,0
서대문구,북아현동,2023,4,전세,오피스텔,3,27000.0,27333.3,577.4,27000.0,27500.0,,,,0,0
서대문구,북아현동,2023,5,월세,연립다세대,8,1500.0,4687.5,7573.2,1000.0,4250.0,100.0,91.25,45.65,7,0
서대문구,북아현동,2023,5,월세,오피스텔,3,1000.0,1333.3,577.4,1000.0,1500.0,100.0,101.67,7.64,3,0
서대문구,북아현동,2023,5,전세,연립다세대,7,23000.0,22571.4,7435.4,18500.0,29000.0,,,,2,0
서대문구,북아현동,2023,5,전세,오피스텔,2,27250.0,27250.0,353.6,27125.0,27375.0,,,,1,0
서대문구,북아현동,2023,6,월세,연립다세대,8,4000.0,3250.0,1982.1,1000.0,5000.0,90.0,97.12,45.85,7,0
서대문구,북아현동,2023,6,월세,오피스텔,2,14000.0,14000.0,5656.9,12000.0,16000.0,50.0,50.0,28.28,1,0
서대문구,북아현동,2023,6,전세,연립다세대,19,28000.0,24497.4,8349.8,19500.0,30000.0,,,,12,0
서대문구,북아현동,2023,6,전세,오피스텔,1,27000.0,27000.0,,27000.0,27000.0,,,,1,0
서대문구,북아현동,2023,7,월세,연립다세대,3,5000.0,4500.0,3774.9,2750.0,6500.0,27.0,23.33,7.23,0,0
서대문구,북아현동,2023,7,월세,오피스텔,6,1000.0,1000.0,0.0,1000.0,1000.0,103.0,102.33,7.71,4,0
서대문구,북아현동,2023,7,전세,연립다세대,12,20500.0,24875.0,16687.1,13750.0,31250.0,,,,5,0
서대문구,북아현동,2023,7,전세,오피스텔,1,26000.0,26000.0,,26000.0,26000.0,,,,1,0
서대문구,북아현동,2023,8,월세,연립다세대,10,5500.0,9600.0,10145.6,1250.0,20125.0,47.0,49.2,30.15,9,0
서대문구,북아현동,2023,8,월세,오피스텔,3,1000.0,5666.7,8082.9,1000.0,8000.0,93.0,80.33,26.39,3,0
서대문구,북아현동,2023,8,전세,연립다세대,8,21500.0,20577.5,9907.5,14500.0,27250.0,,,,4,0
서대문구,북아현동,2023,9,월세,연립다세대,1,500.0,500.0,,500.0,500.0,30.0,30.0,,0,0
서대문구,북아현동,2023,9,월세,오피스텔,1,1000.0,1000.0,,1000.0,1000.0,105.0,105.0,,0,0
서대문구,북아현동,2023,9,전세,연립다세대,6,21000.0,20833.3,7960.3,15500.0,28000.0,,,,3,0
서대문구,북아현동,2023,9,전세,오피스텔,2,37000.0,37000.0,11313.7,33000.0,41000.0,,,,1,0
서대문구,북아현동,2023,10,월세,연립다세대,7,1000.0,1071.4,449.9,1000.0,1000.0,52.0,50.86,15.64,5,0
서대문구,북아현동,2023,10,월세,오피스텔,5,2000.0,5100.0,7536.6,1000.0,3000.0,105.0,103.0,28.42,5,0
서대문구,북아현동,2023,10,전세,연립다세대,13,20000.0,21156.9,11723.5,11000.0,28000.0,,,,10,0
서대문구,북아현동,2023,11,월세,연립다세대,8,1500.0,7625.0,11447.9,500.0,10250.0,44.0,61.0,46.62,4,0
서대문구,북아현동,2023,11,월세,오피스텔,15,2000.0,5933.3,6662.4,1000.0,9000.0,125.0,118.4,51.86,14,0
서대문구,북아현동,2023,11,전세,연립다세대,12,17500.0,22750.0,11209.8,14000.0,35000.0,,,,9,0
서대문구,북아현동,2023,11,전세,오피스텔,12,25000.0,27458.3,5734.5,25000.0,26750.0,,,,12,0
서대문구,북아현동,2023,12,월세,연립다세대,9,5000.0,11888.9,11384.7,2000.0,26000.0,40.0,62.22,57.83,7,0
서대문구,북아현동,2023,12,월세,오피스텔,18,1000.0,2722.2,2674.6,1000.0,3000.0,120.0,124.94,30.66,16,0
서대문구,북아현동,2023,12,전세,연립다세대,12,29000.0,27683.3,13592.4,15750.0,33450.0,,,,10,0
서대문구,북아현동,2023,12,전세,오피스텔,17,26000.0,26970.6,4424.6,26000.0,26000.0,,,,17,0
서대문구,북아현동,2024,1,월세,연립다세대,9,3000.0,4944.4,6559.6,2000.0,5000.0,65.0,85.56,62.32,8,0
서대문구,북아현동,2024,1,월세,오피스텔,7,3000.0,6857.1,10371.1,2000.0,5250.0,120.0,109.29,25.24,6,0
서대문구,북아현동,2024,1,전세,연립다세대,13,19000.0,17769.2,7372.9,13000.0,20000.0,,,,11,0
서대문구,북아현동,2024,1,전세,오피스텔,12,29000.0,31208.3,10581.8,26750.0,42375.0,,,,12,0
서대문구,북아현동,2024,2,월세,연립다세대,5,1000.0,5600.0,9781.4,500.0,3000.0,55.0,79.0,62.49,5,0
서대문구,북아현동,2024,2,월세,오피스텔,6,1000.0,2166.7,1834.8,1000.0,3250.0,122.5,113.67,20.93,5,0
서대문구,북아현동,2024,2,전세,연립다세대,8,14500.0,19358.8,10755.5,11812.5,28000.0,,,,4,0
서대문구,북아현동,2024,2,전세,오피스텔,2,29500.0,29500.0,707.1,29250.0,29750.0,,,,2,0
서대문구,북아현동,2024,3,월세,연립다세대,4,3000.0,4075.0,4459.7,825.0,6250.0,33.0,50.25,49.26,4,0
서대문구,북아현동,2024,3,월세,오피스텔,2,5500.0,5500.0,6364.0,3250.0,7750.0,90.0,90.0,28.28,2,0
서대문구,북아현동,2024,3,전세,연립다세대,12,30000.0,31250.0,12188.9,23500.0,35250.0,,,,8,0
서대문구,북아현동,2024,3,전세,오피스텔,1,29500.0,29500.0,,29500.0,29500.0,,,,1,0
서대문구,북아현동,2024,4,월세,연립다세대,9,3000.0,6333.3,9367.5,1000.0,5000.0,55.0,93.89,59.78,9,0
서대문구,북아현동,2024,4,월세,오피스텔,1,10000.0,10000.0,,10000.0,10000.0,62.0,62.0,,0,0
서대문구,북아현동,2024,4,전세,연립다세대,19,23500.0,24883.1,10821.9,16650.0,31239.0,,,,13,0
서대문구,북아현동,2024,4,전세,오피스텔,2,33500.0,33500.0,9192.4,30250.0,36750.0,,,,2,0
서대문구,북아현동,2024,5,월세,연립다세대,4,1500.0,3375.0,4441.8,1250.0,3625.0,56.0,56.0,1.15,4,0
서대문구,북아현동,2024,5,월세,오피스텔,4,1000.0,1000.0,0.0,1000.0,1000.0,101.0,108.25,18.06,4,0
서대문구,북아현동,2024,5,전세,연립다세대,8,28500.0,28487.5,10084.7,18675.0,33750.0,,,,7,0
서대문구,북아현동,2024,5,전세,오피스텔,2,35500.0,35500.0,10606.6,31750.0,39250.0,,,,2,0
서대문구,북아현동,2024,6,월세,연립다세대,6,6250.0,5466.7,4506.3,1500.0,9500.0,18.5,32.67,27.34,5,0
서대문구,북아현동,2024,6,월세,오피스텔,3,16000.0,14333.3,12583.1,8500.0,21000.0,50.0,55.0,47.7,3,0
서대문구,북아현동,2024,6,전세,연립다세대,8,20525.0,21889.4,11576.6,16048.75,26750.0,,,,5,0
서대문구,북아현동,2024,7,월세,연립다세대,6,5000.0,6333.3,6918.6,2750.0,5000.0,66.0,76.33,42.0,5,0
서대문구,북아현동,2024,7,월세,오피스텔,3,1000.0,1000.0,0.0,1000.0,1000.0,96.0,100.67,10.79,2,0
서대문구,북아현동,2024,7,전세,연립다세대,14,24650.0,25243.6,13286.7,16250.0,29427.5,,,,9,0
서대문구,북아현동,2024,7,전세,오피스텔,1,27000.0,27000.0,,27000.0,27000.0,,,,1,0
서대문구,북아현동,2024,8,월세,연립다세대,4,2000.0,3000.0,2828.4,1000.0,4000.0,66.5,77.75,36.57,3,0
서대문구,북아현동,2024,8,월세,오피스텔,4,1500.0,3500.0,4358.9,1000.0,4000.0,120.0,120.0,48.99,4,0
서대문구,북아현동,2024,8,전세,연립다세대,20,22050.0,22917.4,7724.0,18750.0,25000.0,,,,7,0
서대문구,북아현동,2024,8,전세,오피스텔,1,28000.0,28000.0,,28000.0,28000.0,,,,0,0
서대문구,북아현동,2024,9,월세,연립다세대,9,5000.0,7722.2,8807.4,2000.0,9000.0,45.0,48.78,40.31,8,0
서대문구,북아현동,2024,9,월세,오피스텔,3,3000.0,4666.7,4725.8,2000.0,6500.0,98.0,102.0,41.15,1,0
서대문구,북아현동,2024,9,전세,연립다세대,9,15000.0,19111.1,9952.3,14000.0,20000.0,,,,8,0
서대문구,북아현동,2024,10,월세,연립다세대,4,1000.0,3250.0,4500.0,1000.0,3250.0,48.5,78.5,68.53,4,0
서대문구,북아현동,2024,10,월세,오피스텔,2,10500.0,10500.0,13435.0,5750.0,15250.0,69.5,69.5,50.2,1,0
서대문구,북아현동,2024,10,전세,연립다세대,14,25775.0,25425.0,6707.9,20000.0,31925.0,,,,10,0
서대문구,북아현동,2024,11,월세,연립다세대,6,1000.0,5333.3,7118.1,1000.0,10750.0,58.0,62.67,31.06,4,0
서대문구,북아현동,2024,11,월세,오피스텔,7,1000.0,2285.7,1889.8,1000.0,3500.0,125.0,127.57,20.93,5,0
서대문구,북아현동,2024,11,전세,연립다세대,8,20000.0,19946.9,5995.3,18500.0,22681.25,,,,4,0
서대문구,북아현동,2024,12,월세,연립다세대,10,4000.0,5540.0,7019.4,1250.0,5000.0,54.0,69.8,51.33,10,0
서대문구,북아현동,2024,12,월세,오피스텔,11,1000.0,4090.9,8300.1,1000.0,2500.0,130.0,128.0,49.93,9,0
서대문구,북아현동,2024,12,전세,연립다세대,7,17000.0,21500.0,16446.9,10250.0,31250.0,,,,7,0
서대문구,북아현동,2024,12,전세,오피스텔,2,28500.0,28500.0,2121.3,27750.0,29250.0,,,,2,0
서대문구,북아현동,2025,1,월세,연립다세대,5,1000.0,1900.0,2302.2,1000.0,1000.0,55.0,60.8,11.86,5,0
서대문구,북아현동,2025,1,월세,오피스텔,2,14125.0,14125.0,18208.0,7687.5,20562.5,81.5,81.5,101.12,1,0
서대문구,북아현동,2025,1,전세,연립다세대,9,10000.0,15033.3,6537.2,10000.0,21000.0,,,,7,0
서대문구,북아현동,2025,2,월세,연립다세대,6,1500.0,4416.7,5161.6,1000.0,8000.0,60.0,51.0,36.55,4,0
서대문구,북아현동,2025,2,월세,오피스텔,2,22000.0,22000.0,11313.7,18000.0,26000.0,60.0,60.0,14.14,1,0
서대문구,북아현동,2025,2,전세,연립다세대,11,11000.0,14422.7,9369.0,8225.0,17600.0,,,,9,0
서대문구,북아현동,2025,2,전세,오피스텔,2,26800.0,26800.0,282.8,26700.0,26900.0,,,,2,0
서대문구,북아현동,2025,3,월세,연립다세대,7,3000.0,4500.0,4072.3,1000.0,8000.0,61.0,70.86,32.82,5,0
서대문구,북아현동,2025,3,월세,오피스텔,5,3400.0,11280.0,12553.6,2000.0,25000.0,83.0,68.6,51.86,3,0
서대문구,북아현동,2025,3,전세,연립다세대,13,21000.0,20603.8,7960.4,15000.0,27200.0,,,,6,0
서대문구,북아현동,2025,4,월세,연립다세대,5,2000.0,1940.0,1169.6,1500.0,3000.0,72.0,80.4,55.59,5,0
서대문구,북아현동,2025,4,월세,오피스텔,2,1500.0,1500.0,707.1,1250.0,1750.0,112.5,112.5,10.61,1,0
서대문구,북아현동,2025,4,전세,연립다세대,18,25500.0,24908.9,10371.4,16250.0,33500.0,,,,6,0
서대문구,북아현동,2025,4,전세,오피스텔,1,27000.0,27000.0,,27000.0,27000.0,,,,1,0
서대문구,북아현동,2025,5,월세,연립다세대,7,2000.0,6757.1,12932.4,1500.0,3000.0,40.0,58.14,36.32,6,0
서대문구,북아현동,2025,5,월세,오피스텔,7,1000.0,5000.0,7416.2,1000.0,5500.0,110.0,98.57,34.73,7,0
서대문구,북아현동,2025,5,전세,연립다세대,8,17600.0,21600.0,12927.9,13000.0,24700.0,,,,6,0
서대문구,북아현동,2025,6,월세,연립다세대,6,1500.0,1850.0,1677.8,700.0,2000.0,71.0,79.5,39.33,4,0
서대문구,북아현동,2025,6,월세,오피스텔,4,1000.0,1000.0,0.0,1000.0,1000.0,109.5,108.0,9.83,1,0
서대문구,북아현동,2025,6,전세,연립다세대,9,19000.0,19944.4,9077.6,15000.0,30000.0,,,,3,0
서대문구,북아현동,2025,7,월세,연립다세대,8,3000.0,3250.0,1581.1,2750.0,3500.0,61.5,71.25,55.4,6,0
서대문구,북아현동,2025,7,월세,오피스텔,3,1000.0,6333.3,9237.6,1000.0,9000.0,125.0,104.0,45.31,1,0
서대문구,북아현동,2025,7,전세,연립다세대,5,14000.0,17710.0,6367.5,14000.0,23000.0,,,,3,0
서대문구,북아현동,2025,8,월세,연립다세대,9,13000.0,10166.7,7599.3,5000.0,15000.0,25.0,31.67,25.5,8,0
서대문구,북아현동,2025,8,월세,오피스텔,3,1000.0,1000.0,0.0,1000.0,1000.0,120.0,120.0,5.0,2,0
서대문구,북아현동,2025,8,전세,연립다세대,12,20000.0,22083.3,9029.8,18000.0,26000.0,,,,6,0
서대문구,북아현동,2025,9,월세,연립다세대,3,2000.0,2500.0,2291.3,1250.0,3500.0,130.0,100.33,60.25,3,0
서대문구,북아현동,2025,9,월세,오피스텔,5,1000.0,1200.0,447.2,1000.0,1000.0,130.0,143.4,31.86,5,0
서대문구,북아현동,2025,9,전세,연립다세대,18,27500.0,24882.2,10012.4,15825.0,29500.0,,,,12,0
서대문구,북아현동,2025,10,월세,연립다세대,8,750.0,1719.0,2041.5,500.0,2000.0,62.5,74.5,42.45,7,0
서대문구,북아현동,2025,10,월세,오피스텔,4,7500.0,9000.0,8205.7,4000.0,12500.0,78.0,81.25,38.6,2,0
서대문구,북아현동,2025,10,전세,연립다세대,14,15500.0,18735.7,7077.1,15000.0,25500.0,,,,9,0
서대문구,북아현동,2025,10,전세,오피스텔,8,26775.0,26728.1,1091.5,26118.75,27475.0,,,,3,0
서대문구,북아현동,2025,11,월세,연립다세대,10,5000.0,7120.0,7586.5,1625.0,9875.0,50.0,50.0,36.51,9,0
서대문구,북아현동,2025,11,월세,오피스텔,10,2000.0,6000.0,8537.5,1000.0,5000.0,130.0,129.2,53.97,9,0
서대문구,북아현동,2025,11,전세,연립다세대,14,30000.0,30928.6,7985.2,29000.0,35000.0,,,,12,0
서대문구,북아현동,2025,11,전세,오피스텔,9,27000.0,27138.9,1031.0,26250.0,28300.0,,,,3,0
서대문구,북아현동,2025,12,월세,연립다세대,6,15000.0,15633.3,8759.4,11250.0,22350.0,32.5,42.67,36.7,3,0
서대문구,북아현동,2025,12,월세,오피스텔,9,1000.0,1666.7,866.0,1000.0,2000.0,125.0,151.33,46.82,7,0
서대문구,북아현동,2025,12,전세,연립다세대,15,21000.0,22346.7,9288.8,15000.0,29500.0,,,,9,0
서대문구,북아현동,2025,12,전세,오피스텔,6,28000.0,33950.0,10605.2,26687.5,42400.0,,,,2,0
서대문구,북아현동,2026,1,월세,연립다세대,16,1000.0,3187.5,5075.7,1000.0,2250.0,60.0,109.0,123.67,15,1
서대문구,북아현동,2026,1,월세,오피스텔,8,3000.0,3125.0,1552.6,2500.0,4250.0,130.0,126.38,10.95,7,1
서대문구,북아현동,2026,1,전세,연립다세대,19,20000.0,22652.6,10714.5,15000.0,32750.0,,,,15,1
서대문구,북아현동,2026,1,전세,오피스텔,9,30000.0,32822.2,7461.5,28000.0,33000.0,,,,5,1
서대문구,북아현동,2026,2,월세,연립다세대,11,3000.0,4136.4,3782.1,1000.0,7000.0,70.0,74.91,51.99,8,1
서대문구,북아현동,2026,2,월세,오피스텔,3,1000.0,1666.7,1154.7,1000.0,2000.0,130.0,136.0,14.93,2,1
서대문구,북아현동,2026,2,전세,연립다세대,15,20000.0,20684.7,8676.3,13500.0,25100.0,,,,9,1
서대문구,북아현동,2026,3,월세,연립다세대,6,4000.0,6700.0,9661.3,1500.0,5000.0,62.5,80.0,70.64,6,1
서대문구,북아현동,2026,3,월세,오피스텔,5,1000.0,1800.0,1788.9,1000.0,1000.0,125.0,123.0,13.51,4,1
서대문구,북아현동,2026,3,전세,연립다세대,16,23500.0,22871.9,10337.4,14500.0,29700.0,,,,12,1
서대문구,북아현동,2026,3,전세,오피스텔,3,45000.0,39666.7,11015.1,36000.0,46000.0,,,,3,1
서대문구,북아현동,2026,4,월세,연립다세대,10,5000.0,5520.0,4167.8,1500.0,10000.0,85.5,97.6,67.79,6,1
서대문구,북아현동,2026,4,월세,오피스텔,5,2000.0,2200.0,1643.2,1000.0,2000.0,120.0,115.6,15.31,4,1
서대문구,북아현동,2026,4,전세,연립다세대,11,20000.0,22318.2,13225.4,13500.0,30000.0,,,,7,1
서대문구,북아현동,2026,4,전세,오피스텔,1,25000.0,25000.0,,25000.0,25000.0,,,,1,1
서대문구,북아현동,2026,5,월세,연립다세대,3,2000.0,1666.7,577.4,1500.0,2000.0,70.0,95.0,75.66,3,1
서대문구,북아현동,2026,5,월세,오피스텔,3,2000.0,9333.3,13576.9,1500.0,13500.0,105.0,96.67,57.95,2,1
서대문구,북아현동,2026,5,전세,연립다세대,17,26000.0,27108.8,13673.2,17000.0,30000.0,,,,7,1
서대문구,북아현동,2026,5,전세,오피스텔,3,29400.0,35800.0,11433.3,29200.0,39200.0,,,,3,1
서대문구,북아현동,2026,6,월세,연립다세대,4,7500.0,6500.0,4358.9,4000.0,10000.0,62.5,91.25,95.95,3,1
서대문구,북아현동,2026,6,월세,오피스텔,5,1000.0,6400.0,12074.8,1000.0,1000.0,120.0,100.2,50.7,4,1
서대문구,북아현동,2026,6,전세,연립다세대,10,15500.0,15406.5,7280.6,10750.0,16966.25,,,,6,1
서대문구,북아현동,2026,7,월세,연립다세대,6,2000.0,9916.7,13403.0,1000.0,17250.0,62.5,66.67,47.29,5,1
서대문구,북아현동,2026,7,월세,오피스텔,4,1250.0,3375.0,4423.0,1000.0,3625.0,132.5,135.0,59.3,4,1
서대문구,북아현동,2026,7,전세,연립다세대,6,20525.0,21683.3,5238.4,18500.0,21050.0,,,,5,1
서대문구,북아현동,2026,7,전세,오피스텔,2,38500.0,38500.0,14849.2,33250.0,43750.0,,,,2,1
서대문구,북아현동,2026,8,월세,연립다세대,5,1000.0,1200.0,1036.8,500.0,1000.0,50.0,64.0,26.08,4,1
서대문구,북아현동,2026,8,월세,오피스텔,5,1000.0,2800.0,4024.9,1000.0,1000.0,130.0,120.0,28.5,4,1
서대문구,북아현동,2026,8,전세,연립다세대,11,30000.0,27209.1,9255.3,25000.0,32150.0,,,,5,1
서대문구,북아현동,2026,8,전세,오피스텔,2,28000.0,28000.0,0.0,28000.0,28000.0,,,,1,1
서대문구,북아현동,2026,9,전세,연립다세대,2,19000.0,19000.0,12727.9,14500.0,23500.0,,,,2,1
서대문구,신촌동,2021,8,전세,연립다세대,1,13000.0,13000.0,,13000.0,13000.0,,,,0,0
서대문구,신촌동,2021,10,전세,연립다세대,1,40000.0,40000.0,,40000.0,40000.0,,,,1,0
서대문구,신촌동,2021,12,전세,연립다세대,2,36750.0,36750.0,0.0,36750.0,36750.0,,,,0,0
서대문구,신촌동,2022,2,전세,연립다세대,2,30000.0,30000.0,0.0,30000.0,30000.0,,,,0,0
서대문구,신촌동,2022,3,전세,연립다세대,1,43000.0,43000.0,,43000.0,43000.0,,,,1,0
서대문구,신촌동,2022,4,전세,연립다세대,1,43000.0,43000.0,,43000.0,43000.0,,,,1,0
서대문구,신촌동,2022,7,전세,연립다세대,1,45000.0,45000.0,,45000.0,45000.0,,,,1,0
서대문구,신촌동,2022,8,전세,연립다세대,2,21500.0,21500.0,2121.3,20750.0,22250.0,,,,2,0
서대문구,신촌동,2023,3,월세,연립다세대,1,12000.0,12000.0,,12000.0,12000.0,15.0,15.0,,1,0
서대문구,신촌동,2023,5,전세,연립다세대,1,55000.0,55000.0,,55000.0,55000.0,,,,0,0
서대문구,신촌동,2023,8,전세,연립다세대,3,34000.0,27666.7,10969.7,24500.0,34000.0,,,,1,0
서대문구,신촌동,2023,11,전세,연립다세대,1,65000.0,65000.0,,65000.0,65000.0,,,,1,0
서대문구,신촌동,2023,12,전세,연립다세대,1,33000.0,33000.0,,33000.0,33000.0,,,,1,0
서대문구,신촌동,2024,1,월세,연립다세대,1,1000.0,1000.0,,1000.0,1000.0,70.0,70.0,,1,0
서대문구,신촌동,2024,3,전세,연립다세대,1,43000.0,43000.0,,43000.0,43000.0,,,,0,0
서대문구,신촌동,2024,5,월세,연립다세대,1,22000.0,22000.0,,22000.0,22000.0,45.0,45.0,,1,0
서대문구,신촌동,2024,7,전세,연립다세대,1,35000.0,35000.0,,35000.0,35000.0,,,,1,0
서대문구,신촌동,2024,8,월세,연립다세대,1,1000.0,1000.0,,1000.0,1000.0,50.0,50.0,,1,0
서대문구,신촌동,2024,8,월세,오피스텔,1,1000.0,1000.0,,1000.0,1000.0,70.0,70.0,,1,0
서대문구,신촌동,2024,9,전세,연립다세대,1,21000.0,21000.0,,21000.0,21000.0,,,,0,0
서대문구,신촌동,2025,2,전세,연립다세대,1,70000.0,70000.0,,70000.0,70000.0,,,,1,0
서대문구,신촌동,2025,5,월세,연립다세대,1,40000.0,40000.0,,40000.0,40000.0,150.0,150.0,,1,0
서대문구,신촌동,2025,5,전세,연립다세대,1,55000.0,55000.0,,55000.0,55000.0,,,,0,0
서대문구,신촌동,2025,6,월세,연립다세대,2,40000.0,40000.0,0.0,40000.0,40000.0,150.0,150.0,0.0,2,0
서대문구,신촌동,2025,8,전세,연립다세대,2,15000.0,15000.0,0.0,15000.0,15000.0,,,,2,0
서대문구,신촌동,2025,11,월세,연립다세대,1,300.0,300.0,,300.0,300.0,60.0,60.0,,1,0
서대문구,신촌동,2025,12,월세,연립다세대,2,21000.0,21000.0,12727.9,16500.0,25500.0,175.0,175.0,63.64,2,0
서대문구,신촌동,2026,2,월세,연립다세대,2,1500.0,1500.0,707.1,1250.0,1750.0,92.5,92.5,10.61,2,1
서대문구,신촌동,2026,3,전세,연립다세대,1,43000.0,43000.0,,43000.0,43000.0,,,,1,1
서대문구,신촌동,2026,6,월세,연립다세대,1,40000.0,40000.0,,40000.0,40000.0,60.0,60.0,,1,1
서대문구,신촌동,2026,7,전세,연립다세대,1,36000.0,36000.0,,36000.0,36000.0,,,,1,1
서대문구,연희동,2021,1,월세,연립다세대,33,2000.0,4691.5,6592.7,1000.0,5000.0,48.0,45.67,22.31,0,0
서대문구,연희동,2021,1,월세,오피스텔,17,1500.0,4352.9,5661.7,1000.0,5000.0,40.0,41.71,21.53,3,0
서대문구,연희동,2021,1,전세,연립다세대,17,16000.0,18470.6,7599.8,14000.0,25000.0,,,,0,0
서대문구,연희동,2021,1,전세,오피스텔,7,22000.0,21171.4,14650.0,12350.0,23500.0,,,,0,0
서대문구,연희동,2021,2,월세,연립다세대,25,2000.0,3880.0,4253.1,1000.0,5000.0,50.0,42.6,11.92,0,0
서대문구,연희동,2021,2,월세,오피스텔,11,3000.0,3681.8,3422.5,1000.0,6000.0,35.0,36.27,15.4,1,0
서대문구,연희동,2021,2,전세,연립다세대,34,16925.0,18525.0,9093.4,11250.0,24000.0,,,,0,0
서대문구,연희동,2021,2,전세,오피스텔,2,16950.0,16950.0,17607.0,10725.0,23175.0,,,,0,0
서대문구,연희동,2021,3,월세,연립다세대,23,2000.0,6379.1,12612.3,1000.0,5000.0,50.0,59.48,54.29,3,0
서대문구,연희동,2021,3,월세,오피스텔,8,1500.0,2998.1,2874.0,1000.0,4250.0,40.0,41.25,19.04,1,0
서대문구,연희동,2021,3,전세,연립다세대,21,19500.0,22850.0,11442.7,15000.0,30000.0,,,,1,0
서대문구,연희동,2021,3,전세,오피스텔,7,18900.0,16557.1,6017.2,13500.0,20500.0,,,,1,0
서대문구,연희동,2021,4,월세,연립다세대,14,3000.0,4178.6,3698.3,1000.0,6500.0,44.0,47.71,26.17,0,0
서대문구,연희동,2021,4,월세,오피스텔,4,750.0,750.0,288.7,500.0,1000.0,60.0,65.0,17.32,0,0
서대문구,연희동,2021,4,전세,연립다세대,22,23100.0,25736.4,12466.4,19625.0,33000.0,,,,0,0
서대문구,연희동,2021,4,전세,오피스텔,2,32000.0,32000.0,24041.6,23500.0,40500.0,,,,0,0
서대문구,연희동,2021,5,월세,연립다세대,20,5000.0,7540.0,10075.2,875.0,10000.0,40.0,59.0,84.83,2,0
서대문구,연희동,2021,5,월세,오피스텔,12,1500.0,3375.0,3778.7,875.0,5250.0,44.0,46.92,20.81,1,0
서대문구,연희동,2021,5,전세,연립다세대,29,18000.0,20246.6,11338.0,16000.0,22000.0,,,,1,0
서대문구,연희동,2021,5,전세,오피스텔,3,17850.0,15950.0,7190.8,12925.0,19925.0,,,,0,0
서대문구,연희동,2021,6,월세,연립다세대,24,2000.0,4921.7,6825.2,1000.0,5750.0,48.0,48.67,21.26,22,0
서대문구,연희동,2021,6,월세,오피스텔,13,1000.0,3730.8,4447.0,500.0,5000.0,45.0,42.77,20.13,9,0
서대문구,연희동,2021,6,전세,연립다세대,23,18000.0,20095.7,8621.4,14300.0,27000.0,,,,16,0
서대문구,연희동,2021,6,전세,오피스텔,9,15000.0,16694.4,9938.4,10000.0,18900.0,,,,6,0
서대문구,연희동,2021,7,월세,연립다세대,30,4000.0,5109.3,5005.1,925.0,8000.0,45.0,46.37,26.66,23,0
서대문구,연희동,2021,7,월세,오피스텔,10,1000.0,2430.0,3308.9,625.0,2000.0,56.5,53.4,17.74,8,0
서대문구,연희동,2021,7,전세,연립다세대,40,22000.0,23836.9,11450.6,18000.0,27693.75,,,,29,0
서대문구,연희동,2021,7,전세,오피스텔,6,10000.0,13933.3,10181.8,9587.5,10750.0,,,,4,0
서대문구,연희동,2021,8,월세,연립다세대,24,3000.0,4588.3,4230.8,1475.0,6500.0,50.0,86.67,164.93,19,0
서대문구,연희동,2021,8,월세,오피스텔,19,500.0,1052.6,1116.7,500.0,1000.0,55.0,52.74,11.2,19,0
서대문구,연희동,2021,8,전세,연립다세대,22,26600.0,27452.3,12479.1,19250.0,32550.0,,,,11,0
서대문구,연희동,2021,8,전세,오피스텔,6,18112.5,17637.5,4530.7,17212.5,19593.75,,,,1,0
서대문구,연희동,2021,9,월세,연립다세대,20,3000.0,9350.0,21927.4,500.0,7250.0,50.0,85.25,129.33,16,0
서대문구,연희동,2021,9,월세,오피스텔,19,1000.0,2510.5,3735.3,500.0,1350.0,50.0,50.68,15.74,18,0
서대문구,연희동,2021,9,전세,연립다세대,30,23000.0,23133.3,7767.7,18125.0,28000.0,,,,21,0
서대문구,연희동,2021,9,전세,오피스텔,3,24100.0,33033.3,23792.9,19550.0,42050.0,,,,3,0
서대문구,연희동,2021,10,월세,연립다세대,16,1750.0,5187.5,6891.7,1000.0,6250.0,60.0,57.88,29.43,11,0
서대문구,연희동,2021,10,월세,오피스텔,13,1000.0,2730.8,3800.3,500.0,1000.0,50.0,47.46,11.85,12,0
서대문구,연희동,2021,10,전세,연립다세대,25,24500.0,26066.0,13358.1,16000.0,30000.0,,,,12,0
서대문구,연희동,2021,10,전세,오피스텔,1,10000.0,10000.0,,10000.0,10000.0,,,,0,0
서대문구,연희동,2021,11,월세,연립다세대,24,5500.0,6670.8,6089.9,1750.0,9250.0,51.5,58.29,59.49,19,0
서대문구,연희동,2021,11,월세,오피스텔,19,500.0,1289.5,2626.3,500.0,750.0,50.0,51.21,13.18,19,0
서대문구,연희동,2021,11,전세,연립다세대,33,20000.0,20215.2,10626.7,10500.0,30000.0,,,,22,0
서대문구,연희동,2021,11,전세,오피스텔,3,14700.0,20233.3,14797.4,11850.0,25850.0,,,,2,0
서대문구,연희동,2021,12,월세,연립다세대,30,1750.0,3955.0,5426.7,1000.0,5000.0,50.0,51.57,22.54,23,0
서대문구,연희동,2021,12,월세,오피스텔,17,700.0,1864.7,2350.3,500.0,2000.0,50.0,65.94,49.27,16,0
서대문구,연희동,2021,12,전세,연립다세대,20,22000.0,22947.5,10413.9,15375.0,32325.0,,,,14,0
서대문구,연희동,2021,12,전세,오피스텔,5,10000.0,10080.0,712.0,10000.0,10500.0,,,,2,0
서대문구,연희동,2022,1,월세,연립다세대,65,2000.0,3322.4,3968.6,1000.0,4000.0,50.0,53.22,26.35,52,0
서대문구,연희동,2022,1,월세,오피스텔,17,1000.0,2352.9,3608.9,500.0,1000.0,55.0,51.88,17.03,17,0
서대문구,연희동,2022,1,전세,연립다세대,37,20000.0,24544.6,14512.8,15750.0,28000.0,,,,26,0
서대문구,연희동,2022,1,전세,오피스텔,8,20250.0,24675.0,16905.7,12250.0,30000.0,,,,6,0
서대문구,연희동,2022,2,월세,연립다세대,45,1000.0,5044.4,8955.6,1000.0,3000.0,50.0,49.98,14.62,36,0
서대문구,연희동,2022,2,월세,오피스텔,17,1000.0,3352.9,6153.7,500.0,4000.0,45.0,51.53,27.76,14,0
서대문구,연희동,2022,2,전세,연립다세대,42,22000.0,22512.4,8621.4,15352.5,30000.0,,,,24,0
서대문구,연희동,2022,2,전세,오피스텔,6,10250.0,15583.3,13518.2,9500.0,12125.0,,,,5,0
서대문구,연희동,2022,3,월세,연립다세대,33,2000.0,6297.5,8344.7,500.0,9044.0,41.0,55.97,49.08,23,0
서대문구,연희동,2022,3,월세,오피스텔,16,750.0,3500.0,9777.5,500.0,1250.0,60.0,59.69,12.04,15,0
서대문구,연희동,2022,3,전세,연립다세대,24,21400.0,27350.0,17168.3,16000.0,38000.0,,,,15,0
서대문구,연희동,2022,3,전세,오피스텔,1,22700.0,22700.0,,22700.0,22700.0,,,,0,0
서대문구,연희동,2022,4,월세,연립다세대,20,2500.0,5310.0,6270.1,1375.0,7250.0,57.5,59.4,26.14,17,0
서대문구,연희동,2022,4,월세,오피스텔,17,1000.0,1529.4,1980.1,500.0,1000.0,50.0,51.0,17.68,16,0
서대문구,연희동,2022,4,전세,연립다세대,23,22000.0,23213.0,11183.7,17250.0,25000.0,,,,12,0
서대문구,연희동,2022,4,전세,오피스텔,7,15500.0,20642.9,13641.7,10050.0,29450.0,,,,2,0
서대문구,연희동,2022,5,월세,연립다세대,23,1000.0,4087.0,4586.7,1000.0,6500.0,68.0,67.48,27.45,22,0
서대문구,연희동,2022,5,월세,오피스텔,17,1000.0,3411.8,6384.1,500.0,1000.0,50.0,58.59,37.05,14,0
서대문구,연희동,2022,5,전세,연립다세대,29,22000.0,22844.8,10043.7,15000.0,30800.0,,,,16,0
서대문구,연희동,2022,5,전세,오피스텔,5,24100.0,21895.0,7095.4,15225.0,24150.0,,,,1,0
서대문구,연희동,2022,6,월세,연립다세대,19,2000.0,6194.7,8995.5,950.0,6400.0,54.0,57.47,22.59,15,0
서대문구,연희동,2022,6,월세,오피스텔,13,1000.0,3423.1,4353.4,1000.0,5000.0,50.0,59.92,32.12,10,0
서대문구,연희동,2022,6,전세,연립다세대,38,20500.0,24546.1,17677.0,15187.5,27000.0,,,,23,0
서대문구,연희동,2022,6,전세,오피스텔,2,13000.0,13000.0,3535.5,11750.0,14250.0,,,,1,0
서대문구,연희동,2022,7,월세,연립다세대,27,2000.0,5244.4,7188.0,1000.0,5500.0,53.0,52.74,21.08,22,0
서대문구,연희동,2022,7,월세,오피스텔,17,1000.0,4176.5,9594.8,500.0,2000.0,60.0,54.29,19.53,15,0
서대문구,연희동,2022,7,전세,연립다세대,26,19375.0,25555.8,17042.8,13987.5,36400.0,,,,10,0
서대문구,연희동,2022,7,전세,오피스텔,5,23000.0,19800.0,14294.2,6500.0,24000.0,,,,3,0
서대문구,연희동,2022,8,월세,연립다세대,25,1500.0,5075.0,7428.4,1000.0,8000.0,45.0,47.92,26.84,19,0
서대문구,연희동,2022,8,월세,오피스텔,13,1000.0,3115.4,5107.8,500.0,2000.0,60.0,74.0,48.29,12,0
서대문구,연희동,2022,8,전세,연립다세대,31,25355.0,24710.8,11310.3,14765.0,32500.0,,,,19,0
서대문구,연희동,2022,8,전세,오피스텔,4,17062.5,23656.2,20788.4,8693.75,32025.0,,,,0,0
서대문구,연희동,2022,9,월세,연립다세대,15,3000.0,4266.7,4419.4,500.0,6500.0,35.0,42.73,26.15,11,0
서대문구,연희동,2022,9,월세,오피스텔,10,1250.0,3570.0,4686.2,500.0,4300.0,47.5,46.2,14.24,9,0
서대문구,연희동,2022,9,전세,연립다세대,15,27000.0,24400.0,8665.0,18100.0,30000.0,,,,3,0
서대문구,연희동,2022,9,전세,오피스텔,1,22000.0,22000.0,,22000.0,22000.0,,,,0,0
서대문구,연희동,2022,10,월세,연립다세대,26,2000.0,3213.5,3023.0,1000.0,5662.5,60.0,55.19,22.91,25,0
서대문구,연희동,2022,10,월세,오피스텔,7,1000.0,3171.4,4243.3,500.0,4850.0,55.0,48.86,25.02,6,0
서대문구,연희동,2022,10,전세,연립다세대,17,22000.0,22845.6,10055.3,14000.0,30000.0,,,,14,0
서대문구,연희동,2022,10,전세,오피스텔,4,12250.0,12375.0,4308.4,9125.0,15500.0,,,,3,0
서대문구,연희동,2022,11,월세,연립다세대,25,4500.0,5567.8,5454.1,1000.0,7000.0,50.0,62.24,42.38,22,0
서대문구,연희동,2022,11,월세,오피스텔,12,1000.0,2458.3,2919.0,500.0,3500.0,55.0,50.75,10.77,10,0
서대문구,연희동,2022,11,전세,연립다세대,18,16000.0,24636.1,39687.4,7750.0,19475.0,,,,9,0
서대문구,연희동,2022,11,전세,오피스텔,3,10000.0,17666.7,15947.8,8500.0,23000.0,,,,3,0
서대문구,연희동,2022,12,월세,연립다세대,50,2000.0,2860.8,3324.2,1000.0,3900.0,50.0,57.44,30.99,39,0
서대문구,연희동,2022,12,월세,오피스텔,20,1000.0,2275.0,3484.8,875.0,1000.0,55.0,54.8,15.26,19,0
서대문구,연희동,2022,12,전세,연립다세대,20,24500.0,22717.0,8332.2,15930.0,27300.0,,,,13,0
서대문구,연희동,2022,12,전세,오피스텔,1,14800.0,14800.0,,14800.0,14800.0,,,,0,0
서대문구,연희동,2023,1,월세,연립다세대,32,3000.0,4879.4,5270.4,1000.0,7000.0,47.5,81.59,196.25,26,0
서대문구,연희동,2023,1,월세,오피스텔,10,1000.0,2390.0,2841.9,1000.0,1750.0,50.0,47.5,22.72,6,0
서대문구,연희동,2023,1,전세,연립다세대,25,15750.0,17738.0,8369.6,11000.0,22000.0,,,,11,0
서대문구,연희동,2023,1,전세,오피스텔,5,21000.0,22000.0,1369.3,21000.0,23500.0,,,,4,0
서대문구,연희동,2023,2,월세,연립다세대,34,3000.0,4971.6,5530.9,1000.0,6750.0,50.0,54.56,26.77,26,0
서대문구,연희동,2023,2,월세,오피스텔,21,1000.0,3714.3,4066.9,500.0,7000.0,55.0,67.71,50.69,17,0
서대문구,연희동,2023,2,전세,연립다세대,23,22000.0,23104.3,7184.9,17500.0,25950.0,,,,18,0
서대문구,연희동,2023,2,전세,오피스텔,3,10500.0,22500.0,25695.3,7750.0,31250.0,,,,1,0
서대문구,연희동,2023,3,월세,연립다세대,38,3000.0,5727.9,9071.0,1000.0,5000.0,62.5,97.84,175.97,28,0
서대문구,연희동,2023,3,월세,오피스텔,12,1000.0,2558.3,3987.8,575.0,1250.0,65.0,71.25,33.92,12,0
서대문구,연희동,2023,3,전세,연립다세대,28,20000.0,20482.9,7647.6,15000.0,25500.0,,,,19,0
서대문구,연희동,2023,3,전세,오피스텔,7,16500.0,15285.7,4926.9,12500.0,18250.0,,,,4,0
서대문구,연희동,2023,4,월세,연립다세대,15,5000.0,8902.7,10733.8,1270.0,12500.0,63.0,109.73,169.16,11,0
서대문구,연희동,2023,4,월세,오피스텔,8,1500.0,4637.5,4965.0,1000.0,9400.0,52.5,54.12,20.99,5,0
서대문구,연희동,2023,4,전세,연립다세대,30,18975.0,21776.7,10663.4,15712.5,25000.0,,,,20,0
서대문구,연희동,2023,4,전세,오피스텔,2,38000.0,38000.0,21213.2,30500.0,45500.0,,,,2,0
서대문구,연희동,2023,5,월세,연립다세대,36,1000.0,3885.6,5048.4,500.0,7000.0,57.0,62.97,40.65,33,0
서대문구,연희동,2023,5,월세,오피스텔,11,1000.0,3081.8,3329.2,750.0,5500.0,55.0,51.82,21.98,10,0
서대문구,연희동,2023,5,전세,연립다세대,17,25000.0,26950.0,12669.8,18000.0,30000.0,,,,9,0
서대문구,연희동,2023,5,전세,오피스텔,5,18740.0,19888.0,13800.5,9000.0,22000.0,,,,4,0
서대문구,연희동,2023,6,월세,연립다세대,47,3000.0,5143.1,6402.9,1000.0,5500.0,50.0,68.72,91.72,42,0
서대문구,연희동,2023,6,월세,오피스텔,15,5000.0,4773.3,3516.2,1000.0,8000.0,45.0,46.27,15.52,13,0
서대문구,연희동,2023,6,전세,연립다세대,17,19500.0,21341.2,8380.0,15000.0,27000.0,,,,7,0
서대문구,연희동,2023,6,전세,오피스텔,1,22000.0,22000.0,,22000.0,22000.0,,,,1,0
서대문구,연희동,2023,7,월세,연립다세대,37,3000.0,5712.4,7465.3,1000.0,5000.0,47.0,52.68,56.33,25,0
서대문구,연희동,2023,7,월세,오피스텔,21,1000.0,4095.2,9021.7,500.0,3000.0,53.0,54.62,27.77,20,0
서대문구,연희동,2023,7,전세,연립다세대,17,14000.0,20055.9,14978.1,9450.0,23000.0,,,,11,0
서대문구,연희동,2023,7,전세,오피스텔,10,18370.0,20942.0,15197.5,9750.0,20000.0,,,,8,0
서대문구,연희동,2023,8,월세,연립다세대,34,3000.0,4045.4,4841.1,625.0,5000.0,69.0,73.41,37.93,30,0
서대문구,연희동,2023,8,월세,오피스텔,13,1000.0,2538.5,2772.3,500.0,3000.0,55.0,60.0,30.08,12,0
서대문구,연희동,2023,8,전세,연립다세대,23,21500.0,22889.4,8562.3,17000.0,29078.0,,,,16,0
서대문구,연희동,2023,8,전세,오피스텔,6,17500.0,21500.0,14515.5,12750.0,23000.0,,,,4,0
서대문구,연희동,2023,9,월세,연립다세대,27,5000.0,6300.0,4764.9,2500.0,11000.0,71.0,99.59,121.89,22,0
서대문구,연희동,2023,9,월세,오피스텔,16,4000.0,4803.1,4475.9,500.0,8250.0,53.5,71.94,68.75,14,0
서대문구,연희동,2023,9,전세,연립다세대,27,19000.0,19445.9,7972.8,15000.0,25500.0,,,,15,0
서대문구,연희동,2023,9,전세,오피스텔,2,19000.0,19000.0,5656.9,17000.0,21000.0,,,,2,0
서대문구,연희동,2023,10,월세,연립다세대,35,5000.0,7671.4,7418.3,1500.0,12000.0,55.0,65.46,47.59,30,0
서대문구,연희동,2023,10,월세,오피스텔,10,3500.0,4900.0,4765.6,1000.0,8750.0,65.0,73.9,59.67,8,0
서대문구,연희동,2023,10,전세,연립다세대,26,21000.0,31246.2,40338.7,16000.0,29500.0,,,,16,0
서대문구,연희동,2023,10,전세,오피스텔,4,15100.0,14525.0,1802.5,14225.0,15400.0,,,,3,0
서대문구,연희동,2023,11,월세,연립다세대,39,5000.0,11033.3,25381.6,2000.0,10000.0,55.0,60.67,43.31,33,0
서대문구,연희동,2023,11,월세,오피스텔,29,3000.0,3965.5,4657.5,500.0,5000.0,60.0,80.1,63.03,29,0
서대문구,연희동,2023,11,전세,연립다세대,25,24000.0,24280.0,10677.6,17500.0,34000.0,,,,18,0
서대문구,연희동,2023,11,전세,오피스텔,1,53000.0,53000.0,,53000.0,53000.0,,,,1,0
서대문구,연희동,2023,12,월세,연립다세대,75,2000.0,5994.7,7976.7,1000.0,6000.0,50.0,62.32,47.06,65,0
서대문구,연희동,2023,12,월세,오피스텔,39,1000.0,3645.9,3693.7,500.0,5000.0,55.0,76.44,58.69,34,0
서대문구,연희동,2023,12,전세,연립다세대,37,17600.0,20329.6,10361.3,10000.0,30000.0,,,,23,0
서대문구,연희동,2023,12,전세,오피스텔,4,23800.0,24125.0,4550.0,22425.0,25500.0,,,,3,0
서대문구,연희동,2024,1,월세,연립다세대,69,3000.0,5782.5,6573.1,1000.0,10000.0,40.0,47.65,32.63,55,0
서대문구,연희동,2024,1,월세,오피스텔,28,1000.0,4232.1,5488.2,875.0,6500.0,55.0,62.39,47.23,24,0
서대문구,연희동,2024,1,전세,연립다세대,26,18350.0,21207.7,12039.5,13500.0,28762.5,,,,16,0
서대문구,연희동,2024,1,전세,오피스텔,7,38000.0,29885.7,15042.4,17350.0,41500.0,,,,6,0
서대문구,연희동,2024,2,월세,연립다세대,52,3000.0,6405.0,8050.2,1000.0,7050.0,51.0,58.46,36.27,45,0
서대문구,연희동,2024,2,월세,오피스텔,20,1000.0,2050.0,1661.5,1000.0,3000.0,60.0,78.1,49.39,18,0
서대문구,연희동,2024,2,전세,연립다세대,21,19000.0,21489.5,13895.6,10500.0,28000.0,,,,19,0
서대문구,연희동,2024,2,전세,오피스텔,2,9350.0,9350.0,70.7,9325.0,9375.0,,,,2,0
서대문구,연희동,2024,3,월세,연립다세대,42,3500.0,6564.3,7379.1,2000.0,9375.0,55.0,71.02,50.04,38,0
서대문구,연희동,2024,3,월세,오피스텔,19,1000.0,1894.7,2270.5,1000.0,2000.0,60.0,66.58,34.45,19,0
서대문구,연희동,2024,3,전세,연립다세대,34,25625.0,30132.4,14953.6,22625.0,33862.5,,,,19,0
서대문구,연희동,2024,3,전세,오피스텔,3,19000.0,16166.7,5346.3,14500.0,19250.0,,,,1,0
서대문구,연희동,2024,4,월세,연립다세대,40,3000.0,8312.5,10677.7,1000.0,10000.0,57.5,86.65,184.79,36,0
서대문구,연희동,2024,4,월세,오피스텔,15,1000.0,4093.3,6816.6,500.0,3500.0,55.0,56.53,21.84,13,0
서대문구,연희동,2024,4,전세,연립다세대,18,20500.0,21355.6,9043.8,14237.5,28000.0,,,,15,0
서대문구,연희동,2024,4,전세,오피스텔,7,15500.0,16571.4,12043.1,10000.0,16750.0,,,,3,0
서대문구,연희동,2024,5,월세,연립다세대,40,2000.0,6490.0,7754.6,875.0,10750.0,49.5,69.28,95.83,36,0
서대문구,연희동,2024,5,월세,오피스텔,18,4500.0,6194.4,5715.3,1000.0,11225.0,47.5,41.22,22.0,13,0
서대문구,연희동,2024,5,전세,연립다세대,23,20000.0,27530.1,28320.7,13500.0,30000.0,,,,15,0
서대문구,연희동,2024,5,전세,오피스텔,3,30000.0,28529.0,3919.3,27043.5,30750.0,,,,1,0
서대문구,연희동,2024,6,월세,연립다세대,43,3000.0,6834.9,9234.4,1000.0,9500.0,50.0,68.65,70.53,39,0
서대문구,연희동,2024,6,월세,오피스텔,24,1000.0,4745.8,5078.1,875.0,11025.0,50.5,46.88,24.66,22,0
서대문구,연희동,2024,6,전세,연립다세대,19,19000.0,20989.5,11586.0,14500.0,22250.0,,,,15,0
서대문구,연희동,2024,6,전세,오피스텔,4,33120.0,30710.0,20107.9,16205.0,47625.0,,,,1,0
서대문구,연희동,2024,7,월세,연립다세대,46,2000.0,5416.1,6239.6,1000.0,9250.0,53.0,50.15,20.79,44,0
서대문구,연희동,2024,7,월세,오피스텔,11,4300.0,5481.8,4979.3,750.0,10000.0,44.0,43.55,22.99,10,0
서대문구,연희동,2024,7,전세,연립다세대,13,27000.0,27407.7,7699.7,24500.0,30000.0,,,,10,0
서대문구,연희동,2024,7,전세,오피스텔,5,17850.0,15180.0,5973.1,17550.0,18000.0,,,,4,0
서대문구,연희동,2024,8,월세,연립다세대,35,3000.0,6809.3,17054.4,1000.0,4500.0,60.0,87.0,124.46,33,0
서대문구,연희동,2024,8,월세,오피스텔,16,1000.0,2406.2,3205.3,500.0,3250.0,60.0,62.69,37.79,12,0
서대문구,연희동,2024,8,전세,연립다세대,10,18350.0,20625.0,12914.4,9750.0,33000.0,,,,7,0
서대문구,연희동,2024,8,전세,오피스텔,4,24500.0,28000.0,19617.0,19850.0,32650.0,,,,1,0
서대문구,연희동,2024,9,월세,연립다세대,28,5000.0,9750.0,10100.2,2750.0,15500.0,60.0,69.54,56.22,26,0
서대문구,연희동,2024,9,월세,오피스텔,6,1000.0,3000.0,3834.1,625.0,4000.0,57.5,75.67,62.18,4,0
서대문구,연희동,2024,9,전세,연립다세대,13,25000.0,24419.2,11069.9,17000.0,33000.0,,,,8,0
서대문구,연희동,2024,9,전세,오피스텔,6,18500.0,26233.3,19730.3,12000.0,40750.0,,,,5,0
서대문구,연희동,2024,10,월세,연립다세대,39,3000.0,7436.9,11058.1,1000.0,5500.0,59.0,65.59,39.16,37,0
서대문구,연희동,2024,10,월세,오피스텔,20,2500.0,5350.0,6965.1,875.0,7750.0,56.5,64.6,56.42,18,0
서대문구,연희동,2024,10,전세,연립다세대,13,22000.0,22020.4,8239.9,15000.0,27300.0,,,,6,0
서대문구,연희동,2024,10,전세,오피스텔,1,67000.0,67000.0,,67000.0,67000.0,,,,1,0
서대문구,연희동,2024,11,월세,연립다세대,43,3000.0,5236.5,6173.5,1000.0,6000.0,55.0,58.77,29.17,39,0
서대문구,연희동,2024,11,월세,오피스텔,18,1000.0,3011.1,3749.0,625.0,4250.0,61.5,59.0,20.47,17,0
서대문구,연희동,2024,11,전세,연립다세대,16,18375.0,19281.9,9530.6,14575.0,20557.5,,,,10,0
서대문구,연희동,2024,11,전세,오피스텔,1,8500.0,8500.0,,8500.0,8500.0,,,,1,0
서대문구,연희동,2024,12,월세,연립다세대,71,2000.0,4734.6,7020.3,1000.0,5000.0,55.0,60.0,32.78,70,0
서대문구,연희동,2024,12,월세,오피스텔,41,1000.0,2649.5,3722.4,1000.0,1000.0,60.0,58.61,22.37,36,0
서대문구,연희동,2024,12,전세,연립다세대,11,20000.0,22096.5,12453.0,10350.0,32250.0,,,,7,0
서대문구,연희동,2025,1,월세,연립다세대,54,3000.0,6128.8,10169.7,1000.0,5000.0,55.0,62.65,45.27,47,0
서대문구,연희동,2025,1,월세,오피스텔,23,1000.0,3617.4,4023.2,1000.0,5850.0,55.0,50.04,21.36,17,0
서대문구,연희동,2025,1,전세,연립다세대,15,27000.0,28260.0,23287.5,16950.0,28500.0,,,,11,0
서대문구,연희동,2025,1,전세,오피스텔,5,19000.0,17640.0,6154.1,16500.0,20000.0,,,,5,0
서대문구,연희동,2025,2,월세,연립다세대,79,3000.0,5859.0,7264.8,1000.0,7650.0,50.0,54.76,31.82,67,0
서대문구,연희동,2025,2,월세,오피스텔,36,1000.0,2441.7,3309.2,1000.0,1250.0,64.0,68.31,35.33,32,0
서대문구,연희동,2025,2,전세,연립다세대,16,21700.0,20176.8,7872.0,14125.0,25619.0,,,,11,0
서대문구,연희동,2025,2,전세,오피스텔,1,19900.0,19900.0,,19900.0,19900.0,,,,0,0
서대문구,연희동,2025,3,월세,연립다세대,42,3000.0,6410.5,6952.9,1000.0,13000.0,55.0,67.95,49.48,34,0
서대문구,연희동,2025,3,월세,오피스텔,22,1000.0,4050.0,5278.0,500.0,8250.0,60.0,76.27,53.83,17,0
서대문구,연희동,2025,3,전세,연립다세대,23,22000.0,22006.1,11493.9,12595.0,29750.0,,,,14,0
서대문구,연희동,2025,3,전세,오피스텔,8,19600.0,22600.0,17988.9,14250.0,20900.0,,,,5,0
서대문구,연희동,2025,4,월세,연립다세대,45,5500.0,7589.1,7686.4,500.0,13000.0,60.0,53.51,35.39,38,0
서대문구,연희동,2025,4,월세,오피스텔,19,4000.0,4700.0,4159.9,1000.0,8800.0,45.0,48.26,31.97,13,0
서대문구,연희동,2025,4,전세,연립다세대,14,22425.0,26327.7,14408.4,17128.5,30250.0,,,,6,0
서대문구,연희동,2025,4,전세,오피스텔,2,30500.0,30500.0,34648.2,18250.0,42750.0,,,,2,0
서대문구,연희동,2025,5,월세,연립다세대,50,3000.0,6946.4,9141.2,500.0,9750.0,59.5,78.66,124.79,35,0
서대문구,연희동,2025,5,월세,오피스텔,29,1000.0,4175.9,4822.6,1000.0,9000.0,49.0,57.97,43.48,25,0
서대문구,연희동,2025,5,전세,연립다세대,22,18300.0,19844.9,9201.7,14250.0,24600.0,,,,14,0
서대문구,연희동,2025,5,전세,오피스텔,3,22000.0,29500.0,15206.9,20750.0,34500.0,,,,3,0
서대문구,연희동,2025,6,월세,연립다세대,57,3000.0,5639.4,7376.4,1000.0,6000.0,60.0,101.68,188.69,47,0
서대문구,연희동,2025,6,월세,오피스텔,34,1000.0,4145.6,8154.3,625.0,4500.0,60.0,60.15,38.6,28,0
서대문구,연희동,2025,6,전세,연립다세대,11,22000.0,29800.0,27821.6,17000.0,26400.0,,,,9,0
서대문구,연희동,2025,6,전세,오피스텔,7,20000.0,22881.4,10553.5,19285.0,24000.0,,,,4,0
서대문구,연희동,2025,7,월세,연립다세대,57,2000.0,4897.5,7279.6,1000.0,5000.0,55.0,98.68,156.96,52,0
서대문구,연희동,2025,7,월세,오피스텔,29,1000.0,4189.7,10213.3,1000.0,3000.0,65.0,68.21,38.26,25,0
서대문구,연희동,2025,7,전세,연립다세대,18,15600.0,18200.0,11278.4,13125.0,19900.0,,,,14,0
서대문구,연희동,2025,7,전세,오피스텔,7,12000.0,16724.3,11076.2,9550.0,18485.0,,,,3,0
서대문구,연희동,2025,8,월세,연립다세대,55,2000.0,3990.7,6116.7,1000.0,5000.0,60.0,88.62,130.22,49,0
서대문구,연희동,2025,8,월세,오피스텔,33,1000.0,1287.9,1745.7,500.0,1000.0,60.0,66.33,26.15,32,0
서대문구,연희동,2025,8,전세,연립다세대,16,21350.0,22806.2,7799.5,18000.0,27000.0,,,,14,0
서대문구,연희동,2025,8,전세,오피스텔,4,12000.0,20750.0,19272.2,9875.0,22875.0,,,,3,0
서대문구,연희동,2025,9,월세,연립다세대,49,1480.0,6042.5,8109.6,1000.0,10000.0,55.0,75.31,111.15,45,0
서대문구,연희동,2025,9,월세,오피스텔,16,1000.0,2343.8,3295.0,500.0,2000.0,64.0,61.38,26.44,16,0
서대문구,연희동,2025,9,전세,연립다세대,14,14700.0,18586.4,15992.6,9295.0,21800.0,,,,8,0
서대문구,연희동,2025,9,전세,오피스텔,3,16800.0,14740.0,5036.5,12900.0,17610.0,,,,1,0
서대문구,연희동,2025,10,월세,연립다세대,39,5000.0,6736.9,6813.1,1000.0,8750.0,40.0,49.05,32.61,31,0
서대문구,연희동,2025,10,월세,오피스텔,16,1000.0,3368.8,3765.1,875.0,5000.0,61.0,88.62,66.99,13,0
서대문구,연희동,2025,10,전세,연립다세대,5,21000.0,21946.0,6847.9,19400.0,22000.0,,,,1,0
서대문구,연희동,2025,11,월세,연립다세대,61,2000.0,5194.1,6830.2,720.0,5500.0,52.0,96.34,190.02,56,0
서대문구,연희동,2025,11,월세,오피스텔,25,1000.0,2848.0,3441.6,500.0,3000.0,60.0,75.32,47.67,24,0
서대문구,연희동,2025,11,전세,연립다세대,17,22000.0,21603.5,13245.9,10000.0,29000.0,,,,10,0
서대문구,연희동,2025,11,전세,오피스텔,1,45000.0,45000.0,,45000.0,45000.0,,,,1,0
서대문구,연희동,2025,12,월세,연립다세대,82,1000.0,4619.2,6703.6,1000.0,5000.0,50.0,52.43,25.77,70,0
서대문구,연희동,2025,12,월세,오피스텔,37,1000.0,3889.2,4456.8,1000.0,5000.0,60.0,64.95,49.75,33,0
서대문구,연희동,2025,12,전세,연립다세대,18,24600.0,25475.8,7816.5,21625.0,30000.0,,,,6,0
서대문구,연희동,2025,12,전세,오피스텔,4,31745.0,34372.5,16348.9,22600.0,43517.5,,,,3,0
서대문구,연희동,2026,1,월세,연립다세대,93,2000.0,4752.6,7365.5,1000.0,5000.0,58.0,59.27,35.39,81,1
서대문구,연희동,2026,1,월세,오피스텔,45,1000.0,2955.6,3692.5,1000.0,3000.0,60.0,55.09,21.62,42,1
서대문구,연희동,2026,1,전세,연립다세대,12,15662.5,16810.4,6205.8,13250.0,21000.0,,,,8,1
서대문구,연희동,2026,1,전세,오피스텔,4,17250.0,17250.0,4699.3,15625.0,18875.0,,,,3,1
서대문구,연희동,2026,2,월세,연립다세대,74,1750.0,3774.3,5413.7,1000.0,4500.0,56.5,58.81,31.83,65,1
서대문구,연희동,2026,2,월세,오피스텔,39,1000.0,2312.8,3154.5,1000.0,2500.0,65.0,70.15,41.09,35,1
서대문구,연희동,2026,2,전세,연립다세대,16,17820.0,19420.0,9378.8,15000.0,23550.0,,,,14,1
서대문구,연희동,2026,2,전세,오피스텔,1,17000.0,17000.0,,17000.0,17000.0,,,,1,1
서대문구,연희동,2026,3,월세,연립다세대,41,3500.0,7179.5,8081.9,1000.0,10000.0,50.0,86.32,127.32,33,1
서대문구,연희동,2026,3,월세,오피스텔,27,1000.0,2259.3,2952.7,500.0,3000.0,70.0,72.04,40.62,23,1
서대문구,연희동,2026,3,전세,연립다세대,16,19500.0,22606.2,11214.2,14825.0,27750.0,,,,14,1
서대문구,연희동,2026,3,전세,오피스텔,3,11000.0,13500.0,5678.9,10250.0,15500.0,,,,2,1
서대문구,연희동,2026,4,월세,연립다세대,46,3000.0,8325.0,10782.3,1000.0,10000.0,57.0,74.74,77.73,39,1
서대문구,연희동,2026,4,월세,오피스텔,17,3000.0,4428.8,4200.0,1000.0,8100.0,50.0,44.0,25.49,15,1
서대문구,연희동,2026,4,전세,연립다세대,14,35000.0,37200.0,24151.4,20000.0,55950.0,,,,11,1
서대문구,연희동,2026,4,전세,오피스텔,4,30500.0,30125.0,22957.8,10625.0,50000.0,,,,3,1
서대문구,연희동,2026,5,월세,연립다세대,46,2000.0,5370.5,7354.6,1000.0,7000.0,60.0,90.11,195.33,41,1
서대문구,연희동,2026,5,월세,오피스텔,23,1000.0,3978.3,5653.6,500.0,6500.0,65.0,60.74,26.34,21,1
서대문구,연희동,2026,5,전세,연립다세대,21,30000.0,29349.0,14479.7,18000.0,40000.0,,,,17,1
서대문구,연희동,2026,5,전세,오피스텔,6,9700.0,13733.3,9930.5,9525.0,9950.0,,,,6,1
서대문구,연희동,2026,6,월세,연립다세대,50,2000.0,5863.5,8451.0,1000.0,6584.5,60.0,88.24,95.41,47,1
서대문구,연희동,2026,6,월세,오피스텔,28,1500.0,3685.7,4263.3,875.0,5775.0,62.5,57.5,22.43,25,1
서대문구,연희동,2026,6,전세,연립다세대,6,25650.0,23966.7,10712.0,19625.0,32575.0,,,,3,1
서대문구,연희동,2026,6,전세,오피스텔,7,25000.0,27457.1,19204.8,14900.0,32200.0,,,,7,1
서대문구,연희동,2026,7,월세,연립다세대,35,2000.0,5090.9,6264.0,1000.0,7000.0,60.0,97.23,213.4,31,1
서대문구,연희동,2026,7,월세,오피스텔,20,1000.0,5100.0,9206.1,500.0,10000.0,60.0,76.2,80.26,17,1
서대문구,연희동,2026,7,전세,연립다세대,10,22900.0,20430.0,9414.1,13675.0,27100.0,,,,7,1
서대문구,연희동,2026,7,전세,오피스텔,6,10000.0,14483.3,8095.0,8950.0,21100.0,,,,6,1
서대문구,연희동,2026,8,월세,연립다세대,50,1490.0,4621.5,6290.5,1000.0,5000.0,59.0,69.36,67.51,46,1
서대문구,연희동,2026,8,월세,오피스텔,25,1000.0,2060.0,2923.8,500.0,1000.0,70.0,69.56,27.58,24,1
서대문구,연희동,2026,8,전세,연립다세대,7,20000.0,23571.4,9856.8,16050.0,31500.0,,,,5,1
서대문구,연희동,2026,8,전세,오피스텔,2,16075.0,16075.0,6399.3,13812.5,18337.5,,,,1,1
서대문구,연희동,2026,9,월세,연립다세대,8,3250.0,4043.8,4124.1,1000.0,5125.0,72.5,74.88,41.18,8,1
서대문구,연희동,2026,9,월세,오피스텔,1,3000.0,3000.0,,3000.0,3000.0,190.0,190.0,,1,1
서대문구,연희동,2026,9,전세,연립다세대,2,19645.0,19645.0,14771.5,14422.5,24867.5,,,,1,1
서대문구,영천동,2021,4,월세,연립다세대,2,2500.0,2500.0,707.1,2250.0,2750.0,55.0,55.0,7.07,0,0
서대문구,영천동,2021,7,월세,연립다세대,1,3000.0,3000.0,,3000.0,3000.0,35.0,35.0,,1,0
서대문구,영천동,2021,8,월세,연립다세대,1,5000.0,5000.0,,5000.0,5000.0,60.0,60.0,,0,0
서대문구,영천동,2021,10,월세,연립다세대,1,5000.0,5000.0,,5000.0,5000.0,60.0,60.0,,1,0
서대문구,영천동,2021,12,월세,연립다세대,1,3000.0,3000.0,,3000.0,3000.0,40.0,40.0,,1,0
서대문구,영천동,2022,3,월세,연립다세대,1,2000.0,2000.0,,2000.0,2000.0,50.0,50.0,,1,0
서대문구,영천동,2022,10,월세,연립다세대,1,5000.0,5000.0,,5000.0,5000.0,85.0,85.0,,1,0
서대문구,영천동,2023,2,월세,연립다세대,1,2000.0,2000.0,,2000.0,2000.0,50.0,50.0,,1,0
서대문구,영천동,2023,4,월세,연립다세대,1,3000.0,3000.0,,3000.0,3000.0,45.0,45.0,,0,0
서대문구,영천동,2023,9,월세,연립다세대,1,2000.0,2000.0,,2000.0,2000.0,50.0,50.0,,1,0
서대문구,영천동,2023,10,월세,연립다세대,1,6000.0,6000.0,,6000.0,6000.0,70.0,70.0,,1,0
서대문구,영천동,2023,11,월세,연립다세대,1,4000.0,4000.0,,4000.0,4000.0,70.0,70.0,,1,0
서대문구,영천동,2024,1,월세,연립다세대,1,7000.0,7000.0,,7000.0,7000.0,50.0,50.0,,1,0
서대문구,영천동,2024,2,월세,연립다세대,1,2000.0,2000.0,,2000.0,2000.0,50.0,50.0,,1,0
서대문구,영천동,2024,3,월세,연립다세대,1,8000.0,8000.0,,8000.0,8000.0,100.0,100.0,,1,0
서대문구,영천동,2024,5,전세,연립다세대,1,29500.0,29500.0,,29500.0,29500.0,,,,1,0
서대문구,영천동,2024,5,전세,오피스텔,1,28000.0,28000.0,,28000.0,28000.0,,,,1,0
서대문구,영천동,2024,7,월세,연립다세대,1,5000.0,5000.0,,5000.0,5000.0,100.0,100.0,,1,0
서대문구,영천동,2024,7,전세,오피스텔,3,27000.0,26666.7,1527.5,26000.0,27500.0,,,,3,0
서대문구,영천동,2024,8,전세,연립다세대,1,30000.0,30000.0,,30000.0,30000.0,,,,1,0
서대문구,영천동,2024,8,전세,오피스텔,1,27000.0,27000.0,,27000.0,27000.0,,,,1,0
서대문구,영천동,2024,9,전세,연립다세대,1,32000.0,32000.0,,32000.0,32000.0,,,,1,0
서대문구,영천동,2024,12,전세,연립다세대,1,30000.0,30000.0,,30000.0,30000.0,,,,1,0
서대문구,영천동,2025,1,전세,연립다세대,2,30000.0,30000.0,0.0,30000.0,30000.0,,,,2,0
서대문구,영천동,2025,2,전세,연립다세대,2,31000.0,31000.0,1414.2,30500.0,31500.0,,,,2,0
서대문구,영천동,2025,5,월세,연립다세대,2,2500.0,2500.0,707.1,2250.0,2750.0,50.5,50.5,3.54,2,0
서대문구,영천동,2025,12,월세,연립다세대,1,2000.0,2000.0,,2000.0,2000.0,53.0,53.0,,1,0
서대문구,영천동,2026,1,전세,연립다세대,1,30000.0,30000.0,,30000.0,30000.0,,,,1,1
서대문구,영천동,2026,2,월세,연립다세대,2,5000.0,5000.0,0.0,5000.0,5000.0,81.5,81.5,12.02,2,1
서대문구,영천동,2026,3,월세,연립다세대,1,200.0,200.0,,200.0,200.0,120.0,120.0,,1,1
서대문구,영천동,2026,5,월세,연립다세대,1,3000.0,3000.0,,3000.0,3000.0,48.0,48.0,,1,1
서대문구,영천동,2026,7,월세,연립다세대,1,5000.0,5000.0,,5000.0,5000.0,120.0,120.0,,1,1
서대문구,영천동,2026,7,전세,오피스텔,2,29800.0,29800.0,282.8,29700.0,29900.0,,,,2,1
서대문구,영천동,2026,9,월세,연립다세대,1,2000.0,2000.0,,2000.0,2000.0,53.0,53.0,,1,1
서대문구,옥천동,2021,2,전세,연립다세대,1,12600.0,12600.0,,12600.0,12600.0,,,,0,0
서대문구,옥천동,2021,3,월세,연립다세대,1,2000.0,2000.0,,2000.0,2000.0,58.0,58.0,,0,0
서대문구,옥천동,2021,3,전세,연립다세대,2,10750.0,10750.0,353.6,10625.0,10875.0,,,,0,0
서대문구,옥천동,2021,6,월세,연립다세대,1,1000.0,1000.0,,1000.0,1000.0,50.0,50.0,,1,0
서대문구,옥천동,2021,7,월세,연립다세대,2,2300.0,2300.0,0.0,2300.0,2300.0,52.0,52.0,0.0,1,0
서대문구,옥천동,2021,8,전세,연립다세대,1,27100.0,27100.0,,27100.0,27100.0,,,,1,0
서대문구,옥천동,2021,9,월세,연립다세대,1,5000.0,5000.0,,5000.0,5000.0,110.0,110.0,,1,0
서대문구,옥천동,2021,9,전세,연립다세대,1,7000.0,7000.0,,7000.0,7000.0,,,,1,0
서대문구,옥천동,2021,10,월세,연립다세대,1,4000.0,4000.0,,4000.0,4000.0,65.0,65.0,,1,0
서대문구,옥천동,2021,11,월세,연립다세대,1,6000.0,6000.0,,6000.0,6000.0,60.0,60.0,,1,0
서대문구,옥천동,2021,11,전세,연립다세대,1,3500.0,3500.0,,3500.0,3500.0,,,,0,0
서대문구,옥천동,2022,1,전세,연립다세대,1,26500.0,26500.0,,26500.0,26500.0,,,,1,0
서대문구,옥천동,2022,4,전세,연립다세대,1,10000.0,10000.0,,10000.0,10000.0,,,,0,0
서대문구,옥천동,2022,5,월세,연립다세대,1,5000.0,5000.0,,5000.0,5000.0,10.0,10.0,,0,0
서대문구,옥천동,2022,5,전세,연립다세대,1,16800.0,16800.0,,16800.0,16800.0,,,,0,0
서대문구,옥천동,2022,6,월세,연립다세대,1,2000.0,2000.0,,2000.0,2000.0,61.0,61.0,,1,0
서대문구,옥천동,2022,8,월세,연립다세대,1,3000.0,3000.0,,3000.0,3000.0,60.0,60.0,,1,0
서대문구,옥천동,2022,9,월세,연립다세대,1,2000.0,2000.0,,2000.0,2000.0,57.0,57.0,,1,0
서대문구,옥천동,2022,11,월세,연립다세대,1,5000.0,5000.0,,5000.0,5000.0,70.0,70.0,,1,0
서대문구,옥천동,2022,11,전세,연립다세대,1,4000.0,4000.0,,4000.0,4000.0,,,,1,0
서대문구,옥천동,2022,12,월세,연립다세대,2,7000.0,7000.0,5656.9,5000.0,9000.0,29.5,29.5,28.99,2,0
서대문구,옥천동,2023,1,전세,연립다세대,1,26600.0,26600.0,,26600.0,26600.0,,,,0,0
서대문구,옥천동,2023,3,전세,연립다세대,2,7700.0,7700.0,989.9,7350.0,8050.0,,,,1,0
서대문구,옥천동,2023,4,월세,연립다세대,1,2000.0,2000.0,,2000.0,2000.0,80.0,80.0,,1,0
서대문구,옥천동,2023,6,월세,연립다세대,3,2000.0,3000.0,1732.1,2000.0,3500.0,64.0,68.33,10.21,3,0
서대문구,옥천동,2023,7,월세,연립다세대,2,2100.0,2100.0,141.4,2050.0,2150.0,60.5,60.5,0.71,2,0
서대문구,옥천동,2023,8,월세,연립다세대,1,1000.0,1000.0,,1000.0,1000.0,47.0,47.0,,1,0
서대문구,옥천동,2023,10,월세,연립다세대,1,5000.0,5000.0,,5000.0,5000.0,80.0,80.0,,1,0
서대문구,옥천동,2023,10,전세,연립다세대,3,8400.0,10466.7,6741.9,6700.0,13200.0,,,,1,0
서대문구,옥천동,2023,11,월세,연립다세대,1,2000.0,2000.0,,2000.0,2000.0,61.0,61.0,,1,0
서대문구,옥천동,2024,1,월세,연립다세대,3,7000.0,7500.0,2783.9,6000.0,8750.0,65.0,52.33,35.73,3,0
서대문구,옥천동,2024,1,전세,연립다세대,1,24000.0,24000.0,,24000.0,24000.0,,,,1,0
서대문구,옥천동,2024,3,월세,연립다세대,1,6000.0,6000.0,,6000.0,6000.0,100.0,100.0,,1,0
서대문구,옥천동,2024,3,전세,연립다세대,1,24000.0,24000.0,,24000.0,24000.0,,,,1,0
서대문구,옥천동,2024,4,전세,연립다세대,1,17000.0,17000.0,,17000.0,17000.0,,,,1,0
서대문구,옥천동,2024,5,전세,연립다세대,1,4000.0,4000.0,,4000.0,4000.0,,,,1,0
서대문구,옥천동,2024,6,월세,연립다세대,1,5000.0,5000.0,,5000.0,5000.0,10.0,10.0,,0,0
서대문구,옥천동,2024,6,전세,연립다세대,1,16000.0,16000.0,,16000.0,16000.0,,,,1,0
서대문구,옥천동,2024,7,월세,연립다세대,1,2000.0,2000.0,,2000.0,2000.0,67.0,67.0,,1,0
서대문구,옥천동,2024,7,전세,연립다세대,1,20000.0,20000.0,,20000.0,20000.0,,,,1,0
서대문구,옥천동,2024,8,전세,연립다세대,1,8800.0,8800.0,,8800.0,8800.0,,,,1,0
서대문구,옥천동,2024,9,월세,연립다세대,2,1000.0,1000.0,0.0,1000.0,1000.0,62.5,62.5,17.68,2,0
서대문구,옥천동,2024,9,전세,연립다세대,1,10000.0,10000.0,,10000.0,10000.0,,,,1,0
서대문구,옥천동,2024,11,월세,연립다세대,3,5000.0,6666.7,2886.8,5000.0,7500.0,47.0,47.67,32.01,2,0
서대문구,옥천동,2025,2,월세,연립다세대,2,2500.0,2500.0,707.1,2250.0,2750.0,53.0,53.0,0.0,1,0
서대문구,옥천동,2025,3,전세,연립다세대,1,25000.0,25000.0,,25000.0,25000.0,,,,1,0
서대문구,옥천동,2025,5,월세,연립다세대,2,2500.0,2500.0,707.1,2250.0,2750.0,59.5,59.5,6.36,2,0
서대문구,옥천동,2025,7,월세,연립다세대,1,4000.0,4000.0,,4000.0,4000.0,1.0,1.0,,0,0
서대문구,옥천동,2025,9,월세,연립다세대,1,2100.0,2100.0,,2100.0,2100.0,64.0,64.0,,1,0
서대문구,옥천동,2025,9,전세,연립다세대,1,25900.0,25900.0,,25900.0,25900.0,,,,1,0
서대문구,옥천동,2026,1,전세,연립다세대,2,19500.0,19500.0,6364.0,17250.0,21750.0,,,,1,1
서대문구,옥천동,2026,5,월세,연립다세대,1,5000.0,5000.0,,5000.0,5000.0,50.0,50.0,,1,1
서대문구,옥천동,2026,5,전세,연립다세대,1,19000.0,19000.0,,19000.0,19000.0,,,,1,1
서대문구,옥천동,2026,6,월세,연립다세대,2,2000.0,2000.0,0.0,2000.0,2000.0,70.0,70.0,0.0,0,1
서대문구,옥천동,2026,8,월세,연립다세대,1,2100.0,2100.0,,2100.0,2100.0,64.0,64.0,,1,1
서대문구,창천동,2021,1,월세,연립다세대,14,1000.0,2757.1,3854.4,350.0,3000.0,50.0,49.57,10.98,1,0
서대문구,창천동,2021,1,월세,오피스텔,12,2000.0,2708.3,2158.1,1000.0,3500.0,67.5,60.0,19.42,2,0
서대문구,창천동,2021,1,전세,연립다세대,8,25500.0,22993.8,7609.0,15312.5,27000.0,,,,1,0
서대문구,창천동,2021,1,전세,오피스텔,3,17000.0,15666.7,5131.6,13500.0,18500.0,,,,0,0
서대문구,창천동,2021,2,월세,연립다세대,9,3500.0,3722.2,2587.4,1000.0,5000.0,40.0,43.56,10.43,2,0
서대문구,창천동,2021,2,월세,오피스텔,10,3000.0,3850.0,3091.7,1500.0,4750.0,60.0,56.2,7.89,2,0
서대문구,창천동,2021,2,전세,연립다세대,9,18900.0,21300.0,11080.6,15000.0,23000.0,,,,0,0
서대문구,창천동,2021,2,전세,오피스텔,3,20000.0,16833.3,7285.8,14250.0,21000.0,,,,0,0
서대문구,창천동,2021,3,월세,연립다세대,12,2000.0,3583.3,5329.3,1000.0,3000.0,44.0,48.33,22.25,1,0
서대문구,창천동,2021,3,월세,오피스텔,8,1000.0,1500.0,925.8,1000.0,1500.0,74.0,72.25,12.38,1,0
서대문구,창천동,2021,3,전세,연립다세대,4,24500.0,24750.0,6800.7,19500.0,29750.0,,,,0,0
서대문구,창천동,2021,3,전세,오피스텔,9,20000.0,20000.0,1581.1,20000.0,21000.0,,,,0,0
서대문구,창천동,2021,4,월세,연립다세대,6,1500.0,3715.5,4478.6,1000.0,4250.0,57.5,57.17,35.77,0,0
서대문구,창천동,2021,4,월세,오피스텔,5,1000.0,1600.0,894.4,1000.0,2000.0,70.0,70.0,3.54,0,0
서대문구,창천동,2021,4,전세,연립다세대,3,25000.0,24333.3,14011.9,17500.0,31500.0,,,,0,0
서대문구,창천동,2021,4,전세,오피스텔,5,21000.0,20800.0,447.2,21000.0,21000.0,,,,0,0
서대문구,창천동,2021,5,월세,연립다세대,15,3000.0,6733.3,9317.5,1500.0,6250.0,45.0,43.8,19.47,1,0
서대문구,창천동,2021,5,월세,오피스텔,8,1000.0,2812.5,3093.1,1000.0,3750.0,75.0,66.88,15.1,0,0
서대문구,창천동,2021,5,전세,연립다세대,5,12000.0,18410.0,11543.5,11550.0,28500.0,,,,0,0
서대문구,창천동,2021,5,전세,오피스텔,5,21000.0,20600.0,547.7,20000.0,21000.0,,,,1,0
서대문구,창천동,2021,6,월세,연립다세대,17,1000.0,2005.9,1394.4,1000.0,3000.0,53.0,64.18,39.36,13,0
서대문구,창천동,2021,6,월세,오피스텔,14,1000.0,1500.0,1870.8,1000.0,1000.0,70.0,72.5,6.12,12,0
서대문구,창천동,2021,6,전세,연립다세대,12,17750.0,17375.0,5776.6,13000.0,20750.0,,,,7,0
서대문구,창천동,2021,6,전세,오피스텔,5,16030.0,16806.0,4548.4,16000.0,21000.0,,,,3,0
서대문구,창천동,2021,7,월세,연립다세대,30,1000.0,2260.0,2439.7,625.0,3000.0,55.0,55.33,17.73,24,0
서대문구,창천동,2021,7,월세,오피스텔,13,1000.0,1000.0,0.0,1000.0,1000.0,70.0,70.62,8.35,13,0
서대문구,창천동,2021,7,전세,연립다세대,6,15900.0,17966.7,7305.2,14450.0,19750.0,,,,4,0
서대문구,창천동,2021,7,전세,오피스텔,2,25000.0,25000.0,7071.1,22500.0,27500.0,,,,1,0
서대문구,창천동,2021,8,월세,연립다세대,23,1000.0,3443.5,4057.3,1000.0,4300.0,54.0,49.83,25.52,15,0
서대문구,창천동,2021,8,월세,오피스텔,10,1000.0,1100.0,316.2,1000.0,1000.0,66.0,67.4,7.46,9,0
서대문구,창천동,2021,8,전세,연립다세대,13,13500.0,15450.0,6104.9,12000.0,19000.0,,,,7,0
서대문구,창천동,2021,8,전세,오피스텔,5,10000.0,11900.0,6288.9,9000.0,10000.0,,,,3,0
서대문구,창천동,2021,9,월세,연립다세대,14,1000.0,4000.0,5567.8,625.0,3000.0,61.0,55.93,21.77,10,0
서대문구,창천동,2021,9,월세,오피스텔,6,750.0,750.0,273.9,500.0,1000.0,71.5,66.33,12.03,6,0
서대문구,창천동,2021,9,전세,연립다세대,9,24000.0,27688.9,19061.6,14700.0,43500.0,,,,8,0
서대문구,창천동,2021,9,전세,오피스텔,3,16000.0,17666.7,2886.8,16000.0,18500.0,,,,3,0
서대문구,창천동,2021,10,월세,연립다세대,16,3500.0,4648.9,3822.5,1375.0,7953.0,41.0,42.38,19.75,11,0
서대문구,창천동,2021,10,월세,오피스텔,7,1000.0,857.1,244.0,750.0,1000.0,70.0,65.71,12.05,7,0
서대문구,창천동,2021,10,전세,연립다세대,10,14200.0,14640.0,6623.7,10750.0,20500.0,,,,8,0
서대문구,창천동,2021,10,전세,오피스텔,3,16000.0,13333.3,4618.8,12000.0,16000.0,,,,3,0
서대문구,창천동,2021,11,월세,연립다세대,12,2000.0,2500.0,1977.1,1000.0,3000.0,50.0,53.08,15.15,8,0
서대문구,창천동,2021,11,월세,오피스텔,13,1000.0,1000.0,353.6,1000.0,1000.0,75.0,71.15,10.07,11,0
서대문구,창천동,2021,11,전세,연립다세대,7,28000.0,22342.9,8509.2,14250.0,29200.0,,,,4,0
서대문구,창천동,2021,11,전세,오피스텔,5,21000.0,19000.0,3807.9,16000.0,21000.0,,,,5,0
서대문구,창천동,2021,12,월세,연립다세대,25,3000.0,5174.0,5522.1,2000.0,7000.0,42.0,43.84,19.22,17,0
서대문구,창천동,2021,12,월세,오피스텔,18,1000.0,1005.6,1555.1,100.0,1000.0,59.0,55.11,19.39,15,0
서대문구,창천동,2021,12,전세,연립다세대,12,13300.0,17066.7,11589.0,8875.0,19750.0,,,,7,0
서대문구,창천동,2021,12,전세,오피스텔,4,14500.0,14625.0,6799.2,8875.0,20250.0,,,,3,0
서대문구,창천동,2022,1,월세,연립다세대,24,3000.0,3562.5,3600.5,1750.0,3250.0,47.5,53.58,26.17,15,0
서대문구,창천동,2022,1,월세,오피스텔,26,1000.0,1300.0,829.5,1000.0,1000.0,70.0,67.92,8.88,24,0
서대문구,창천동,2022,1,전세,연립다세대,14,22000.0,19964.3,11792.2,9375.0,27750.0,,,,9,0
서대문구,창천동,2022,1,전세,오피스텔,6,21000.0,20500.0,2490.0,20250.0,21375.0,,,,4,0
서대문구,창천동,2022,2,월세,연립다세대,39,2000.0,4233.3,5791.3,750.0,5000.0,50.0,55.56,29.16,25,0
서대문구,창천동,2022,2,월세,오피스텔,22,1000.0,1252.7,1028.3,1000.0,1000.0,69.0,63.14,21.01,16,0
서대문구,창천동,2022,2,전세,연립다세대,10,15850.0,14560.0,5633.9,11875.0,17000.0,,,,4,0
서대문구,창천동,2022,2,전세,오피스텔,6,20000.0,20666.7,1211.1,20000.0,20750.0,,,,4,0
서대문구,창천동,2022,3,월세,연립다세대,14,1500.0,1950.0,1406.4,1000.0,2875.0,59.0,64.36,24.08,10,0
서대문구,창천동,2022,3,월세,오피스텔,8,1000.0,2250.0,3535.5,1000.0,1000.0,77.5,70.0,20.87,8,0
서대문구,창천동,2022,3,전세,연립다세대,11,26000.0,24495.5,10321.3,16925.0,32000.0,,,,6,0
서대문구,창천동,2022,3,전세,오피스텔,6,18750.0,20750.0,6494.2,16125.0,23250.0,,,,5,0
서대문구,창천동,2022,4,월세,연립다세대,20,2000.0,4303.8,5517.9,1000.0,5250.0,52.5,57.5,34.57,13,0
서대문구,창천동,2022,4,월세,오피스텔,13,1000.0,1461.5,1249.4,1000.0,1000.0,70.0,69.69,16.42,11,0
서대문구,창천동,2022,4,전세,연립다세대,6,30950.0,27866.7,11118.9,20400.0,32350.0,,,,4,0
서대문구,창천동,2022,4,전세,오피스텔,2,14500.0,14500.0,7778.2,11750.0,17250.0,,,,1,0
서대문구,창천동,2022,5,월세,연립다세대,24,2750.0,4589.3,4623.2,1000.0,7953.0,50.0,52.21,28.16,8,0
서대문구,창천동,2022,5,월세,오피스텔,13,1000.0,923.1,187.8,1000.0,1000.0,76.0,74.23,12.02,11,0
서대문구,창천동,2022,5,전세,연립다세대,14,23000.0,22880.0,10950.1,12950.0,31125.0,,,,4,0
서대문구,창천동,2022,5,전세,오피스텔,4,20500.0,18250.0,5560.3,17500.0,21250.0,,,,4,0
서대문구,창천동,2022,6,월세,연립다세대,28,1000.0,3699.3,4590.7,1000.0,6700.0,50.0,47.71,21.48,21,0
서대문구,창천동,2022,6,월세,오피스텔,12,1000.0,1666.7,1557.0,1000.0,1000.0,74.5,70.92,12.65,10,0
서대문구,창천동,2022,6,전세,연립다세대,13,26700.0,26423.1,11082.2,16500.0,40000.0,,,,7,0
서대문구,창천동,2022,6,전세,오피스텔,1,5500.0,5500.0,,5500.0,5500.0,,,,0,0
서대문구,창천동,2022,7,월세,연립다세대,33,1000.0,2090.9,2667.6,1000.0,3000.0,55.0,58.0,29.45,25,0
서대문구,창천동,2022,7,월세,오피스텔,12,1000.0,1083.3,288.7,1000.0,1000.0,72.5,72.75,10.07,9,0
서대문구,창천동,2022,7,전세,연립다세대,11,13800.0,23118.2,14125.9,12000.0,37850.0,,,,5,0
서대문구,창천동,2022,8,월세,연립다세대,16,2000.0,4612.5,8336.0,500.0,4250.0,51.5,51.06,22.68,10,0
서대문구,창천동,2022,8,월세,오피스텔,10,1000.0,5050.0,10626.1,1000.0,2500.0,67.5,65.9,11.42,7,0
서대문구,창천동,2022,8,전세,연립다세대,6,21400.0,22041.7,9356.2,15237.5,26175.0,,,,3,0
서대문구,창천동,2022,8,전세,오피스텔,1,33600.0,33600.0,,33600.0,33600.0,,,,0,0
서대문구,창천동,2022,9,월세,연립다세대,18,2000.0,3555.6,4850.4,1250.0,2375.0,50.0,62.0,44.46,15,0
서대문구,창천동,2022,9,월세,오피스텔,7,1000.0,1571.4,1511.9,1000.0,1000.0,80.0,97.57,45.4,5,0
서대문구,창천동,2022,9,전세,연립다세대,6,21000.0,24416.7,13742.0,14750.0,26500.0,,,,5,0
서대문구,창천동,2022,9,전세,오피스텔,1,29900.0,29900.0,,29900.0,29900.0,,,,0,0
서대문구,창천동,2022,10,월세,연립다세대,28,3000.0,5800.0,5945.9,1000.0,10000.0,45.0,53.64,43.33,18,0
서대문구,창천동,2022,10,월세,오피스텔,8,1000.0,1375.0,1482.0,875.0,1000.0,70.0,83.62,47.94,6,0
서대문구,창천동,2022,10,전세,연립다세대,7,19950.0,18707.1,5443.7,15250.0,22500.0,,,,2,0
서대문구,창천동,2022,11,월세,연립다세대,28,2700.0,3992.9,4549.1,1000.0,5000.0,50.5,47.25,20.13,17,0
서대문구,창천동,2022,11,월세,오피스텔,14,1000.0,3428.6,4467.2,1000.0,4500.0,70.0,64.29,20.12,10,0
서대문구,창천동,2022,11,전세,연립다세대,5,20200.0,18540.0,4050.7,14500.0,21000.0,,,,2,0
서대문구,창천동,2022,11,전세,오피스텔,2,15750.0,15750.0,353.6,15625.0,15875.0,,,,1,0
서대문구,창천동,2022,12,월세,연립다세대,43,1000.0,2987.0,3835.1,1000.0,3000.0,55.0,60.58,38.36,33,0
서대문구,창천동,2022,12,월세,오피스텔,29,1000.0,1517.2,2050.6,1000.0,1000.0,70.0,68.97,22.89,23,0
서대문구,창천동,2022,12,전세,연립다세대,9,15000.0,17300.0,6706.2,14000.0,23500.0,,,,7,0
서대문구,창천동,2022,12,전세,오피스텔,1,16500.0,16500.0,,16500.0,16500.0,,,,1,0
서대문구,창천동,2023,1,월세,연립다세대,43,2000.0,3027.9,3418.5,1000.0,3000.0,58.0,65.26,38.95,32,0
서대문구,창천동,2023,1,월세,오피스텔,19,1000.0,2789.5,3521.0,1000.0,3000.0,72.0,69.68,27.76,16,0
서대문구,창천동,2023,1,전세,연립다세대,10,24750.0,20870.0,8908.9,14650.0,25000.0,,,,8,0
서대문구,창천동,2023,1,전세,오피스텔,3,21000.0,20000.0,4582.6,18000.0,22500.0,,,,3,0
서대문구,창천동,2023,2,월세,연립다세대,40,1000.0,4953.3,6873.4,1000.0,9018.0,55.0,69.32,53.9,32,0
서대문구,창천동,2023,2,월세,오피스텔,25,1000.0,2684.0,4175.4,1000.0,2000.0,70.0,64.04,18.96,17,0
서대문구,창천동,2023,2,전세,연립다세대,11,19950.0,20722.7,6670.7,16000.0,22200.0,,,,5,0
서대문구,창천동,2023,2,전세,오피스텔,8,20000.0,20012.5,2106.1,19725.0,20550.0,,,,7,0
서대문구,창천동,2023,3,월세,연립다세대,43,3000.0,10289.8,12775.2,1000.0,18500.0,75.0,69.12,35.6,29,0
서대문구,창천동,2023,3,월세,오피스텔,13,1000.0,1730.8,2505.1,1000.0,1000.0,77.0,84.77,28.27,12,0
서대문구,창천동,2023,3,전세,연립다세대,14,24800.0,25489.3,11133.8,16400.0,31875.0,,,,5,0
서대문구,창천동,2023,3,전세,오피스텔,6,20000.0,21666.7,5164.0,19250.0,20750.0,,,,3,0
서대문구,창천동,2023,4,월세,연립다세대,15,2000.0,3641.2,4366.0,750.0,5000.0,54.0,71.13,48.93,10,0
서대문구,창천동,2023,4,월세,오피스텔,9,1000.0,944.4,166.7,1000.0,1000.0,80.0,89.22,30.76,8,0
서대문구,창천동,2023,4,전세,연립다세대,7,20000.0,21900.0,5872.3,18450.0,25700.0,,,,5,0
서대문구,창천동,2023,4,전세,오피스텔,3,21000.0,23000.0,3464.1,21000.0,24000.0,,,,2,0
서대문구,창천동,2023,5,월세,연립다세대,17,5000.0,6982.4,7285.2,2500.0,8000.0,48.0,67.94,54.19,7,0
서대문구,창천동,2023,5,월세,오피스텔,20,1000.0,902.5,252.6,1000.0,1000.0,84.0,92.9,32.01,17,0
서대문구,창천동,2023,5,전세,연립다세대,6,24700.0,24566.7,6864.9,19000.0,27850.0,,,,5,0
서대문구,창천동,2023,5,전세,오피스텔,2,20000.0,20000.0,0.0,20000.0,20000.0,,,,1,0
서대문구,창천동,2023,6,월세,연립다세대,23,2000.0,2773.9,3266.7,1000.0,3000.0,58.0,67.3,45.84,19,0
서대문구,창천동,2023,6,월세,오피스텔,14,1000.0,1750.0,2953.2,1000.0,1000.0,80.0,80.57,27.06,10,0
서대문구,창천동,2023,6,전세,연립다세대,8,22050.0,23568.8,11019.6,14500.0,28612.5,,,,5,0
서대문구,창천동,2023,6,전세,오피스텔,2,16500.0,16500.0,9192.4,13250.0,19750.0,,,,1,0
서대문구,창천동,2023,7,월세,연립다세대,27,1000.0,2014.8,2545.5,500.0,2250.0,50.0,53.44,18.85,15,0
서대문구,창천동,2023,7,월세,오피스텔,11,1000.0,2409.1,3904.0,1000.0,1500.0,80.0,74.55,20.23,9,0
서대문구,창천동,2023,7,전세,연립다세대,5,22100.0,22340.0,8583.3,19000.0,22100.0,,,,4,0
서대문구,창천동,2023,8,월세,연립다세대,25,3000.0,6840.0,11244.0,1000.0,4000.0,53.0,54.08,36.94,12,0
서대문구,창천동,2023,8,월세,오피스텔,7,1000.0,1000.0,0.0,1000.0,1000.0,85.0,84.71,13.92,7,0
서대문구,창천동,2023,8,전세,연립다세대,4,24000.0,23250.0,2986.1,22750.0,24500.0,,,,1,0
서대문구,창천동,2023,8,전세,오피스텔,3,19000.0,18833.3,2254.6,17750.0,20000.0,,,,2,0
서대문구,창천동,2023,9,월세,연립다세대,11,3000.0,9481.8,10633.1,750.0,19000.0,38.0,43.73,31.6,6,0
서대문구,창천동,2023,9,월세,오피스텔,3,1000.0,3000.0,3464.1,1000.0,4000.0,75.0,63.33,20.21,3,0
서대문구,창천동,2023,9,전세,연립다세대,6,19500.0,18833.3,8795.8,13750.0,24500.0,,,,3,0
서대문구,창천동,2023,10,월세,연립다세대,15,2000.0,3706.7,5256.1,1000.0,3000.0,57.0,73.67,43.72,8,0
서대문구,창천동,2023,10,월세,오피스텔,7,1000.0,2214.3,3438.2,1000.0,1000.0,80.0,74.29,21.21,7,0
서대문구,창천동,2023,10,전세,연립다세대,2,24100.0,24100.0,3818.4,22750.0,25450.0,,,,1,0
서대문구,창천동,2023,10,전세,오피스텔,3,16000.0,16166.7,4752.2,13750.0,18500.0,,,,3,0
서대문구,창천동,2023,11,월세,연립다세대,28,1000.0,4398.6,5871.6,1000.0,5500.0,45.0,49.86,24.88,21,0
서대문구,창천동,2023,11,월세,오피스텔,14,1000.0,928.6,181.6,1000.0,1000.0,80.0,81.5,20.71,10,0
서대문구,창천동,2023,11,전세,연립다세대,6,15000.0,18183.3,6148.3,14250.0,20250.0,,,,4,0
서대문구,창천동,2023,11,전세,오피스텔,2,16000.0,16000.0,0.0,16000.0,16000.0,,,,2,0
서대문구,창천동,2023,12,월세,연립다세대,44,1750.0,3252.3,4825.0,1000.0,3000.0,54.5,59.73,39.34,35,0
서대문구,창천동,2023,12,월세,오피스텔,16,1000.0,1437.5,1750.0,1000.0,1000.0,75.0,81.25,22.85,12,0
서대문구,창천동,2023,12,전세,연립다세대,7,15400.0,21514.3,10459.8,13350.0,29250.0,,,,5,0
서대문구,창천동,2023,12,전세,오피스텔,2,16000.0,16000.0,0.0,16000.0,16000.0,,,,2,0
서대문구,창천동,2024,1,월세,연립다세대,41,1000.0,3419.5,3756.7,1000.0,6000.0,56.0,63.83,45.18,34,0
서대문구,창천동,2024,1,월세,오피스텔,45,1000.0,1512.2,1341.3,1000.0,1000.0,80.0,86.6,31.82,37,0
서대문구,창천동,2024,1,전세,연립다세대,11,20000.0,19934.5,6893.9,13950.0,26000.0,,,,5,0
서대문구,창천동,2024,1,전세,오피스텔,7,20000.0,17285.7,5345.2,15000.0,20500.0,,,,7,0
서대문구,창천동,2024,2,월세,연립다세대,47,1000.0,3229.8,5450.4,1000.0,3000.0,60.0,60.74,38.18,43,0
서대문구,창천동,2024,2,월세,오피스텔,29,1000.0,3010.3,4936.3,1000.0,1000.0,103.0,95.28,44.0,28,0
서대문구,창천동,2024,2,전세,연립다세대,6,14500.0,18000.0,10032.1,12950.0,23250.0,,,,2,0
서대문구,창천동,2024,2,전세,오피스텔,1,21000.0,21000.0,,21000.0,21000.0,,,,1,0
서대문구,창천동,2024,3,월세,연립다세대,25,2000.0,3354.0,4229.8,1000.0,3000.0,60.0,72.52,54.49,20,0
서대문구,창천동,2024,3,월세,오피스텔,15,1000.0,1086.7,647.9,1000.0,1000.0,81.0,78.93,13.1,13,0
서대문구,창천동,2024,3,전세,연립다세대,5,17800.0,20760.0,9746.2,15000.0,18000.0,,,,4,0
서대문구,창천동,2024,3,전세,오피스텔,3,20000.0,18843.3,2912.7,17765.0,20500.0,,,,2,0
서대문구,창천동,2024,4,월세,연립다세대,23,2000.0,5042.2,7560.2,550.0,5750.0,55.0,58.61,38.02,20,0
서대문구,창천동,2024,4,월세,오피스텔,16,1000.0,1812.5,1515.2,1000.0,1500.0,124.5,101.31,33.01,14,0
서대문구,창천동,2024,4,전세,연립다세대,10,19000.0,19780.0,8540.5,13200.0,26375.0,,,,7,0
서대문구,창천동,2024,4,전세,오피스텔,3,17000.0,22333.3,15695.0,13500.0,28500.0,,,,3,0
서대문구,창천동,2024,5,월세,연립다세대,24,1000.0,3657.1,5898.5,875.0,2625.0,60.0,64.92,43.11,21,0
서대문구,창천동,2024,5,월세,오피스텔,18,1000.0,1922.2,3160.9,1000.0,1000.0,80.5,82.78,26.59,15,0
서대문구,창천동,2024,5,전세,연립다세대,12,19350.0,18391.7,5297.1,12000.0,23250.0,,,,10,0
서대문구,창천동,2024,5,전세,오피스텔,2,21000.0,21000.0,0.0,21000.0,21000.0,,,,2,0
서대문구,창천동,2024,6,월세,연립다세대,39,2000.0,3771.8,4054.0,1000.0,5600.0,52.0,54.54,27.53,35,0
서대문구,창천동,2024,6,월세,오피스텔,18,1000.0,1583.3,2224.5,625.0,1000.0,78.0,80.72,44.49,18,0
서대문구,창천동,2024,6,전세,연립다세대,7,15800.0,19457.1,9768.0,14200.0,19750.0,,,,6,0
서대문구,창천동,2024,7,월세,연립다세대,32,1000.0,3828.1,5383.0,1000.0,6000.0,52.5,59.53,41.55,31,0
서대문구,창천동,2024,7,월세,오피스텔,14,1000.0,3528.6,5918.6,1000.0,1000.0,75.0,73.64,33.5,14,0
서대문구,창천동,2024,7,전세,연립다세대,11,19950.0,21768.2,8921.2,15750.0,24500.0,,,,5,0
서대문구,창천동,2024,7,전세,오피스텔,5,21000.0,17740.0,10536.3,8000.0,24500.0,,,,5,0
서대문구,창천동,2024,8,월세,연립다세대,41,3000.0,7051.2,9691.5,1000.0,8500.0,55.0,57.15,34.0,37,0
서대문구,창천동,2024,8,월세,오피스텔,11,1000.0,2560.9,4534.1,1000.0,1000.0,82.0,80.36,29.25,7,0
서대문구,창천동,2024,8,전세,연립다세대,5,23500.0,19900.0,6127.8,16000.0,24000.0,,,,4,0
서대문구,창천동,2024,8,전세,오피스텔,2,19000.0,19000.0,15556.3,13500.0,24500.0,,,,2,0
서대문구,창천동,2024,9,월세,연립다세대,18,5500.0,7289.4,8439.5,1000.0,10000.0,45.0,46.94,28.71,13,0
서대문구,창천동,2024,9,월세,오피스텔,3,1000.0,2333.3,2309.4,1000.0,3000.0,89.0,86.33,15.18,2,0
서대문구,창천동,2024,9,전세,연립다세대,3,25000.0,22666.7,5859.5,20500.0,26000.0,,,,1,0
서대문구,창천동,2024,9,전세,오피스텔,1,29700.0,29700.0,,29700.0,29700.0,,,,1,0
서대문구,창천동,2024,10,월세,연립다세대,22,2250.0,6440.1,7331.7,1000.0,8249.0,53.5,58.05,45.08,21,0
서대문구,창천동,2024,10,월세,오피스텔,9,1000.0,1511.1,2082.9,1000.0,1000.0,80.0,80.0,34.23,9,0
서대문구,창천동,2024,10,전세,연립다세대,7,9480.0,14568.6,7370.2,8500.0,21500.0,,,,6,0
서대문구,창천동,2024,10,전세,오피스텔,5,18700.0,20200.0,13574.4,11400.0,19400.0,,,,5,0
서대문구,창천동,2024,11,월세,연립다세대,48,2500.0,5429.2,7511.3,1000.0,5450.0,50.5,54.65,32.94,45,0
서대문구,창천동,2024,11,월세,오피스텔,19,1000.0,1447.4,1649.0,1000.0,1000.0,80.0,76.58,27.08,16,0
서대문구,창천동,2024,11,전세,연립다세대,6,23250.0,21500.0,4024.9,20750.0,23500.0,,,,3,0
서대문구,창천동,2024,11,전세,오피스텔,2,17500.0,17500.0,2121.3,16750.0,18250.0,,,,2,0
서대문구,창천동,2024,12,월세,연립다세대,54,1000.0,3603.7,4605.0,1000.0,4500.0,60.0,60.8,41.19,49,0
서대문구,창천동,2024,12,월세,오피스텔,25,1000.0,5022.0,7483.5,1000.0,3770.0,80.0,65.96,33.36,21,0
서대문구,창천동,2024,12,전세,연립다세대,10,12150.0,13560.0,6697.6,8000.0,15825.0,,,,9,0
서대문구,창천동,2024,12,전세,오피스텔,7,18500.0,17142.9,4169.7,17450.0,19400.0,,,,6,0
서대문구,창천동,2025,1,월세,연립다세대,44,2000.0,5143.2,7467.5,1000.0,5125.0,51.5,52.8,26.93,35,0
서대문구,창천동,2025,1,월세,오피스텔,91,1944.0,2981.2,2727.1,1000.0,3944.5,20.0,37.22,31.16,82,0
서대문구,창천동,2025,1,전세,연립다세대,12,18500.0,18118.2,5932.4,13275.0,23500.0,,,,5,0
서대문구,창천동,2025,1,전세,오피스텔,8,18550.0,17287.5,8242.3,9062.5,20600.0,,,,6,0
서대문구,창천동,2025,2,월세,연립다세대,41,2000.0,5866.6,8013.9,1000.0,8060.0,59.0,62.22,39.83,32,0
서대문구,창천동,2025,2,월세,오피스텔,19,1000.0,4184.2,7225.0,1000.0,2000.0,75.0,66.16,31.59,17,0
서대문구,창천동,2025,2,전세,연립다세대,9,15000.0,18418.7,8600.3,13000.0,27500.0,,,,4,0
서대문구,창천동,2025,2,전세,오피스텔,7,20000.0,19807.9,925.8,19035.0,20500.0,,,,4,0
서대문구,창천동,2025,3,월세,연립다세대,33,2000.0,9060.6,12665.6,1000.0,10000.0,75.0,82.06,56.29,23,0
서대문구,창천동,2025,3,월세,오피스텔,9,1000.0,1277.8,1034.1,1000.0,1000.0,75.0,77.78,13.65,6,0
서대문구,창천동,2025,3,전세,연립다세대,11,19000.0,17652.7,8364.9,9425.0,23100.0,,,,7,0
서대문구,창천동,2025,3,전세,오피스텔,4,20500.0,20500.0,577.4,20000.0,21000.0,,,,3,0
서대문구,창천동,2025,4,월세,연립다세대,33,1000.0,3630.5,4189.1,1000.0,3000.0,75.0,100.94,67.56,25,0
서대문구,창천동,2025,4,월세,오피스텔,6,1500.0,4750.0,7167.6,1000.0,4250.0,75.0,75.83,43.78,3,0
서대문구,창천동,2025,4,전세,연립다세대,2,19500.0,19500.0,13435.0,14750.0,24250.0,,,,1,0
서대문구,창천동,2025,5,월세,연립다세대,40,2500.0,6082.5,8147.7,1000.0,8000.0,52.0,58.2,41.3,31,0
서대문구,창천동,2025,5,월세,오피스텔,15,1000.0,933.3,175.9,1000.0,1000.0,86.0,90.6,30.36,12,0
서대문구,창천동,2025,5,전세,연립다세대,7,16000.0,19671.4,9870.3,14000.0,26500.0,,,,7,0
서대문구,창천동,2025,5,전세,오피스텔,5,19800.0,19120.0,1589.7,19500.0,20000.0,,,,5,0
서대문구,창천동,2025,6,월세,연립다세대,58,1000.0,3056.9,3844.3,1000.0,4000.0,60.0,67.12,40.94,50,0
서대문구,창천동,2025,6,월세,오피스텔,26,1000.0,1784.6,2772.4,1000.0,1000.0,80.0,80.15,23.42,22,0
서대문구,창천동,2025,6,전세,연립다세대,8,23000.0,23450.0,7815.0,19200.0,25912.5,,,,4,0
서대문구,창천동,2025,6,전세,오피스텔,3,21000.0,23195.0,6015.7,19792.5,25500.0,,,,2,0
서대문구,창천동,2025,7,월세,연립다세대,35,1000.0,1842.9,1652.9,1000.0,2000.0,66.0,85.17,60.5,32,0
서대문구,창천동,2025,7,월세,오피스텔,26,1000.0,923.1,184.0,1000.0,1000.0,84.5,82.73,15.72,24,0
서대문구,창천동,2025,7,전세,연립다세대,2,37000.0,37000.0,11313.7,33000.0,41000.0,,,,2,0
서대문구,창천동,2025,7,전세,오피스텔,4,20400.0,18450.0,5785.9,17350.0,21500.0,,,,2,0
서대문구,창천동,2025,8,월세,연립다세대,44,1000.0,4045.5,7689.8,1000.0,2250.0,71.5,90.48,57.36,40,0
서대문구,창천동,2025,8,월세,오피스텔,14,1000.0,2307.1,5048.0,1000.0,1000.0,86.5,80.79,29.69,11,0
서대문구,창천동,2025,8,전세,연립다세대,7,30000.0,27500.0,8864.7,24000.0,33750.0,,,,4,0
서대문구,창천동,2025,8,전세,오피스텔,1,9000.0,9000.0,,9000.0,9000.0,,,,1,0
서대문구,창천동,2025,9,월세,연립다세대,27,3000.0,9211.4,12319.8,1000.0,12500.0,45.0,51.89,45.97,24,0
서대문구,창천동,2025,9,월세,오피스텔,16,1000.0,3505.6,4467.4,875.0,5625.0,74.0,60.94,33.16,14,0
서대문구,창천동,2025,9,전세,연립다세대,2,16300.0,16300.0,2404.2,15450.0,17150.0,,,,2,0
서대문구,창천동,2025,9,전세,오피스텔,1,15000.0,15000.0,,15000.0,15000.0,,,,1,0
서대문구,창천동,2025,10,월세,연립다세대,23,2000.0,5773.9,7853.7,1000.0,5000.0,60.0,72.17,60.94,21,0
서대문구,창천동,2025,10,월세,오피스텔,79,2041.0,2828.2,1705.3,1738.0,3663.0,18.0,23.04,18.59,76,0
서대문구,창천동,2025,10,전세,연립다세대,3,25000.0,25883.3,3023.4,24200.0,27125.0,,,,2,0
서대문구,창천동,2025,10,전세,오피스텔,1,16000.0,16000.0,,16000.0,16000.0,,,,1,0
서대문구,창천동,2025,11,월세,연립다세대,38,1000.0,3507.4,4027.5,1000.0,5000.0,57.0,53.13,24.79,33,0
서대문구,창천동,2025,11,월세,오피스텔,21,1000.0,2792.2,3620.2,1000.0,2929.0,79.0,66.81,29.6,18,0
서대문구,창천동,2025,11,전세,연립다세대,5,15300.0,14740.0,6764.1,9900.0,16000.0,,,,3,0
서대문구,창천동,2025,12,월세,연립다세대,80,1000.0,3150.8,3767.4,1000.0,3000.0,60.5,73.04,52.87,70,0
서대문구,창천동,2025,12,월세,오피스텔,37,1000.0,1970.3,3151.6,1000.0,1000.0,82.0,84.68,43.52,35,0
서대문구,창천동,2025,12,전세,연립다세대,6,12000.0,13250.0,5438.3,11250.0,12000.0,,,,3,0
서대문구,창천동,2025,12,전세,오피스텔,4,19575.0,19287.5,3299.4,18127.5,20735.0,,,,3,0
서대문구,창천동,2026,1,월세,연립다세대,62,1000.0,2810.9,2994.2,1000.0,3000.0,60.5,73.4,58.56,59,1
서대문구,창천동,2026,1,월세,오피스텔,37,1000.0,2785.6,4377.6,1000.0,2000.0,85.0,77.92,26.17,33,1
서대문구,창천동,2026,1,전세,연립다세대,17,29000.0,26226.5,5458.7,28000.0,29000.0,,,,14,1
서대문구,창천동,2026,1,전세,오피스텔,3,19000.0,20333.3,2396.5,18950.0,21050.0,,,,3,1
서대문구,창천동,2026,2,월세,연립다세대,44,1000.0,2034.3,3710.9,500.0,1000.0,61.0,69.82,40.54,43,1
서대문구,창천동,2026,2,월세,오피스텔,19,1000.0,1921.1,3232.9,1000.0,1000.0,85.0,98.47,54.54,16,1
서대문구,창천동,2026,2,전세,연립다세대,10,21247.0,23743.8,9844.6,16537.5,27648.5,,,,3,1
서대문구,창천동,2026,2,전세,오피스텔,2,17000.0,17000.0,4242.6,15500.0,18500.0,,,,1,1
서대문구,창천동,2026,3,월세,연립다세대,27,1000.0,2681.5,5756.7,500.0,2000.0,60.0,67.63,33.47,26,1
서대문구,창천동,2026,3,월세,오피스텔,10,1000.0,2910.0,5908.8,625.0,1000.0,74.5,69.9,29.63,10,1
서대문구,창천동,2026,3,전세,연립다세대,15,26200.0,23000.0,6134.4,20500.0,27500.0,,,,10,1
서대문구,창천동,2026,3,전세,오피스텔,1,19000.0,19000.0,,19000.0,19000.0,,,,1,1
서대문구,창천동,2026,4,월세,연립다세대,21,1000.0,2694.0,3072.6,1000.0,3000.0,60.0,81.29,57.82,17,1
서대문구,창천동,2026,4,월세,오피스텔,8,1000.0,5562.5,8604.1,1000.0,5625.0,82.5,71.25,45.34,8,1
서대문구,창천동,2026,4,전세,연립다세대,9,29000.0,26277.8,7348.9,28500.0,30000.0,,,,5,1
서대문구,창천동,2026,4,전세,오피스텔,2,20000.0,20000.0,14142.1,15000.0,25000.0,,,,2,1
서대문구,창천동,2026,5,월세,연립다세대,33,1000.0,6341.8,8688.7,1000.0,12000.0,48.0,53.94,37.83,30,1
서대문구,창천동,2026,5,월세,오피스텔,13,1000.0,4384.6,7346.1,1000.0,3000.0,100.0,83.15,36.13,13,1
서대문구,창천동,2026,5,전세,연립다세대,5,23500.0,21300.0,6858.3,16000.0,24150.0,,,,4,1
서대문구,창천동,2026,5,전세,오피스텔,3,17850.0,15950.0,5263.8,13925.0,18925.0,,,,1,1
서대문구,창천동,2026,6,월세,연립다세대,46,1000.0,2698.5,3036.1,1000.0,3000.0,64.0,69.07,39.92,36,1
서대문구,창천동,2026,6,월세,오피스텔,12,1000.0,1041.7,655.7,875.0,1000.0,85.0,80.92,12.94,10,1
서대문구,창천동,2026,6,전세,연립다세대,8,28000.0,29350.0,8635.1,23000.0,32975.0,,,,5,1
서대문구,창천동,2026,6,전세,오피스텔,3,10500.0,12063.3,5814.8,8845.0,14500.0,,,,2,1
서대문구,창천동,2026,7,월세,연립다세대,26,1000.0,4915.4,9116.9,1000.0,4500.0,62.0,70.23,37.61,21,1
서대문구,창천동,2026,7,월세,오피스텔,16,1000.0,2093.8,2864.8,1000.0,1250.0,88.5,96.62,62.69,12,1
서대문구,창천동,2026,7,전세,연립다세대,9,25000.0,23511.1,9412.6,15700.0,32000.0,,,,2,1
서대문구,창천동,2026,7,전세,오피스텔,3,15000.0,12666.7,4041.5,11500.0,15000.0,,,,3,1
서대문구,창천동,2026,8,월세,연립다세대,31,500.0,1890.3,6163.8,500.0,1000.0,62.0,70.94,32.99,30,1
서대문구,창천동,2026,8,월세,오피스텔,18,1000.0,1527.8,2179.3,1000.0,1000.0,78.0,93.28,61.52,17,1
서대문구,창천동,2026,8,전세,연립다세대,2,12090.0,12090.0,127.3,12045.0,12135.0,,,,2,1
서대문구,창천동,2026,8,전세,오피스텔,3,19800.0,21533.3,7746.8,17300.0,24900.0,,,,2,1
서대문구,창천동,2026,9,월세,연립다세대,5,5000.0,5100.0,4393.2,1000.0,9000.0,65.0,75.8,41.85,2,1
서대문구,창천동,2026,9,월세,오피스텔,1,1000.0,1000.0,,1000.0,1000.0,150.0,150.0,,1,1
서대문구,창천동,2026,9,전세,연립다세대,2,14000.0,14000.0,4242.6,12500.0,15500.0,,,,1,1
서대문구,창천동,2026,9,전세,오피스텔,1,45000.0,45000.0,,45000.0,45000.0,,,,1,1
서대문구,천연동,2021,1,전세,연립다세대,1,21000.0,21000.0,,21000.0,21000.0,,,,0,0
서대문구,천연동,2021,4,전세,연립다세대,2,19000.0,19000.0,1414.2,18500.0,19500.0,,,,0,0
서대문구,천연동,2021,5,월세,연립다세대,1,4000.0,4000.0,,4000.0,4000.0,42.0,42.0,,0,0
서대문구,천연동,2021,5,전세,연립다세대,2,18250.0,18250.0,2474.9,17375.0,19125.0,,,,0,0
서대문구,천연동,2021,6,월세,연립다세대,2,17000.0,17000.0,4242.6,15500.0,18500.0,22.5,22.5,10.61,2,0
서대문구,천연동,2021,6,전세,연립다세대,2,23000.0,23000.0,4242.6,21500.0,24500.0,,,,2,0
서대문구,천연동,2021,7,월세,연립다세대,2,3250.0,3250.0,353.6,3125.0,3375.0,48.5,48.5,0.71,1,0
서대문구,천연동,2021,7,전세,연립다세대,1,20000.0,20000.0,,20000.0,20000.0,,,,0,0
서대문구,천연동,2021,9,전세,연립다세대,2,14666.0,14666.0,472.3,14499.0,14833.0,,,,2,0
서대문구,천연동,2021,10,월세,연립다세대,1,2000.0,2000.0,,2000.0,2000.0,27.0,27.0,,0,0
서대문구,천연동,2021,10,전세,연립다세대,1,24000.0,24000.0,,24000.0,24000.0,,,,1,0
서대문구,천연동,2021,11,전세,연립다세대,1,27000.0,27000.0,,27000.0,27000.0,,,,0,0
서대문구,천연동,2021,12,월세,연립다세대,2,4000.0,4000.0,1414.2,3500.0,4500.0,80.0,80.0,28.28,1,0
서대문구,천연동,2021,12,전세,연립다세대,2,28500.0,28500.0,707.1,28250.0,28750.0,,,,2,0
서대문구,천연동,2022,1,월세,연립다세대,3,18000.0,16200.0,3117.7,15300.0,18000.0,35.0,24.0,19.05,2,0
서대문구,천연동,2022,1,전세,연립다세대,1,40000.0,40000.0,,40000.0,40000.0,,,,1,0
서대문구,천연동,2022,2,월세,연립다세대,1,15000.0,15000.0,,15000.0,15000.0,4.0,4.0,,1,0
서대문구,천연동,2022,5,월세,연립다세대,1,3000.0,3000.0,,3000.0,3000.0,100.0,100.0,,1,0
서대문구,천연동,2022,5,전세,연립다세대,2,22500.0,22500.0,7778.2,19750.0,25250.0,,,,1,0
서대문구,천연동,2022,6,전세,연립다세대,3,23100.0,21700.0,6121.3,19050.0,25050.0,,,,2,0
서대문구,천연동,2022,8,전세,연립다세대,3,27000.0,27883.3,8459.7,23450.0,31875.0,,,,2,0
서대문구,천연동,2022,9,전세,연립다세대,1,18000.0,18000.0,,18000.0,18000.0,,,,1,0
서대문구,천연동,2022,10,월세,연립다세대,2,12500.0,12500.0,2121.3,11750.0,13250.0,29.5,29.5,28.99,2,0
서대문구,천연동,2022,11,전세,연립다세대,2,15000.0,15000.0,0.0,15000.0,15000.0,,,,0,0
서대문구,천연동,2023,2,월세,연립다세대,1,16000.0,16000.0,,16000.0,16000.0,14.0,14.0,,0,0
서대문구,천연동,2023,2,전세,연립다세대,1,25000.0,25000.0,,25000.0,25000.0,,,,1,0
서대문구,천연동,2023,3,전세,연립다세대,1,18000.0,18000.0,,18000.0,18000.0,,,,1,0
서대문구,천연동,2023,4,월세,연립다세대,1,4000.0,4000.0,,4000.0,4000.0,46.0,46.0,,0,0
서대문구,천연동,2023,5,월세,연립다세대,1,5000.0,5000.0,,5000.0,5000.0,80.0,80.0,,1,0
서대문구,천연동,2023,6,전세,연립다세대,1,10000.0,10000.0,,10000.0,10000.0,,,,1,0
서대문구,천연동,2023,7,월세,연립다세대,1,3500.0,3500.0,,3500.0,3500.0,51.0,51.0,,0,0
서대문구,천연동,2023,7,전세,연립다세대,4,19000.0,18000.0,5831.0,16750.0,20250.0,,,,2,0
서대문구,천연동,2023,8,전세,연립다세대,3,18000.0,16666.7,3214.6,15500.0,18500.0,,,,3,0
서대문구,천연동,2023,9,월세,연립다세대,1,8000.0,8000.0,,8000.0,8000.0,30.0,30.0,,1,0
서대문구,천연동,2023,10,월세,연립다세대,2,12166.0,12166.0,3063.2,11083.0,13249.0,4.0,4.0,1.41,1,0
서대문구,천연동,2023,11,월세,연립다세대,1,15000.0,15000.0,,15000.0,15000.0,7.0,7.0,,1,0
서대문구,천연동,2023,12,월세,연립다세대,1,1000.0,1000.0,,1000.0,1000.0,40.0,40.0,,1,0
서대문구,천연동,2023,12,전세,연립다세대,1,4500.0,4500.0,,4500.0,4500.0,,,,1,0
서대문구,천연동,2024,1,월세,연립다세대,1,12600.0,12600.0,,12600.0,12600.0,5.0,5.0,,0,0
서대문구,천연동,2024,1,전세,연립다세대,4,17500.0,18625.0,10687.8,13000.0,23125.0,,,,4,0
서대문구,천연동,2024,2,월세,연립다세대,1,18000.0,18000.0,,18000.0,18000.0,35.0,35.0,,0,0
서대문구,천연동,2024,3,월세,연립다세대,1,1000.0,1000.0,,1000.0,1000.0,80.0,80.0,,0,0
서대문구,천연동,2024,4,월세,연립다세대,1,3000.0,3000.0,,3000.0,3000.0,55.0,55.0,,1,0
서대문구,천연동,2024,5,전세,연립다세대,1,32000.0,32000.0,,32000.0,32000.0,,,,1,0
서대문구,천연동,2024,7,월세,연립다세대,1,2000.0,2000.0,,2000.0,2000.0,55.0,55.0,,1,0
서대문구,천연동,2024,8,전세,연립다세대,2,28000.0,28000.0,1414.2,27500.0,28500.0,,,,2,0
서대문구,천연동,2024,9,전세,연립다세대,2,25625.0,25625.0,19975.8,18562.5,32687.5,,,,0,0
서대문구,천연동,2024,10,전세,연립다세대,2,13862.5,13862.5,1608.7,13293.75,14431.25,,,,2,0
서대문구,천연동,2024,11,월세,연립다세대,1,14000.0,14000.0,,14000.0,14000.0,12.0,12.0,,0,0
서대문구,천연동,2024,12,월세,연립다세대,3,8000.0,9166.7,8311.6,4750.0,13000.0,10.0,17.33,12.7,3,0
서대문구,천연동,2024,12,전세,연립다세대,1,30000.0,30000.0,,30000.0,30000.0,,,,1,0
서대문구,천연동,2025,1,전세,연립다세대,2,29850.0,29850.0,212.1,29775.0,29925.0,,,,2,0
서대문구,천연동,2025,2,월세,연립다세대,2,14500.0,14500.0,2121.3,13750.0,15250.0,26.0,26.0,11.31,1,0
서대문구,천연동,2025,3,월세,연립다세대,2,1500.0,1500.0,707.1,1250.0,1750.0,65.5,65.5,20.51,1,0
서대문구,천연동,2025,5,전세,연립다세대,1,21000.0,21000.0,,21000.0,21000.0,,,,0,0
서대문구,천연동,2025,6,월세,연립다세대,1,2000.0,2000.0,,2000.0,2000.0,80.0,80.0,,1,0
서대문구,천연동,2025,6,전세,연립다세대,2,17550.0,17550.0,10677.3,13775.0,21325.0,,,,0,0
서대문구,천연동,2025,7,월세,연립다세대,2,3250.0,3250.0,353.6,3125.0,3375.0,74.0,74.0,28.28,1,0
서대문구,천연동,2025,7,전세,연립다세대,4,27000.0,25250.0,5737.3,23750.0,28500.0,,,,0,0
서대문구,천연동,2025,8,전세,연립다세대,2,19000.0,19000.0,4242.6,17500.0,20500.0,,,,2,0
서대문구,천연동,2025,9,월세,연립다세대,2,3000.0,3000.0,0.0,3000.0,3000.0,75.0,75.0,21.21,2,0
서대문구,천연동,2025,10,월세,연립다세대,2,11000.0,11000.0,5656.9,9000.0,13000.0,20.0,20.0,14.14,2,0
서대문구,천연동,2025,10,전세,연립다세대,1,10000.0,10000.0,,10000.0,10000.0,,,,0,0
서대문구,천연동,2025,11,월세,연립다세대,1,2260.0,2260.0,,2260.0,2260.0,29.0,29.0,,1,0
서대문구,천연동,2025,12,월세,연립다세대,1,3057.0,3057.0,,3057.0,3057.0,25.0,25.0,,1,0
서대문구,천연동,2026,1,월세,연립다세대,4,13000.0,10750.0,6652.1,10000.0,13750.0,28.0,30.25,19.19,4,1
서대문구,천연동,2026,2,월세,연립다세대,2,1500.0,1500.0,707.1,1250.0,1750.0,77.0,77.0,9.9,1,1
서대문구,천연동,2026,3,전세,연립다세대,1,12000.0,12000.0,,12000.0,12000.0,,,,1,1
서대문구,천연동,2026,4,월세,연립다세대,2,2500.0,2500.0,707.1,2250.0,2750.0,70.0,70.0,21.21,1,1
서대문구,천연동,2026,6,월세,연립다세대,2,14332.0,14332.0,0.0,14332.0,14332.0,6.0,6.0,0.0,2,1
서대문구,천연동,2026,7,월세,연립다세대,2,5250.0,5250.0,4596.2,3625.0,6875.0,66.5,66.5,47.38,2,1
서대문구,천연동,2026,8,월세,연립다세대,2,2272.5,2272.5,385.4,2136.25,2408.75,104.0,104.0,100.41,2,1
서대문구,천연동,2026,9,월세,연립다세대,1,2000.0,2000.0,,2000.0,2000.0,50.0,50.0,,1,1
서대문구,충정로2가,2021,1,월세,오피스텔,4,3500.0,3750.0,2753.8,1750.0,5500.0,57.5,56.25,10.31,0,0
서대문구,충정로2가,2021,1,전세,연립다세대,1,23000.0,23000.0,,23000.0,23000.0,,,,0,0
서대문구,충정로2가,2021,1,전세,오피스텔,2,18850.0,18850.0,212.1,18775.0,18925.0,,,,0,0
서대문구,충정로2가,2021,2,월세,오피스텔,5,1000.0,3300.0,3993.7,1000.0,4000.0,59.0,57.4,13.97,0,0
서대문구,충정로2가,2021,2,전세,오피스텔,1,19000.0,19000.0,,19000.0,19000.0,,,,0,0
서대문구,충정로2가,2021,3,월세,연립다세대,2,3000.0,3000.0,2828.4,2000.0,4000.0,62.5,62.5,3.54,0,0
서대문구,충정로2가,2021,3,월세,오피스텔,2,4000.0,4000.0,1414.2,3500.0,4500.0,55.0,55.0,7.07,0,0
서대문구,충정로2가,2021,3,전세,오피스텔,2,18500.0,18500.0,707.1,18250.0,18750.0,,,,0,0
서대문구,충정로2가,2021,4,월세,오피스텔,1,1000.0,1000.0,,1000.0,1000.0,70.0,70.0,,0,0
서대문구,충정로2가,2021,4,전세,연립다세대,1,16800.0,16800.0,,16800.0,16800.0,,,,0,0
서대문구,충정로2가,2021,5,월세,연립다세대,1,10000.0,10000.0,,10000.0,10000.0,20.0,20.0,,0,0
서대문구,충정로2가,2021,5,월세,오피스텔,1,4000.0,4000.0,,4000.0,4000.0,55.0,55.0,,0,0
서대문구,충정로2가,2021,5,전세,오피스텔,1,18500.0,18500.0,,18500.0,18500.0,,,,0,0
서대문구,충정로2가,2021,6,월세,오피스텔,2,2000.0,2000.0,1414.2,1500.0,2500.0,65.0,65.0,7.07,2,0
서대문구,충정로2가,2021,6,전세,오피스텔,2,17650.0,17650.0,1202.1,17225.0,18075.0,,,,1,0
서대문구,충정로2가,2021,7,월세,오피스텔,3,2000.0,2666.7,2081.7,1500.0,3500.0,63.0,59.33,8.14,2,0
서대문구,충정로2가,2021,7,전세,오피스텔,2,18500.0,18500.0,0.0,18500.0,18500.0,,,,2,0
서대문구,충정로2가,2021,8,월세,오피스텔,5,4000.0,3200.0,2049.4,1000.0,5000.0,55.0,59.0,10.25,5,0
서대문구,충정로2가,2021,8,전세,오피스텔,2,18000.0,18000.0,707.1,17750.0,18250.0,,,,2,0
서대문구,충정로2가,2021,9,월세,오피스텔,1,8000.0,8000.0,,8000.0,8000.0,37.0,37.0,,1,0
서대문구,충정로2가,2021,9,전세,오피스텔,2,18250.0,18250.0,353.6,18125.0,18375.0,,,,1,0
서대문구,충정로2가,2021,10,월세,오피스텔,3,1000.0,2333.3,2309.4,1000.0,3000.0,63.0,61.0,10.15,3,0
서대문구,충정로2가,2021,10,전세,오피스텔,1,21000.0,21000.0,,21000.0,21000.0,,,,1,0
서대문구,충정로2가,2021,11,월세,연립다세대,1,1000.0,1000.0,,1000.0,1000.0,60.0,60.0,,1,0
서대문구,충정로2가,2021,11,월세,오피스텔,6,3000.0,2833.3,1169.0,2250.0,3750.0,60.0,60.0,7.07,4,0
서대문구,충정로2가,2021,11,전세,오피스텔,1,18000.0,18000.0,,18000.0,18000.0,,,,0,0
서대문구,충정로2가,2021,12,월세,연립다세대,1,1000.0,1000.0,,1000.0,1000.0,57.0,57.0,,1,0
서대문구,충정로2가,2021,12,월세,오피스텔,9,2000.0,3277.8,4535.4,1000.0,3000.0,65.0,60.0,16.01,6,0
서대문구,충정로2가,2021,12,전세,연립다세대,1,25000.0,25000.0,,25000.0,25000.0,,,,1,0
서대문구,충정로2가,2021,12,전세,오피스텔,3,18500.0,17333.3,2020.7,16750.0,18500.0,,,,3,0
서대문구,충정로2가,2022,1,월세,연립다세대,4,11500.0,10500.0,5066.2,7750.0,14250.0,17.5,27.5,21.79,3,0
서대문구,충정로2가,2022,1,월세,오피스텔,13,3000.0,2730.8,2006.4,1000.0,4000.0,70.0,63.54,9.95,9,0
서대문구,충정로2가,2022,1,전세,오피스텔,2,19250.0,19250.0,1060.7,18875.0,19625.0,,,,2,0
서대문구,충정로2가,2022,2,월세,연립다세대,3,10000.0,8000.0,4358.9,6500.0,10500.0,10.0,23.33,23.09,2,0
서대문구,충정로2가,2022,2,월세,오피스텔,6,2500.0,2666.7,1861.9,1000.0,4000.0,62.5,58.83,14.08,5,0
서대문구,충정로2가,2022,3,월세,연립다세대,1,10000.0,10000.0,,10000.0,10000.0,15.0,15.0,,1,0
서대문구,충정로2가,2022,3,월세,오피스텔,1,3000.0,3000.0,,3000.0,3000.0,60.0,60.0,,1,0
서대문구,충정로2가,2022,3,전세,오피스텔,2,18500.0,18500.0,707.1,18250.0,18750.0,,,,2,0
서대문구,충정로2가,2022,4,월세,연립다세대,3,1000.0,4000.0,5196.2,1000.0,5500.0,60.0,43.33,28.87,3,0
서대문구,충정로2가,2022,4,월세,오피스텔,3,1000.0,1333.3,577.4,1000.0,1500.0,70.0,68.33,2.89,2,0
서대문구,충정로2가,2022,4,전세,연립다세대,1,22050.0,22050.0,,22050.0,22050.0,,,,0,0
서대문구,충정로2가,2022,4,전세,오피스텔,1,19000.0,19000.0,,19000.0,19000.0,,,,1,0
서대문구,충정로2가,2022,5,월세,오피스텔,1,1000.0,1000.0,,1000.0,1000.0,70.0,70.0,,1,0
서대문구,충정로2가,2022,6,월세,오피스텔,2,2000.0,2000.0,1414.2,1500.0,2500.0,65.0,65.0,7.07,2,0
서대문구,충정로2가,2022,6,전세,오피스텔,3,18500.0,20000.0,2598.1,18500.0,20750.0,,,,2,0
서대문구,충정로2가,2022,7,월세,오피스텔,3,5000.0,3666.7,2309.4,3000.0,5000.0,50.0,58.33,14.43,3,0
서대문구,충정로2가,2022,8,월세,오피스텔,6,4000.0,3500.0,1760.7,2250.0,5000.0,62.5,69.17,26.16,5,0
서대문구,충정로2가,2022,9,월세,오피스텔,1,1000.0,1000.0,,1000.0,1000.0,70.0,70.0,,1,0
서대문구,충정로2가,2022,9,전세,연립다세대,1,23000.0,23000.0,,23000.0,23000.0,,,,0,0
서대문구,충정로2가,2022,9,전세,오피스텔,2,17500.0,17500.0,707.1,17250.0,17750.0,,,,2,0
서대문구,충정로2가,2022,10,월세,연립다세대,1,11000.0,11000.0,,11000.0,11000.0,10.0,10.0,,1,0
서대문구,충정로2가,2022,10,월세,오피스텔,3,2000.0,4333.3,4932.9,1500.0,6000.0,65.0,59.0,17.78,1,0
서대문구,충정로2가,2022,10,전세,오피스텔,5,18000.0,18600.0,1387.4,18000.0,18500.0,,,,4,0
서대문구,충정로2가,2022,11,월세,연립다세대,1,11000.0,11000.0,,11000.0,11000.0,10.0,10.0,,1,0
서대문구,충정로2가,2022,11,월세,오피스텔,4,4570.0,7435.0,6402.7,4005.0,8000.0,50.0,42.5,22.17,3,0
서대문구,충정로2가,2022,11,전세,연립다세대,1,31000.0,31000.0,,31000.0,31000.0,,,,1,0
서대문구,충정로2가,2022,11,전세,오피스텔,4,18250.0,18250.0,288.7,18000.0,18500.0,,,,4,0
서대문구,충정로2가,2022,12,월세,연립다세대,1,12500.0,12500.0,,12500.0,12500.0,11.0,11.0,,1,0
서대문구,충정로2가,2022,12,월세,오피스텔,10,2000.0,4200.0,4802.8,1000.0,4000.0,64.5,57.6,16.78,10,0
서대문구,충정로2가,2022,12,전세,오피스텔,2,18000.0,18000.0,707.1,17750.0,18250.0,,,,2,0
서대문구,충정로2가,2023,1,월세,연립다세대,1,3000.0,3000.0,,3000.0,3000.0,32.0,32.0,,1,0
서대문구,충정로2가,2023,1,월세,오피스텔,8,2900.0,4050.0,3998.2,1600.0,4350.0,63.5,57.62,18.69,6,0
서대문구,충정로2가,2023,1,전세,연립다세대,2,18500.0,18500.0,3535.5,17250.0,19750.0,,,,0,0
서대문구,충정로2가,2023,1,전세,오피스텔,2,18250.0,18250.0,353.6,18125.0,18375.0,,,,2,0
서대문구,충정로2가,2023,2,월세,오피스텔,6,4000.0,5000.0,2966.5,3250.0,6250.0,55.0,52.67,14.11,4,0
서대문구,충정로2가,2023,2,전세,연립다세대,3,21000.0,21000.0,0.0,21000.0,21000.0,,,,3,0
서대문구,충정로2가,2023,2,전세,오피스텔,1,18500.0,18500.0,,18500.0,18500.0,,,,1,0
서대문구,충정로2가,2023,3,월세,오피스텔,1,2000.0,2000.0,,2000.0,2000.0,67.0,67.0,,1,0
서대문구,충정로2가,2023,4,월세,연립다세대,1,2000.0,2000.0,,2000.0,2000.0,52.0,52.0,,1,0
서대문구,충정로2가,2023,4,월세,오피스텔,1,1000.0,1000.0,,1000.0,1000.0,70.0,70.0,,1,0
서대문구,충정로2가,2023,4,전세,연립다세대,1,23000.0,23000.0,,23000.0,23000.0,,,,1,0
서대문구,충정로2가,2023,5,월세,오피스텔,1,15700.0,15700.0,,15700.0,15700.0,11.0,11.0,,1,0
서대문구,충정로2가,2023,5,전세,오피스텔,1,18500.0,18500.0,,18500.0,18500.0,,,,1,0
서대문구,충정로2가,2023,6,월세,연립다세대,1,10000.0,10000.0,,10000.0,10000.0,10.0,10.0,,1,0
서대문구,충정로2가,2023,6,월세,오피스텔,5,1000.0,1600.0,894.4,1000.0,2000.0,73.0,70.6,5.18,5,0
서대문구,충정로2가,2023,7,월세,연립다세대,3,15000.0,10333.3,8082.9,8000.0,15000.0,20.0,33.33,23.09,1,0
서대문구,충정로2가,2023,7,월세,오피스텔,3,1000.0,1000.0,0.0,1000.0,1000.0,73.0,72.67,2.52,3,0
서대문구,충정로2가,2023,7,전세,오피스텔,3,17500.0,19000.0,2598.1,17500.0,19750.0,,,,3,0
서대문구,충정로2가,2023,8,월세,연립다세대,1,1000.0,1000.0,,1000.0,1000.0,60.0,60.0,,1,0
서대문구,충정로2가,2023,8,월세,오피스텔,3,1000.0,2666.7,2886.8,1000.0,3500.0,70.0,65.0,13.23,3,0
서대문구,충정로2가,2023,8,전세,연립다세대,1,14200.0,14200.0,,14200.0,14200.0,,,,1,0
서대문구,충정로2가,2023,8,전세,오피스텔,1,17500.0,17500.0,,17500.0,17500.0,,,,1,0
서대문구,충정로2가,2023,9,월세,오피스텔,2,4000.0,4000.0,4242.6,2500.0,5500.0,62.5,62.5,17.68,2,0
서대문구,충정로2가,2023,9,전세,연립다세대,1,22000.0,22000.0,,22000.0,22000.0,,,,0,0
서대문구,충정로2가,2023,10,월세,연립다세대,6,6500.0,5833.3,4622.4,1500.0,10000.0,67.5,62.83,16.8,3,0
서대문구,충정로2가,2023,10,월세,오피스텔,3,15000.0,11166.7,8892.9,8000.0,16250.0,20.0,35.0,35.0,3,0
서대문구,충정로2가,2023,10,전세,연립다세대,1,16800.0,16800.0,,16800.0,16800.0,,,,0,0
서대문구,충정로2가,2023,11,월세,오피스텔,1,7000.0,7000.0,,7000.0,7000.0,50.0,50.0,,1,0
서대문구,충정로2가,2023,12,월세,오피스텔,4,3000.0,3000.0,2309.4,1000.0,5000.0,65.5,66.5,6.24,4,0
서대문구,충정로2가,2023,12,전세,연립다세대,1,19000.0,19000.0,,19000.0,19000.0,,,,1,0
서대문구,충정로2가,2024,1,월세,연립다세대,1,1000.0,1000.0,,1000.0,1000.0,60.0,60.0,,1,0
서대문구,충정로2가,2024,1,월세,오피스텔,6,2000.0,4666.7,6509.0,1000.0,4500.0,64.0,58.0,24.54,4,0
서대문구,충정로2가,2024,1,전세,오피스텔,1,20000.0,20000.0,,20000.0,20000.0,,,,1,0
서대문구,충정로2가,2024,2,월세,오피스텔,6,3400.0,7050.0,7658.7,1200.0,13625.0,66.5,51.33,34.77,5,0
서대문구,충정로2가,2024,2,전세,오피스텔,1,18000.0,18000.0,,18000.0,18000.0,,,,1,0
서대문구,충정로2가,2024,3,월세,오피스텔,1,3000.0,3000.0,,3000.0,3000.0,67.0,67.0,,1,0
서대문구,충정로2가,2024,3,전세,오피스텔,2,18250.0,18250.0,353.6,18125.0,18375.0,,,,2,0
서대문구,충정로2가,2024,4,월세,오피스텔,3,1000.0,4000.0,5196.2,1000.0,5500.0,79.0,71.33,33.17,3,0
서대문구,충정로2가,2024,5,월세,오피스텔,1,3000.0,3000.0,,3000.0,3000.0,70.0,70.0,,1,0
서대문구,충정로2가,2024,5,전세,오피스텔,2,18500.0,18500.0,707.1,18250.0,18750.0,,,,2,0
서대문구,충정로2가,2024,6,월세,오피스텔,1,2000.0,2000.0,,2000.0,2000.0,65.0,65.0,,1,0
서대문구,충정로2가,2024,6,전세,연립다세대,1,30000.0,30000.0,,30000.0,30000.0,,,,1,0
서대문구,충정로2가,2024,6,전세,오피스텔,2,17500.0,17500.0,707.1,17250.0,17750.0,,,,1,0
서대문구,충정로2가,2024,7,월세,오피스텔,4,1000.0,1250.0,500.0,1000.0,1250.0,75.0,74.0,5.83,3,0
서대문구,충정로2가,2024,7,전세,오피스텔,1,18000.0,18000.0,,18000.0,18000.0,,,,1,0
서대문구,충정로2가,2024,8,월세,연립다세대,1,1000.0,1000.0,,1000.0,1000.0,60.0,60.0,,1,0
서대문구,충정로2가,2024,8,월세,오피스텔,5,1000.0,2000.0,1414.2,1000.0,3000.0,80.0,72.4,10.43,5,0
서대문구,충정로2가,2024,8,전세,연립다세대,1,23000.0,23000.0,,23000.0,23000.0,,,,0,0
서대문구,충정로2가,2024,8,전세,오피스텔,1,18900.0,18900.0,,18900.0,18900.0,,,,0,0
서대문구,충정로2가,2024,9,월세,연립다세대,1,5000.0,5000.0,,5000.0,5000.0,132.0,132.0,,1,0
서대문구,충정로2가,2024,9,월세,오피스텔,4,11200.0,10750.0,7837.3,4500.0,17450.0,34.5,36.75,32.88,2,0
서대문구,충정로2가,2024,10,월세,오피스텔,2,3000.0,3000.0,2828.4,2000.0,4000.0,70.0,70.0,14.14,2,0
서대문구,충정로2가,2024,10,전세,오피스텔,3,18000.0,18000.0,500.0,17750.0,18250.0,,,,2,0
서대문구,충정로2가,2024,11,월세,오피스텔,5,2000.0,3400.0,3781.5,1000.0,3000.0,74.0,70.2,19.98,4,0
서대문구,충정로2가,2024,11,전세,오피스텔,2,22500.0,22500.0,1414.2,22000.0,23000.0,,,,2,0
서대문구,충정로2가,2024,12,월세,연립다세대,2,16750.0,16750.0,6010.4,14625.0,18875.0,18.0,18.0,2.83,1,0
서대문구,충정로2가,2024,12,월세,오피스텔,6,2000.0,4500.0,5504.5,1000.0,5250.0,72.5,64.67,21.09,6,0
서대문구,충정로2가,2024,12,전세,오피스텔,1,17000.0,17000.0,,17000.0,17000.0,,,,1,0
서대문구,충정로2가,2025,1,월세,오피스텔,13,1800.0,3584.6,3647.3,1000.0,5000.0,67.0,65.15,13.77,12,0
서대문구,충정로2가,2025,1,전세,연립다세대,1,16000.0,16000.0,,16000.0,16000.0,,,,0,0
서대문구,충정로2가,2025,1,전세,오피스텔,1,16000.0,16000.0,,16000.0,16000.0,,,,1,0
서대문구,충정로2가,2025,2,월세,오피스텔,2,8000.0,8000.0,9899.5,4500.0,11500.0,47.5,47.5,31.82,1,0
서대문구,충정로2가,2025,2,전세,오피스텔,1,18000.0,18000.0,,18000.0,18000.0,,,,1,0
서대문구,충정로2가,2025,3,월세,연립다세대,1,2000.0,2000.0,,2000.0,2000.0,100.0,100.0,,1,0
서대문구,충정로2가,2025,3,월세,오피스텔,8,2000.0,4025.0,5166.3,1000.0,4250.0,69.5,63.0,22.35,7,0
서대문구,충정로2가,2025,3,전세,연립다세대,1,21000.0,21000.0,,21000.0,21000.0,,,,1,0
서대문구,충정로2가,2025,3,전세,오피스텔,1,19000.0,19000.0,,19000.0,19000.0,,,,1,0
서대문구,충정로2가,2025,4,월세,연립다세대,2,10000.0,10000.0,0.0,10000.0,10000.0,10.0,10.0,0.0,2,0
서대문구,충정로2가,2025,4,월세,오피스텔,3,1000.0,6000.0,8660.3,1000.0,8500.0,78.0,61.33,39.72,3,0
서대문구,충정로2가,2025,4,전세,오피스텔,1,18000.0,18000.0,,18000.0,18000.0,,,,0,0
서대문구,충정로2가,2025,5,월세,연립다세대,3,10000.0,11666.7,2886.8,10000.0,12500.0,10.0,40.0,51.96,3,0
서대문구,충정로2가,2025,5,월세,오피스텔,3,1000.0,2333.3,2309.4,1000.0,3000.0,80.0,72.33,13.28,3,0
서대문구,충정로2가,2025,5,전세,연립다세대,3,22000.0,22000.0,0.0,22000.0,22000.0,,,,2,0
서대문구,충정로2가,2025,6,월세,오피스텔,5,1000.0,2100.0,2190.9,1000.0,1500.0,80.0,76.8,4.6,4,0
서대문구,충정로2가,2025,7,월세,연립다세대,2,6500.0,6500.0,2121.3,5750.0,7250.0,79.5,79.5,71.42,2,0
서대문구,충정로2가,2025,7,월세,오피스텔,4,1250.0,4875.0,7420.4,1000.0,5125.0,80.0,65.5,32.42,4,0
서대문구,충정로2가,2025,7,전세,연립다세대,2,25000.0,25000.0,0.0,25000.0,25000.0,,,,2,0
서대문구,충정로2가,2025,7,전세,오피스텔,3,17500.0,18566.7,3043.6,16850.0,19750.0,,,,2,0
서대문구,충정로2가,2025,8,월세,연립다세대,2,1000.0,1000.0,0.0,1000.0,1000.0,60.0,60.0,0.0,2,0
서대문구,충정로2가,2025,8,월세,오피스텔,9,1500.0,2944.4,3025.4,1000.0,4000.0,80.0,73.56,14.7,8,0
서대문구,충정로2가,2025,8,전세,연립다세대,1,30000.0,30000.0,,30000.0,30000.0,,,,1,0
서대문구,충정로2가,2025,8,전세,오피스텔,1,23000.0,23000.0,,23000.0,23000.0,,,,1,0
서대문구,충정로2가,2025,9,월세,연립다세대,1,11000.0,11000.0,,11000.0,11000.0,10.0,10.0,,1,0
서대문구,충정로2가,2025,9,월세,오피스텔,1,1000.0,1000.0,,1000.0,1000.0,80.0,80.0,,0,0
서대문구,충정로2가,2025,9,전세,연립다세대,2,32500.0,32500.0,3535.5,31250.0,33750.0,,,,2,0
서대문구,충정로2가,2025,10,월세,연립다세대,1,5000.0,5000.0,,5000.0,5000.0,40.0,40.0,,0,0
서대문구,충정로2가,2025,10,월세,오피스텔,4,1000.0,2000.0,2000.0,1000.0,2000.0,80.0,80.0,16.33,4,0
서대문구,충정로2가,2025,10,전세,연립다세대,1,30000.0,30000.0,,30000.0,30000.0,,,,1,0
서대문구,충정로2가,2025,10,전세,오피스텔,2,16900.0,16900.0,141.4,16850.0,16950.0,,,,2,0
서대문구,충정로2가,2025,11,월세,연립다세대,1,11000.0,11000.0,,11000.0,11000.0,10.0,10.0,,1,0
서대문구,충정로2가,2025,11,월세,오피스텔,3,1500.0,2500.0,2179.4,1250.0,3250.0,80.0,76.0,9.64,2,0
서대문구,충정로2가,2025,12,월세,연립다세대,2,7500.0,7500.0,3535.5,6250.0,8750.0,65.0,65.0,21.21,1,0
서대문구,충정로2가,2025,12,월세,오피스텔,10,1000.0,1550.0,1257.2,1000.0,1375.0,80.0,76.7,5.64,10,0
서대문구,충정로2가,2026,1,월세,연립다세대,2,7000.0,7000.0,5656.9,5000.0,9000.0,21.0,21.0,15.56,2,1
서대문구,충정로2가,2026,1,월세,오피스텔,7,1000.0,1428.6,731.9,1000.0,1500.0,80.0,83.86,9.79,5,1
서대문구,충정로2가,2026,2,월세,연립다세대,1,10000.0,10000.0,,10000.0,10000.0,10.0,10.0,,1,1
서대문구,충정로2가,2026,2,월세,오피스텔,7,1500.0,1857.1,1405.8,1250.0,1500.0,80.0,80.0,7.07,6,1
서대문구,충정로2가,2026,2,전세,연립다세대,1,19000.0,19000.0,,19000.0,19000.0,,,,1,1
서대문구,충정로2가,2026,3,월세,오피스텔,7,1000.0,1214.3,267.3,1000.0,1500.0,85.0,85.0,9.57,6,1
서대문구,충정로2가,2026,4,월세,오피스텔,3,1000.0,1166.7,288.7,1000.0,1250.0,85.0,85.0,5.0,3,1
서대문구,충정로2가,2026,5,월세,오피스텔,1,1000.0,1000.0,,1000.0,1000.0,90.0,90.0,,1,1
서대문구,충정로2가,2026,5,전세,오피스텔,2,21000.0,21000.0,3535.5,19750.0,22250.0,,,,2,1
서대문구,충정로2가,2026,6,월세,연립다세대,2,2750.0,2750.0,3182.0,1625.0,3875.0,100.0,100.0,42.43,2,1
서대문구,충정로2가,2026,6,월세,오피스텔,5,1500.0,6700.0,7579.6,1000.0,15000.0,80.0,58.0,34.75,5,1
서대문구,충정로2가,2026,6,전세,오피스텔,1,16000.0,16000.0,,16000.0,16000.0,,,,1,1
서대문구,충정로2가,2026,7,월세,오피스텔,8,1500.0,6625.0,7614.6,1000.0,13750.0,73.0,58.62,26.41,7,1
서대문구,충정로2가,2026,8,월세,연립다세대,2,12000.0,12000.0,15556.3,6500.0,17500.0,40.0,40.0,28.28,2,1
서대문구,충정로2가,2026,8,월세,오피스텔,3,13000.0,14000.0,1732.1,13000.0,14500.0,27.0,24.33,8.33,2,1
서대문구,충정로2가,2026,8,전세,오피스텔,1,18000.0,18000.0,,18000.0,18000.0,,,,0,1
서대문구,충정로2가,2026,9,전세,연립다세대,1,17000.0,17000.0,,17000.0,17000.0,,,,1,1
서대문구,충정로3가,2021,1,월세,연립다세대,1,1000.0,1000.0,,1000.0,1000.0,55.0,55.0,,0,0
서대문구,충정로3가,2021,1,전세,연립다세대,2,23750.0,23750.0,18738.3,17125.0,30375.0,,,,0,0
서대문구,충정로3가,2021,2,월세,연립다세대,1,11000.0,11000.0,,11000.0,11000.0,20.0,20.0,,0,0
서대문구,충정로3가,2021,2,전세,연립다세대,4,21000.0,22750.0,9142.4,17000.0,26750.0,,,,0,0
서대문구,충정로3가,2021,2,전세,오피스텔,1,15500.0,15500.0,,15500.0,15500.0,,,,0,0
서대문구,충정로3가,2021,3,월세,연립다세대,1,1000.0,1000.0,,1000.0,1000.0,38.0,38.0,,0,0
서대문구,충정로3가,2021,3,전세,연립다세대,2,14450.0,14450.0,6293.3,12225.0,16675.0,,,,0,0
서대문구,충정로3가,2021,5,전세,연립다세대,3,21000.0,32233.3,24192.2,18350.0,40500.0,,,,0,0
서대문구,충정로3가,2021,6,월세,연립다세대,5,20000.0,12740.0,9986.9,3200.0,20000.0,37.0,30.0,15.22,4,0
서대문구,충정로3가,2021,6,전세,연립다세대,2,19000.0,19000.0,15556.3,13500.0,24500.0,,,,2,0
서대문구,충정로3가,2021,6,전세,오피스텔,2,16000.0,16000.0,707.1,15750.0,16250.0,,,,1,0
서대문구,충정로3가,2021,7,월세,연립다세대,1,1000.0,1000.0,,1000.0,1000.0,55.0,55.0,,1,0
서대문구,충정로3가,2021,7,전세,연립다세대,2,11000.0,11000.0,5656.9,9000.0,13000.0,,,,1,0
서대문구,충정로3가,2021,7,전세,오피스텔,1,15700.0,15700.0,,15700.0,15700.0,,,,1,0
서대문구,충정로3가,2021,8,월세,연립다세대,1,300.0,300.0,,300.0,300.0,45.0,45.0,,1,0
서대문구,충정로3가,2021,8,전세,연립다세대,4,20000.0,16250.0,7500.0,16250.0,20000.0,,,,1,0
서대문구,충정로3가,2021,9,월세,연립다세대,2,750.0,750.0,353.6,625.0,875.0,25.0,25.0,21.21,1,0
서대문구,충정로3가,2021,9,월세,오피스텔,1,1000.0,1000.0,,1000.0,1000.0,60.0,60.0,,0,0
서대문구,충정로3가,2021,9,전세,연립다세대,7,27000.0,27985.7,7633.8,26000.0,28650.0,,,,5,0
서대문구,충정로3가,2021,10,전세,연립다세대,2,17500.0,17500.0,7778.2,14750.0,20250.0,,,,1,0
서대문구,충정로3가,2021,11,전세,연립다세대,5,23100.0,26860.0,13807.2,19000.0,30000.0,,,,2,0
서대문구,충정로3가,2021,12,월세,연립다세대,2,3250.0,3250.0,3889.1,1875.0,4625.0,47.5,47.5,3.54,2,0
서대문구,충정로3가,2021,12,전세,연립다세대,4,18000.0,22875.0,19452.4,11125.0,29750.0,,,,2,0
서대문구,충정로3가,2021,12,전세,오피스텔,1,15500.0,15500.0,,15500.0,15500.0,,,,0,0
서대문구,충정로3가,2022,1,월세,연립다세대,3,1000.0,3833.3,5346.3,750.0,5500.0,55.0,56.0,6.56,2,0
서대문구,충정로3가,2022,1,전세,연립다세대,6,25000.0,21666.7,10013.3,16000.0,25000.0,,,,6,0
서대문구,충정로3가,2022,1,전세,오피스텔,1,16000.0,16000.0,,16000.0,16000.0,,,,0,0
서대문구,충정로3가,2022,2,월세,연립다세대,7,2000.0,4214.3,4452.1,1000.0,7000.0,43.0,37.57,15.37,5,0
서대문구,충정로3가,2022,2,전세,연립다세대,1,10000.0,10000.0,,10000.0,10000.0,,,,1,0
서대문구,충정로3가,2022,3,월세,연립다세대,2,1750.0,1750.0,1767.8,1125.0,2375.0,56.5,56.5,19.09,2,0
서대문구,충정로3가,2022,3,전세,연립다세대,4,25750.0,25750.0,6639.5,20000.0,31500.0,,,,2,0
서대문구,충정로3가,2022,4,전세,연립다세대,12,25505.0,26788.3,14960.0,15250.0,44000.0,,,,3,0
서대문구,충정로3가,2022,5,월세,연립다세대,2,2000.0,2000.0,1414.2,1500.0,2500.0,25.0,25.0,21.21,1,0
서대문구,충정로3가,2022,5,전세,연립다세대,3,15200.0,14166.7,6412.7,11250.0,17600.0,,,,1,0
서대문구,충정로3가,2022,6,전세,연립다세대,3,15000.0,21016.7,11833.9,14200.0,24825.0,,,,0,0
서대문구,충정로3가,2022,6,전세,오피스텔,1,15000.0,15000.0,,15000.0,15000.0,,,,0,0
서대문구,충정로3가,2022,7,월세,연립다세대,2,18000.0,18000.0,0.0,18000.0,18000.0,55.0,55.0,0.0,1,0
서대문구,충정로3가,2022,7,전세,연립다세대,3,15000.0,23666.7,18583.1,13000.0,30000.0,,,,2,0
서대문구,충정로3가,2022,8,월세,연립다세대,1,1000.0,1000.0,,1000.0,1000.0,55.0,55.0,,0,0
서대문구,충정로3가,2022,8,전세,연립다세대,3,14000.0,20666.7,12423.1,13500.0,24500.0,,,,2,0
서대문구,충정로3가,2022,8,전세,오피스텔,1,15500.0,15500.0,,15500.0,15500.0,,,,0,0
서대문구,충정로3가,2022,9,전세,연립다세대,4,26500.0,23000.0,8124.0,21500.0,28000.0,,,,2,0
서대문구,충정로3가,2022,10,월세,연립다세대,1,1800.0,1800.0,,1800.0,1800.0,31.0,31.0,,1,0
서대문구,충정로3가,2022,10,전세,연립다세대,1,28350.0,28350.0,,28350.0,28350.0,,,,0,0
서대문구,충정로3가,2022,11,월세,연립다세대,4,750.0,750.0,288.7,500.0,1000.0,45.0,42.5,12.58,3,0
서대문구,충정로3가,2022,11,전세,연립다세대,5,16000.0,20000.0,10049.9,13000.0,21000.0,,,,4,0
서대문구,충정로3가,2022,12,월세,연립다세대,1,10000.0,10000.0,,10000.0,10000.0,50.0,50.0,,1,0
서대문구,충정로3가,2022,12,전세,연립다세대,3,13000.0,13306.7,3549.9,11460.0,15000.0,,,,0,0
서대문구,충정로3가,2022,12,전세,오피스텔,1,17000.0,17000.0,,17000.0,17000.0,,,,1,0
서대문구,충정로3가,2023,1,월세,연립다세대,4,1000.0,5625.0,9586.2,875.0,5750.0,47.0,46.0,4.55,4,0
서대문구,충정로3가,2023,1,전세,연립다세대,3,18900.0,18633.3,1517.7,17950.0,19450.0,,,,2,0
서대문구,충정로3가,2023,2,월세,연립다세대,1,1000.0,1000.0,,1000.0,1000.0,35.0,35.0,,1,0
서대문구,충정로3가,2023,2,전세,연립다세대,1,8500.0,8500.0,,8500.0,8500.0,,,,1,0
서대문구,충정로3가,2023,2,전세,오피스텔,1,16300.0,16300.0,,16300.0,16300.0,,,,0,0
서대문구,충정로3가,2023,3,전세,연립다세대,5,15000.0,18820.0,8059.9,15000.0,24100.0,,,,5,0
서대문구,충정로3가,2023,4,전세,연립다세대,1,22000.0,22000.0,,22000.0,22000.0,,,,1,0
서대문구,충정로3가,2023,5,월세,연립다세대,2,12350.0,12350.0,16475.6,6525.0,18175.0,40.0,40.0,14.14,1,0
서대문구,충정로3가,2023,6,월세,연립다세대,2,750.0,750.0,353.6,625.0,875.0,46.0,46.0,12.73,1,0
서대문구,충정로3가,2023,6,전세,연립다세대,3,30000.0,29666.7,15502.7,22000.0,37500.0,,,,3,0
서대문구,충정로3가,2023,7,월세,연립다세대,3,1000.0,7166.7,11116.8,750.0,10500.0,35.0,35.0,15.0,2,0
서대문구,충정로3가,2023,7,전세,연립다세대,3,21000.0,19000.0,7211.1,16000.0,23000.0,,,,3,0
서대문구,충정로3가,2023,8,월세,연립다세대,1,11000.0,11000.0,,11000.0,11000.0,20.0,20.0,,1,0
서대문구,충정로3가,2023,8,전세,연립다세대,3,22000.0,22666.7,7023.8,19000.0,26000.0,,,,3,0
서대문구,충정로3가,2023,9,전세,연립다세대,5,33000.0,26200.0,13700.4,13000.0,35000.0,,,,3,0
서대문구,충정로3가,2023,10,월세,연립다세대,4,1500.0,1500.0,577.4,1000.0,2000.0,47.0,46.25,4.5,3,0
서대문구,충정로3가,2023,10,전세,연립다세대,2,34000.0,34000.0,0.0,34000.0,34000.0,,,,2,0
서대문구,충정로3가,2023,11,월세,연립다세대,1,1000.0,1000.0,,1000.0,1000.0,55.0,55.0,,1,0
서대문구,충정로3가,2023,11,전세,연립다세대,3,14200.0,15733.3,9592.4,10600.0,20100.0,,,,0,0
서대문구,충정로3가,2023,12,월세,연립다세대,3,6000.0,7666.7,7637.6,3500.0,11000.0,40.0,36.67,15.28,3,0
서대문구,충정로3가,2023,12,전세,연립다세대,7,20000.0,21142.9,8375.1,16000.0,28500.0,,,,6,0
서대문구,충정로3가,2024,1,월세,연립다세대,3,1000.0,766.7,404.1,650.0,1000.0,55.0,53.33,2.89,3,0
서대문구,충정로3가,2024,1,월세,오피스텔,1,1000.0,1000.0,,1000.0,1000.0,75.0,75.0,,1,0
서대문구,충정로3가,2024,1,전세,연립다세대,3,23000.0,20766.7,3868.2,19650.0,23000.0,,,,1,0
서대문구,충정로3가,2024,2,월세,연립다세대,6,2000.0,3658.3,3721.6,1000.0,6000.0,52.5,48.33,14.38,3,0
서대문구,충정로3가,2024,2,전세,연립다세대,6,24500.0,26516.7,7214.0,20325.0,33250.0,,,,5,0
서대문구,충정로3가,2024,3,월세,연립다세대,5,1000.0,4560.0,5428.4,500.0,10500.0,40.0,47.0,17.89,5,0
서대문구,충정로3가,2024,3,전세,연립다세대,3,17000.0,18333.3,12055.4,12000.0,24000.0,,,,1,0
서대문구,충정로3가,2024,4,월세,연립다세대,2,2500.0,2500.0,707.1,2250.0,2750.0,60.0,60.0,14.14,2,0
서대문구,충정로3가,2024,4,전세,연립다세대,6,15000.0,17944.2,9173.8,12750.0,23250.0,,,,1,0
서대문구,충정로3가,2024,5,월세,연립다세대,6,4700.0,3900.0,1490.0,2600.0,5000.0,75.0,80.0,33.91,5,0
서대문구,충정로3가,2024,5,월세,오피스텔,1,14400.0,14400.0,,14400.0,14400.0,5.0,5.0,,0,0
서대문구,충정로3가,2024,5,전세,연립다세대,2,10600.0,10600.0,7212.5,8050.0,13150.0,,,,1,0
서대문구,충정로3가,2024,6,전세,연립다세대,2,17500.0,17500.0,3535.5,16250.0,18750.0,,,,1,0
서대문구,충정로3가,2024,7,월세,연립다세대,1,600.0,600.0,,600.0,600.0,40.0,40.0,,1,0
서대문구,충정로3가,2024,7,전세,연립다세대,1,17000.0,17000.0,,17000.0,17000.0,,,,1,0
서대문구,충정로3가,2024,8,월세,연립다세대,4,1000.0,3125.0,4589.4,875.0,3250.0,41.0,41.75,12.61,4,0
서대문구,충정로3가,2024,8,월세,오피스텔,1,1000.0,1000.0,,1000.0,1000.0,65.0,65.0,,1,0
서대문구,충정로3가,2024,8,전세,연립다세대,4,20000.0,18750.0,4717.0,18000.0,20750.0,,,,4,0
서대문구,충정로3가,2024,9,월세,연립다세대,4,3000.0,3125.0,2250.0,2375.0,3750.0,85.0,78.75,60.05,4,0
서대문구,충정로3가,2024,9,전세,연립다세대,3,22000.0,20000.0,9165.2,16000.0,25000.0,,,,2,0
서대문구,충정로3가,2024,10,월세,연립다세대,2,1000.0,1000.0,0.0,1000.0,1000.0,45.0,45.0,14.14,1,0
서대문구,충정로3가,2024,10,월세,오피스텔,1,15300.0,15300.0,,15300.0,15300.0,2.0,2.0,,1,0
서대문구,충정로3가,2024,10,전세,연립다세대,4,13000.0,13000.0,2309.4,11000.0,15000.0,,,,4,0
서대문구,충정로3가,2024,11,전세,연립다세대,2,30000.0,30000.0,0.0,30000.0,30000.0,,,,1,0
서대문구,충정로3가,2024,12,월세,연립다세대,4,1000.0,1625.0,1250.0,1000.0,1625.0,56.0,50.5,13.82,4,0
서대문구,충정로3가,2024,12,월세,오피스텔,1,15500.0,15500.0,,15500.0,15500.0,8.0,8.0,,0,0
서대문구,충정로3가,2024,12,전세,연립다세대,1,13000.0,13000.0,,13000.0,13000.0,,,,1,0
서대문구,충정로3가,2025,1,월세,연립다세대,3,4000.0,8333.3,10214.4,2500.0,12000.0,57.0,55.67,25.03,3,0
서대문구,충정로3가,2025,1,월세,오피스텔,1,15500.0,15500.0,,15500.0,15500.0,7.0,7.0,,1,0
서대문구,충정로3가,2025,1,전세,연립다세대,4,18250.0,16955.0,4962.0,14580.0,20625.0,,,,2,0
서대문구,충정로3가,2025,2,월세,연립다세대,1,20000.0,20000.0,,20000.0,20000.0,24.0,24.0,,0,0
서대문구,충정로3가,2025,2,전세,연립다세대,3,10500.0,13500.0,5634.7,10250.0,15250.0,,,,2,0
서대문구,충정로3가,2025,3,전세,연립다세대,5,24100.0,19620.0,7281.6,15000.0,25000.0,,,,4,0
서대문구,충정로3가,2025,4,월세,연립다세대,3,500.0,933.3,929.2,400.0,1250.0,40.0,39.67,7.51,3,0
서대문구,충정로3가,2025,4,전세,연립다세대,4,16000.0,17500.0,3696.8,15750.0,17750.0,,,,3,0
서대문구,충정로3가,2025,5,월세,연립다세대,5,5000.0,3480.0,2269.8,1000.0,5000.0,70.0,82.4,35.44,3,0
서대문구,충정로3가,2025,5,전세,연립다세대,1,8000.0,8000.0,,8000.0,8000.0,,,,0,0
서대문구,충정로3가,2025,6,월세,연립다세대,2,350.0,350.0,212.1,275.0,425.0,41.5,41.5,4.95,2,0
서대문구,충정로3가,2025,6,전세,연립다세대,6,26250.0,23666.7,10352.1,17625.0,32250.0,,,,6,0
서대문구,충정로3가,2025,7,월세,연립다세대,1,1000.0,1000.0,,1000.0,1000.0,50.0,50.0,,1,0
서대문구,충정로3가,2025,7,전세,연립다세대,2,17750.0,17750.0,14495.7,12625.0,22875.0,,,,2,0
서대문구,충정로3가,2025,8,월세,연립다세대,1,1000.0,1000.0,,1000.0,1000.0,55.0,55.0,,1,0
서대문구,충정로3가,2025,8,월세,오피스텔,1,15500.0,15500.0,,15500.0,15500.0,13.0,13.0,,0,0
서대문구,충정로3가,2025,8,전세,연립다세대,3,9800.0,17433.3,15256.6,8650.0,22400.0,,,,3,0
서대문구,충정로3가,2025,9,월세,연립다세대,2,16500.0,16500.0,21920.3,8750.0,24250.0,37.5,37.5,31.82,1,0
서대문구,충정로3가,2025,9,전세,연립다세대,3,20000.0,20000.0,0.0,20000.0,20000.0,,,,3,0
서대문구,충정로3가,2025,10,월세,연립다세대,3,10000.0,15000.0,15132.7,6500.0,21000.0,100.0,76.67,53.93,1,0
서대문구,충정로3가,2025,10,전세,연립다세대,1,24000.0,24000.0,,24000.0,24000.0,,,,1,0
서대문구,충정로3가,2025,11,월세,연립다세대,2,8250.0,8250.0,10960.2,4375.0,12125.0,31.5,31.5,16.26,0,0
서대문구,충정로3가,2025,11,전세,연립다세대,4,10750.0,10425.0,5433.5,6125.0,15050.0,,,,2,0
서대문구,충정로3가,2025,12,월세,연립다세대,2,6250.0,6250.0,6010.4,4125.0,8375.0,50.0,50.0,14.14,2,0
서대문구,충정로3가,2025,12,월세,오피스텔,3,1000.0,5000.0,6928.2,1000.0,7000.0,69.0,58.0,24.43,3,0
서대문구,충정로3가,2025,12,전세,연립다세대,8,16850.0,20225.0,13194.7,10000.0,24375.0,,,,3,0
서대문구,충정로3가,2026,1,월세,오피스텔,2,5500.0,5500.0,6364.0,3250.0,7750.0,52.5,52.5,31.82,2,1
서대문구,충정로3가,2026,1,전세,연립다세대,5,16000.0,18600.0,10430.7,10000.0,22000.0,,,,5,1
서대문구,충정로3가,2026,2,월세,연립다세대,5,1000.0,2100.0,1884.1,1000.0,3000.0,57.0,55.8,27.64,5,1
서대문구,충정로3가,2026,2,전세,연립다세대,4,17500.0,26750.0,22410.9,14250.0,30000.0,,,,4,1
서대문구,충정로3가,2026,3,월세,연립다세대,1,3000.0,3000.0,,3000.0,3000.0,27.0,27.0,,0,1
서대문구,충정로3가,2026,3,전세,연립다세대,2,29750.0,29750.0,1060.7,29375.0,30125.0,,,,1,1
서대문구,충정로3가,2026,4,월세,연립다세대,3,500.0,4333.3,6639.5,500.0,6250.0,45.0,56.67,20.21,3,1
서대문구,충정로3가,2026,4,전세,연립다세대,2,24562.5,24562.5,11423.3,20523.75,28601.25,,,,1,1
서대문구,충정로3가,2026,5,월세,연립다세대,2,750.0,750.0,353.6,625.0,875.0,43.5,43.5,16.26,2,1
서대문구,충정로3가,2026,5,월세,오피스텔,1,14400.0,14400.0,,14400.0,14400.0,15.0,15.0,,1,1
서대문구,충정로3가,2026,5,전세,연립다세대,4,18500.0,19916.2,11461.9,13916.25,24500.0,,,,1,1
서대문구,충정로3가,2026,6,월세,연립다세대,3,2000.0,13000.0,19052.6,2000.0,18500.0,70.0,60.0,45.83,3,1
서대문구,충정로3가,2026,6,전세,연립다세대,2,15000.0,15000.0,7071.1,12500.0,17500.0,,,,2,1
서대문구,충정로3가,2026,6,전세,오피스텔,1,15500.0,15500.0,,15500.0,15500.0,,,,1,1
서대문구,충정로3가,2026,7,월세,연립다세대,3,20000.0,14000.0,10392.3,11000.0,20000.0,35.0,70.0,60.62,3,1
서대문구,충정로3가,2026,7,전세,연립다세대,2,31250.0,31250.0,33587.6,19375.0,43125.0,,,,2,1
서대문구,충정로3가,2026,8,전세,연립다세대,3,17000.0,18000.0,1732.1,17000.0,18500.0,,,,3,1
서대문구,충정로3가,2026,9,월세,오피스텔,1,10000.0,10000.0,,10000.0,10000.0,30.0,30.0,,1,1
서대문구,충정로3가,2026,9,전세,연립다세대,1,21000.0,21000.0,,21000.0,21000.0,,,,1,1
서대문구,합동,2021,1,월세,오피스텔,1,500.0,500.0,,500.0,500.0,70.0,70.0,,0,0
서대문구,합동,2021,1,전세,오피스텔,2,28500.0,28500.0,12020.8,24250.0,32750.0,,,,0,0
서대문구,합동,2021,2,월세,오피스텔,3,1000.0,2333.3,2309.4,1000.0,3000.0,70.0,68.33,12.58,0,0
서대문구,합동,2021,3,월세,오피스텔,2,3500.0,3500.0,2121.3,2750.0,4250.0,100.0,100.0,14.14,0,0
서대문구,합동,2021,3,전세,오피스텔,1,21000.0,21000.0,,21000.0,21000.0,,,,0,0
서대문구,합동,2021,4,월세,오피스텔,4,1500.0,1750.0,957.4,1000.0,2250.0,110.0,105.0,27.99,1,0
서대문구,합동,2021,5,월세,오피스텔,3,1000.0,1000.0,0.0,1000.0,1000.0,75.0,80.0,13.23,0,0
서대문구,합동,2021,5,전세,오피스텔,2,21000.0,21000.0,1414.2,20500.0,21500.0,,,,0,0
서대문구,합동,2021,6,월세,오피스텔,3,5000.0,5000.0,3000.0,3500.0,6500.0,80.0,85.0,47.7,2,0
서대문구,합동,2021,6,전세,오피스텔,2,29000.0,29000.0,14142.1,24000.0,34000.0,,,,2,0
서대문구,합동,2021,7,월세,오피스텔,8,1000.0,3081.2,3848.4,1000.0,3412.5,80.0,81.25,29.61,7,0
서대문구,합동,2021,7,전세,오피스텔,7,21000.0,23285.7,7493.6,20250.0,21750.0,,,,3,0
서대문구,합동,2021,8,월세,오피스텔,6,1000.0,5083.3,6873.3,1000.0,7000.0,68.5,53.33,26.08,5,0
서대문구,합동,2021,8,전세,오피스텔,3,33600.0,31366.7,9940.0,27050.0,36800.0,,,,1,0
서대문구,합동,2021,9,월세,오피스텔,5,1000.0,4800.0,6942.6,1000.0,4000.0,80.0,76.0,9.97,5,0
서대문구,합동,2021,9,전세,오피스텔,2,29000.0,29000.0,5656.9,27000.0,31000.0,,,,1,0
서대문구,합동,2021,10,월세,연립다세대,1,6000.0,6000.0,,6000.0,6000.0,120.0,120.0,,1,0
서대문구,합동,2021,10,월세,오피스텔,9,1000.0,6277.8,10825.6,1000.0,8000.0,73.0,71.22,38.39,3,0
서대문구,합동,2021,10,전세,오피스텔,5,40000.0,33300.0,10627.8,22500.0,40000.0,,,,4,0
서대문구,합동,2021,11,월세,오피스텔,1,1000.0,1000.0,,1000.0,1000.0,75.0,75.0,,1,0
서대문구,합동,2021,11,전세,오피스텔,1,21500.0,21500.0,,21500.0,21500.0,,,,1,0
서대문구,합동,2021,12,월세,오피스텔,3,1000.0,4000.0,5196.2,1000.0,5500.0,73.0,76.0,7.94,3,0
서대문구,합동,2022,1,월세,오피스텔,5,1000.0,1200.0,447.2,1000.0,1000.0,75.0,83.8,26.09,2,0
서대문구,합동,2022,1,전세,오피스텔,4,27500.0,30000.0,11518.1,21500.0,36000.0,,,,1,0
서대문구,합동,2022,2,월세,오피스텔,5,1000.0,2600.0,2302.2,1000.0,4000.0,70.0,67.0,10.37,4,0
서대문구,합동,2022,2,전세,오피스텔,2,31250.0,31250.0,16617.0,25375.0,37125.0,,,,2,0
서대문구,합동,2022,3,월세,오피스텔,3,1000.0,1500.0,1322.9,750.0,2000.0,82.0,108.0,53.93,3,0
서대문구,합동,2022,3,전세,오피스텔,4,29400.0,29450.0,10354.2,20750.0,38100.0,,,,3,0
서대문구,합동,2022,4,월세,오피스텔,6,1000.0,1000.0,0.0,1000.0,1000.0,83.5,84.5,9.87,5,0
서대문구,합동,2022,4,전세,오피스텔,2,21000.0,21000.0,0.0,21000.0,21000.0,,,,2,0
서대문구,합동,2022,5,월세,오피스텔,1,2000.0,2000.0,,2000.0,2000.0,135.0,135.0,,1,0
서대문구,합동,2022,6,월세,오피스텔,1,20000.0,20000.0,,20000.0,20000.0,5.0,5.0,,0,0
서대문구,합동,2022,7,월세,오피스텔,6,1000.0,1166.7,408.2,1000.0,1000.0,90.0,92.5,18.91,4,0
서대문구,합동,2022,7,전세,오피스텔,1,21500.0,21500.0,,21500.0,21500.0,,,,0,0
서대문구,합동,2022,8,전세,오피스텔,2,22750.0,22750.0,2474.9,21875.0,23625.0,,,,1,0
서대문구,합동,2022,9,월세,오피스텔,6,3000.0,4333.3,3829.7,1250.0,7000.0,64.0,75.83,44.8,4,0
서대문구,합동,2022,9,전세,오피스텔,4,25500.0,27187.5,6731.1,24000.0,28687.5,,,,3,0
서대문구,합동,2022,10,월세,오피스텔,2,4450.0,4450.0,4879.0,2725.0,6175.0,53.5,53.5,30.41,0,0
서대문구,합동,2022,10,전세,오피스텔,3,21000.0,20666.7,577.4,20500.0,21000.0,,,,1,0
서대문구,합동,2022,11,월세,오피스텔,1,3000.0,3000.0,,3000.0,3000.0,65.0,65.0,,1,0
서대문구,합동,2022,11,전세,오피스텔,3,21000.0,21166.7,288.7,21000.0,21250.0,,,,2,0
서대문구,합동,2022,12,월세,오피스텔,3,1000.0,4000.0,5196.2,1000.0,5500.0,84.0,81.33,30.09,3,0
서대문구,합동,2022,12,전세,오피스텔,3,21000.0,21166.7,1258.3,20500.0,21750.0,,,,3,0
서대문구,합동,2023,1,월세,오피스텔,6,1000.0,4666.7,7705.0,625.0,4000.0,75.0,72.33,40.18,3,0
서대문구,합동,2023,2,월세,오피스텔,2,5500.0,5500.0,6364.0,3250.0,7750.0,63.5,63.5,12.02,1,0
서대문구,합동,2023,2,전세,오피스텔,5,21000.0,22580.0,4169.2,20900.0,21000.0,,,,4,0
서대문구,합동,2023,3,월세,오피스텔,4,5000.0,5250.0,4425.3,1750.0,8500.0,60.0,82.0,60.82,3,0
서대문구,합동,2023,3,전세,오피스텔,3,32000.0,33000.0,9539.4,28000.0,37500.0,,,,2,0
서대문구,합동,2023,4,월세,오피스텔,3,18500.0,14166.7,11622.5,9750.0,20750.0,10.0,38.33,51.69,2,0
서대문구,합동,2023,4,전세,오피스텔,1,35000.0,35000.0,,35000.0,35000.0,,,,1,0
서대문구,합동,2023,5,월세,오피스텔,2,12500.0,12500.0,16263.5,6750.0,18250.0,40.0,40.0,49.5,2,0
서대문구,합동,2023,5,전세,오피스텔,4,20000.0,21000.0,2828.4,19000.0,22000.0,,,,3,0
서대문구,합동,2023,6,월세,오피스텔,5,2000.0,6600.0,9396.8,1000.0,6000.0,75.0,64.6,37.23,5,0
서대문구,합동,2023,6,전세,오피스텔,2,20000.0,20000.0,1414.2,19500.0,20500.0,,,,1,0
서대문구,합동,2023,7,월세,오피스텔,3,1000.0,3000.0,3464.1,1000.0,4000.0,84.0,77.67,25.11,2,0
서대문구,합동,2023,7,전세,오피스텔,2,30000.0,30000.0,14142.1,25000.0,35000.0,,,,1,0
서대문구,합동,2023,8,월세,오피스텔,3,19000.0,14333.3,11718.9,10000.0,21000.0,10.0,33.33,40.41,2,0
서대문구,합동,2023,8,전세,오피스텔,1,36000.0,36000.0,,36000.0,36000.0,,,,0,0
서대문구,합동,2023,9,월세,오피스텔,4,1000.0,1000.0,0.0,1000.0,1000.0,77.5,81.25,9.46,4,0
서대문구,합동,2023,10,월세,오피스텔,5,21000.0,18900.0,13885.2,7500.0,30000.0,37.0,50.8,57.04,3,0
서대문구,합동,2023,11,월세,오피스텔,4,1500.0,6250.0,9844.6,1000.0,6750.0,79.0,80.75,63.32,4,0
서대문구,합동,2023,11,전세,오피스텔,2,30500.0,30500.0,13435.0,25750.0,35250.0,,,,2,0
서대문구,합동,2023,12,전세,오피스텔,4,21500.0,26000.0,9345.2,21000.0,26500.0,,,,4,0
서대문구,합동,2024,1,월세,오피스텔,3,10000.0,10000.0,9000.0,5500.0,14500.0,40.0,42.0,33.05,3,0
서대문구,합동,2024,1,전세,오피스텔,2,29250.0,29250.0,7424.6,26625.0,31875.0,,,,2,0
서대문구,합동,2024,2,월세,오피스텔,8,8000.0,11187.5,11643.3,1000.0,19875.0,60.5,50.88,34.04,5,0
서대문구,합동,2024,2,전세,오피스텔,2,26750.0,26750.0,7424.6,24125.0,29375.0,,,,2,0
서대문구,합동,2024,3,월세,오피스텔,4,1000.0,1125.0,629.2,875.0,1250.0,95.0,107.0,37.14,3,0
서대문구,합동,2024,4,월세,오피스텔,3,5000.0,8333.3,9451.6,3000.0,12000.0,80.0,71.67,62.92,2,0
서대문구,합동,2024,4,전세,오피스텔,2,39750.0,39750.0,1060.7,39375.0,40125.0,,,,1,0
서대문구,합동,2024,5,월세,오피스텔,6,9500.0,9750.0,9590.4,1000.0,18375.0,50.0,51.67,45.79,6,0
서대문구,합동,2024,5,전세,오피스텔,3,34400.0,32295.0,6503.2,29700.0,35942.5,,,,3,0
서대문구,합동,2024,6,월세,오피스텔,5,2000.0,5000.0,7842.2,1000.0,2000.0,80.0,79.6,46.83,5,0
서대문구,합동,2024,6,전세,연립다세대,1,30000.0,30000.0,,30000.0,30000.0,,,,1,0
서대문구,합동,2024,6,전세,오피스텔,2,29500.0,29500.0,12020.8,25250.0,33750.0,,,,2,0
서대문구,합동,2024,7,월세,오피스텔,5,1000.0,5000.0,8396.4,1000.0,2000.0,82.0,83.8,51.46,4,0
서대문구,합동,2024,7,전세,오피스텔,1,16500.0,16500.0,,16500.0,16500.0,,,,1,0
서대문구,합동,2024,8,월세,오피스텔,6,1000.0,6166.7,12655.7,1000.0,1000.0,90.0,77.0,34.5,6,0
서대문구,합동,2024,8,전세,오피스텔,1,20000.0,20000.0,,20000.0,20000.0,,,,0,0
서대문구,합동,2024,9,월세,오피스텔,9,2000.0,7722.2,9692.5,1000.0,17500.0,84.0,81.67,61.12,8,0
서대문구,합동,2024,9,전세,오피스텔,1,25000.0,25000.0,,25000.0,25000.0,,,,1,0
서대문구,합동,2024,10,월세,오피스텔,5,2000.0,5000.0,7842.2,1000.0,2000.0,85.0,100.0,62.75,4,0
서대문구,합동,2024,10,전세,오피스텔,2,31500.0,31500.0,9192.4,28250.0,34750.0,,,,1,0
서대문구,합동,2024,11,월세,오피스텔,13,10000.0,14692.3,14073.5,2000.0,30000.0,45.0,59.69,44.32,8,0
서대문구,합동,2024,12,월세,오피스텔,9,5000.0,9722.2,7996.5,5000.0,19000.0,65.0,61.56,49.99,7,0
서대문구,합동,2024,12,전세,오피스텔,2,29750.0,29750.0,14495.7,24625.0,34875.0,,,,1,0
서대문구,합동,2025,1,월세,오피스텔,4,1500.0,6125.0,9936.3,875.0,6750.0,84.0,85.5,59.83,3,0
서대문구,합동,2025,1,전세,오피스텔,2,25750.0,25750.0,8131.7,22875.0,28625.0,,,,0,0
서대문구,합동,2025,2,월세,오피스텔,11,19000.0,14272.7,8556.8,9500.0,19000.0,12.0,31.64,33.64,9,0
서대문구,합동,2025,2,전세,오피스텔,1,21000.0,21000.0,,21000.0,21000.0,,,,0,0
서대문구,합동,2025,3,월세,오피스텔,6,1500.0,3833.3,4070.2,1000.0,6500.0,85.5,88.0,41.58,4,0
서대문구,합동,2025,3,전세,오피스텔,2,28000.0,28000.0,9899.5,24500.0,31500.0,,,,2,0
서대문구,합동,2025,4,월세,오피스텔,5,1000.0,6900.0,12924.8,1000.0,2000.0,88.0,91.2,46.53,3,0
서대문구,합동,2025,4,전세,오피스텔,1,21300.0,21300.0,,21300.0,21300.0,,,,1,0
서대문구,합동,2025,5,월세,오피스텔,7,5000.0,7857.1,7174.7,1500.0,14500.0,65.0,71.43,51.05,5,0
서대문구,합동,2025,5,전세,오피스텔,2,39500.0,39500.0,707.1,39250.0,39750.0,,,,2,0
서대문구,합동,2025,6,월세,오피스텔,8,4000.0,7625.0,8279.7,1000.0,12250.0,61.5,67.88,48.53,6,0
서대문구,합동,2025,6,전세,오피스텔,1,21000.0,21000.0,,21000.0,21000.0,,,,1,0
서대문구,합동,2025,7,월세,오피스텔,15,3000.0,6126.7,7652.1,1000.0,5750.0,83.0,75.6,42.33,9,0
서대문구,합동,2025,7,전세,오피스텔,2,30500.0,30500.0,13435.0,25750.0,35250.0,,,,1,0
서대문구,합동,2025,8,월세,오피스텔,6,2000.0,6500.0,8803.4,1000.0,8250.0,86.5,70.5,30.35,5,0
서대문구,합동,2025,8,전세,오피스텔,3,40000.0,39266.7,1270.2,38900.0,40000.0,,,,1,0
서대문구,합동,2025,9,월세,오피스텔,10,1000.0,5800.0,7997.2,1000.0,8000.0,81.0,74.4,44.28,8,0
서대문구,합동,2025,9,전세,오피스텔,1,38000.0,38000.0,,38000.0,38000.0,,,,1,0
서대문구,합동,2025,10,월세,오피스텔,11,1000.0,7727.3,11172.2,1000.0,11000.0,90.0,87.91,41.29,9,0
서대문구,합동,2025,11,월세,오피스텔,13,2000.0,6442.3,7149.2,1400.0,10000.0,73.0,77.08,41.93,10,0
서대문구,합동,2025,11,전세,오피스텔,1,34000.0,34000.0,,34000.0,34000.0,,,,1,0
서대문구,합동,2025,12,월세,오피스텔,11,10000.0,11027.3,8367.0,4000.0,18950.0,49.0,56.27,52.22,7,0
서대문구,합동,2025,12,전세,오피스텔,2,30500.0,30500.0,13435.0,25750.0,35250.0,,,,1,0
서대문구,합동,2026,1,월세,오피스텔,11,2000.0,6490.9,7778.2,1500.0,11250.0,90.0,94.64,56.87,8,1
서대문구,합동,2026,2,월세,연립다세대,1,5000.0,5000.0,,5000.0,5000.0,225.0,225.0,,1,1
서대문구,합동,2026,2,월세,오피스텔,11,15000.0,11890.9,9940.3,1500.0,18450.0,60.0,63.45,47.99,7,1
서대문구,합동,2026,3,월세,오피스텔,6,3000.0,5533.3,6802.0,1000.0,7250.0,81.0,83.83,39.03,6,1
서대문구,합동,2026,4,월세,오피스텔,3,21000.0,27000.0,10392.3,21000.0,30000.0,10.0,8.67,2.31,3,1
서대문구,합동,2026,4,전세,오피스텔,1,22000.0,22000.0,,22000.0,22000.0,,,,1,1
서대문구,합동,2026,5,월세,오피스텔,4,18700.0,14350.0,8902.6,14125.0,18925.0,17.0,49.5,69.79,1,1
서대문구,합동,2026,5,전세,오피스텔,3,21000.0,27000.0,10392.3,21000.0,30000.0,,,,1,1
서대문구,합동,2026,6,월세,오피스텔,10,1500.0,9400.0,13029.5,1000.0,16375.0,85.0,91.0,57.52,7,1
서대문구,합동,2026,6,전세,연립다세대,1,31500.0,31500.0,,31500.0,31500.0,,,,0,1
서대문구,합동,2026,6,전세,오피스텔,1,16500.0,16500.0,,16500.0,16500.0,,,,0,1
서대문구,합동,2026,7,월세,연립다세대,1,5000.0,5000.0,,5000.0,5000.0,225.0,225.0,,1,1
서대문구,합동,2026,7,월세,오피스텔,8,1500.0,5950.0,7997.0,1000.0,7700.0,85.0,73.62,43.93,7,1
서대문구,합동,2026,8,월세,오피스텔,3,15000.0,11666.7,9451.6,8000.0,17000.0,30.0,46.67,42.52,2,1
서대문구,합동,2026,8,전세,오피스텔,1,37800.0,37800.0,,37800.0,37800.0,,,,0,1
서대문구,합동,2026,9,월세,오피스텔,2,11000.0,11000.0,14142.1,6000.0,16000.0,57.5,57.5,53.03,2,1
서대문구,합동,2026,9,전세,오피스텔,1,21000.0,21000.0,,21000.0,21000.0,,,,1,1
서대문구,홍은동,2021,1,월세,연립다세대,13,2000.0,2700.0,3726.9,500.0,3000.0,53.0,53.77,18.46,0,0
서대문구,홍은동,2021,1,전세,연립다세대,29,16000.0,17065.5,9935.0,8000.0,22000.0,,,,1,0
서대문구,홍은동,2021,1,전세,오피스텔,3,23000.0,23666.7,3055.1,22000.0,25000.0,,,,0,0
서대문구,홍은동,2021,2,월세,연립다세대,7,1000.0,2714.3,3271.3,650.0,3500.0,60.0,53.57,25.77,0,0
서대문구,홍은동,2021,2,월세,오피스텔,2,15000.0,15000.0,4242.6,13500.0,16500.0,19.0,19.0,1.41,0,0
서대문구,홍은동,2021,2,전세,연립다세대,24,17000.0,16054.2,6765.1,10750.0,20000.0,,,,0,0
서대문구,홍은동,2021,2,전세,오피스텔,3,27000.0,25666.7,3214.6,24500.0,27500.0,,,,0,0
서대문구,홍은동,2021,3,월세,연립다세대,14,1500.0,1942.4,1573.5,1000.0,2520.5,50.0,46.93,21.61,1,0
서대문구,홍은동,2021,3,전세,연립다세대,36,18000.0,17327.8,6783.2,12000.0,21500.0,,,,1,0
서대문구,홍은동,2021,3,전세,오피스텔,2,17000.0,17000.0,14142.1,12000.0,22000.0,,,,0,0
서대문구,홍은동,2021,4,월세,연립다세대,15,3519.0,5439.9,5207.2,750.0,9000.0,20.0,26.2,19.78,0,0
서대문구,홍은동,2021,4,전세,연립다세대,28,15250.0,16675.0,6219.4,12375.0,20000.0,,,,0,0
서대문구,홍은동,2021,4,전세,오피스텔,5,7000.0,14900.0,11282.7,7000.0,27000.0,,,,0,0
서대문구,홍은동,2021,5,월세,연립다세대,12,2000.0,4871.2,8312.6,875.0,3825.0,47.5,46.5,29.08,1,0
서대문구,홍은동,2021,5,전세,연립다세대,33,20000.0,20000.8,7794.6,15000.0,25725.0,,,,0,0
서대문구,홍은동,2021,5,전세,오피스텔,1,19950.0,19950.0,,19950.0,19950.0,,,,0,0
서대문구,홍은동,2021,6,월세,연립다세대,17,1390.0,2834.2,3755.2,1000.0,2692.0,40.0,46.35,30.7,11,0
서대문구,홍은동,2021,6,전세,연립다세대,35,18000.0,19347.1,9569.2,10900.0,27400.0,,,,25,0
서대문구,홍은동,2021,6,전세,오피스텔,1,6000.0,6000.0,,6000.0,6000.0,,,,0,0
서대문구,홍은동,2021,7,월세,연립다세대,15,1000.0,2373.3,2588.0,500.0,4000.0,45.0,48.0,36.42,10,0
서대문구,홍은동,2021,7,월세,오피스텔,2,1500.0,1500.0,707.1,1250.0,1750.0,47.5,47.5,3.54,2,0
서대문구,홍은동,2021,7,전세,연립다세대,37,16800.0,17278.4,7788.7,12000.0,22500.0,,,,25,0
서대문구,홍은동,2021,7,전세,오피스텔,2,28500.0,28500.0,2121.3,27750.0,29250.0,,,,1,0
서대문구,홍은동,2021,8,월세,연립다세대,24,1500.0,3906.2,4233.3,500.0,7500.0,39.5,36.54,17.01,16,0
서대문구,홍은동,2021,8,월세,오피스텔,1,1000.0,1000.0,,1000.0,1000.0,60.0,60.0,,1,0
서대문구,홍은동,2021,8,전세,연립다세대,29,15000.0,16116.2,7496.3,9000.0,22000.0,,,,18,0
서대문구,홍은동,2021,8,전세,오피스텔,4,26400.0,26450.0,2042.1,25800.0,27050.0,,,,4,0
서대문구,홍은동,2021,9,월세,연립다세대,14,3000.0,4613.6,4036.4,1250.0,8000.0,36.0,41.21,24.51,8,0
서대문구,홍은동,2021,9,월세,오피스텔,1,300.0,300.0,,300.0,300.0,43.0,43.0,,1,0
서대문구,홍은동,2021,9,전세,연립다세대,20,15500.0,16735.0,6436.8,14000.0,19925.0,,,,11,0
서대문구,홍은동,2021,9,전세,오피스텔,2,24700.0,24700.0,3818.4,23350.0,26050.0,,,,2,0
서대문구,홍은동,2021,10,월세,연립다세대,23,2000.0,2589.3,2913.4,1000.0,2000.0,50.0,45.61,16.7,17,0
서대문구,홍은동,2021,10,전세,연립다세대,46,15000.0,17029.3,6967.3,11000.0,22462.5,,,,34,0
서대문구,홍은동,2021,10,전세,오피스텔,5,26700.0,27615.4,2020.8,26100.0,29580.0,,,,0,0
서대문구,홍은동,2021,11,월세,연립다세대,28,2043.0,3412.3,4170.6,875.0,3378.0,45.0,45.18,32.38,16,0
서대문구,홍은동,2021,11,월세,오피스텔,1,500.0,500.0,,500.0,500.0,40.0,40.0,,1,0
서대문구,홍은동,2021,11,전세,연립다세대,41,15500.0,17669.3,8565.4,14000.0,19000.0,,,,22,0
서대문구,홍은동,2021,11,전세,오피스텔,4,26350.0,24850.0,3589.3,24600.0,26600.0,,,,0,0
서대문구,홍은동,2021,12,월세,연립다세대,22,1897.0,3160.1,3975.0,500.0,3198.75,40.0,41.18,24.89,12,0
서대문구,홍은동,2021,12,월세,오피스텔,2,4500.0,4500.0,3535.5,3250.0,5750.0,45.0,45.0,49.5,2,0
서대문구,홍은동,2021,12,전세,연립다세대,21,15500.0,17255.7,8107.6,13000.0,19000.0,,,,11,0
서대문구,홍은동,2021,12,전세,오피스텔,5,26700.0,23580.0,9911.5,26700.0,29000.0,,,,0,0
서대문구,홍은동,2022,1,월세,연립다세대,33,1000.0,2411.5,3328.1,500.0,2000.0,47.0,45.48,21.48,23,0
서대문구,홍은동,2022,1,월세,오피스텔,1,1000.0,1000.0,,1000.0,1000.0,50.0,50.0,,1,0
서대문구,홍은동,2022,1,전세,연립다세대,36,17300.0,20994.4,10236.0,15000.0,26512.5,,,,19,0
서대문구,홍은동,2022,1,전세,오피스텔,7,27000.0,24741.4,8404.1,26500.0,28595.0,,,,1,0
서대문구,홍은동,2022,2,월세,연립다세대,41,1500.0,3272.2,3858.4,500.0,3859.0,49.0,47.85,18.94,31,0
서대문구,홍은동,2022,2,전세,연립다세대,32,16500.0,17956.2,7217.0,11875.0,23100.0,,,,20,0
서대문구,홍은동,2022,2,전세,오피스텔,1,7000.0,7000.0,,7000.0,7000.0,,,,1,0
서대문구,홍은동,2022,3,월세,연립다세대,22,1500.0,2990.0,3115.1,770.0,5000.0,47.5,51.09,23.97,18,0
서대문구,홍은동,2022,3,월세,오피스텔,3,1000.0,1000.0,0.0,1000.0,1000.0,50.0,48.33,2.89,3,0
서대문구,홍은동,2022,3,전세,연립다세대,46,19500.0,17388.9,5953.5,13737.5,21375.0,,,,25,0
서대문구,홍은동,2022,3,전세,오피스텔,5,27300.0,23658.0,9984.0,26000.0,29390.0,,,,1,0
서대문구,홍은동,2022,4,월세,연립다세대,25,2000.0,4785.8,7184.5,500.0,5000.0,45.0,44.92,25.23,16,0
서대문구,홍은동,2022,4,월세,오피스텔,1,1000.0,1000.0,,1000.0,1000.0,60.0,60.0,,1,0
서대문구,홍은동,2022,4,전세,연립다세대,37,14000.0,16145.0,7115.1,11000.0,22000.0,,,,18,0
서대문구,홍은동,2022,4,전세,오피스텔,3,27300.0,27866.7,981.5,27300.0,28150.0,,,,1,0
서대문구,홍은동,2022,5,월세,연립다세대,19,1000.0,1963.8,3258.8,450.0,1500.0,40.0,40.95,16.87,10,0
서대문구,홍은동,2022,5,월세,오피스텔,1,1000.0,1000.0,,1000.0,1000.0,50.0,50.0,,1,0
서대문구,홍은동,2022,5,전세,연립다세대,24,19100.0,19594.8,7924.9,15250.0,23812.5,,,,10,0
서대문구,홍은동,2022,5,전세,오피스텔,1,28800.0,28800.0,,28800.0,28800.0,,,,1,0
서대문구,홍은동,2022,6,월세,연립다세대,21,2000.0,5500.0,5867.3,500.0,11000.0,37.0,37.0,23.51,13,0
서대문구,홍은동,2022,6,월세,오피스텔,1,1000.0,1000.0,,1000.0,1000.0,50.0,50.0,,0,0
서대문구,홍은동,2022,6,전세,연립다세대,30,17150.0,18618.3,6628.3,15000.0,24125.0,,,,19,0
서대문구,홍은동,2022,6,전세,오피스텔,1,6500.0,6500.0,,6500.0,6500.0,,,,0,0
서대문구,홍은동,2022,7,월세,연립다세대,27,1000.0,2073.7,2217.6,500.0,2500.0,45.0,44.59,20.46,16,0
서대문구,홍은동,2022,7,월세,오피스텔,3,1000.0,6500.0,9962.4,750.0,9500.0,53.0,47.67,15.7,3,0
서대문구,홍은동,2022,7,전세,연립다세대,34,15300.0,15571.2,5010.5,11125.0,19540.0,,,,18,0
서대문구,홍은동,2022,8,월세,연립다세대,16,2000.0,3943.8,4245.9,1000.0,5125.0,51.5,50.12,21.77,9,0
서대문구,홍은동,2022,8,월세,오피스텔,1,1000.0,1000.0,,1000.0,1000.0,50.0,50.0,,1,0
서대문구,홍은동,2022,8,전세,연립다세대,20,17650.0,19422.5,8528.8,12900.0,23287.5,,,,8,0
서대문구,홍은동,2022,8,전세,오피스텔,4,27600.0,24050.0,12148.1,22025.0,29625.0,,,,3,0
서대문구,홍은동,2022,9,월세,연립다세대,22,2000.0,4260.1,6045.0,1000.0,4750.0,46.0,42.41,31.64,12,0
서대문구,홍은동,2022,9,전세,연립다세대,25,18000.0,18966.1,8162.0,16000.0,24000.0,,,,16,0
서대문구,홍은동,2022,10,월세,연립다세대,11,1480.0,4546.1,5021.3,513.5,8250.0,35.0,36.18,14.93,7,0
서대문구,홍은동,2022,10,월세,오피스텔,2,750.0,750.0,353.6,625.0,875.0,47.5,47.5,3.54,2,0
서대문구,홍은동,2022,10,전세,연립다세대,25,16000.0,17420.0,5697.1,13600.0,20000.0,,,,17,0
서대문구,홍은동,2022,10,전세,오피스텔,1,25000.0,25000.0,,25000.0,25000.0,,,,1,0
서대문구,홍은동,2022,11,월세,연립다세대,22,1500.0,2795.5,2942.5,500.0,4750.0,55.0,54.45,19.83,19,0
서대문구,홍은동,2022,11,월세,오피스텔,3,2000.0,5000.0,6082.8,1500.0,7000.0,50.0,61.67,20.21,3,0
서대문구,홍은동,2022,11,전세,연립다세대,23,15500.0,15628.0,5589.6,12800.0,17635.0,,,,16,0
서대문구,홍은동,2022,11,전세,오피스텔,1,18000.0,18000.0,,18000.0,18000.0,,,,1,0
서대문구,홍은동,2022,12,월세,연립다세대,26,1900.0,3799.8,3662.5,1000.0,5000.0,50.0,47.58,24.22,21,0
서대문구,홍은동,2022,12,월세,오피스텔,2,1000.0,1000.0,0.0,1000.0,1000.0,50.0,50.0,0.0,2,0
서대문구,홍은동,2022,12,전세,연립다세대,25,16000.0,17682.0,7820.2,11550.0,23000.0,,,,15,0
서대문구,홍은동,2022,12,전세,오피스텔,3,23000.0,22500.0,3278.7,21000.0,24250.0,,,,1,0
서대문구,홍은동,2023,1,월세,연립다세대,27,1500.0,3761.5,5522.3,1000.0,3500.0,45.0,48.41,19.42,23,0
서대문구,홍은동,2023,1,월세,오피스텔,2,1000.0,1000.0,0.0,1000.0,1000.0,46.5,46.5,4.95,2,0
서대문구,홍은동,2023,1,전세,연립다세대,26,18875.0,16944.2,6202.5,11775.0,21500.0,,,,16,0
서대문구,홍은동,2023,1,전세,오피스텔,3,23000.0,23666.7,3055.1,22000.0,25000.0,,,,2,0
서대문구,홍은동,2023,2,월세,연립다세대,24,2000.0,3670.8,5567.9,725.0,5000.0,55.0,53.71,24.15,16,0
서대문구,홍은동,2023,2,전세,연립다세대,27,19500.0,18681.5,8040.9,13300.0,22500.0,,,,15,0
서대문구,홍은동,2023,2,전세,오피스텔,1,25500.0,25500.0,,25500.0,25500.0,,,,1,0
서대문구,홍은동,2023,3,월세,연립다세대,19,5000.0,6752.6,5782.3,1500.0,11500.0,40.0,41.47,27.34,12,0
서대문구,홍은동,2023,3,월세,오피스텔,1,500.0,500.0,,500.0,500.0,40.0,40.0,,1,0
서대문구,홍은동,2023,3,전세,연립다세대,30,16500.0,17235.0,5846.3,13000.0,20000.0,,,,15,0
서대문구,홍은동,2023,3,전세,오피스텔,1,8000.0,8000.0,,8000.0,8000.0,,,,0,0
서대문구,홍은동,2023,4,월세,연립다세대,13,3000.0,3827.5,3393.5,1000.0,5500.0,50.0,46.54,19.75,10,0
서대문구,홍은동,2023,4,월세,오피스텔,1,1000.0,1000.0,,1000.0,1000.0,50.0,50.0,,1,0
서대문구,홍은동,2023,4,전세,연립다세대,24,20500.0,19208.5,6619.1,13500.0,24000.0,,,,15,0
서대문구,홍은동,2023,4,전세,오피스텔,1,21000.0,21000.0,,21000.0,21000.0,,,,1,0
서대문구,홍은동,2023,5,월세,연립다세대,17,1000.0,3392.9,3806.5,500.0,5500.0,57.0,54.59,28.65,12,0
서대문구,홍은동,2023,5,월세,오피스텔,2,750.0,750.0,353.6,625.0,875.0,51.5,51.5,2.12,2,0
서대문구,홍은동,2023,5,전세,연립다세대,32,18250.0,17542.0,6365.0,12450.0,21125.0,,,,13,0
서대문구,홍은동,2023,6,월세,연립다세대,37,5000.0,5102.9,5344.1,1000.0,5500.0,54.0,56.59,36.03,25,0
서대문구,홍은동,2023,6,월세,오피스텔,1,1000.0,1000.0,,1000.0,1000.0,50.0,50.0,,0,0
서대문구,홍은동,2023,6,전세,연립다세대,25,17000.0,17288.0,5998.1,14000.0,22000.0,,,,16,0
서대문구,홍은동,2023,6,전세,오피스텔,4,23000.0,24250.0,3947.6,22500.0,24750.0,,,,4,0
서대문구,홍은동,2023,7,월세,연립다세대,41,3000.0,4836.1,5496.8,1000.0,6956.0,48.0,46.51,28.4,32,0
서대문구,홍은동,2023,7,월세,오피스텔,1,1000.0,1000.0,,1000.0,1000.0,50.0,50.0,,1,0
서대문구,홍은동,2023,7,전세,연립다세대,15,12600.0,13436.7,5663.2,10000.0,14850.0,,,,9,0
서대문구,홍은동,2023,7,전세,오피스텔,1,24000.0,24000.0,,24000.0,24000.0,,,,1,0
서대문구,홍은동,2023,8,월세,연립다세대,23,2000.0,3858.7,5186.2,500.0,4500.0,58.0,54.22,25.87,20,0
서대문구,홍은동,2023,8,월세,오피스텔,1,1000.0,1000.0,,1000.0,1000.0,50.0,50.0,,1,0
서대문구,홍은동,2023,8,전세,연립다세대,12,20000.0,20387.5,5406.1,17225.0,25175.0,,,,6,0
서대문구,홍은동,2023,8,전세,오피스텔,1,6000.0,6000.0,,6000.0,6000.0,,,,0,0
서대문구,홍은동,2023,9,월세,연립다세대,17,5000.0,6000.0,4458.1,3000.0,8000.0,50.0,50.18,27.04,15,0
서대문구,홍은동,2023,9,전세,연립다세대,16,16750.0,17393.8,5467.8,12825.0,20250.0,,,,13,0
서대문구,홍은동,2023,9,전세,오피스텔,1,19900.0,19900.0,,19900.0,19900.0,,,,0,0
서대문구,홍은동,2023,10,월세,연립다세대,23,3499.0,5236.2,5196.7,1000.0,7450.0,37.0,39.26,29.7,17,0
서대문구,홍은동,2023,10,전세,연립다세대,32,16000.0,16275.6,5764.5,12998.75,18087.5,,,,22,0
서대문구,홍은동,2023,10,전세,오피스텔,1,30000.0,30000.0,,30000.0,30000.0,,,,1,0
서대문구,홍은동,2023,11,월세,연립다세대,28,4000.0,5708.2,5168.5,2000.0,8125.0,39.0,46.82,38.41,20,0
서대문구,홍은동,2023,11,월세,오피스텔,2,9500.0,9500.0,6364.0,7250.0,11750.0,76.5,76.5,61.52,2,0
서대문구,홍은동,2023,11,전세,연립다세대,23,15500.0,14821.5,5225.9,11000.0,16200.0,,,,11,0
서대문구,홍은동,2023,11,전세,오피스텔,1,19500.0,19500.0,,19500.0,19500.0,,,,0,0
서대문구,홍은동,2023,12,월세,연립다세대,36,1787.5,4497.4,5012.4,1000.0,7000.0,52.0,48.08,28.91,29,0
서대문구,홍은동,2023,12,월세,오피스텔,1,3000.0,3000.0,,3000.0,3000.0,25.0,25.0,,0,0
서대문구,홍은동,2023,12,전세,연립다세대,16,15850.0,15681.9,4618.9,12875.0,20000.0,,,,11,0
서대문구,홍은동,2023,12,전세,오피스텔,2,15750.0,15750.0,13081.5,11125.0,20375.0,,,,0,0
서대문구,홍은동,2024,1,월세,연립다세대,45,2000.0,3881.0,4244.3,1000.0,5000.0,50.0,51.29,24.98,37,0
서대문구,홍은동,2024,1,월세,오피스텔,3,1000.0,833.3,288.7,750.0,1000.0,50.0,51.67,2.89,3,0
서대문구,홍은동,2024,1,전세,연립다세대,29,15500.0,16198.3,8414.2,10000.0,20000.0,,,,21,0
서대문구,홍은동,2024,2,월세,연립다세대,47,3000.0,4263.6,4187.5,1000.0,5500.0,48.0,49.38,30.17,39,0
서대문구,홍은동,2024,2,월세,오피스텔,1,3000.0,3000.0,,3000.0,3000.0,30.0,30.0,,1,0
서대문구,홍은동,2024,2,전세,연립다세대,18,13400.0,14608.3,5784.5,9625.0,18000.0,,,,10,0
서대문구,홍은동,2024,3,월세,연립다세대,23,5000.0,5730.2,5021.4,1750.0,7500.0,50.0,44.17,21.97,19,0
서대문구,홍은동,2024,3,월세,오피스텔,2,8500.0,8500.0,4949.7,6750.0,10250.0,53.0,53.0,24.04,1,0
서대문구,홍은동,2024,3,전세,연립다세대,27,17000.0,15729.6,6337.1,10100.0,21500.0,,,,19,0
서대문구,홍은동,2024,3,전세,오피스텔,4,15350.0,16300.0,11168.1,6875.0,24775.0,,,,4,0
서대문구,홍은동,2024,4,월세,연립다세대,31,5000.0,9605.0,10270.3,500.0,15500.0,40.0,40.61,24.5,28,0
서대문구,홍은동,2024,4,월세,오피스텔,2,6300.0,6300.0,5232.6,4450.0,8150.0,60.0,60.0,14.14,2,0
서대문구,홍은동,2024,4,전세,연립다세대,28,15375.0,15862.0,7055.3,11750.0,23125.0,,,,21,0
서대문구,홍은동,2024,4,전세,오피스텔,2,27000.0,27000.0,2828.4,26000.0,28000.0,,,,2,0
서대문구,홍은동,2024,5,월세,연립다세대,18,5000.0,7877.8,7333.2,1250.0,15000.0,42.5,49.39,43.61,16,0
서대문구,홍은동,2024,5,월세,오피스텔,2,2750.0,2750.0,3182.0,1625.0,3875.0,61.0,61.0,12.73,2,0
서대문구,홍은동,2024,5,전세,연립다세대,32,16500.0,16384.4,6828.2,9875.0,23025.0,,,,26,0
서대문구,홍은동,2024,5,전세,오피스텔,2,26650.0,26650.0,4171.9,25175.0,28125.0,,,,1,0
서대문구,홍은동,2024,6,월세,연립다세대,19,5000.0,6377.4,6026.9,2000.0,9069.5,55.0,50.89,28.97,14,0
서대문구,홍은동,2024,6,전세,연립다세대,27,12500.0,15301.1,5686.9,11250.0,20000.0,,,,17,0
서대문구,홍은동,2024,7,월세,연립다세대,26,4294.5,6480.3,6610.2,1000.0,9000.0,36.0,42.04,26.23,20,0
서대문구,홍은동,2024,7,월세,오피스텔,1,1000.0,1000.0,,1000.0,1000.0,60.0,60.0,,1,0
서대문구,홍은동,2024,7,전세,연립다세대,37,17500.0,18438.6,8250.6,12000.0,23000.0,,,,30,0
서대문구,홍은동,2024,8,월세,연립다세대,30,8625.0,8380.3,6840.4,1114.25,14483.5,60.0,56.23,33.2,26,0
서대문구,홍은동,2024,8,전세,연립다세대,11,18500.0,17227.3,5734.3,14250.0,20200.0,,,,7,0
서대문구,홍은동,2024,8,전세,오피스텔,1,24000.0,24000.0,,24000.0,24000.0,,,,1,0
서대문구,홍은동,2024,9,월세,연립다세대,25,2000.0,5026.3,5992.2,1000.0,7800.0,40.0,42.28,28.26,22,0
서대문구,홍은동,2024,9,전세,연립다세대,16,17500.0,16483.1,5456.6,13500.0,20212.5,,,,13,0
서대문구,홍은동,2024,9,전세,오피스텔,3,28300.0,28266.7,6250.1,25150.0,31400.0,,,,1,0
서대문구,홍은동,2024,10,월세,연립다세대,26,2207.5,5056.0,6186.8,625.0,7750.0,44.5,48.62,24.06,21,0
서대문구,홍은동,2024,10,전세,연립다세대,16,18150.0,18940.0,10107.3,12125.0,21955.0,,,,10,0
서대문구,홍은동,2024,10,전세,오피스텔,4,23000.0,23750.0,1500.0,23000.0,23750.0,,,,4,0
서대문구,홍은동,2024,11,월세,연립다세대,25,2000.0,4304.0,5450.2,1000.0,4000.0,47.0,43.32,23.76,23,0
서대문구,홍은동,2024,11,월세,오피스텔,3,1000.0,1333.3,577.4,1000.0,1500.0,55.0,70.0,25.98,3,0
서대문구,홍은동,2024,11,전세,연립다세대,22,16500.0,17347.7,7055.7,13050.0,21875.0,,,,14,0
서대문구,홍은동,2024,11,전세,오피스텔,2,24500.0,24500.0,3535.5,23250.0,25750.0,,,,2,0
서대문구,홍은동,2024,12,월세,연립다세대,26,1750.0,3047.2,4140.6,500.0,3000.0,50.0,49.69,25.02,24,0
서대문구,홍은동,2024,12,월세,오피스텔,1,1000.0,1000.0,,1000.0,1000.0,55.0,55.0,,1,0
서대문구,홍은동,2024,12,전세,연립다세대,21,19000.0,18887.6,7335.9,13700.0,23000.0,,,,13,0
서대문구,홍은동,2024,12,전세,오피스텔,2,15575.0,15575.0,12126.9,11287.5,19862.5,,,,1,0
서대문구,홍은동,2025,1,월세,연립다세대,32,2500.0,4318.8,4674.7,500.0,5750.0,54.0,55.56,34.44,28,0
서대문구,홍은동,2025,1,월세,오피스텔,2,750.0,750.0,353.6,625.0,875.0,50.0,50.0,7.07,2,0
서대문구,홍은동,2025,1,전세,연립다세대,22,14790.0,15440.1,6290.8,11500.0,22037.5,,,,15,0
서대문구,홍은동,2025,2,월세,연립다세대,28,2000.0,4282.1,5474.3,950.0,5625.0,49.5,53.5,26.34,25,0
서대문구,홍은동,2025,2,월세,오피스텔,1,12000.0,12000.0,,12000.0,12000.0,40.0,40.0,,1,0
서대문구,홍은동,2025,2,전세,연립다세대,20,14400.0,15827.6,5768.3,11887.5,20000.0,,,,15,0
서대문구,홍은동,2025,2,전세,오피스텔,1,32000.0,32000.0,,32000.0,32000.0,,,,1,0
서대문구,홍은동,2025,3,월세,연립다세대,21,2000.0,5089.7,6025.5,1000.0,5000.0,50.0,46.05,21.82,17,0
서대문구,홍은동,2025,3,전세,연립다세대,18,15745.0,17333.3,9003.8,12330.0,22000.0,,,,12,0
서대문구,홍은동,2025,3,전세,오피스텔,2,28000.0,28000.0,0.0,28000.0,28000.0,,,,2,0
서대문구,홍은동,2025,4,월세,연립다세대,25,2000.0,4884.0,6664.3,1000.0,3500.0,53.0,53.4,29.25,19,0
서대문구,홍은동,2025,4,월세,오피스텔,2,1000.0,1000.0,0.0,1000.0,1000.0,52.5,52.5,3.54,2,0
서대문구,홍은동,2025,4,전세,연립다세대,23,20000.0,20082.6,5659.1,17250.0,23650.0,,,,13,0
서대문구,홍은동,2025,4,전세,오피스텔,1,7000.0,7000.0,,7000.0,7000.0,,,,1,0
서대문구,홍은동,2025,5,월세,연립다세대,23,1000.0,4409.7,7898.1,500.0,2000.0,55.0,49.09,25.98,20,0
서대문구,홍은동,2025,5,월세,오피스텔,1,1000.0,1000.0,,1000.0,1000.0,53.0,53.0,,1,0
서대문구,홍은동,2025,5,전세,연립다세대,27,13000.0,15883.1,6354.8,12000.0,19622.5,,,,18,0
서대문구,홍은동,2025,5,전세,오피스텔,2,7100.0,7100.0,565.7,6900.0,7300.0,,,,2,0
서대문구,홍은동,2025,6,월세,연립다세대,32,2000.0,4768.7,6982.5,500.0,5675.0,49.5,46.0,27.07,26,0
서대문구,홍은동,2025,6,전세,연립다세대,24,20000.0,18412.5,6336.5,13750.0,21700.0,,,,14,0
서대문구,홍은동,2025,6,전세,오피스텔,3,24150.0,23800.0,1603.9,23100.0,24675.0,,,,1,0
서대문구,홍은동,2025,7,월세,연립다세대,38,4600.0,6398.0,6534.7,1203.0,8143.0,27.5,40.29,28.22,26,0
서대문구,홍은동,2025,7,전세,연립다세대,18,17000.0,16311.1,5999.3,12400.0,19725.0,,,,10,0
서대문구,홍은동,2025,7,전세,오피스텔,2,27650.0,27650.0,495.0,27475.0,27825.0,,,,0,0
서대문구,홍은동,2025,8,월세,연립다세대,21,1000.0,6628.6,9691.4,500.0,5000.0,49.0,52.76,37.11,18,0
서대문구,홍은동,2025,8,월세,오피스텔,5,1000.0,900.0,223.6,1000.0,1000.0,55.0,54.0,2.24,5,0
서대문구,홍은동,2025,8,전세,연립다세대,12,20950.0,19591.7,6000.8,15850.0,23250.0,,,,7,0
서대문구,홍은동,2025,8,전세,오피스텔,3,27000.0,26666.7,3511.9,25000.0,28500.0,,,,2,0
서대문구,홍은동,2025,9,월세,연립다세대,22,2000.0,5313.6,6162.5,500.0,10750.0,50.0,51.95,28.09,17,0
서대문구,홍은동,2025,9,월세,오피스텔,2,2500.0,2500.0,707.1,2250.0,2750.0,37.5,37.5,3.54,2,0
서대문구,홍은동,2025,9,전세,연립다세대,14,16850.0,16932.1,5556.9,12450.0,19650.0,,,,8,0
서대문구,홍은동,2025,9,전세,오피스텔,2,13900.0,13900.0,9758.1,10450.0,17350.0,,,,1,0
서대문구,홍은동,2025,10,월세,연립다세대,18,5250.0,5754.3,5283.7,1000.0,9000.0,45.0,47.17,32.43,14,0
서대문구,홍은동,2025,10,월세,오피스텔,3,1000.0,3000.0,3464.1,1000.0,4000.0,55.0,38.33,28.87,3,0
서대문구,홍은동,2025,10,전세,연립다세대,18,18300.0,17963.9,6134.1,14250.0,21550.0,,,,11,0
서대문구,홍은동,2025,11,월세,연립다세대,34,2889.0,5677.8,6032.7,923.5,11000.0,50.0,43.56,21.96,29,0
서대문구,홍은동,2025,11,월세,오피스텔,1,1000.0,1000.0,,1000.0,1000.0,65.0,65.0,,1,0
서대문구,홍은동,2025,11,전세,연립다세대,20,18750.0,16985.0,5940.3,15650.0,20700.0,,,,12,0
서대문구,홍은동,2025,12,월세,연립다세대,34,2500.0,4145.9,4569.5,1000.0,5750.0,49.5,48.62,23.51,29,0
서대문구,홍은동,2025,12,월세,오피스텔,2,750.0,750.0,353.6,625.0,875.0,50.0,50.0,0.0,2,0
서대문구,홍은동,2025,12,전세,연립다세대,13,15000.0,17946.2,9366.4,10500.0,26000.0,,,,7,0
서대문구,홍은동,2026,1,월세,연립다세대,43,2000.0,3958.1,5087.8,500.0,5000.0,50.0,54.67,35.31,34,1
서대문구,홍은동,2026,1,월세,오피스텔,4,1250.0,1500.0,1224.7,500.0,2250.0,45.0,57.5,28.43,4,1
서대문구,홍은동,2026,1,전세,연립다세대,11,16000.0,19701.8,8367.5,13550.0,24000.0,,,,3,1
서대문구,홍은동,2026,2,월세,연립다세대,33,2000.0,3692.3,4391.9,1000.0,5000.0,40.0,38.7,25.39,25,1
서대문구,홍은동,2026,2,월세,오피스텔,3,3000.0,9333.3,12741.0,2000.0,13500.0,35.0,35.0,15.0,3,1
서대문구,홍은동,2026,2,전세,연립다세대,27,17000.0,16851.9,6767.8,11450.0,19500.0,,,,14,1
서대문구,홍은동,2026,3,월세,연립다세대,40,3577.0,7071.4,6972.0,1000.0,11625.0,50.0,50.3,33.82,32,1
서대문구,홍은동,2026,3,월세,오피스텔,4,4500.0,6000.0,4242.6,3000.0,7500.0,65.0,66.25,29.26,3,1
서대문구,홍은동,2026,3,전세,연립다세대,12,14000.0,15408.3,6589.6,12750.0,19100.0,,,,7,1
서대문구,홍은동,2026,3,전세,오피스텔,1,22000.0,22000.0,,22000.0,22000.0,,,,1,1
서대문구,홍은동,2026,4,월세,연립다세대,34,750.0,5751.5,7821.7,100.0,12000.0,43.0,40.21,20.68,28,1
서대문구,홍은동,2026,4,월세,오피스텔,8,100.0,100.0,0.0,100.0,100.0,41.0,41.0,0.76,8,1
서대문구,홍은동,2026,4,전세,연립다세대,11,21000.0,18977.3,6652.7,13925.0,24900.0,,,,4,1
서대문구,홍은동,2026,4,전세,오피스텔,1,24700.0,24700.0,,24700.0,24700.0,,,,0,1
서대문구,홍은동,2026,5,월세,연립다세대,47,2919.0,6042.1,6248.5,1197.0,12250.0,20.0,36.45,32.46,35,1
서대문구,홍은동,2026,5,월세,오피스텔,7,1000.0,1171.4,1033.9,550.0,1500.0,55.0,64.29,27.0,7,1
서대문구,홍은동,2026,5,전세,연립다세대,15,19000.0,18980.0,8779.9,14000.0,25350.0,,,,9,1
서대문구,홍은동,2026,5,전세,오피스텔,3,25000.0,26666.7,2886.8,25000.0,27500.0,,,,2,1
서대문구,홍은동,2026,6,월세,연립다세대,42,2500.0,6720.8,7510.6,519.0,11825.0,35.0,39.57,25.11,33,1
서대문구,홍은동,2026,6,월세,오피스텔,2,1500.0,1500.0,707.1,1250.0,1750.0,77.5,77.5,31.82,2,1
서대문구,홍은동,2026,6,전세,연립다세대,27,17000.0,16307.0,6544.8,12000.0,20000.0,,,,22,1
서대문구,홍은동,2026,7,월세,연립다세대,28,2000.0,3763.8,4342.9,500.0,6644.25,41.0,41.61,24.35,23,1
서대문구,홍은동,2026,7,월세,오피스텔,3,1000.0,1666.7,1154.7,1000.0,2000.0,55.0,70.0,25.98,3,1
서대문구,홍은동,2026,7,전세,연립다세대,15,17000.0,18660.0,5930.6,15500.0,21400.0,,,,12,1
서대문구,홍은동,2026,7,전세,오피스텔,1,27800.0,27800.0,,27800.0,27800.0,,,,1,1
서대문구,홍은동,2026,8,월세,연립다세대,26,2500.0,6178.6,6382.0,625.0,10875.0,46.5,47.23,27.15,21,1
서대문구,홍은동,2026,8,월세,오피스텔,4,3500.0,3500.0,577.4,3000.0,4000.0,75.0,70.0,46.9,4,1
서대문구,홍은동,2026,8,전세,연립다세대,9,20000.0,21522.2,7354.0,18100.0,27000.0,,,,5,1
서대문구,홍은동,2026,8,전세,오피스텔,2,28500.0,28500.0,0.0,28500.0,28500.0,,,,2,1
서대문구,홍은동,2026,9,월세,연립다세대,10,2162.0,5278.6,8174.8,650.25,4590.0,15.5,34.1,34.79,6,1
서대문구,홍제동,2021,1,월세,연립다세대,3,1990.0,2663.3,2083.3,1495.0,3495.0,60.0,65.0,18.03,0,0
서대문구,홍제동,2021,1,전세,연립다세대,18,19450.0,18805.6,6913.8,16850.0,24250.0,,,,0,0
서대문구,홍제동,2021,2,월세,연립다세대,9,2000.0,3222.2,2438.1,2000.0,5000.0,60.0,50.78,24.75,1,0
서대문구,홍제동,2021,2,전세,연립다세대,21,21000.0,21945.2,9505.2,16500.0,25000.0,,,,1,0
서대문구,홍제동,2021,3,월세,연립다세대,9,4000.0,6666.2,10189.0,2000.0,5000.0,50.0,46.56,20.14,0,0
서대문구,홍제동,2021,3,전세,연립다세대,24,18500.0,18845.8,8351.8,13500.0,26000.0,,,,0,0
서대문구,홍제동,2021,4,월세,연립다세대,12,2750.0,4933.3,5684.8,1750.0,6000.0,50.0,44.42,22.48,0,0
서대문구,홍제동,2021,4,전세,연립다세대,32,18500.0,18543.8,6438.9,15000.0,23000.0,,,,0,0
서대문구,홍제동,2021,5,월세,연립다세대,14,3000.0,4497.6,4563.6,1262.75,7000.0,30.0,33.29,17.46,0,0
서대문구,홍제동,2021,5,전세,연립다세대,14,18500.0,21421.4,9079.2,13125.0,29837.5,,,,0,0
서대문구,홍제동,2021,6,월세,연립다세대,7,1000.0,2142.9,1864.5,1000.0,2500.0,55.0,55.43,12.37,7,0
서대문구,홍제동,2021,6,전세,연립다세대,37,20000.0,18573.0,4490.0,15000.0,22500.0,,,,17,0
서대문구,홍제동,2021,6,전세,오피스텔,1,20000.0,20000.0,,20000.0,20000.0,,,,1,0
서대문구,홍제동,2021,7,월세,연립다세대,14,2000.0,3607.1,4170.3,1000.0,4500.0,55.0,55.0,18.61,11,0
서대문구,홍제동,2021,7,월세,오피스텔,2,2500.0,2500.0,707.1,2250.0,2750.0,57.5,57.5,3.54,2,0
서대문구,홍제동,2021,7,전세,연립다세대,27,20000.0,19103.7,6958.3,14500.0,22500.0,,,,16,0
서대문구,홍제동,2021,7,전세,오피스텔,2,19000.0,19000.0,1414.2,18500.0,19500.0,,,,2,0
서대문구,홍제동,2021,8,월세,연립다세대,11,2000.0,3000.0,2000.0,1500.0,4500.0,50.0,47.73,14.46,10,0
서대문구,홍제동,2021,8,월세,오피스텔,2,2000.0,2000.0,0.0,2000.0,2000.0,57.5,57.5,3.54,2,0
서대문구,홍제동,2021,8,전세,연립다세대,25,15500.0,18729.0,9095.6,11500.0,25000.0,,,,15,0
서대문구,홍제동,2021,8,전세,오피스텔,2,19000.0,19000.0,1414.2,18500.0,19500.0,,,,2,0
서대문구,홍제동,2021,9,월세,연립다세대,18,3000.0,3691.0,3063.8,1625.0,4950.0,52.5,50.17,19.49,10,0
서대문구,홍제동,2021,9,전세,연립다세대,17,16000.0,18852.9,8135.1,13000.0,25000.0,,,,15,0
서대문구,홍제동,2021,9,전세,오피스텔,1,20000.0,20000.0,,20000.0,20000.0,,,,1,0
서대문구,홍제동,2021,10,월세,연립다세대,12,1750.0,3266.7,3660.2,875.0,5000.0,50.0,47.5,22.61,9,0
서대문구,홍제동,2021,10,월세,오피스텔,1,2000.0,2000.0,,2000.0,2000.0,60.0,60.0,,1,0
서대문구,홍제동,2021,10,전세,연립다세대,19,21000.0,22289.5,8310.5,18500.0,25000.0,,,,14,0
서대문구,홍제동,2021,10,전세,오피스텔,1,20000.0,20000.0,,20000.0,20000.0,,,,1,0
서대문구,홍제동,2021,11,월세,연립다세대,20,2013.0,5101.3,7295.1,1750.0,5250.0,55.0,47.5,19.36,16,0
서대문구,홍제동,2021,11,월세,오피스텔,1,2000.0,2000.0,,2000.0,2000.0,70.0,70.0,,1,0
서대문구,홍제동,2021,11,전세,연립다세대,19,21000.0,20665.8,8514.4,16400.0,27500.0,,,,12,0
서대문구,홍제동,2021,11,전세,오피스텔,1,20000.0,20000.0,,20000.0,20000.0,,,,1,0
서대문구,홍제동,2021,12,월세,연립다세대,14,2000.0,2392.9,1777.8,1000.0,3000.0,50.0,47.43,15.27,12,0
서대문구,홍제동,2021,12,월세,오피스텔,2,2000.0,2000.0,0.0,2000.0,2000.0,70.0,70.0,0.0,2,0
서대문구,홍제동,2021,12,전세,연립다세대,24,17900.0,18855.2,6226.4,15562.5,23500.0,,,,14,0
서대문구,홍제동,2022,1,월세,연립다세대,11,3000.0,7500.0,7493.3,2000.0,12500.0,50.0,42.45,14.52,8,0
서대문구,홍제동,2022,1,월세,오피스텔,1,2000.0,2000.0,,2000.0,2000.0,60.0,60.0,,1,0
서대문구,홍제동,2022,1,전세,연립다세대,28,18500.0,20732.9,7410.7,16000.0,25125.0,,,,21,0
서대문구,홍제동,2022,1,전세,오피스텔,1,20000.0,20000.0,,20000.0,20000.0,,,,1,0
서대문구,홍제동,2022,2,월세,연립다세대,13,2000.0,2461.5,1864.8,1000.0,3000.0,60.0,56.92,9.9,13,0
서대문구,홍제동,2022,2,전세,연립다세대,25,21000.0,20805.0,4345.0,17500.0,23000.0,,,,12,0
서대문구,홍제동,2022,2,전세,오피스텔,2,20000.0,20000.0,0.0,20000.0,20000.0,,,,2,0
서대문구,홍제동,2022,3,월세,연립다세대,14,2000.0,2971.4,2684.0,1250.0,4500.0,56.0,52.07,12.66,12,0
서대문구,홍제동,2022,3,전세,연립다세대,27,20000.0,20487.6,8676.9,14000.0,25000.0,,,,17,0
서대문구,홍제동,2022,4,월세,연립다세대,9,3000.0,2633.3,1691.2,2000.0,3000.0,50.0,54.11,19.41,7,0
서대문구,홍제동,2022,4,월세,오피스텔,4,2000.0,2000.0,0.0,2000.0,2000.0,65.0,65.0,0.0,4,0
서대문구,홍제동,2022,4,전세,연립다세대,36,20395.0,19529.6,7205.2,14000.0,23000.0,,,,17,0
서대문구,홍제동,2022,4,전세,오피스텔,3,18000.0,19000.0,1732.1,18000.0,19500.0,,,,3,0
서대문구,홍제동,2022,5,월세,연립다세대,14,1750.0,3792.3,4131.3,1000.0,5000.0,50.0,44.07,21.13,8,0
서대문구,홍제동,2022,5,월세,오피스텔,2,2000.0,2000.0,0.0,2000.0,2000.0,74.0,74.0,1.41,1,0
서대문구,홍제동,2022,5,전세,연립다세대,24,20000.0,20152.1,7721.2,13912.5,24237.5,,,,12,0
서대문구,홍제동,2022,5,전세,오피스텔,5,21000.0,20580.0,575.1,19950.0,21000.0,,,,3,0
서대문구,홍제동,2022,6,월세,연립다세대,11,3000.0,5136.4,5329.6,1500.0,7500.0,50.0,50.64,24.97,7,0
서대문구,홍제동,2022,6,월세,오피스텔,1,3000.0,3000.0,,3000.0,3000.0,68.0,68.0,,0,0
서대문구,홍제동,2022,6,전세,연립다세대,18,21000.0,24300.0,10874.8,18225.0,29625.0,,,,14,0
서대문구,홍제동,2022,6,전세,오피스텔,10,19000.0,18970.0,1248.2,18000.0,19950.0,,,,3,0
서대문구,홍제동,2022,7,월세,연립다세대,11,5000.0,6272.7,5159.3,2000.0,8500.0,40.0,40.18,23.03,8,0
서대문구,홍제동,2022,7,월세,오피스텔,1,2000.0,2000.0,,2000.0,2000.0,58.0,58.0,,0,0
서대문구,홍제동,2022,7,전세,연립다세대,19,18000.0,18434.2,6268.1,13000.0,22500.0,,,,9,0
서대문구,홍제동,2022,8,월세,연립다세대,10,2500.0,4850.0,4893.6,1625.0,8000.0,41.0,46.7,12.33,8,0
서대문구,홍제동,2022,8,전세,연립다세대,24,20000.0,19406.8,5810.8,15875.0,25000.0,,,,17,0
서대문구,홍제동,2022,8,전세,오피스텔,1,19000.0,19000.0,,19000.0,19000.0,,,,0,0
서대문구,홍제동,2022,9,월세,연립다세대,9,630.0,1396.2,1499.4,612.0,2000.0,50.0,64.44,34.4,4,0
서대문구,홍제동,2022,9,월세,오피스텔,1,2000.0,2000.0,,2000.0,2000.0,75.0,75.0,,1,0
서대문구,홍제동,2022,9,전세,연립다세대,19,21000.0,20489.5,8139.4,14500.0,23550.0,,,,12,0
서대문구,홍제동,2022,9,전세,오피스텔,1,17850.0,17850.0,,17850.0,17850.0,,,,0,0
서대문구,홍제동,2022,10,월세,연립다세대,11,3000.0,6280.4,7606.7,1000.0,10000.0,47.0,42.55,21.57,3,0
서대문구,홍제동,2022,10,전세,연립다세대,28,22000.0,20123.6,7324.8,15000.0,24300.0,,,,12,0
서대문구,홍제동,2022,10,전세,오피스텔,1,18900.0,18900.0,,18900.0,18900.0,,,,0,0
서대문구,홍제동,2022,11,월세,연립다세대,19,3012.0,6527.1,6795.2,2250.0,9000.0,53.0,58.0,37.59,14,0
서대문구,홍제동,2022,11,월세,오피스텔,1,2000.0,2000.0,,2000.0,2000.0,68.0,68.0,,1,0
서대문구,홍제동,2022,11,전세,연립다세대,21,18000.0,17673.8,6035.2,16000.0,21000.0,,,,7,0
서대문구,홍제동,2022,11,전세,오피스텔,1,21000.0,21000.0,,21000.0,21000.0,,,,1,0
서대문구,홍제동,2022,12,월세,연립다세대,13,4000.0,4284.6,3943.7,1000.0,5000.0,50.0,49.38,19.4,9,0
서대문구,홍제동,2022,12,전세,연립다세대,32,16250.0,18314.1,5993.1,14700.0,23000.0,,,,19,0
서대문구,홍제동,2023,1,월세,연립다세대,15,5000.0,3783.5,2698.9,1000.0,5696.0,50.0,49.47,21.61,10,0
서대문구,홍제동,2023,1,월세,오피스텔,2,2000.0,2000.0,0.0,2000.0,2000.0,77.5,77.5,3.54,2,0
서대문구,홍제동,2023,1,전세,연립다세대,14,18000.0,16300.0,6745.8,10750.0,22875.0,,,,9,0
서대문구,홍제동,2023,2,월세,연립다세대,25,2000.0,3080.0,2991.9,1000.0,5000.0,50.0,52.92,24.42,20,0
서대문구,홍제동,2023,2,전세,연립다세대,27,21500.0,20444.4,7179.5,15000.0,24750.0,,,,18,0
서대문구,홍제동,2023,3,월세,연립다세대,17,5000.0,7679.4,7672.2,3000.0,9000.0,40.0,39.88,27.11,10,0
서대문구,홍제동,2023,3,월세,오피스텔,2,2500.0,2500.0,707.1,2250.0,2750.0,85.0,85.0,7.07,2,0
서대문구,홍제동,2023,3,전세,연립다세대,26,21750.0,21234.2,4650.4,18000.0,23887.5,,,,16,0
서대문구,홍제동,2023,4,월세,연립다세대,19,4000.0,4894.7,5373.8,1000.0,5000.0,57.0,53.58,20.98,15,0
서대문구,홍제동,2023,4,월세,오피스텔,5,3000.0,3400.0,894.4,3000.0,3000.0,90.0,89.0,5.48,5,0
서대문구,홍제동,2023,4,전세,연립다세대,17,15960.0,15418.2,5591.2,12000.0,19000.0,,,,9,0
서대문구,홍제동,2023,4,전세,오피스텔,1,18000.0,18000.0,,18000.0,18000.0,,,,1,0
서대문구,홍제동,2023,5,월세,연립다세대,14,1750.0,4725.9,5951.7,1000.0,6625.0,50.0,53.71,18.53,12,0
서대문구,홍제동,2023,5,월세,오피스텔,1,5000.0,5000.0,,5000.0,5000.0,80.0,80.0,,1,0
서대문구,홍제동,2023,5,전세,연립다세대,24,16000.0,14925.0,5966.9,9875.0,20000.0,,,,12,0
서대문구,홍제동,2023,6,월세,연립다세대,22,3000.0,6189.6,6907.6,775.0,11875.0,45.0,43.73,16.61,16,0
서대문구,홍제동,2023,6,월세,오피스텔,2,3000.0,3000.0,0.0,3000.0,3000.0,90.0,90.0,0.0,2,0
서대문구,홍제동,2023,6,전세,연립다세대,23,19000.0,18963.0,6840.2,14500.0,24500.0,,,,16,0
서대문구,홍제동,2023,6,전세,오피스텔,1,17000.0,17000.0,,17000.0,17000.0,,,,1,0
서대문구,홍제동,2023,7,월세,연립다세대,22,5000.0,9536.4,7595.1,4000.0,14750.0,57.5,57.32,36.98,18,0
서대문구,홍제동,2023,7,월세,오피스텔,3,5000.0,4333.3,1154.7,4000.0,5000.0,85.0,86.67,2.89,3,0
서대문구,홍제동,2023,7,전세,연립다세대,23,19700.0,17989.1,5275.6,12337.0,22000.0,,,,13,0
서대문구,홍제동,2023,8,월세,연립다세대,13,5000.0,4092.3,2997.6,1000.0,5000.0,68.0,59.54,22.85,9,0
서대문구,홍제동,2023,8,전세,연립다세대,15,18000.0,19780.0,7698.4,14000.0,23000.0,,,,10,0
서대문구,홍제동,2023,9,월세,연립다세대,22,3000.0,4406.7,4140.2,1000.0,6500.0,56.0,54.82,21.37,15,0
서대문구,홍제동,2023,9,월세,오피스텔,1,3000.0,3000.0,,3000.0,3000.0,60.0,60.0,,0,0
서대문구,홍제동,2023,9,전세,연립다세대,17,19000.0,17720.6,6934.1,11500.0,21500.0,,,,13,0
서대문구,홍제동,2023,10,월세,연립다세대,24,5000.0,7075.0,5641.5,2750.0,12200.0,47.5,43.21,22.41,18,0
서대문구,홍제동,2023,10,월세,오피스텔,1,2000.0,2000.0,,2000.0,2000.0,80.0,80.0,,1,0
서대문구,홍제동,2023,10,전세,연립다세대,26,21500.0,21415.4,5979.4,19000.0,23750.0,,,,15,0
서대문구,홍제동,2023,10,전세,오피스텔,1,19000.0,19000.0,,19000.0,19000.0,,,,1,0
서대문구,홍제동,2023,11,월세,연립다세대,14,5000.0,7344.8,5629.4,4250.0,10931.75,50.0,45.79,22.13,13,0
서대문구,홍제동,2023,11,전세,연립다세대,22,18400.0,16909.1,7281.5,15000.0,20750.0,,,,16,0
서대문구,홍제동,2023,11,전세,오피스텔,3,20000.0,20000.0,1000.0,19500.0,20500.0,,,,3,0
서대문구,홍제동,2023,12,월세,연립다세대,14,2000.0,3535.7,3624.0,1000.0,5000.0,50.0,52.79,20.96,11,0
서대문구,홍제동,2023,12,월세,오피스텔,1,2000.0,2000.0,,2000.0,2000.0,74.0,74.0,,0,0
서대문구,홍제동,2023,12,전세,연립다세대,25,19000.0,19860.0,5858.6,14500.0,22500.0,,,,13,0
서대문구,홍제동,2023,12,전세,오피스텔,1,17000.0,17000.0,,17000.0,17000.0,,,,1,0
서대문구,홍제동,2024,1,월세,연립다세대,13,5000.0,5038.5,3665.5,4000.0,5000.0,55.0,50.62,25.76,11,0
서대문구,홍제동,2024,1,전세,연립다세대,31,20000.0,19548.4,7358.3,13000.0,24800.0,,,,19,0
서대문구,홍제동,2024,1,전세,오피스텔,3,21000.0,19833.3,2466.4,19000.0,21250.0,,,,2,0
서대문구,홍제동,2024,2,월세,연립다세대,36,5000.0,7944.4,7559.5,1573.5,11100.0,50.0,45.44,28.58,30,0
서대문구,홍제동,2024,2,전세,연립다세대,21,20000.0,21109.5,7983.2,18000.0,25000.0,,,,15,0
서대문구,홍제동,2024,3,월세,연립다세대,29,5000.0,7710.3,7467.9,2300.0,10000.0,50.0,48.31,28.42,28,0
서대문구,홍제동,2024,3,월세,오피스텔,4,1500.0,1750.0,957.4,1000.0,2250.0,150.0,132.5,38.62,4,0
서대문구,홍제동,2024,3,전세,연립다세대,21,19700.0,19524.3,5191.1,15000.0,22000.0,,,,13,0
서대문구,홍제동,2024,3,전세,오피스텔,6,19450.0,19516.7,2389.5,17625.0,21725.0,,,,4,0
서대문구,홍제동,2024,4,월세,연립다세대,19,13000.0,11273.7,8447.3,3500.0,17000.0,40.0,44.84,36.9,15,0
서대문구,홍제동,2024,4,월세,오피스텔,2,2000.0,2000.0,1414.2,1500.0,2500.0,152.5,152.5,3.54,2,0
서대문구,홍제동,2024,4,전세,연립다세대,28,20200.0,18597.0,5777.4,15750.0,22000.0,,,,19,0
서대문구,홍제동,2024,4,전세,오피스텔,5,17200.0,18800.0,2467.8,16900.0,21500.0,,,,5,0
서대문구,홍제동,2024,5,월세,연립다세대,22,5000.0,7595.5,6796.6,1625.0,12750.0,44.0,41.77,26.56,16,0
서대문구,홍제동,2024,5,월세,오피스텔,2,1500.0,1500.0,707.1,1250.0,1750.0,120.0,120.0,49.5,2,0
서대문구,홍제동,2024,5,전세,연립다세대,23,20000.0,20773.9,6599.1,17100.0,24500.0,,,,19,0
서대문구,홍제동,2024,5,전세,오피스텔,5,20000.0,19640.0,1847.4,19000.0,20900.0,,,,3,0
서대문구,홍제동,2024,6,월세,연립다세대,19,3000.0,5286.8,6189.1,1250.0,6500.0,53.0,66.58,48.64,14,0
서대문구,홍제동,2024,6,월세,오피스텔,3,2000.0,2000.0,0.0,2000.0,2000.0,75.0,76.67,2.89,2,0
서대문구,홍제동,2024,6,전세,연립다세대,23,19500.0,19832.6,8340.5,13500.0,24000.0,,,,18,0
서대문구,홍제동,2024,6,전세,오피스텔,5,20500.0,19960.0,1666.7,20500.0,20900.0,,,,1,0
서대문구,홍제동,2024,7,월세,연립다세대,20,5000.0,6319.5,6263.8,1000.0,9250.0,30.0,55.15,60.3,16,0
서대문구,홍제동,2024,7,월세,오피스텔,2,1500.0,1500.0,707.1,1250.0,1750.0,117.5,117.5,60.1,2,0
서대문구,홍제동,2024,7,전세,연립다세대,22,19500.0,19016.4,6917.8,14520.0,24425.0,,,,19,0
서대문구,홍제동,2024,7,전세,오피스텔,2,19300.0,19300.0,1838.5,18650.0,19950.0,,,,2,0
서대문구,홍제동,2024,8,월세,연립다세대,23,3000.0,7347.8,7779.9,1000.0,13000.0,47.0,52.39,29.76,19,0
서대문구,홍제동,2024,8,월세,오피스텔,2,2000.0,2000.0,0.0,2000.0,2000.0,117.5,117.5,60.1,2,0
서대문구,홍제동,2024,8,전세,연립다세대,19,20900.0,20911.6,6186.7,19500.0,26000.0,,,,15,0
서대문구,홍제동,2024,8,전세,오피스텔,3,17000.0,22333.3,10116.0,16500.0,25500.0,,,,3,0
서대문구,홍제동,2024,9,월세,연립다세대,20,12000.0,12400.0,7747.5,5000.0,18000.0,25.0,37.45,26.73,19,0
서대문구,홍제동,2024,9,월세,오피스텔,3,2000.0,2000.0,1000.0,1500.0,2500.0,75.0,101.67,50.58,1,0
서대문구,홍제동,2024,9,전세,연립다세대,12,18600.0,18645.8,6153.6,14750.0,22000.0,,,,10,0
서대문구,홍제동,2024,9,전세,오피스텔,2,16000.0,16000.0,0.0,16000.0,16000.0,,,,0,0
서대문구,홍제동,2024,10,월세,연립다세대,21,3000.0,5604.8,5810.4,1000.0,10000.0,55.0,63.24,38.47,18,0
서대문구,홍제동,2024,10,월세,오피스텔,2,2000.0,2000.0,0.0,2000.0,2000.0,85.0,85.0,0.0,2,0
서대문구,홍제동,2024,10,전세,연립다세대,31,18700.0,19780.6,7391.3,15500.0,24250.0,,,,20,0
서대문구,홍제동,2024,10,전세,오피스텔,1,17200.0,17200.0,,17200.0,17200.0,,,,0,0
서대문구,홍제동,2024,11,월세,연립다세대,18,6500.0,8027.8,8369.8,1000.0,11800.0,37.5,47.22,38.46,16,0
서대문구,홍제동,2024,11,월세,오피스텔,1,1000.0,1000.0,,1000.0,1000.0,165.0,165.0,,1,0
서대문구,홍제동,2024,11,전세,연립다세대,15,16000.0,18210.0,7955.4,12300.0,24650.0,,,,12,0
서대문구,홍제동,2024,11,전세,오피스텔,1,34000.0,34000.0,,34000.0,34000.0,,,,1,0
서대문구,홍제동,2024,12,월세,연립다세대,21,2000.0,5994.3,7119.5,1000.0,10000.0,50.0,50.24,28.69,20,0
서대문구,홍제동,2024,12,월세,오피스텔,2,2000.0,2000.0,0.0,2000.0,2000.0,79.0,79.0,8.49,1,0
서대문구,홍제동,2024,12,전세,연립다세대,4,19000.0,20250.0,7804.9,14500.0,24750.0,,,,3,0
서대문구,홍제동,2024,12,전세,오피스텔,2,19000.0,19000.0,2828.4,18000.0,20000.0,,,,2,0
서대문구,홍제동,2025,1,월세,연립다세대,13,3000.0,6346.2,7010.1,1000.0,10000.0,53.0,52.31,24.28,11,0
서대문구,홍제동,2025,1,월세,오피스텔,1,500.0,500.0,,500.0,500.0,80.0,80.0,,1,0
서대문구,홍제동,2025,1,전세,연립다세대,10,14914.0,15482.8,8047.1,8000.0,22300.0,,,,7,0
서대문구,홍제동,2025,2,월세,연립다세대,34,5000.0,7697.1,7004.2,2000.0,12375.0,41.0,42.38,31.45,25,0
서대문구,홍제동,2025,2,전세,연립다세대,16,20650.0,19118.8,8342.5,10750.0,24800.0,,,,9,0
서대문구,홍제동,2025,3,월세,연립다세대,20,8000.0,10905.0,9532.8,2750.0,17500.0,33.0,48.65,38.18,14,0
서대문구,홍제동,2025,3,전세,연립다세대,17,23000.0,21891.2,7703.7,18900.0,29000.0,,,,11,0
서대문구,홍제동,2025,3,전세,오피스텔,2,20975.0,20975.0,1449.6,20462.5,21487.5,,,,1,0
서대문구,홍제동,2025,4,월세,연립다세대,22,4000.0,9315.0,9269.2,2000.0,17517.5,50.0,46.55,27.2,18,0
서대문구,홍제동,2025,4,전세,연립다세대,18,22325.0,22495.0,8088.5,19362.5,24375.0,,,,11,0
서대문구,홍제동,2025,4,전세,오피스텔,3,27000.0,25666.7,2309.4,25000.0,27000.0,,,,3,0
서대문구,홍제동,2025,5,월세,연립다세대,26,10950.0,10616.7,7533.4,5000.0,17500.0,30.0,34.88,19.34,19,0
서대문구,홍제동,2025,5,전세,연립다세대,26,21000.0,19358.1,4751.6,15400.0,23000.0,,,,18,0
서대문구,홍제동,2025,5,전세,오피스텔,6,20850.0,19833.3,2554.0,18100.0,21650.0,,,,6,0
서대문구,홍제동,2025,6,월세,연립다세대,28,6057.0,8485.5,7816.7,2875.0,12292.5,45.0,42.93,22.95,18,0
서대문구,홍제동,2025,6,월세,오피스텔,3,2000.0,2666.7,2081.7,1500.0,3500.0,90.0,85.0,8.66,2,0
서대문구,홍제동,2025,6,전세,연립다세대,16,19000.0,17502.8,6532.8,13361.25,20700.0,,,,10,0
서대문구,홍제동,2025,6,전세,오피스텔,3,27000.0,27000.0,0.0,27000.0,27000.0,,,,3,0
서대문구,홍제동,2025,7,월세,연립다세대,25,2000.0,4667.8,5690.0,1000.0,5495.0,51.0,51.2,21.62,21,0
서대문구,홍제동,2025,7,월세,오피스텔,2,16000.0,16000.0,19799.0,9000.0,23000.0,45.0,45.0,42.43,1,0
서대문구,홍제동,2025,7,전세,연립다세대,17,18000.0,17623.5,7085.9,12500.0,21500.0,,,,12,0
서대문구,홍제동,2025,7,전세,오피스텔,1,20000.0,20000.0,,20000.0,20000.0,,,,0,0
서대문구,홍제동,2025,8,월세,연립다세대,11,5000.0,6954.5,6620.5,2000.0,10900.0,40.0,54.45,45.84,9,0
서대문구,홍제동,2025,8,월세,오피스텔,2,1500.0,1500.0,707.1,1250.0,1750.0,80.0,80.0,7.07,1,0
서대문구,홍제동,2025,8,전세,연립다세대,20,20000.0,20898.8,6183.3,16000.0,23750.0,,,,15,0
서대문구,홍제동,2025,9,월세,연립다세대,15,12000.0,9233.3,6889.1,3000.0,15000.0,40.0,43.0,16.77,12,0
서대문구,홍제동,2025,9,월세,오피스텔,1,3000.0,3000.0,,3000.0,3000.0,70.0,70.0,,0,0
서대문구,홍제동,2025,9,전세,연립다세대,27,19500.0,18716.5,7984.6,12750.0,22950.0,,,,16,0
서대문구,홍제동,2025,9,전세,오피스텔,3,19000.0,19666.7,2274.5,18400.0,20600.0,,,,1,0
서대문구,홍제동,2025,10,월세,연립다세대,23,5000.0,6087.0,4809.0,3100.0,6500.0,50.0,53.39,36.06,14,0
서대문구,홍제동,2025,10,전세,연립다세대,18,18000.0,20016.7,6309.2,16850.0,23800.0,,,,10,0
서대문구,홍제동,2025,10,전세,오피스텔,4,19400.0,19300.0,2471.2,17450.0,21250.0,,,,3,0
서대문구,홍제동,2025,11,월세,연립다세대,22,5500.0,9100.0,8149.6,1500.0,15750.0,27.5,37.77,30.01,15,0
서대문구,홍제동,2025,11,월세,오피스텔,13,3000.0,3538.5,1050.0,3000.0,5000.0,90.0,90.0,7.36,13,0
서대문구,홍제동,2025,11,전세,연립다세대,15,19000.0,20820.0,8340.3,16800.0,23700.0,,,,15,0
서대문구,홍제동,2025,11,전세,오피스텔,2,16500.0,16500.0,707.1,16250.0,16750.0,,,,2,0
서대문구,홍제동,2025,12,월세,연립다세대,30,5000.0,8308.7,7576.5,2000.0,13000.0,41.5,47.37,36.09,19,0
서대문구,홍제동,2025,12,월세,오피스텔,8,4000.0,5875.0,5792.5,3000.0,5000.0,90.0,85.0,10.69,8,0
서대문구,홍제동,2025,12,전세,연립다세대,12,21000.0,22266.7,11262.6,16650.0,26550.0,,,,11,0
서대문구,홍제동,2026,1,월세,연립다세대,22,4000.0,7672.7,8835.8,1250.0,10750.0,43.5,44.59,27.05,18,1
서대문구,홍제동,2026,1,월세,오피스텔,13,3000.0,3307.7,1250.6,2000.0,5000.0,90.0,93.08,23.05,12,1
서대문구,홍제동,2026,1,전세,연립다세대,23,15000.0,17665.2,7020.2,13000.0,22500.0,,,,17,1
서대문구,홍제동,2026,1,전세,오피스텔,2,18700.0,18700.0,1838.5,18050.0,19350.0,,,,1,1
서대문구,홍제동,2026,2,월세,연립다세대,25,5000.0,7068.0,7715.2,500.0,10000.0,47.0,46.6,25.12,21,1
서대문구,홍제동,2026,2,월세,오피스텔,4,3000.0,2500.0,1000.0,2500.0,3000.0,90.0,87.5,5.0,4,1
서대문구,홍제동,2026,2,전세,연립다세대,13,19500.0,19384.6,7232.3,16000.0,23100.0,,,,6,1
서대문구,홍제동,2026,2,전세,오피스텔,4,21000.0,21125.0,250.0,21000.0,21125.0,,,,2,1
서대문구,홍제동,2026,3,월세,연립다세대,37,7000.0,9636.8,7557.7,3000.0,17000.0,44.0,46.0,29.51,26,1
서대문구,홍제동,2026,3,월세,오피스텔,2,5000.0,5000.0,0.0,5000.0,5000.0,90.0,90.0,14.14,2,1
서대문구,홍제동,2026,3,전세,연립다세대,24,19250.0,20785.4,8815.4,14750.0,22125.0,,,,11,1
서대문구,홍제동,2026,3,전세,오피스텔,1,21000.0,21000.0,,21000.0,21000.0,,,,0,1
서대문구,홍제동,2026,4,월세,연립다세대,14,10000.0,9803.6,7447.4,5000.0,11350.0,30.0,40.57,26.69,9,1
서대문구,홍제동,2026,4,월세,오피스텔,3,2000.0,2000.0,1000.0,1500.0,2500.0,90.0,85.0,8.66,3,1
서대문구,홍제동,2026,4,전세,연립다세대,17,20837.0,19966.3,5974.0,15000.0,24000.0,,,,12,1
서대문구,홍제동,2026,4,전세,오피스텔,6,19500.0,19616.7,2474.2,17625.0,21000.0,,,,4,1
서대문구,홍제동,2026,5,월세,연립다세대,16,8000.0,9443.8,8091.4,2000.0,15750.0,32.5,37.06,19.07,12,1
서대문구,홍제동,2026,5,전세,연립다세대,21,20000.0,19819.0,5474.6,17000.0,22000.0,,,,12,1
서대문구,홍제동,2026,5,전세,오피스텔,8,18550.0,19275.0,1793.4,17950.0,21000.0,,,,6,1
서대문구,홍제동,2026,6,월세,연립다세대,19,6000.0,8395.3,8654.3,2000.0,11000.0,50.0,53.53,37.59,13,1
서대문구,홍제동,2026,6,월세,오피스텔,1,2000.0,2000.0,,2000.0,2000.0,75.0,75.0,,0,1
서대문구,홍제동,2026,6,전세,연립다세대,14,20000.0,21734.3,9440.2,14250.0,22075.0,,,,10,1
서대문구,홍제동,2026,6,전세,오피스텔,1,22200.0,22200.0,,22200.0,22200.0,,,,1,1
서대문구,홍제동,2026,7,월세,연립다세대,24,6500.0,8091.7,7420.1,1000.0,13250.0,33.5,42.46,34.39,19,1
서대문구,홍제동,2026,7,전세,연립다세대,18,17500.0,19647.2,10316.1,11875.0,22250.0,,,,11,1
서대문구,홍제동,2026,7,전세,오피스텔,2,18750.0,18750.0,3889.1,17375.0,20125.0,,,,0,1
서대문구,홍제동,2026,8,월세,연립다세대,16,5500.0,7562.5,5501.1,3000.0,12500.0,48.5,53.25,22.29,14,1
서대문구,홍제동,2026,8,전세,연립다세대,12,13000.0,16864.6,9082.4,10000.0,19750.0,,,,11,1
서대문구,홍제동,2026,9,월세,연립다세대,3,1000.0,833.3,288.7,750.0,1000.0,45.0,48.33,10.41,3,1
서대문구,홍제동,2026,9,월세,오피스텔,1,2000.0,2000.0,,2000.0,2000.0,90.0,90.0,,1,1
서대문구,홍제동,2026,9,전세,연립다세대,2,12250.0,12250.0,3889.1,10875.0,13625.0,,,,2,1
서대문구,홍제동,2026,9,전세,오피스텔,1,27000.0,27000.0,,27000.0,27000.0,,,,1,1
성북구,길음동,2021,1,월세,연립다세대,2,5500.0,5500.0,6364.0,3250.0,7750.0,37.5,37.5,31.82,0,0
성북구,길음동,2021,1,전세,연립다세대,2,21500.0,21500.0,10606.6,17750.0,25250.0,,,,0,0
성북구,길음동,2021,3,전세,연립다세대,1,13650.0,13650.0,,13650.0,13650.0,,,,0,0
성북구,길음동,2021,4,월세,연립다세대,1,15000.0,15000.0,,15000.0,15000.0,70.0,70.0,,0,0
성북구,길음동,2021,5,월세,연립다세대,3,5000.0,3500.0,2598.1,2750.0,5000.0,50.0,60.0,17.32,0,0
성북구,길음동,2021,5,전세,연립다세대,1,8000.0,8000.0,,8000.0,8000.0,,,,0,0
성북구,길음동,2021,6,전세,연립다세대,5,13000.0,15700.0,8333.7,11000.0,13000.0,,,,4,0
성북구,길음동,2021,7,월세,연립다세대,2,2250.0,2250.0,353.6,2125.0,2375.0,35.0,35.0,7.07,1,0
성북구,길음동,2021,7,전세,연립다세대,3,17000.0,18333.3,9073.8,13500.0,22500.0,,,,3,0
성북구,길음동,2021,8,월세,연립다세대,1,500.0,500.0,,500.0,500.0,40.0,40.0,,1,0
성북구,길음동,2021,8,전세,연립다세대,2,10500.0,10500.0,6364.0,8250.0,12750.0,,,,1,0
성북구,길음동,2021,9,전세,연립다세대,4,8750.0,9375.0,2561.7,8125.0,10000.0,,,,4,0
성북구,길음동,2021,10,월세,연립다세대,3,2500.0,2600.0,2351.6,1400.0,3750.0,45.0,47.67,21.13,1,0
성북구,길음동,2021,10,전세,연립다세대,3,28350.0,30733.3,4128.1,28350.0,31925.0,,,,1,0
성북구,길음동,2021,11,월세,연립다세대,1,15000.0,15000.0,,15000.0,15000.0,70.0,70.0,,0,0
성북구,길음동,2021,11,전세,연립다세대,1,35500.0,35500.0,,35500.0,35500.0,,,,0,0
성북구,길음동,2021,12,월세,연립다세대,1,100.0,100.0,,100.0,100.0,20.0,20.0,,0,0
성북구,길음동,2021,12,전세,연립다세대,4,20750.0,20750.0,9526.3,12500.0,29000.0,,,,2,0
성북구,길음동,2022,1,월세,연립다세대,1,5000.0,5000.0,,5000.0,5000.0,70.0,70.0,,1,0
성북구,길음동,2022,1,전세,연립다세대,1,8400.0,8400.0,,8400.0,8400.0,,,,0,0
성북구,길음동,2022,2,전세,연립다세대,9,16000.0,19877.8,10912.6,10000.0,30900.0,,,,6,0
성북구,길음동,2022,3,월세,연립다세대,1,4000.0,4000.0,,4000.0,4000.0,74.0,74.0,,1,0
성북구,길음동,2022,3,전세,연립다세대,4,27500.0,23625.0,9707.2,21125.0,30000.0,,,,1,0
성북구,길음동,2022,4,월세,연립다세대,2,5000.0,5000.0,0.0,5000.0,5000.0,87.0,87.0,18.38,0,0
성북구,길음동,2022,4,전세,연립다세대,2,20500.0,20500.0,13435.0,15750.0,25250.0,,,,2,0
성북구,길음동,2022,5,월세,연립다세대,1,500.0,500.0,,500.0,500.0,50.0,50.0,,1,0
성북구,길음동,2022,5,전세,연립다세대,4,17625.0,18387.5,8346.3,11412.5,24600.0,,,,1,0
성북구,길음동,2022,7,전세,연립다세대,1,9000.0,9000.0,,9000.0,9000.0,,,,1,0
성북구,길음동,2022,8,월세,연립다세대,2,3000.0,3000.0,2828.4,2000.0,4000.0,72.0,72.0,16.97,1,0
성북구,길음동,2022,8,전세,연립다세대,3,10000.0,10500.0,2291.3,9250.0,11500.0,,,,1,0
성북구,길음동,2022,9,전세,연립다세대,1,21000.0,21000.0,,21000.0,21000.0,,,,1,0
성북구,길음동,2022,10,월세,연립다세대,1,5000.0,5000.0,,5000.0,5000.0,100.0,100.0,,0,0
성북구,길음동,2022,10,전세,연립다세대,5,14000.0,21200.0,13700.4,13000.0,24000.0,,,,4,0
성북구,길음동,2022,11,월세,연립다세대,2,6250.0,6250.0,8131.7,3375.0,9125.0,36.0,36.0,22.63,2,0
성북구,길음동,2022,11,전세,연립다세대,1,24000.0,24000.0,,24000.0,24000.0,,,,1,0
성북구,길음동,2022,12,전세,연립다세대,1,33000.0,33000.0,,33000.0,33000.0,,,,1,0
성북구,길음동,2023,1,월세,연립다세대,1,500.0,500.0,,500.0,500.0,51.0,51.0,,1,0
성북구,길음동,2023,2,월세,연립다세대,3,1000.0,2166.7,2466.4,750.0,3000.0,60.0,55.0,18.03,1,0
성북구,길음동,2023,2,전세,연립다세대,2,20700.0,20700.0,13717.9,15850.0,25550.0,,,,1,0
성북구,길음동,2023,3,월세,연립다세대,2,750.0,750.0,353.6,625.0,875.0,71.0,71.0,26.87,2,0
성북구,길음동,2023,4,월세,연립다세대,2,750.0,750.0,353.6,625.0,875.0,54.5,54.5,6.36,2,0
성북구,길음동,2023,5,월세,연립다세대,1,2000.0,2000.0,,2000.0,2000.0,60.0,60.0,,1,0
성북구,길음동,2023,5,전세,연립다세대,1,7500.0,7500.0,,7500.0,7500.0,,,,0,0
성북구,길음동,2023,6,월세,연립다세대,2,1250.0,1250.0,1060.7,875.0,1625.0,50.0,50.0,19.8,2,0
성북구,길음동,2023,6,전세,연립다세대,1,13000.0,13000.0,,13000.0,13000.0,,,,1,0
성북구,길음동,2023,7,월세,연립다세대,2,2000.0,2000.0,1414.2,1500.0,2500.0,61.0,61.0,12.73,2,0
성북구,길음동,2023,7,전세,연립다세대,1,15750.0,15750.0,,15750.0,15750.0,,,,0,0
성북구,길음동,2023,8,월세,연립다세대,2,2650.0,2650.0,3323.4,1475.0,3825.0,65.5,65.5,33.23,2,0
성북구,길음동,2023,9,월세,연립다세대,2,2209.0,2209.0,55.2,2189.5,2228.5,44.0,44.0,1.41,0,0
성북구,길음동,2023,9,전세,연립다세대,3,9000.0,16166.7,12848.5,8750.0,20000.0,,,,1,0
성북구,길음동,2023,10,월세,연립다세대,3,2000.0,3482.7,2771.4,1884.0,4340.0,28.0,27.33,9.02,0,0
성북구,길음동,2023,11,월세,연립다세대,6,6114.0,5308.0,2198.7,5132.5,6737.0,18.0,22.0,9.27,0,0
성북구,길음동,2023,11,전세,연립다세대,6,23000.0,19666.7,7607.0,13250.0,25250.0,,,,4,0
성북구,길음동,2023,12,월세,연립다세대,2,3000.0,3000.0,1414.2,2500.0,3500.0,60.5,60.5,20.51,2,0
성북구,길음동,2023,12,전세,연립다세대,1,12000.0,12000.0,,12000.0,12000.0,,,,0,0
성북구,길음동,2024,1,월세,연립다세대,3,10000.0,9000.0,4582.6,7000.0,11500.0,60.0,51.67,28.43,2,0
성북구,길음동,2024,1,전세,연립다세대,5,26900.0,24680.0,7077.2,25000.0,29000.0,,,,3,0
성북구,길음동,2024,2,월세,연립다세대,1,500.0,500.0,,500.0,500.0,55.0,55.0,,1,0
성북구,길음동,2024,2,전세,연립다세대,1,14000.0,14000.0,,14000.0,14000.0,,,,0,0
성북구,길음동,2024,3,월세,연립다세대,4,1500.0,1825.0,1757.6,450.0,2875.0,57.5,58.0,12.73,3,0
성북구,길음동,2024,3,전세,연립다세대,5,14000.0,21638.4,14576.3,11500.0,35192.0,,,,4,0
성북구,길음동,2024,4,월세,연립다세대,9,3000.0,3155.6,1953.9,1000.0,5000.0,53.0,63.33,27.67,6,0
성북구,길음동,2024,4,전세,연립다세대,7,27000.0,25071.4,5834.0,26250.0,28000.0,,,,5,0
성북구,길음동,2024,5,전세,연립다세대,3,12000.0,14000.0,8185.4,9500.0,17500.0,,,,3,0
성북구,길음동,2024,6,월세,연립다세대,5,5000.0,4900.0,4421.5,2000.0,5000.0,60.0,92.0,77.91,5,0
성북구,길음동,2024,6,전세,연립다세대,2,20000.0,20000.0,15556.3,14500.0,25500.0,,,,2,0
성북구,길음동,2024,7,월세,연립다세대,9,5000.0,4111.1,2355.5,4000.0,5000.0,160.0,127.0,62.67,9,0
성북구,길음동,2024,7,전세,연립다세대,1,33500.0,33500.0,,33500.0,33500.0,,,,0,0
성북구,길음동,2024,8,월세,연립다세대,5,4000.0,3700.0,1857.4,4000.0,5000.0,50.0,93.8,70.16,5,0
성북구,길음동,2024,8,전세,연립다세대,6,11500.0,14833.3,8573.8,8800.0,17950.0,,,,6,0
성북구,길음동,2024,9,월세,연립다세대,1,2000.0,2000.0,,2000.0,2000.0,50.0,50.0,,1,0
성북구,길음동,2024,9,전세,연립다세대,5,20000.0,17800.0,6379.7,11000.0,23000.0,,,,5,0
성북구,길음동,2024,10,월세,연립다세대,2,1250.0,1250.0,1060.7,875.0,1625.0,45.5,45.5,14.85,2,0
성북구,길음동,2024,10,전세,연립다세대,1,8000.0,8000.0,,8000.0,8000.0,,,,1,0
성북구,길음동,2024,11,월세,연립다세대,1,500.0,500.0,,500.0,500.0,40.0,40.0,,1,0
성북구,길음동,2024,11,전세,연립다세대,3,33000.0,28166.7,18723.9,20250.0,38500.0,,,,2,0
성북구,길음동,2024,12,월세,연립다세대,3,5000.0,4533.3,3324.7,3000.0,6300.0,49.0,43.67,23.46,3,0
성북구,길음동,2025,1,월세,연립다세대,2,500.0,500.0,0.0,500.0,500.0,50.0,50.0,7.07,2,0
성북구,길음동,2025,1,전세,연립다세대,2,32000.0,32000.0,8485.3,29000.0,35000.0,,,,1,0
성북구,길음동,2025,2,전세,연립다세대,1,8000.0,8000.0,,8000.0,8000.0,,,,1,0
성북구,길음동,2025,3,전세,연립다세대,2,22750.0,22750.0,14071.4,17775.0,27725.0,,,,2,0
성북구,길음동,2025,4,월세,연립다세대,3,500.0,1933.3,2657.7,400.0,2750.0,47.0,62.67,27.14,3,0
성북구,길음동,2025,5,월세,연립다세대,1,2000.0,2000.0,,2000.0,2000.0,80.0,80.0,,1,0
성북구,길음동,2025,7,전세,연립다세대,2,14765.0,14765.0,2496.1,13882.5,15647.5,,,,1,0
성북구,길음동,2025,8,월세,연립다세대,2,2750.0,2750.0,3182.0,1625.0,3875.0,51.5,51.5,12.02,2,0
성북구,길음동,2025,8,전세,연립다세대,1,25000.0,25000.0,,25000.0,25000.0,,,,1,0
성북구,길음동,2025,9,월세,연립다세대,1,2000.0,2000.0,,2000.0,2000.0,60.0,60.0,,1,0
성북구,길음동,2025,10,월세,연립다세대,3,4000.0,4000.0,1000.0,3500.0,4500.0,100.0,120.0,52.92,3,0
성북구,길음동,2025,11,월세,연립다세대,1,13000.0,13000.0,,13000.0,13000.0,35.0,35.0,,1,0
성북구,길음동,2025,11,전세,연립다세대,1,16000.0,16000.0,,16000.0,16000.0,,,,1,0
성북구,길음동,2025,12,월세,연립다세대,5,500.0,510.0,336.2,500.0,500.0,45.0,45.8,6.06,5,0
성북구,길음동,2025,12,전세,연립다세대,1,15000.0,15000.0,,15000.0,15000.0,,,,1,0
성북구,길음동,2026,1,월세,연립다세대,2,400.0,400.0,141.4,350.0,450.0,40.5,40.5,0.71,2,1
성북구,길음동,2026,1,전세,연립다세대,3,12000.0,12333.3,2516.6,11000.0,13500.0,,,,2,1
성북구,길음동,2026,2,월세,연립다세대,3,1000.0,7166.7,10681.0,1000.0,10250.0,51.0,49.67,14.05,3,1
성북구,길음동,2026,2,전세,연립다세대,6,35000.0,32166.7,4665.5,30500.0,35000.0,,,,3,1
성북구,길음동,2026,3,월세,연립다세대,7,1000.0,2185.7,1809.6,1000.0,3500.0,56.0,63.0,24.17,6,1
성북구,길음동,2026,4,월세,연립다세대,4,4000.0,3500.0,1914.9,2500.0,5000.0,65.5,75.25,33.22,2,1
성북구,길음동,2026,4,전세,연립다세대,1,8000.0,8000.0,,8000.0,8000.0,,,,1,1
성북구,길음동,2026,5,월세,연립다세대,4,5500.0,12750.0,18359.8,875.0,17375.0,26.5,39.5,41.69,3,1
성북구,길음동,2026,5,전세,연립다세대,1,28350.0,28350.0,,28350.0,28350.0,,,,0,1
성북구,길음동,2026,7,월세,연립다세대,4,8000.0,10900.0,5800.0,8000.0,10900.0,35.0,31.0,19.34,3,1
성북구,길음동,2026,8,월세,연립다세대,3,1000.0,1666.7,1154.7,1000.0,2000.0,55.0,64.0,22.87,3,1
성북구,길음동,2026,8,전세,연립다세대,3,13000.0,17966.7,12324.9,10950.0,22500.0,,,,2,1
성북구,돈암동,2021,1,월세,연립다세대,5,5000.0,6000.0,3000.0,5000.0,9000.0,53.0,47.4,19.58,0,0
성북구,돈암동,2021,1,전세,연립다세대,6,23500.0,23416.7,4030.1,22250.0,24000.0,,,,0,0
성북구,돈암동,2021,2,전세,연립다세대,4,21500.0,19250.0,7804.9,17750.0,23000.0,,,,0,0
성북구,돈암동,2021,3,월세,연립다세대,2,2437.0,2437.0,796.2,2155.5,2718.5,34.0,34.0,21.21,0,0
성북구,돈암동,2021,3,전세,연립다세대,7,24000.0,23371.4,8546.1,17050.0,29000.0,,,,1,0
성북구,돈암동,2021,4,전세,연립다세대,2,15000.0,15000.0,9899.5,11500.0,18500.0,,,,0,0
성북구,돈암동,2021,5,월세,연립다세대,1,1000.0,1000.0,,1000.0,1000.0,50.0,50.0,,0,0
성북구,돈암동,2021,5,전세,연립다세대,6,26350.0,22450.0,7849.5,15925.0,28000.0,,,,0,0
성북구,돈암동,2021,6,월세,연립다세대,1,2500.0,2500.0,,2500.0,2500.0,72.0,72.0,,1,0
성북구,돈암동,2021,6,전세,연립다세대,7,18500.0,16642.9,7972.4,10500.0,23500.0,,,,3,0
성북구,돈암동,2021,7,월세,연립다세대,1,0.0,0.0,,0.0,0.0,20.0,20.0,,0,0
성북구,돈암동,2021,7,전세,연립다세대,5,24500.0,22090.0,8858.1,23500.0,25000.0,,,,3,0
성북구,돈암동,2021,8,월세,연립다세대,1,5000.0,5000.0,,5000.0,5000.0,70.0,70.0,,1,0
성북구,돈암동,2021,8,전세,연립다세대,6,21500.0,25666.7,13980.9,21000.0,37000.0,,,,2,0
성북구,돈암동,2021,9,월세,연립다세대,1,300.0,300.0,,300.0,300.0,30.0,30.0,,0,0
성북구,돈암동,2021,9,전세,연립다세대,1,60000.0,60000.0,,60000.0,60000.0,,,,1,0
성북구,돈암동,2021,10,월세,연립다세대,1,2205.0,2205.0,,2205.0,2205.0,64.0,64.0,,0,0
성북구,돈암동,2021,10,전세,연립다세대,4,11500.0,16500.0,17597.3,3000.0,25000.0,,,,2,0
성북구,돈암동,2021,11,전세,연립다세대,7,27000.0,25414.3,5799.8,21500.0,29350.0,,,,2,0
성북구,돈암동,2021,12,월세,연립다세대,1,2000.0,2000.0,,2000.0,2000.0,40.0,40.0,,0,0
성북구,돈암동,2021,12,전세,연립다세대,11,20000.0,26590.9,15120.9,15750.0,45000.0,,,,7,0
성북구,돈암동,2022,1,월세,연립다세대,1,300.0,300.0,,300.0,300.0,27.0,27.0,,0,0
성북구,돈암동,2022,1,전세,연립다세대,5,31000.0,30120.0,11448.7,30600.0,39000.0,,,,1,0
성북구,돈암동,2022,2,월세,연립다세대,5,14000.0,13200.0,3346.6,10000.0,14000.0,50.0,46.0,14.75,3,0
성북구,돈암동,2022,2,전세,연립다세대,5,45000.0,38300.0,10952.2,32000.0,45000.0,,,,4,0
성북구,돈암동,2022,3,월세,연립다세대,2,13000.0,13000.0,4242.6,11500.0,14500.0,19.0,19.0,12.73,1,0
성북구,돈암동,2022,3,전세,연립다세대,8,16250.0,17187.5,10951.0,8375.0,24875.0,,,,5,0
성북구,돈암동,2022,4,월세,연립다세대,1,17500.0,17500.0,,17500.0,17500.0,10.0,10.0,,0,0
성북구,돈암동,2022,4,전세,연립다세대,15,25000.0,25094.3,6492.1,23312.5,27000.0,,,,2,0
성북구,돈암동,2022,5,월세,연립다세대,2,14000.0,14000.0,14142.1,9000.0,19000.0,37.5,37.5,38.89,1,0
성북구,돈암동,2022,5,전세,연립다세대,10,22525.0,22595.0,6073.7,19750.0,26250.0,,,,6,0
성북구,돈암동,2022,6,월세,연립다세대,3,3000.0,4666.7,4725.8,2000.0,6500.0,45.0,41.0,26.23,2,0
성북구,돈암동,2022,6,전세,연립다세대,17,23000.0,22323.5,13602.6,10000.0,28000.0,,,,9,0
성북구,돈암동,2022,7,월세,연립다세대,3,300.0,1766.7,2804.2,150.0,2650.0,20.0,23.33,5.77,0,0
성북구,돈암동,2022,7,전세,연립다세대,18,24837.5,28681.9,12173.1,23000.0,36000.0,,,,6,0
성북구,돈암동,2022,8,월세,연립다세대,1,5000.0,5000.0,,5000.0,5000.0,70.0,70.0,,1,0
성북구,돈암동,2022,8,전세,연립다세대,8,24250.0,30437.5,9879.4,23500.0,38750.0,,,,3,0
성북구,돈암동,2022,9,월세,연립다세대,2,265.0,265.0,332.3,147.5,382.5,20.0,20.0,14.14,0,0
성북구,돈암동,2022,9,전세,연립다세대,4,17250.0,17100.0,8579.4,10100.0,24250.0,,,,1,0
성북구,돈암동,2022,10,월세,연립다세대,2,2550.0,2550.0,3464.8,1325.0,3775.0,35.0,35.0,21.21,1,0
성북구,돈암동,2022,10,전세,연립다세대,5,25000.0,24828.4,2875.1,25000.0,25042.0,,,,0,0
성북구,돈암동,2022,11,월세,연립다세대,5,1500.0,4700.0,5333.9,1000.0,10000.0,35.0,37.6,12.8,4,0
성북구,돈암동,2022,11,전세,연립다세대,5,22500.0,25400.0,4263.2,22500.0,29000.0,,,,0,0
성북구,돈암동,2022,12,월세,연립다세대,2,1350.0,1350.0,919.2,1025.0,1675.0,75.0,75.0,21.21,2,0
성북구,돈암동,2022,12,전세,연립다세대,2,21000.0,21000.0,0.0,21000.0,21000.0,,,,0,0
성북구,돈암동,2023,1,월세,연립다세대,3,5000.0,3666.7,2309.4,3000.0,5000.0,60.0,61.67,2.89,3,0
성북구,돈암동,2023,1,전세,연립다세대,5,22000.0,16200.0,9808.2,6000.0,24000.0,,,,2,0
성북구,돈암동,2023,2,월세,연립다세대,4,5000.0,7250.0,5909.0,4500.0,7750.0,107.5,98.25,66.42,3,0
성북구,돈암동,2023,2,전세,연립다세대,4,27500.0,27500.0,2886.8,25000.0,30000.0,,,,3,0
성북구,돈암동,2023,3,월세,연립다세대,2,11850.0,11850.0,9687.4,8425.0,15275.0,80.0,80.0,91.92,1,0
성북구,돈암동,2023,3,전세,연립다세대,3,19950.0,14633.3,9208.7,11975.0,19950.0,,,,0,0
성북구,돈암동,2023,4,월세,연립다세대,1,2000.0,2000.0,,2000.0,2000.0,90.0,90.0,,1,0
성북구,돈암동,2023,4,전세,연립다세대,3,21000.0,23166.7,5575.2,20000.0,25250.0,,,,3,0
성북구,돈암동,2023,5,월세,연립다세대,1,5000.0,5000.0,,5000.0,5000.0,50.0,50.0,,1,0
성북구,돈암동,2023,5,전세,연립다세대,8,22250.0,22900.0,9770.5,18575.0,27675.0,,,,6,0
성북구,돈암동,2023,6,전세,연립다세대,7,21000.0,18442.9,7294.3,15050.0,24000.0,,,,3,0
성북구,돈암동,2023,7,월세,연립다세대,1,300.0,300.0,,300.0,300.0,35.0,35.0,,1,0
성북구,돈암동,2023,7,전세,연립다세대,6,12000.0,15416.7,10556.6,7500.0,23250.0,,,,2,0
성북구,돈암동,2023,8,월세,연립다세대,1,1000.0,1000.0,,1000.0,1000.0,50.0,50.0,,0,0
성북구,돈암동,2023,8,전세,연립다세대,3,19500.0,15666.7,11250.9,11250.0,22000.0,,,,3,0
성북구,돈암동,2023,9,전세,연립다세대,3,7000.0,15333.3,18009.3,5000.0,21500.0,,,,2,0
성북구,돈암동,2023,10,월세,연립다세대,5,10000.0,7360.0,6623.7,500.0,11000.0,30.0,33.4,17.83,2,0
성북구,돈암동,2023,10,전세,연립다세대,1,11000.0,11000.0,,11000.0,11000.0,,,,0,0
성북구,돈암동,2023,11,월세,연립다세대,4,1700.0,1925.0,1864.4,375.0,3250.0,42.5,51.25,27.2,3,0
성북구,돈암동,2023,11,전세,연립다세대,2,22500.0,22500.0,0.0,22500.0,22500.0,,,,2,0
성북구,돈암동,2023,12,월세,연립다세대,1,9000.0,9000.0,,9000.0,9000.0,5.0,5.0,,0,0
성북구,돈암동,2023,12,전세,연립다세대,2,23400.0,23400.0,10465.2,19700.0,27100.0,,,,0,0
성북구,돈암동,2024,1,월세,연립다세대,1,5000.0,5000.0,,5000.0,5000.0,90.0,90.0,,1,0
성북구,돈암동,2024,1,전세,연립다세대,7,6000.0,14954.3,12209.0,5750.0,23100.0,,,,2,0
성북구,돈암동,2024,2,전세,연립다세대,7,17000.0,20157.1,10696.1,13000.0,21800.0,,,,5,0
성북구,돈암동,2024,3,월세,연립다세대,4,11000.0,9250.0,6184.7,6250.0,14000.0,52.5,52.5,2.89,2,0
성북구,돈암동,2024,3,전세,연립다세대,3,20000.0,14866.7,9415.6,12000.0,20300.0,,,,3,0
성북구,돈암동,2024,4,월세,연립다세대,4,2500.0,8500.0,13076.7,1000.0,10000.0,50.0,47.0,19.9,3,0
성북구,돈암동,2024,4,전세,연립다세대,1,38000.0,38000.0,,38000.0,38000.0,,,,1,0
성북구,돈암동,2024,5,월세,연립다세대,4,18050.0,20900.0,10354.1,14625.0,24325.0,21.0,25.5,18.65,2,0
성북구,돈암동,2024,5,전세,연립다세대,7,19900.0,18971.4,11966.7,11700.0,26500.0,,,,6,0
성북구,돈암동,2024,6,월세,연립다세대,1,19000.0,19000.0,,19000.0,19000.0,20.0,20.0,,1,0
성북구,돈암동,2024,6,전세,연립다세대,5,20000.0,18920.0,5948.7,19900.0,20600.0,,,,1,0
성북구,돈암동,2024,7,월세,연립다세대,4,21741.0,17945.5,9421.1,16450.0,23236.5,28.5,29.25,13.07,3,0
성북구,돈암동,2024,7,전세,연립다세대,12,19700.0,22266.7,11019.4,19000.0,24450.0,,,,9,0
성북구,돈암동,2024,8,월세,연립다세대,4,750.0,700.0,355.9,450.0,1000.0,40.0,52.5,32.27,4,0
성북구,돈암동,2024,8,전세,연립다세대,7,19000.0,15100.0,6819.3,11350.0,19000.0,,,,4,0
성북구,돈암동,2024,9,월세,연립다세대,3,20700.0,13833.3,11893.4,10400.0,20700.0,5.0,26.67,37.53,2,0
성북구,돈암동,2024,9,전세,연립다세대,2,9500.0,9500.0,707.1,9250.0,9750.0,,,,2,0
성북구,돈암동,2024,10,월세,연립다세대,3,5000.0,9833.3,11536.2,3250.0,14000.0,60.0,61.67,37.53,2,0
성북구,돈암동,2024,10,전세,연립다세대,3,28600.0,30200.0,5188.4,27300.0,32300.0,,,,2,0
성북구,돈암동,2024,11,전세,연립다세대,4,20700.0,21600.0,10259.0,18025.0,24275.0,,,,3,0
성북구,돈암동,2024,12,월세,연립다세대,6,1000.0,4400.0,7374.8,475.0,4000.0,41.0,39.5,24.07,6,0
성북구,돈암동,2024,12,전세,연립다세대,3,12000.0,12333.3,11503.6,6500.0,18000.0,,,,2,0
성북구,돈암동,2025,1,월세,연립다세대,1,1000.0,1000.0,,1000.0,1000.0,60.0,60.0,,1,0
성북구,돈암동,2025,1,전세,연립다세대,3,23400.0,22233.3,2020.7,21650.0,23400.0,,,,2,0
성북구,돈암동,2025,2,월세,연립다세대,3,3000.0,3666.7,1154.7,3000.0,4000.0,30.0,50.0,34.64,3,0
성북구,돈암동,2025,3,월세,연립다세대,1,5500.0,5500.0,,5500.0,5500.0,5.0,5.0,,1,0
성북구,돈암동,2025,3,전세,연립다세대,5,12000.0,15960.0,7000.6,10800.0,22000.0,,,,5,0
성북구,돈암동,2025,4,월세,연립다세대,1,20000.0,20000.0,,20000.0,20000.0,8.0,8.0,,1,0
성북구,돈암동,2025,4,전세,연립다세대,3,25000.0,22633.3,5729.2,20550.0,25900.0,,,,2,0
성북구,돈암동,2025,5,전세,연립다세대,1,36000.0,36000.0,,36000.0,36000.0,,,,1,0
성북구,돈암동,2025,6,월세,연립다세대,2,10500.0,10500.0,4949.7,8750.0,12250.0,55.0,55.0,7.07,2,0
성북구,돈암동,2025,6,전세,연립다세대,2,34500.0,34500.0,2121.3,33750.0,35250.0,,,,0,0
성북구,돈암동,2025,7,월세,연립다세대,1,2000.0,2000.0,,2000.0,2000.0,115.0,115.0,,1,0
성북구,돈암동,2025,8,월세,연립다세대,1,17000.0,17000.0,,17000.0,17000.0,10.0,10.0,,1,0
성북구,돈암동,2025,8,전세,연립다세대,3,24000.0,20200.0,10622.6,16100.0,26200.0,,,,1,0
성북구,돈암동,2025,9,월세,연립다세대,1,100.0,100.0,,100.0,100.0,80.0,80.0,,1,0
성북구,돈암동,2025,9,전세,연립다세대,2,19800.0,19800.0,23758.8,11400.0,28200.0,,,,1,0
성북구,돈암동,2025,10,월세,연립다세대,2,1500.0,1500.0,707.1,1250.0,1750.0,55.0,55.0,21.21,2,0
성북구,돈암동,2025,10,전세,연립다세대,1,16000.0,16000.0,,16000.0,16000.0,,,,1,0
성북구,돈암동,2025,11,월세,연립다세대,1,12000.0,12000.0,,12000.0,12000.0,10.0,10.0,,1,0
성북구,돈암동,2025,11,전세,연립다세대,4,14050.0,12540.0,5121.4,10375.0,16215.0,,,,3,0
성북구,돈암동,2025,12,월세,연립다세대,4,1100.0,9550.0,17656.3,150.0,10500.0,75.0,65.0,38.73,4,0
성북구,돈암동,2026,1,월세,연립다세대,6,7500.0,10500.0,7713.6,5000.0,17500.0,52.5,53.67,20.85,6,1
성북구,돈암동,2026,1,전세,연립다세대,2,31000.0,31000.0,16970.6,25000.0,37000.0,,,,2,1
성북구,돈암동,2026,2,월세,연립다세대,4,7800.0,9650.0,6729.8,5200.0,12250.0,15.0,24.75,27.63,4,1
성북구,돈암동,2026,2,전세,연립다세대,3,12000.0,12666.7,7023.8,9000.0,16000.0,,,,3,1
성북구,돈암동,2026,3,월세,연립다세대,3,18700.0,22233.3,10457.7,16350.0,26350.0,10.0,27.0,29.44,2,1
성북구,돈암동,2026,3,전세,연립다세대,6,20300.0,16400.0,7277.1,10325.0,20600.0,,,,6,1
성북구,돈암동,2026,4,월세,연립다세대,2,20429.5,20429.5,607.4,20214.75,20644.25,20.5,20.5,14.85,1,1
성북구,돈암동,2026,5,월세,연립다세대,3,16696.0,16498.7,4203.5,14448.0,18648.0,33.0,31.0,26.06,0,1
성북구,돈암동,2026,5,전세,연립다세대,2,20950.0,20950.0,70.7,20925.0,20975.0,,,,0,1
성북구,돈암동,2026,6,월세,연립다세대,2,10800.0,10800.0,13859.3,5900.0,15700.0,39.0,39.0,15.56,2,1
성북구,돈암동,2026,6,전세,연립다세대,4,24000.0,21500.0,10630.1,15500.0,30000.0,,,,3,1
성북구,돈암동,2026,7,월세,연립다세대,2,15500.0,15500.0,4949.7,13750.0,17250.0,25.0,25.0,0.0,1,1
성북구,돈암동,2026,7,전세,연립다세대,5,19950.0,21070.0,10351.8,19400.0,21000.0,,,,2,1
성북구,돈암동,2026,8,월세,연립다세대,4,20700.0,16856.5,10027.7,16025.0,21531.5,22.5,33.75,33.01,2,1
성북구,돈암동,2026,8,전세,연립다세대,3,19000.0,21000.0,3464.1,19000.0,22000.0,,,,1,1
성북구,돈암동,2026,9,전세,연립다세대,2,27300.0,27300.0,10889.4,23450.0,31150.0,,,,2,1
성북구,동선동1가,2021,1,월세,연립다세대,5,3000.0,3200.0,2280.4,2000.0,3000.0,50.0,58.4,23.78,0,0
성북구,동선동1가,2021,1,월세,오피스텔,5,5000.0,4540.0,1846.1,3700.0,5000.0,60.0,54.0,22.75,1,0
성북구,동선동1가,2021,1,전세,연립다세대,3,12600.0,13100.0,1417.7,12300.0,13650.0,,,,0,0
성북구,동선동1가,2021,1,전세,오피스텔,1,13000.0,13000.0,,13000.0,13000.0,,,,0,0
성북구,동선동1가,2021,2,월세,연립다세대,2,1000.0,1000.0,0.0,1000.0,1000.0,55.0,55.0,0.0,0,0
성북구,동선동1가,2021,2,월세,오피스텔,5,5000.0,5000.0,3674.2,2000.0,5000.0,65.0,63.0,25.15,1,0
성북구,동선동1가,2021,2,전세,연립다세대,2,10000.0,10000.0,2828.4,9000.0,11000.0,,,,0,0
성북구,동선동1가,2021,2,전세,오피스텔,1,15000.0,15000.0,,15000.0,15000.0,,,,0,0
성북구,동선동1가,2021,3,전세,연립다세대,2,8000.0,8000.0,0.0,8000.0,8000.0,,,,0,0
성북구,동선동1가,2021,3,전세,오피스텔,2,9000.0,9000.0,1414.2,8500.0,9500.0,,,,0,0
성북구,동선동1가,2021,4,월세,오피스텔,1,1000.0,1000.0,,1000.0,1000.0,45.0,45.0,,0,0
성북구,동선동1가,2021,4,전세,연립다세대,1,8000.0,8000.0,,8000.0,8000.0,,,,0,0
성북구,동선동1가,2021,4,전세,오피스텔,1,10000.0,10000.0,,10000.0,10000.0,,,,0,0
성북구,동선동1가,2021,5,전세,오피스텔,1,8000.0,8000.0,,8000.0,8000.0,,,,0,0
성북구,동선동1가,2021,6,월세,연립다세대,1,3000.0,3000.0,,3000.0,3000.0,60.0,60.0,,1,0
성북구,동선동1가,2021,6,전세,오피스텔,2,11750.0,11750.0,353.6,11625.0,11875.0,,,,1,0
성북구,동선동1가,2021,7,전세,연립다세대,3,8000.0,8000.0,0.0,8000.0,8000.0,,,,2,0
성북구,동선동1가,2021,8,월세,연립다세대,2,4500.0,4500.0,4949.7,2750.0,6250.0,38.5,38.5,23.33,2,0
성북구,동선동1가,2021,8,월세,오피스텔,1,1000.0,1000.0,,1000.0,1000.0,75.0,75.0,,1,0
성북구,동선동1가,2021,8,전세,오피스텔,3,11000.0,10483.3,894.9,10225.0,11000.0,,,,2,0
성북구,동선동1가,2021,9,월세,연립다세대,1,1000.0,1000.0,,1000.0,1000.0,55.0,55.0,,1,0
성북구,동선동1가,2021,9,월세,오피스텔,1,2000.0,2000.0,,2000.0,2000.0,95.0,95.0,,1,0
성북구,동선동1가,2021,9,전세,연립다세대,1,14700.0,14700.0,,14700.0,14700.0,,,,1,0
성북구,동선동1가,2021,10,월세,연립다세대,3,1000.0,1000.0,0.0,1000.0,1000.0,55.0,55.0,0.0,3,0
성북구,동선동1가,2021,10,전세,오피스텔,3,8000.0,9366.7,2367.1,8000.0,10050.0,,,,2,0
성북구,동선동1가,2021,11,월세,연립다세대,1,2000.0,2000.0,,2000.0,2000.0,50.0,50.0,,1,0
성북구,동선동1가,2021,11,월세,오피스텔,1,3700.0,3700.0,,3700.0,3700.0,65.0,65.0,,1,0
성북구,동선동1가,2021,11,전세,연립다세대,1,7500.0,7500.0,,7500.0,7500.0,,,,0,0
성북구,동선동1가,2021,12,월세,연립다세대,5,2000.0,3300.0,2863.6,1000.0,5000.0,46.0,43.4,9.21,5,0
성북구,동선동1가,2021,12,전세,연립다세대,1,8000.0,8000.0,,8000.0,8000.0,,,,0,0
성북구,동선동1가,2022,1,월세,연립다세대,7,3000.0,3385.7,1705.3,2500.0,4350.0,50.0,51.29,6.8,6,0
성북구,동선동1가,2022,1,월세,오피스텔,1,1000.0,1000.0,,1000.0,1000.0,50.0,50.0,,1,0
성북구,동선동1가,2022,1,전세,연립다세대,2,18000.0,18000.0,4242.6,16500.0,19500.0,,,,2,0
성북구,동선동1가,2022,1,전세,오피스텔,1,11500.0,11500.0,,11500.0,11500.0,,,,1,0
성북구,동선동1가,2022,2,월세,연립다세대,4,2000.0,5500.0,7724.4,1000.0,6500.0,52.5,53.75,4.79,4,0
성북구,동선동1가,2022,2,월세,오피스텔,1,1000.0,1000.0,,1000.0,1000.0,55.0,55.0,,1,0
성북구,동선동1가,2022,2,전세,연립다세대,1,8000.0,8000.0,,8000.0,8000.0,,,,0,0
성북구,동선동1가,2022,2,전세,오피스텔,3,13500.0,15000.0,5408.3,12000.0,17250.0,,,,0,0
성북구,동선동1가,2022,3,월세,연립다세대,2,1000.0,1000.0,0.0,1000.0,1000.0,60.0,60.0,0.0,2,0
성북구,동선동1가,2022,4,월세,연립다세대,1,3000.0,3000.0,,3000.0,3000.0,49.0,49.0,,1,0
성북구,동선동1가,2022,4,월세,오피스텔,1,3000.0,3000.0,,3000.0,3000.0,37.0,37.0,,1,0
성북구,동선동1가,2022,4,전세,연립다세대,1,21000.0,21000.0,,21000.0,21000.0,,,,1,0
성북구,동선동1가,2022,4,전세,오피스텔,1,14000.0,14000.0,,14000.0,14000.0,,,,1,0
성북구,동선동1가,2022,5,월세,연립다세대,1,8000.0,8000.0,,8000.0,8000.0,25.0,25.0,,1,0
성북구,동선동1가,2022,6,전세,오피스텔,2,10250.0,10250.0,1060.7,9875.0,10625.0,,,,2,0
성북구,동선동1가,2022,7,월세,연립다세대,5,2000.0,2540.0,1763.0,1000.0,3700.0,60.0,58.6,6.69,5,0
성북구,동선동1가,2022,7,월세,오피스텔,1,1000.0,1000.0,,1000.0,1000.0,50.0,50.0,,1,0
성북구,동선동1가,2022,7,전세,오피스텔,1,8400.0,8400.0,,8400.0,8400.0,,,,0,0
성북구,동선동1가,2022,8,월세,연립다세대,3,2000.0,3000.0,1732.1,2000.0,3500.0,54.0,61.33,20.98,3,0
성북구,동선동1가,2022,8,월세,오피스텔,1,1000.0,1000.0,,1000.0,1000.0,50.0,50.0,,1,0
성북구,동선동1가,2022,8,전세,연립다세대,1,8000.0,8000.0,,8000.0,8000.0,,,,0,0
성북구,동선동1가,2022,8,전세,오피스텔,1,11000.0,11000.0,,11000.0,11000.0,,,,1,0
성북구,동선동1가,2022,9,전세,오피스텔,1,8000.0,8000.0,,8000.0,8000.0,,,,0,0
성북구,동선동1가,2022,10,월세,연립다세대,1,8000.0,8000.0,,8000.0,8000.0,25.0,25.0,,1,0
성북구,동선동1가,2022,10,전세,연립다세대,3,11500.0,13416.7,6587.6,9750.0,16125.0,,,,1,0
성북구,동선동1가,2022,10,전세,오피스텔,2,14500.0,14500.0,9192.4,11250.0,17750.0,,,,0,0
성북구,동선동1가,2022,11,월세,연립다세대,1,1000.0,1000.0,,1000.0,1000.0,60.0,60.0,,1,0
성북구,동선동1가,2022,11,월세,오피스텔,1,5000.0,5000.0,,5000.0,5000.0,55.0,55.0,,1,0
성북구,동선동1가,2022,11,전세,연립다세대,1,8000.0,8000.0,,8000.0,8000.0,,,,0,0
성북구,동선동1가,2022,11,전세,오피스텔,2,10725.0,10725.0,1803.1,10087.5,11362.5,,,,1,0
성북구,동선동1가,2022,12,월세,연립다세대,6,3000.0,3166.7,2228.6,1500.0,3750.0,52.5,52.5,12.94,6,0
성북구,동선동1가,2022,12,전세,연립다세대,2,14700.0,14700.0,8909.5,11550.0,17850.0,,,,1,0
성북구,동선동1가,2022,12,전세,오피스텔,2,12000.0,12000.0,0.0,12000.0,12000.0,,,,2,0
성북구,동선동1가,2023,1,월세,연립다세대,6,2500.0,2733.3,843.0,2000.0,3525.0,60.0,71.83,19.25,6,0
성북구,동선동1가,2023,1,월세,오피스텔,3,2000.0,4333.3,4932.9,1500.0,6000.0,50.0,45.0,37.75,2,0
성북구,동선동1가,2023,1,전세,연립다세대,1,8000.0,8000.0,,8000.0,8000.0,,,,0,0
성북구,동선동1가,2023,1,전세,오피스텔,2,9500.0,9500.0,2121.3,8750.0,10250.0,,,,1,0
성북구,동선동1가,2023,2,월세,오피스텔,1,2000.0,2000.0,,2000.0,2000.0,80.0,80.0,,1,0
성북구,동선동1가,2023,2,전세,연립다세대,1,8000.0,8000.0,,8000.0,8000.0,,,,0,0
성북구,동선동1가,2023,2,전세,오피스텔,5,11000.0,10800.0,2949.6,8000.0,12000.0,,,,2,0
성북구,동선동1가,2023,3,월세,연립다세대,4,2000.0,4250.0,5252.0,1000.0,5250.0,55.0,44.0,25.77,4,0
성북구,동선동1가,2023,3,월세,오피스텔,1,3000.0,3000.0,,3000.0,3000.0,55.0,55.0,,1,0
성북구,동선동1가,2023,3,전세,연립다세대,2,9750.0,9750.0,3182.0,8625.0,10875.0,,,,2,0
성북구,동선동1가,2023,3,전세,오피스텔,1,12000.0,12000.0,,12000.0,12000.0,,,,1,0
성북구,동선동1가,2023,4,전세,연립다세대,1,8000.0,8000.0,,8000.0,8000.0,,,,0,0
성북구,동선동1가,2023,4,전세,오피스텔,1,11000.0,11000.0,,11000.0,11000.0,,,,0,0
성북구,동선동1가,2023,5,전세,오피스텔,1,8400.0,8400.0,,8400.0,8400.0,,,,1,0
성북구,동선동1가,2023,6,월세,연립다세대,2,2000.0,2000.0,1414.2,1500.0,2500.0,54.0,54.0,8.49,1,0
성북구,동선동1가,2023,6,월세,오피스텔,1,11000.0,11000.0,,11000.0,11000.0,18.0,18.0,,1,0
성북구,동선동1가,2023,6,전세,연립다세대,2,8200.0,8200.0,282.8,8100.0,8300.0,,,,1,0
성북구,동선동1가,2023,6,전세,오피스텔,2,9700.0,9700.0,1838.5,9050.0,10350.0,,,,0,0
성북구,동선동1가,2023,7,월세,연립다세대,1,2000.0,2000.0,,2000.0,2000.0,56.0,56.0,,0,0
성북구,동선동1가,2023,7,월세,오피스텔,1,1000.0,1000.0,,1000.0,1000.0,53.0,53.0,,1,0
성북구,동선동1가,2023,7,전세,연립다세대,2,8200.0,8200.0,282.8,8100.0,8300.0,,,,1,0
성북구,동선동1가,2023,7,전세,오피스텔,1,11000.0,11000.0,,11000.0,11000.0,,,,0,0
성북구,동선동1가,2023,8,월세,연립다세대,2,11500.0,11500.0,9192.4,8250.0,14750.0,39.5,39.5,28.99,2,0
성북구,동선동1가,2023,8,전세,연립다세대,4,8000.0,11250.0,6500.0,8000.0,11250.0,,,,1,0
성북구,동선동1가,2023,9,전세,오피스텔,1,8000.0,8000.0,,8000.0,8000.0,,,,0,0
성북구,동선동1가,2023,11,월세,연립다세대,6,2850.0,2783.3,1685.7,1250.0,3925.0,60.0,58.33,9.83,6,0
성북구,동선동1가,2023,11,전세,연립다세대,1,8500.0,8500.0,,8500.0,8500.0,,,,0,0
성북구,동선동1가,2023,11,전세,오피스텔,1,15000.0,15000.0,,15000.0,15000.0,,,,0,0
성북구,동선동1가,2023,12,월세,연립다세대,7,1000.0,2000.0,1732.1,1000.0,2500.0,65.0,58.57,11.07,7,0
성북구,동선동1가,2023,12,월세,오피스텔,1,16000.0,16000.0,,16000.0,16000.0,50.0,50.0,,1,0
성북구,동선동1가,2023,12,전세,연립다세대,1,8000.0,8000.0,,8000.0,8000.0,,,,0,0
성북구,동선동1가,2024,1,월세,연립다세대,8,4000.0,5750.0,4920.8,3000.0,5750.0,55.0,52.0,9.29,6,0
성북구,동선동1가,2024,1,월세,오피스텔,2,1000.0,1000.0,0.0,1000.0,1000.0,50.0,50.0,0.0,2,0
성북구,동선동1가,2024,1,전세,연립다세대,1,8400.0,8400.0,,8400.0,8400.0,,,,0,0
성북구,동선동1가,2024,1,전세,오피스텔,4,10200.0,10700.0,2778.5,8400.0,12500.0,,,,3,0
성북구,동선동1가,2024,2,월세,연립다세대,5,3000.0,3540.0,870.6,3000.0,3700.0,55.0,57.6,12.1,4,0
성북구,동선동1가,2024,2,월세,오피스텔,3,3700.0,2800.0,1558.8,2350.0,3700.0,75.0,79.67,18.45,3,0
성북구,동선동1가,2024,2,전세,연립다세대,2,10200.0,10200.0,2545.6,9300.0,11100.0,,,,1,0
성북구,동선동1가,2024,2,전세,오피스텔,2,14500.0,14500.0,707.1,14250.0,14750.0,,,,2,0
성북구,동선동1가,2024,3,전세,연립다세대,1,7500.0,7500.0,,7500.0,7500.0,,,,1,0
성북구,동선동1가,2024,3,전세,오피스텔,1,14000.0,14000.0,,14000.0,14000.0,,,,1,0
성북구,동선동1가,2024,4,월세,연립다세대,1,4000.0,4000.0,,4000.0,4000.0,45.0,45.0,,1,0
성북구,동선동1가,2024,4,전세,연립다세대,2,10200.0,10200.0,2545.6,9300.0,11100.0,,,,2,0
성북구,동선동1가,2024,4,전세,오피스텔,1,14000.0,14000.0,,14000.0,14000.0,,,,1,0
성북구,동선동1가,2024,6,월세,연립다세대,4,1000.0,1250.0,500.0,1000.0,1250.0,62.5,60.0,7.07,4,0
성북구,동선동1가,2024,6,전세,연립다세대,1,11000.0,11000.0,,11000.0,11000.0,,,,0,0
성북구,동선동1가,2024,6,전세,오피스텔,2,10700.0,10700.0,3252.7,9550.0,11850.0,,,,1,0
성북구,동선동1가,2024,7,월세,연립다세대,7,1000.0,2142.9,1573.6,1000.0,3000.0,55.0,58.57,8.52,7,0
성북구,동선동1가,2024,7,전세,오피스텔,2,9700.0,9700.0,1838.5,9050.0,10350.0,,,,1,0
성북구,동선동1가,2024,8,월세,연립다세대,5,4000.0,3800.0,1303.8,3000.0,5000.0,45.0,56.0,21.62,4,0
성북구,동선동1가,2024,8,월세,오피스텔,1,10000.0,10000.0,,10000.0,10000.0,20.0,20.0,,1,0
성북구,동선동1가,2024,8,전세,연립다세대,1,8400.0,8400.0,,8400.0,8400.0,,,,1,0
성북구,동선동1가,2024,9,월세,연립다세대,2,19212.5,19212.5,300.5,19106.25,19318.75,8.5,8.5,6.36,1,0
성북구,동선동1가,2024,9,전세,오피스텔,1,8400.0,8400.0,,8400.0,8400.0,,,,0,0
성북구,동선동1가,2024,10,월세,오피스텔,1,1000.0,1000.0,,1000.0,1000.0,60.0,60.0,,1,0
성북구,동선동1가,2024,10,전세,연립다세대,3,12000.0,14916.7,5051.8,12000.0,16375.0,,,,2,0
성북구,동선동1가,2024,10,전세,오피스텔,3,8400.0,9600.0,2078.5,8400.0,10200.0,,,,3,0
성북구,동선동1가,2024,11,월세,연립다세대,2,5000.0,5000.0,0.0,5000.0,5000.0,42.5,42.5,3.54,2,0
성북구,동선동1가,2024,11,월세,오피스텔,3,18000.0,19000.0,1732.1,18000.0,19500.0,15.0,13.33,7.64,2,0
성북구,동선동1가,2024,11,전세,연립다세대,8,8400.0,13125.0,6521.1,8400.0,21000.0,,,,3,0
성북구,동선동1가,2024,11,전세,오피스텔,2,13850.0,13850.0,5444.7,11925.0,15775.0,,,,0,0
성북구,동선동1가,2024,12,월세,연립다세대,9,5000.0,4111.1,1054.1,3000.0,5000.0,60.0,54.44,8.82,8,0
성북구,동선동1가,2024,12,월세,오피스텔,3,5000.0,4333.3,2081.7,3500.0,5500.0,45.0,55.0,21.79,3,0
성북구,동선동1가,2024,12,전세,오피스텔,2,8400.0,8400.0,0.0,8400.0,8400.0,,,,2,0
성북구,동선동1가,2025,1,월세,연립다세대,11,3700.0,4309.1,3938.6,2000.0,5000.0,70.0,69.18,23.05,9,0
성북구,동선동1가,2025,1,월세,오피스텔,2,750.0,750.0,353.6,625.0,875.0,70.0,70.0,21.21,1,0
성북구,동선동1가,2025,1,전세,연립다세대,1,12000.0,12000.0,,12000.0,12000.0,,,,0,0
성북구,동선동1가,2025,1,전세,오피스텔,3,11000.0,10500.0,1802.8,9750.0,11500.0,,,,3,0
성북구,동선동1가,2025,2,월세,연립다세대,3,3000.0,3666.7,1154.7,3000.0,4000.0,60.0,56.67,5.77,3,0
성북구,동선동1가,2025,2,월세,오피스텔,6,5500.0,7266.7,5501.5,5000.0,8700.0,45.0,38.83,28.25,5,0
성북구,동선동1가,2025,2,전세,연립다세대,3,12000.0,11800.0,3304.5,10200.0,13500.0,,,,2,0
성북구,동선동1가,2025,2,전세,오피스텔,1,8400.0,8400.0,,8400.0,8400.0,,,,0,0
성북구,동선동1가,2025,3,월세,연립다세대,1,6000.0,6000.0,,6000.0,6000.0,40.0,40.0,,1,0
성북구,동선동1가,2025,3,월세,오피스텔,1,1000.0,1000.0,,1000.0,1000.0,50.0,50.0,,1,0
성북구,동선동1가,2025,3,전세,오피스텔,2,10700.0,10700.0,3252.7,9550.0,11850.0,,,,2,0
성북구,동선동1가,2025,4,월세,연립다세대,2,4000.0,4000.0,2828.4,3000.0,5000.0,55.0,55.0,14.14,2,0
성북구,동선동1가,2025,4,월세,오피스텔,3,5000.0,3666.7,2309.4,3000.0,5000.0,50.0,43.33,11.55,1,0
성북구,동선동1가,2025,4,전세,연립다세대,1,8400.0,8400.0,,8400.0,8400.0,,,,0,0
성북구,동선동1가,2025,4,전세,오피스텔,2,8400.0,8400.0,0.0,8400.0,8400.0,,,,1,0
성북구,동선동1가,2025,5,월세,연립다세대,1,3000.0,3000.0,,3000.0,3000.0,65.0,65.0,,1,0
성북구,동선동1가,2025,5,전세,오피스텔,4,9650.0,9675.0,1472.8,8400.0,10925.0,,,,3,0
성북구,동선동1가,2025,6,월세,연립다세대,1,6000.0,6000.0,,6000.0,6000.0,45.0,45.0,,1,0
성북구,동선동1가,2025,6,월세,오피스텔,2,1000.0,1000.0,0.0,1000.0,1000.0,86.0,86.0,1.41,2,0
성북구,동선동1가,2025,6,전세,연립다세대,1,8400.0,8400.0,,8400.0,8400.0,,,,1,0
성북구,동선동1가,2025,6,전세,오피스텔,1,11000.0,11000.0,,11000.0,11000.0,,,,1,0
성북구,동선동1가,2025,7,월세,연립다세대,2,5500.0,5500.0,6364.0,3250.0,7750.0,61.5,61.5,12.02,2,0
성북구,동선동1가,2025,7,월세,오피스텔,3,5000.0,4333.3,2081.7,3500.0,5500.0,45.0,56.67,24.66,3,0
성북구,동선동1가,2025,7,전세,연립다세대,1,8400.0,8400.0,,8400.0,8400.0,,,,0,0
성북구,동선동1가,2025,8,월세,연립다세대,1,1000.0,1000.0,,1000.0,1000.0,70.0,70.0,,1,0
성북구,동선동1가,2025,8,전세,오피스텔,1,8400.0,8400.0,,8400.0,8400.0,,,,1,0
성북구,동선동1가,2025,9,월세,오피스텔,1,1000.0,1000.0,,1000.0,1000.0,75.0,75.0,,1,0
성북구,동선동1가,2025,9,전세,오피스텔,1,8400.0,8400.0,,8400.0,8400.0,,,,0,0
성북구,동선동1가,2025,10,월세,연립다세대,1,4000.0,4000.0,,4000.0,4000.0,53.0,53.0,,0,0
성북구,동선동1가,2025,10,월세,오피스텔,1,4000.0,4000.0,,4000.0,4000.0,40.0,40.0,,1,0
성북구,동선동1가,2025,10,전세,연립다세대,2,11700.0,11700.0,4666.9,10050.0,13350.0,,,,2,0
성북구,동선동1가,2025,11,월세,연립다세대,5,2000.0,3000.0,2915.5,1000.0,3000.0,65.0,60.0,14.58,5,0
성북구,동선동1가,2025,11,월세,오피스텔,4,2850.0,2925.0,1776.5,1750.0,4025.0,60.5,64.5,20.82,4,0
성북구,동선동1가,2025,11,전세,연립다세대,3,8500.0,8500.0,0.0,8500.0,8500.0,,,,2,0
성북구,동선동1가,2025,12,월세,연립다세대,7,5000.0,6714.3,6395.7,4500.0,5000.0,50.0,45.29,21.05,6,0
성북구,동선동1가,2025,12,월세,오피스텔,5,5000.0,5280.0,1801.9,3700.0,6000.0,50.0,70.4,30.3,4,0
성북구,동선동1가,2025,12,전세,오피스텔,1,8500.0,8500.0,,8500.0,8500.0,,,,1,0
성북구,동선동1가,2026,1,월세,연립다세대,6,3000.0,3833.3,3600.9,1000.0,5000.0,61.5,61.33,13.88,6,1
성북구,동선동1가,2026,1,월세,오피스텔,4,3500.0,4000.0,3559.0,1000.0,6500.0,67.5,63.75,23.23,4,1
성북구,동선동1가,2026,1,전세,연립다세대,1,7800.0,7800.0,,7800.0,7800.0,,,,1,1
성북구,동선동1가,2026,1,전세,오피스텔,1,8500.0,8500.0,,8500.0,8500.0,,,,1,1
성북구,동선동1가,2026,2,월세,연립다세대,3,6000.0,6666.7,4041.5,4500.0,8500.0,53.0,48.33,8.08,1,1
성북구,동선동1가,2026,2,월세,오피스텔,4,1000.0,1250.0,500.0,1000.0,1250.0,70.0,70.25,13.07,4,1
성북구,동선동1가,2026,2,전세,연립다세대,1,12000.0,12000.0,,12000.0,12000.0,,,,1,1
성북구,동선동1가,2026,3,월세,연립다세대,1,5000.0,5000.0,,5000.0,5000.0,60.0,60.0,,1,1
성북구,동선동1가,2026,3,전세,오피스텔,1,11500.0,11500.0,,11500.0,11500.0,,,,0,1
성북구,동선동1가,2026,4,월세,연립다세대,2,18000.0,18000.0,0.0,18000.0,18000.0,17.5,17.5,3.54,2,1
성북구,동선동1가,2026,4,월세,오피스텔,3,1000.0,833.3,288.7,750.0,1000.0,53.0,58.67,9.81,3,1
성북구,동선동1가,2026,4,전세,연립다세대,2,8400.0,8400.0,0.0,8400.0,8400.0,,,,2,1
성북구,동선동1가,2026,5,월세,오피스텔,1,2000.0,2000.0,,2000.0,2000.0,86.0,86.0,,1,1
성북구,동선동1가,2026,6,월세,연립다세대,3,5000.0,4333.3,1154.7,4000.0,5000.0,60.0,56.67,5.77,3,1
성북구,동선동1가,2026,6,전세,연립다세대,4,8450.0,8450.0,57.7,8400.0,8500.0,,,,4,1
성북구,동선동1가,2026,6,전세,오피스텔,2,9950.0,9950.0,2192.0,9175.0,10725.0,,,,1,1
성북구,동선동1가,2026,7,월세,연립다세대,6,2000.0,2333.3,1633.0,1000.0,3000.0,65.0,64.17,6.65,6,1
성북구,동선동1가,2026,7,월세,오피스텔,1,5000.0,5000.0,,5000.0,5000.0,50.0,50.0,,1,1
성북구,동선동1가,2026,8,월세,연립다세대,1,1000.0,1000.0,,1000.0,1000.0,80.0,80.0,,1,1
성북구,동선동1가,2026,8,월세,오피스텔,2,3500.0,3500.0,707.1,3250.0,3750.0,80.5,80.5,0.71,2,1
성북구,동선동2가,2021,1,월세,연립다세대,4,8000.0,7375.0,5437.1,3375.0,12000.0,27.5,36.25,33.51,0,0
성북구,동선동2가,2021,2,월세,연립다세대,4,2000.0,2250.0,1500.0,1000.0,3250.0,47.5,51.25,17.97,0,0
성북구,동선동2가,2021,2,전세,연립다세대,1,20000.0,20000.0,,20000.0,20000.0,,,,0,0
성북구,동선동2가,2021,3,월세,연립다세대,4,3500.0,3500.0,1732.1,2000.0,5000.0,60.0,58.75,7.5,0,0
성북구,동선동2가,2021,4,월세,연립다세대,2,4000.0,4000.0,2828.4,3000.0,5000.0,38.5,38.5,26.16,0,0
성북구,동선동2가,2021,5,월세,연립다세대,1,2000.0,2000.0,,2000.0,2000.0,80.0,80.0,,0,0
성북구,동선동2가,2021,7,월세,연립다세대,3,1000.0,833.3,288.7,750.0,1000.0,45.0,45.67,6.03,2,0
성북구,동선동2가,2021,8,월세,연립다세대,2,500.0,500.0,0.0,500.0,500.0,45.0,45.0,7.07,2,0
성북구,동선동2가,2021,8,전세,연립다세대,2,23000.0,23000.0,0.0,23000.0,23000.0,,,,1,0
성북구,동선동2가,2021,9,월세,연립다세대,3,1000.0,1500.0,1322.9,750.0,2000.0,45.0,43.67,2.31,2,0
성북구,동선동2가,2021,10,월세,연립다세대,3,2000.0,2000.0,0.0,2000.0,2000.0,40.0,43.33,5.77,2,0
성북구,동선동2가,2021,10,전세,연립다세대,2,15250.0,15250.0,13788.6,10375.0,20125.0,,,,2,0
성북구,동선동2가,2021,11,월세,연립다세대,2,2500.0,2500.0,707.1,2250.0,2750.0,83.0,83.0,18.38,2,0
성북구,동선동2가,2021,12,월세,연립다세대,7,3000.0,4000.0,3055.1,2000.0,5000.0,50.0,52.86,30.53,6,0
성북구,동선동2가,2021,12,전세,연립다세대,2,11000.0,11000.0,0.0,11000.0,11000.0,,,,0,0
성북구,동선동2가,2022,1,월세,연립다세대,2,1000.0,1000.0,0.0,1000.0,1000.0,57.5,57.5,3.54,2,0
성북구,동선동2가,2022,2,월세,연립다세대,7,1000.0,871.4,340.2,1000.0,1000.0,45.0,44.43,8.5,6,0
성북구,동선동2가,2022,3,월세,연립다세대,3,2000.0,3000.0,1732.1,2000.0,3500.0,77.0,75.67,25.03,2,0
성북구,동선동2가,2022,4,월세,연립다세대,3,1000.0,1333.3,577.4,1000.0,1500.0,52.0,55.67,22.72,3,0
성북구,동선동2가,2022,4,전세,연립다세대,1,12000.0,12000.0,,12000.0,12000.0,,,,1,0
성북구,동선동2가,2022,5,월세,연립다세대,2,1750.0,1750.0,1060.7,1375.0,2125.0,44.5,44.5,7.78,2,0
성북구,동선동2가,2022,5,전세,연립다세대,2,20000.0,20000.0,0.0,20000.0,20000.0,,,,2,0
성북구,동선동2가,2022,6,월세,연립다세대,2,6500.0,6500.0,4949.7,4750.0,8250.0,36.0,36.0,5.66,2,0
성북구,동선동2가,2022,6,전세,연립다세대,1,19000.0,19000.0,,19000.0,19000.0,,,,1,0
성북구,동선동2가,2022,7,월세,연립다세대,1,3000.0,3000.0,,3000.0,3000.0,102.0,102.0,,1,0
성북구,동선동2가,2022,7,전세,연립다세대,1,22000.0,22000.0,,22000.0,22000.0,,,,1,0
성북구,동선동2가,2022,8,월세,연립다세대,1,2500.0,2500.0,,2500.0,2500.0,42.0,42.0,,1,0
성북구,동선동2가,2022,10,월세,연립다세대,3,3000.0,6333.3,5773.5,3000.0,8000.0,20.0,48.33,49.07,2,0
성북구,동선동2가,2022,10,전세,연립다세대,1,22000.0,22000.0,,22000.0,22000.0,,,,1,0
성북구,동선동2가,2022,11,월세,연립다세대,1,13000.0,13000.0,,13000.0,13000.0,25.0,25.0,,1,0
성북구,동선동2가,2022,12,월세,연립다세대,6,2000.0,2000.0,894.4,1250.0,2750.0,57.5,60.5,23.38,5,0
성북구,동선동2가,2022,12,전세,연립다세대,1,19000.0,19000.0,,19000.0,19000.0,,,,1,0
성북구,동선동2가,2023,1,월세,연립다세대,12,1500.0,1916.7,1293.9,1000.0,3000.0,52.5,54.92,16.97,10,0
성북구,동선동2가,2023,2,월세,연립다세대,5,2000.0,1900.0,894.4,1000.0,2500.0,48.0,44.2,6.42,2,0
성북구,동선동2가,2023,2,전세,연립다세대,1,21000.0,21000.0,,21000.0,21000.0,,,,1,0
성북구,동선동2가,2023,3,월세,연립다세대,3,2000.0,1666.7,577.4,1500.0,2000.0,55.0,52.33,9.29,2,0
성북구,동선동2가,2023,3,전세,연립다세대,1,21000.0,21000.0,,21000.0,21000.0,,,,1,0
성북구,동선동2가,2023,4,월세,연립다세대,2,1250.0,1250.0,353.6,1125.0,1375.0,53.5,53.5,4.95,1,0
성북구,동선동2가,2023,4,전세,연립다세대,2,13000.0,13000.0,0.0,13000.0,13000.0,,,,2,0
성북구,동선동2가,2023,5,월세,연립다세대,6,2250.0,3083.3,2332.7,1250.0,5125.0,57.5,55.83,21.81,5,0
성북구,동선동2가,2023,6,월세,연립다세대,3,1000.0,1500.0,866.0,1000.0,1750.0,55.0,51.0,6.93,3,0
성북구,동선동2가,2023,7,월세,연립다세대,1,2000.0,2000.0,,2000.0,2000.0,58.0,58.0,,1,0
성북구,동선동2가,2023,9,월세,연립다세대,2,2500.0,2500.0,2121.3,1750.0,3250.0,60.0,60.0,28.28,2,0
성북구,동선동2가,2023,10,월세,연립다세대,2,1500.0,1500.0,707.1,1250.0,1750.0,51.0,51.0,5.66,2,0
성북구,동선동2가,2023,10,전세,연립다세대,1,15500.0,15500.0,,15500.0,15500.0,,,,1,0
성북구,동선동2가,2023,11,월세,연립다세대,2,2750.0,2750.0,353.6,2625.0,2875.0,72.0,72.0,35.36,2,0
성북구,동선동2가,2023,12,월세,연립다세대,10,1500.0,1630.0,1028.5,1000.0,2000.0,52.5,54.6,12.83,10,0
성북구,동선동2가,2023,12,전세,연립다세대,1,20000.0,20000.0,,20000.0,20000.0,,,,1,0
성북구,동선동2가,2024,1,월세,연립다세대,11,2000.0,1990.9,1086.7,1000.0,2750.0,53.0,58.0,19.95,10,0
성북구,동선동2가,2024,1,전세,연립다세대,3,20000.0,17000.0,5196.2,15500.0,20000.0,,,,3,0
성북구,동선동2가,2024,2,월세,연립다세대,8,1000.0,1500.0,1488.0,875.0,1250.0,50.0,50.62,8.63,6,0
성북구,동선동2가,2024,3,월세,연립다세대,1,2000.0,2000.0,,2000.0,2000.0,45.0,45.0,,1,0
성북구,동선동2가,2024,3,전세,연립다세대,1,5200.0,5200.0,,5200.0,5200.0,,,,1,0
성북구,동선동2가,2024,5,월세,연립다세대,3,1000.0,2100.0,2535.7,650.0,3000.0,55.0,52.67,8.74,3,0
성북구,동선동2가,2024,6,월세,연립다세대,2,5500.0,5500.0,6364.0,3250.0,7750.0,50.0,50.0,0.0,2,0
성북구,동선동2가,2024,7,월세,연립다세대,3,2000.0,3000.0,2645.8,1500.0,4000.0,44.0,48.67,9.87,3,0
성북구,동선동2가,2024,8,월세,연립다세대,1,1000.0,1000.0,,1000.0,1000.0,58.0,58.0,,1,0
성북구,동선동2가,2024,9,월세,연립다세대,1,3000.0,3000.0,,3000.0,3000.0,40.0,40.0,,1,0
성북구,동선동2가,2024,9,전세,연립다세대,1,20000.0,20000.0,,20000.0,20000.0,,,,1,0
성북구,동선동2가,2024,10,월세,연립다세대,6,1000.0,1666.7,1472.0,625.0,2500.0,45.0,55.17,29.87,5,0
성북구,동선동2가,2024,11,월세,연립다세대,3,500.0,2333.3,3175.4,500.0,3250.0,44.0,38.0,11.27,2,0
성북구,동선동2가,2024,12,월세,연립다세대,6,2250.0,3250.0,2894.0,2000.0,2875.0,61.0,64.67,14.9,5,0
성북구,동선동2가,2025,1,월세,연립다세대,8,2000.0,1750.0,845.2,1625.0,2000.0,50.0,60.5,25.97,8,0
성북구,동선동2가,2025,1,전세,연립다세대,1,12000.0,12000.0,,12000.0,12000.0,,,,1,0
성북구,동선동2가,2025,2,월세,연립다세대,7,1000.0,1142.9,801.8,500.0,1500.0,47.0,48.86,7.9,6,0
성북구,동선동2가,2025,3,월세,연립다세대,5,1000.0,3100.0,4980.0,1000.0,1000.0,50.0,55.0,20.0,5,0
성북구,동선동2가,2025,5,월세,연립다세대,3,2000.0,2666.7,2081.7,1500.0,3500.0,60.0,58.33,2.89,3,0
성북구,동선동2가,2025,6,월세,연립다세대,6,1500.0,3333.3,3614.8,1000.0,4250.0,61.0,70.33,41.79,6,0
성북구,동선동2가,2025,7,월세,연립다세대,3,2000.0,1666.7,577.4,1500.0,2000.0,60.0,64.67,23.35,3,0
성북구,동선동2가,2025,8,월세,연립다세대,6,1000.0,1166.7,930.9,625.0,1000.0,49.5,47.83,8.45,5,0
성북구,동선동2가,2025,9,월세,연립다세대,2,3000.0,3000.0,0.0,3000.0,3000.0,85.0,85.0,49.5,2,0
성북구,동선동2가,2025,10,월세,연립다세대,2,3750.0,3750.0,3889.1,2375.0,5125.0,40.0,40.0,28.28,2,0
성북구,동선동2가,2025,11,월세,연립다세대,10,1000.0,2050.0,1770.9,1000.0,2750.0,60.5,59.9,9.69,10,0
성북구,동선동2가,2025,12,월세,연립다세대,18,1000.0,1383.3,969.1,1000.0,1000.0,55.0,58.06,12.1,18,0
성북구,동선동2가,2026,1,월세,연립다세대,10,1500.0,3100.0,4948.6,1000.0,2375.0,59.0,61.6,23.41,7,1
성북구,동선동2가,2026,2,월세,연립다세대,11,1000.0,2272.7,3341.9,1000.0,2000.0,55.0,55.64,14.85,11,1
성북구,동선동2가,2026,3,월세,연립다세대,5,1000.0,2000.0,1837.1,1000.0,2500.0,60.0,63.6,21.09,4,1
성북구,동선동2가,2026,4,월세,연립다세대,3,6700.0,5900.0,4553.0,3850.0,8350.0,35.0,41.67,16.07,3,1
성북구,동선동2가,2026,5,월세,연립다세대,4,1500.0,2000.0,1414.2,1000.0,2500.0,60.0,58.75,7.5,4,1
성북구,동선동2가,2026,6,월세,연립다세대,5,1000.0,1500.0,707.1,1000.0,2000.0,60.0,58.0,10.79,5,1
성북구,동선동2가,2026,7,월세,연립다세대,1,1000.0,1000.0,,1000.0,1000.0,65.0,65.0,,1,1
성북구,동선동2가,2026,8,월세,연립다세대,6,1000.0,916.7,204.1,1000.0,1000.0,60.0,60.83,18.0,6,1
성북구,동선동3가,2021,1,월세,연립다세대,7,2000.0,3857.1,3625.3,1500.0,5500.0,52.0,48.14,20.84,0,0
성북구,동선동3가,2021,1,전세,연립다세대,3,15000.0,23166.7,20978.2,11250.0,31000.0,,,,0,0
성북구,동선동3가,2021,1,전세,오피스텔,1,9450.0,9450.0,,9450.0,9450.0,,,,0,0
성북구,동선동3가,2021,2,월세,연립다세대,3,1000.0,3833.3,5346.3,750.0,5500.0,50.0,41.67,18.93,0,0
성북구,동선동3가,2021,2,전세,연립다세대,1,7500.0,7500.0,,7500.0,7500.0,,,,0,0
성북구,동선동3가,2021,3,월세,연립다세대,2,3500.0,3500.0,2121.3,2750.0,4250.0,36.5,36.5,16.26,0,0
성북구,동선동3가,2021,3,전세,연립다세대,1,9000.0,9000.0,,9000.0,9000.0,,,,0,0
성북구,동선동3가,2021,4,월세,연립다세대,4,5500.0,4575.0,2964.7,3825.0,6250.0,36.0,38.0,25.09,0,0
성북구,동선동3가,2021,4,월세,오피스텔,1,5000.0,5000.0,,5000.0,5000.0,40.0,40.0,,0,0
성북구,동선동3가,2021,4,전세,연립다세대,2,9675.0,9675.0,3288.0,8512.5,10837.5,,,,0,0
성북구,동선동3가,2021,5,월세,연립다세대,2,1000.0,1000.0,0.0,1000.0,1000.0,52.5,52.5,3.54,1,0
성북구,동선동3가,2021,6,월세,연립다세대,1,3000.0,3000.0,,3000.0,3000.0,30.0,30.0,,0,0
성북구,동선동3가,2021,7,월세,연립다세대,3,3000.0,3833.3,3329.2,2000.0,5250.0,30.0,28.67,27.02,2,0
성북구,동선동3가,2021,8,월세,연립다세대,4,2250.0,3000.0,2972.1,875.0,4375.0,33.5,35.5,14.75,2,0
성북구,동선동3가,2021,8,전세,연립다세대,3,25500.0,25666.7,4252.5,23500.0,27750.0,,,,0,0
성북구,동선동3가,2021,9,월세,연립다세대,2,4500.0,4500.0,4949.7,2750.0,6250.0,25.5,25.5,34.65,2,0
성북구,동선동3가,2021,10,월세,연립다세대,3,1000.0,2166.7,2466.4,750.0,3000.0,65.0,65.0,30.0,2,0
성북구,동선동3가,2021,11,월세,연립다세대,1,500.0,500.0,,500.0,500.0,53.0,53.0,,1,0
성북구,동선동3가,2021,11,월세,오피스텔,1,15000.0,15000.0,,15000.0,15000.0,25.0,25.0,,1,0
성북구,동선동3가,2021,11,전세,연립다세대,2,18500.0,18500.0,707.1,18250.0,18750.0,,,,0,0
성북구,동선동3가,2021,11,전세,오피스텔,4,19000.0,19625.0,10322.9,10875.0,27750.0,,,,2,0
성북구,동선동3가,2021,12,월세,연립다세대,6,4000.0,4833.3,3250.6,3000.0,6500.0,37.5,41.0,22.54,4,0
성북구,동선동3가,2021,12,전세,연립다세대,2,21000.0,21000.0,0.0,21000.0,21000.0,,,,1,0
성북구,동선동3가,2021,12,전세,오피스텔,1,12600.0,12600.0,,12600.0,12600.0,,,,1,0
성북구,동선동3가,2022,1,월세,연립다세대,11,1000.0,1727.3,904.5,1000.0,2500.0,50.0,54.27,14.65,10,0
성북구,동선동3가,2022,1,월세,오피스텔,2,8000.0,8000.0,2828.4,7000.0,9000.0,34.0,34.0,26.87,1,0
성북구,동선동3가,2022,1,전세,연립다세대,4,19675.0,19337.5,14631.8,7012.5,32000.0,,,,2,0
성북구,동선동3가,2022,1,전세,오피스텔,5,9340.0,9516.0,1085.1,9340.0,9900.0,,,,1,0
성북구,동선동3가,2022,2,월세,연립다세대,10,3000.0,2800.0,1798.1,1250.0,4000.0,51.5,53.7,14.68,7,0
성북구,동선동3가,2022,2,전세,연립다세대,1,33000.0,33000.0,,33000.0,33000.0,,,,1,0
성북구,동선동3가,2022,3,월세,연립다세대,1,10000.0,10000.0,,10000.0,10000.0,33.0,33.0,,1,0
성북구,동선동3가,2022,3,월세,오피스텔,1,10000.0,10000.0,,10000.0,10000.0,15.0,15.0,,1,0
성북구,동선동3가,2022,3,전세,연립다세대,5,10000.0,13000.0,6708.2,10000.0,10000.0,,,,3,0
성북구,동선동3가,2022,4,월세,연립다세대,4,1250.0,4750.0,7511.1,875.0,5125.0,55.0,50.0,14.14,3,0
성북구,동선동3가,2022,5,전세,연립다세대,1,16000.0,16000.0,,16000.0,16000.0,,,,1,0
성북구,동선동3가,2022,5,전세,오피스텔,1,9900.0,9900.0,,9900.0,9900.0,,,,0,0
성북구,동선동3가,2022,6,월세,연립다세대,5,2000.0,2200.0,1255.0,1000.0,3500.0,47.0,52.4,9.42,5,0
성북구,동선동3가,2022,7,월세,연립다세대,2,1750.0,1750.0,1767.8,1125.0,2375.0,42.0,42.0,14.14,1,0
성북구,동선동3가,2022,7,전세,연립다세대,4,32000.0,27500.0,9000.0,27500.0,32000.0,,,,1,0
성북구,동선동3가,2022,7,전세,오피스텔,1,33000.0,33000.0,,33000.0,33000.0,,,,1,0
성북구,동선동3가,2022,8,월세,연립다세대,4,3500.0,4000.0,3162.3,1750.0,5750.0,50.0,48.75,10.31,2,0
성북구,동선동3가,2022,8,전세,연립다세대,1,33000.0,33000.0,,33000.0,33000.0,,,,1,0
성북구,동선동3가,2022,9,월세,연립다세대,3,4000.0,2833.3,2020.7,2250.0,4000.0,60.0,57.33,4.62,2,0
성북구,동선동3가,2022,9,전세,연립다세대,1,33000.0,33000.0,,33000.0,33000.0,,,,1,0
성북구,동선동3가,2022,9,전세,오피스텔,3,15900.0,14700.0,2343.1,13950.0,16050.0,,,,1,0
성북구,동선동3가,2022,10,월세,연립다세대,1,3000.0,3000.0,,3000.0,3000.0,70.0,70.0,,1,0
성북구,동선동3가,2022,10,전세,오피스텔,2,14000.0,14000.0,0.0,14000.0,14000.0,,,,2,0
성북구,동선동3가,2022,11,월세,연립다세대,1,10000.0,10000.0,,10000.0,10000.0,45.0,45.0,,0,0
성북구,동선동3가,2022,11,전세,연립다세대,5,30000.0,30000.0,707.1,30000.0,30000.0,,,,1,0
성북구,동선동3가,2022,11,전세,오피스텔,1,25000.0,25000.0,,25000.0,25000.0,,,,1,0
성북구,동선동3가,2022,12,월세,연립다세대,1,5000.0,5000.0,,5000.0,5000.0,80.0,80.0,,1,0
성북구,동선동3가,2023,1,월세,연립다세대,4,1000.0,1375.0,1108.7,875.0,1500.0,57.5,46.25,27.8,3,0
성북구,동선동3가,2023,1,전세,연립다세대,6,12000.0,15833.3,11422.2,8625.0,25500.0,,,,4,0
성북구,동선동3가,2023,1,전세,오피스텔,1,33000.0,33000.0,,33000.0,33000.0,,,,1,0
성북구,동선동3가,2023,2,월세,연립다세대,10,4000.0,6100.0,4976.6,3000.0,6750.0,41.0,49.8,18.59,8,0
성북구,동선동3가,2023,2,월세,오피스텔,5,3000.0,4200.0,2949.6,2000.0,5000.0,48.0,49.8,23.11,5,0
성북구,동선동3가,2023,2,전세,연립다세대,4,28000.0,27350.0,3238.8,25350.0,30000.0,,,,3,0
성북구,동선동3가,2023,2,전세,오피스텔,1,9450.0,9450.0,,9450.0,9450.0,,,,0,0
성북구,동선동3가,2023,3,월세,연립다세대,1,2000.0,2000.0,,2000.0,2000.0,60.0,60.0,,0,0
성북구,동선동3가,2023,3,전세,연립다세대,1,30000.0,30000.0,,30000.0,30000.0,,,,1,0
성북구,동선동3가,2023,4,월세,연립다세대,3,2000.0,5833.3,7973.9,1250.0,8500.0,55.0,50.0,22.91,3,0
성북구,동선동3가,2023,4,전세,연립다세대,1,26000.0,26000.0,,26000.0,26000.0,,,,0,0
성북구,동선동3가,2023,5,월세,연립다세대,3,4000.0,5000.0,4582.6,2500.0,7000.0,45.0,61.67,33.29,3,0
성북구,동선동3가,2023,5,전세,연립다세대,2,13500.0,13500.0,4949.7,11750.0,15250.0,,,,1,0
성북구,동선동3가,2023,6,월세,연립다세대,3,6000.0,4766.7,3995.4,3150.0,7000.0,70.0,60.0,17.32,2,0
성북구,동선동3가,2023,7,월세,연립다세대,6,1000.0,1000.0,0.0,1000.0,1000.0,52.0,51.33,1.03,5,0
성북구,동선동3가,2023,7,전세,오피스텔,1,12000.0,12000.0,,12000.0,12000.0,,,,0,0
성북구,동선동3가,2023,8,월세,연립다세대,2,1750.0,1750.0,1767.8,1125.0,2375.0,54.0,54.0,1.41,2,0
성북구,동선동3가,2023,8,전세,연립다세대,1,25500.0,25500.0,,25500.0,25500.0,,,,0,0
성북구,동선동3가,2023,9,월세,연립다세대,1,500.0,500.0,,500.0,500.0,52.0,52.0,,1,0
성북구,동선동3가,2023,10,월세,연립다세대,4,3000.0,4250.0,4272.0,1000.0,6250.0,47.5,45.5,7.59,3,0
성북구,동선동3가,2023,10,전세,연립다세대,2,22500.0,22500.0,10606.6,18750.0,26250.0,,,,2,0
성북구,동선동3가,2023,11,월세,연립다세대,3,1000.0,2333.3,2309.4,1000.0,3000.0,47.0,38.0,18.25,2,0
성북구,동선동3가,2023,12,월세,연립다세대,8,3000.0,3750.0,2815.8,2000.0,4250.0,46.0,52.5,18.72,4,0
성북구,동선동3가,2023,12,전세,연립다세대,1,15000.0,15000.0,,15000.0,15000.0,,,,1,0
성북구,동선동3가,2023,12,전세,오피스텔,1,30000.0,30000.0,,30000.0,30000.0,,,,1,0
성북구,동선동3가,2024,1,월세,연립다세대,19,3000.0,3394.7,2860.6,1000.0,5000.0,45.0,43.95,18.79,11,0
성북구,동선동3가,2024,1,월세,오피스텔,1,1000.0,1000.0,,1000.0,1000.0,10.0,10.0,,0,0
성북구,동선동3가,2024,2,월세,연립다세대,9,3000.0,3111.1,2891.6,1000.0,4000.0,50.0,56.56,18.92,9,0
성북구,동선동3가,2024,3,월세,연립다세대,13,7500.0,7111.8,4941.3,2362.0,10000.0,24.0,26.77,17.08,11,0
성북구,동선동3가,2024,3,월세,오피스텔,8,1899.5,2161.4,770.6,1873.5,1909.0,19.5,19.5,0.53,8,0
성북구,동선동3가,2024,3,전세,연립다세대,1,32000.0,32000.0,,32000.0,32000.0,,,,1,0
성북구,동선동3가,2024,4,월세,연립다세대,4,2672.5,2961.2,1886.2,2008.75,3625.0,35.5,32.75,19.1,3,0
성북구,동선동3가,2024,4,전세,오피스텔,1,22000.0,22000.0,,22000.0,22000.0,,,,1,0
성북구,동선동3가,2024,5,월세,연립다세대,3,3000.0,2666.7,577.4,2500.0,3000.0,37.0,40.0,7.94,1,0
성북구,동선동3가,2024,5,월세,오피스텔,1,5000.0,5000.0,,5000.0,5000.0,35.0,35.0,,1,0
성북구,동선동3가,2024,5,전세,연립다세대,1,30000.0,30000.0,,30000.0,30000.0,,,,0,0
성북구,동선동3가,2024,5,전세,오피스텔,1,16300.0,16300.0,,16300.0,16300.0,,,,1,0
성북구,동선동3가,2024,6,월세,연립다세대,2,1000.0,1000.0,0.0,1000.0,1000.0,59.0,59.0,0.0,2,0
성북구,동선동3가,2024,7,월세,연립다세대,6,1500.0,3916.7,5314.3,1000.0,3500.0,65.0,70.83,33.08,4,0
성북구,동선동3가,2024,7,전세,연립다세대,2,23050.0,23050.0,9970.2,19525.0,26575.0,,,,1,0
성북구,동선동3가,2024,8,월세,연립다세대,1,3000.0,3000.0,,3000.0,3000.0,94.0,94.0,,1,0
성북구,동선동3가,2024,8,월세,오피스텔,1,1000.0,1000.0,,1000.0,1000.0,57.0,57.0,,1,0
성북구,동선동3가,2024,8,전세,연립다세대,4,17925.0,17925.0,6841.6,12000.0,23850.0,,,,3,0
성북구,동선동3가,2024,8,전세,오피스텔,2,16400.0,16400.0,141.4,16350.0,16450.0,,,,0,0
성북구,동선동3가,2024,9,월세,연립다세대,4,4250.0,4000.0,2857.7,2375.0,5875.0,32.5,32.75,16.68,3,0
성북구,동선동3가,2024,9,전세,연립다세대,2,20500.0,20500.0,7778.2,17750.0,23250.0,,,,1,0
성북구,동선동3가,2024,10,월세,연립다세대,2,7750.0,7750.0,3182.0,6625.0,8875.0,9.5,9.5,6.36,1,0
성북구,동선동3가,2024,10,월세,오피스텔,1,14000.0,14000.0,,14000.0,14000.0,3.0,3.0,,0,0
성북구,동선동3가,2024,10,전세,연립다세대,5,24000.0,24280.0,2896.9,24000.0,25400.0,,,,3,0
성북구,동선동3가,2024,11,월세,연립다세대,6,8000.0,10833.3,9688.5,3750.0,16000.0,57.5,53.67,24.95,4,0
성북구,동선동3가,2024,11,월세,오피스텔,1,11500.0,11500.0,,11500.0,11500.0,10.0,10.0,,1,0
성북구,동선동3가,2024,11,전세,연립다세대,3,30450.0,30966.7,894.9,30450.0,31225.0,,,,1,0
성북구,동선동3가,2024,12,월세,연립다세대,13,2000.0,2692.3,2462.5,1000.0,3000.0,60.0,48.38,19.56,13,0
성북구,동선동3가,2024,12,월세,오피스텔,3,15000.0,18613.3,11841.0,12000.0,23420.0,20.0,39.0,39.13,3,0
성북구,동선동3가,2024,12,전세,연립다세대,1,9000.0,9000.0,,9000.0,9000.0,,,,0,0
성북구,동선동3가,2024,12,전세,오피스텔,1,9550.0,9550.0,,9550.0,9550.0,,,,1,0
성북구,동선동3가,2025,1,월세,연립다세대,7,3000.0,3428.6,2299.1,1500.0,5000.0,59.0,62.14,20.24,5,0
성북구,동선동3가,2025,1,월세,오피스텔,2,7000.0,7000.0,2828.4,6000.0,8000.0,32.5,32.5,17.68,2,0
성북구,동선동3가,2025,1,전세,연립다세대,3,27300.0,28033.3,2003.3,26900.0,28800.0,,,,1,0
성북구,동선동3가,2025,2,월세,연립다세대,4,4500.0,4500.0,2886.8,3250.0,5750.0,58.0,54.75,10.9,4,0
성북구,동선동3가,2025,2,월세,오피스텔,1,1000.0,1000.0,,1000.0,1000.0,55.0,55.0,,1,0
성북구,동선동3가,2025,2,전세,연립다세대,1,31500.0,31500.0,,31500.0,31500.0,,,,0,0
성북구,동선동3가,2025,2,전세,오피스텔,1,9850.0,9850.0,,9850.0,9850.0,,,,0,0
성북구,동선동3가,2025,3,월세,연립다세대,1,7500.0,7500.0,,7500.0,7500.0,40.0,40.0,,0,0
성북구,동선동3가,2025,3,전세,연립다세대,5,26000.0,24920.0,2203.9,23400.0,26000.0,,,,2,0
성북구,동선동3가,2025,3,전세,오피스텔,1,33000.0,33000.0,,33000.0,33000.0,,,,0,0
성북구,동선동3가,2025,4,월세,연립다세대,5,5000.0,4300.0,2774.9,3000.0,5000.0,48.0,47.8,24.14,3,0
성북구,동선동3가,2025,5,월세,연립다세대,3,3000.0,4666.7,4725.8,2000.0,6500.0,40.0,42.67,10.26,2,0
성북구,동선동3가,2025,6,월세,연립다세대,11,3000.0,4318.2,3164.4,2500.0,7000.0,45.0,47.64,14.17,8,0
성북구,동선동3가,2025,7,월세,연립다세대,3,3000.0,3500.0,1802.8,2500.0,4250.0,30.0,34.33,23.8,2,0
성북구,동선동3가,2025,8,월세,연립다세대,6,2000.0,7083.3,9789.9,1000.0,9750.0,58.5,51.67,19.4,6,0
성북구,동선동3가,2025,8,월세,오피스텔,1,20100.0,20100.0,,20100.0,20100.0,10.0,10.0,,1,0
성북구,동선동3가,2025,8,전세,연립다세대,1,25500.0,25500.0,,25500.0,25500.0,,,,0,0
성북구,동선동3가,2025,9,월세,오피스텔,1,1000.0,1000.0,,1000.0,1000.0,50.0,50.0,,1,0
성북구,동선동3가,2025,9,전세,오피스텔,3,30000.0,30333.3,577.4,30000.0,30500.0,,,,3,0
성북구,동선동3가,2025,10,월세,연립다세대,6,1000.0,2333.3,2273.0,1000.0,4000.0,47.5,42.67,14.75,4,0
성북구,동선동3가,2025,10,월세,오피스텔,4,10500.0,12500.0,5066.2,9750.0,13250.0,22.5,25.0,14.72,4,0
성북구,동선동3가,2025,11,월세,연립다세대,8,1500.0,1937.5,1474.5,1000.0,2250.0,56.5,55.12,8.76,8,0
성북구,동선동3가,2025,11,전세,오피스텔,3,31000.0,24733.3,11290.0,21350.0,31250.0,,,,2,0
성북구,동선동3가,2025,12,월세,연립다세대,43,100.0,560.5,1406.6,100.0,100.0,53.0,56.19,11.98,42,0
성북구,동선동3가,2025,12,전세,오피스텔,2,12900.0,12900.0,424.3,12750.0,13050.0,,,,1,0
성북구,동선동3가,2026,1,월세,연립다세대,25,1000.0,2640.4,3449.9,100.0,3000.0,49.0,52.76,16.66,18,1
성북구,동선동3가,2026,1,월세,오피스텔,1,10000.0,10000.0,,10000.0,10000.0,70.0,70.0,,1,1
성북구,동선동3가,2026,1,전세,연립다세대,1,26800.0,26800.0,,26800.0,26800.0,,,,1,1
성북구,동선동3가,2026,2,월세,연립다세대,17,1000.0,2411.8,3501.1,1000.0,2000.0,70.0,63.65,16.75,17,1
성북구,동선동3가,2026,2,전세,오피스텔,2,10650.0,10650.0,1202.1,10225.0,11075.0,,,,0,1
성북구,동선동3가,2026,3,월세,연립다세대,4,2000.0,3625.0,3250.0,2000.0,3625.0,49.0,46.5,13.4,3,1
성북구,동선동3가,2026,4,월세,연립다세대,5,3000.0,8100.0,10853.6,3000.0,4000.0,41.0,38.6,16.07,2,1
성북구,동선동3가,2026,4,월세,오피스텔,2,13450.0,13450.0,17607.0,7225.0,19675.0,40.0,40.0,35.36,2,1
성북구,동선동3가,2026,4,전세,오피스텔,2,16675.0,16675.0,8944.9,13512.5,19837.5,,,,1,1
성북구,동선동3가,2026,5,월세,연립다세대,15,5000.0,6708.1,7097.2,2727.0,5121.0,25.0,32.53,21.51,9,1
성북구,동선동3가,2026,5,월세,오피스텔,1,5000.0,5000.0,,5000.0,5000.0,40.0,40.0,,0,1
성북구,동선동3가,2026,6,월세,연립다세대,4,1504.0,1752.0,955.3,1006.0,2250.0,52.5,54.5,24.28,3,1
성북구,동선동3가,2026,6,월세,오피스텔,4,8000.0,11750.0,12842.0,4000.0,15750.0,29.0,32.0,27.98,2,1
성북구,동선동3가,2026,6,전세,연립다세대,2,21300.0,21300.0,12303.7,16950.0,25650.0,,,,0,1
성북구,동선동3가,2026,6,전세,오피스텔,3,28000.0,25600.0,7879.1,22400.0,30000.0,,,,0,1
성북구,동선동3가,2026,7,월세,연립다세대,15,2000.0,4020.0,5272.1,1000.0,3250.0,53.0,51.67,11.97,13,1
성북구,동선동3가,2026,7,월세,오피스텔,3,30000.0,20333.3,16743.2,15500.0,30000.0,29.0,33.67,29.28,3,1
성북구,동선동3가,2026,7,전세,연립다세대,4,19500.0,21000.0,9201.4,15000.0,25500.0,,,,3,1
성북구,동선동3가,2026,8,월세,연립다세대,7,1000.0,1371.4,1637.8,750.0,1000.0,63.0,59.14,13.28,7,1
성북구,동선동3가,2026,8,전세,연립다세대,1,16000.0,16000.0,,16000.0,16000.0,,,,1,1
성북구,동선동3가,2026,9,월세,연립다세대,3,27500.0,18666.7,15299.8,14250.0,27500.0,10.0,26.67,28.87,3,1
성북구,동선동3가,2026,9,전세,오피스텔,1,16900.0,16900.0,,16900.0,16900.0,,,,1,1
성북구,동선동4가,2021,1,월세,연립다세대,4,2000.0,1750.0,500.0,1750.0,2000.0,56.0,56.75,2.36,0,0
성북구,동선동4가,2021,1,월세,오피스텔,4,5500.0,4625.0,2495.8,4000.0,6125.0,54.0,57.25,25.22,0,0
성북구,동선동4가,2021,1,전세,오피스텔,2,14600.0,14600.0,141.4,14550.0,14650.0,,,,0,0
성북구,동선동4가,2021,2,월세,연립다세대,2,2500.0,2500.0,707.1,2250.0,2750.0,55.0,55.0,7.07,0,0
성북구,동선동4가,2021,2,월세,오피스텔,4,2500.0,2750.0,1707.8,1750.0,3500.0,47.5,48.75,10.31,1,0
성북구,동선동4가,2021,3,월세,오피스텔,4,5000.0,4750.0,2986.1,3250.0,6500.0,45.0,55.0,38.73,0,0
성북구,동선동4가,2021,3,전세,연립다세대,1,6000.0,6000.0,,6000.0,6000.0,,,,0,0
성북구,동선동4가,2021,3,전세,오피스텔,1,14500.0,14500.0,,14500.0,14500.0,,,,0,0
성북구,동선동4가,2021,4,월세,오피스텔,1,5000.0,5000.0,,5000.0,5000.0,40.0,40.0,,1,0
성북구,동선동4가,2021,4,전세,오피스텔,1,1000.0,1000.0,,1000.0,1000.0,,,,0,0
성북구,동선동4가,2021,5,월세,연립다세대,1,1000.0,1000.0,,1000.0,1000.0,55.0,55.0,,0,0
성북구,동선동4가,2021,5,월세,오피스텔,1,4000.0,4000.0,,4000.0,4000.0,50.0,50.0,,0,0
성북구,동선동4가,2021,6,월세,연립다세대,5,2000.0,2200.0,836.7,2000.0,3000.0,50.0,51.2,3.83,5,0
성북구,동선동4가,2021,6,월세,오피스텔,9,1000.0,1422.2,1411.4,800.0,1000.0,60.0,60.0,9.34,8,0
성북구,동선동4가,2021,6,전세,연립다세대,2,21325.0,21325.0,18844.4,14662.5,27987.5,,,,2,0
성북구,동선동4가,2021,6,전세,오피스텔,7,10000.0,9785.7,1911.7,10000.0,10000.0,,,,6,0
성북구,동선동4가,2021,7,월세,연립다세대,6,2238.5,2520.7,1394.7,1735.25,2869.25,30.5,35.33,16.98,3,0
성북구,동선동4가,2021,7,월세,오피스텔,2,750.0,750.0,353.6,625.0,875.0,63.0,63.0,4.24,2,0
성북구,동선동4가,2021,7,전세,연립다세대,4,8000.0,11925.0,10084.1,5750.0,14175.0,,,,2,0
성북구,동선동4가,2021,7,전세,오피스텔,2,12500.0,12500.0,3535.5,11250.0,13750.0,,,,2,0
성북구,동선동4가,2021,8,월세,연립다세대,6,5000.0,4833.3,2228.6,5000.0,5000.0,40.0,41.67,8.16,4,0
성북구,동선동4가,2021,8,월세,오피스텔,7,2000.0,1714.3,1074.6,750.0,2500.0,65.0,79.29,25.89,7,0
성북구,동선동4가,2021,8,전세,오피스텔,1,17000.0,17000.0,,17000.0,17000.0,,,,1,0
성북구,동선동4가,2021,9,월세,연립다세대,3,5000.0,3500.0,2598.1,2750.0,5000.0,43.0,58.67,27.14,3,0
성북구,동선동4가,2021,9,월세,오피스텔,6,3000.0,3750.0,3460.5,1500.0,4500.0,52.0,49.83,16.74,6,0
성북구,동선동4가,2021,9,전세,연립다세대,4,18050.0,18050.0,9295.3,10000.0,26100.0,,,,3,0
성북구,동선동4가,2021,10,월세,연립다세대,1,3000.0,3000.0,,3000.0,3000.0,50.0,50.0,,1,0
성북구,동선동4가,2021,10,월세,오피스텔,3,1000.0,1800.0,1385.6,1000.0,2200.0,57.0,56.33,7.02,3,0
성북구,동선동4가,2021,10,전세,연립다세대,1,12000.0,12000.0,,12000.0,12000.0,,,,1,0
성북구,동선동4가,2021,10,전세,오피스텔,1,11000.0,11000.0,,11000.0,11000.0,,,,1,0
성북구,동선동4가,2021,11,월세,오피스텔,1,10000.0,10000.0,,10000.0,10000.0,30.0,30.0,,1,0
성북구,동선동4가,2021,11,전세,연립다세대,1,28000.0,28000.0,,28000.0,28000.0,,,,1,0
성북구,동선동4가,2021,11,전세,오피스텔,1,12000.0,12000.0,,12000.0,12000.0,,,,1,0
성북구,동선동4가,2021,12,월세,연립다세대,1,1000.0,1000.0,,1000.0,1000.0,60.0,60.0,,1,0
성북구,동선동4가,2021,12,월세,오피스텔,5,2000.0,3600.0,3781.5,1000.0,4000.0,60.0,58.0,10.46,5,0
성북구,동선동4가,2021,12,전세,연립다세대,1,18900.0,18900.0,,18900.0,18900.0,,,,0,0
성북구,동선동4가,2021,12,전세,오피스텔,1,12000.0,12000.0,,12000.0,12000.0,,,,0,0
성북구,동선동4가,2022,1,월세,연립다세대,3,1000.0,2085.0,1879.3,1000.0,2627.5,50.0,39.67,27.02,2,0
성북구,동선동4가,2022,1,월세,오피스텔,9,2000.0,2666.7,1658.3,1000.0,4000.0,65.0,66.44,25.27,7,0
성북구,동선동4가,2022,1,전세,연립다세대,3,26000.0,19700.0,10998.6,16500.0,26050.0,,,,1,0
성북구,동선동4가,2022,2,월세,연립다세대,4,2078.0,2539.0,1751.8,1492.0,3125.0,39.5,39.0,16.91,3,0
성북구,동선동4가,2022,2,월세,오피스텔,4,1000.0,1200.0,541.6,950.0,1250.0,61.5,60.5,7.14,1,0
성북구,동선동4가,2022,2,전세,연립다세대,1,36000.0,36000.0,,36000.0,36000.0,,,,1,0
성북구,동선동4가,2022,2,전세,오피스텔,1,10000.0,10000.0,,10000.0,10000.0,,,,1,0
성북구,동선동4가,2022,3,월세,연립다세대,2,500.0,500.0,0.0,500.0,500.0,63.0,63.0,0.0,0,0
성북구,동선동4가,2022,3,월세,오피스텔,9,3000.0,2777.8,1938.3,1000.0,4000.0,69.0,66.33,18.28,5,0
성북구,동선동4가,2022,4,월세,오피스텔,2,4000.0,4000.0,1414.2,3500.0,4500.0,61.5,61.5,26.16,1,0
성북구,동선동4가,2022,4,전세,연립다세대,1,30450.0,30450.0,,30450.0,30450.0,,,,0,0
성북구,동선동4가,2022,4,전세,오피스텔,2,14000.0,14000.0,0.0,14000.0,14000.0,,,,2,0
성북구,동선동4가,2022,5,월세,연립다세대,1,1000.0,1000.0,,1000.0,1000.0,100.0,100.0,,1,0
성북구,동선동4가,2022,5,월세,오피스텔,7,1000.0,2357.1,2625.4,1000.0,2500.0,65.0,67.29,32.46,6,0
성북구,동선동4가,2022,5,전세,오피스텔,3,13000.0,17666.7,8962.9,12500.0,20500.0,,,,2,0
성북구,동선동4가,2022,6,월세,연립다세대,1,3000.0,3000.0,,3000.0,3000.0,55.0,55.0,,1,0
성북구,동선동4가,2022,6,월세,오피스텔,5,1000.0,900.0,223.6,1000.0,1000.0,68.0,67.8,1.48,5,0
성북구,동선동4가,2022,6,전세,오피스텔,1,14000.0,14000.0,,14000.0,14000.0,,,,1,0
성북구,동선동4가,2022,7,월세,연립다세대,4,1000.0,1750.0,1500.0,1000.0,1750.0,60.0,57.5,5.0,4,0
성북구,동선동4가,2022,7,월세,오피스텔,4,1000.0,1000.0,0.0,1000.0,1000.0,68.5,68.0,2.45,4,0
성북구,동선동4가,2022,8,월세,연립다세대,3,3000.0,6333.3,7571.9,2000.0,9000.0,57.0,55.67,5.13,2,0
성북구,동선동4가,2022,8,월세,오피스텔,4,4000.0,4250.0,3304.0,1750.0,6500.0,43.0,45.25,19.67,3,0
성북구,동선동4가,2022,8,전세,연립다세대,2,35000.0,35000.0,0.0,35000.0,35000.0,,,,2,0
성북구,동선동4가,2022,8,전세,오피스텔,1,14000.0,14000.0,,14000.0,14000.0,,,,1,0
성북구,동선동4가,2022,9,월세,연립다세대,2,2000.0,2000.0,1414.2,1500.0,2500.0,52.5,52.5,3.54,2,0
성북구,동선동4가,2022,9,월세,오피스텔,2,2750.0,2750.0,3182.0,1625.0,3875.0,56.5,56.5,16.26,1,0
성북구,동선동4가,2022,10,월세,오피스텔,1,1000.0,1000.0,,1000.0,1000.0,65.0,65.0,,1,0
성북구,동선동4가,2022,11,월세,연립다세대,1,2000.0,2000.0,,2000.0,2000.0,60.0,60.0,,1,0
성북구,동선동4가,2022,11,월세,오피스텔,1,2000.0,2000.0,,2000.0,2000.0,100.0,100.0,,1,0
성북구,동선동4가,2022,11,전세,연립다세대,1,12000.0,12000.0,,12000.0,12000.0,,,,1,0
성북구,동선동4가,2022,12,월세,연립다세대,1,4124.0,4124.0,,4124.0,4124.0,17.0,17.0,,0,0
성북구,동선동4가,2022,12,월세,오피스텔,4,1000.0,4200.0,6400.0,1000.0,4200.0,65.0,50.25,31.53,4,0
성북구,동선동4가,2022,12,전세,오피스텔,1,12000.0,12000.0,,12000.0,12000.0,,,,1,0
성북구,동선동4가,2023,1,월세,연립다세대,6,1000.0,2333.3,2065.6,1000.0,4000.0,54.0,55.5,6.86,6,0
성북구,동선동4가,2023,1,월세,오피스텔,10,5000.0,5160.0,4649.3,1250.0,5000.0,50.0,50.9,27.38,8,0
성북구,동선동4가,2023,2,월세,연립다세대,2,3500.0,3500.0,2121.3,2750.0,4250.0,56.0,56.0,12.73,2,0
성북구,동선동4가,2023,2,월세,오피스텔,8,2000.0,2750.0,1982.1,1000.0,5000.0,65.0,62.38,16.3,6,0
성북구,동선동4가,2023,3,월세,연립다세대,1,23000.0,23000.0,,23000.0,23000.0,10.0,10.0,,1,0
성북구,동선동4가,2023,3,월세,오피스텔,1,1000.0,1000.0,,1000.0,1000.0,68.0,68.0,,1,0
성북구,동선동4가,2023,4,월세,오피스텔,2,5500.0,5500.0,3535.5,4250.0,6750.0,37.5,37.5,24.75,1,0
성북구,동선동4가,2023,4,전세,연립다세대,1,26700.0,26700.0,,26700.0,26700.0,,,,0,0
성북구,동선동4가,2023,4,전세,오피스텔,1,15000.0,15000.0,,15000.0,15000.0,,,,1,0
성북구,동선동4가,2023,5,월세,연립다세대,2,3000.0,3000.0,2828.4,2000.0,4000.0,54.5,54.5,17.68,1,0
성북구,동선동4가,2023,5,월세,오피스텔,4,1000.0,1250.0,500.0,1000.0,1250.0,66.5,65.25,9.18,2,0
성북구,동선동4가,2023,5,전세,연립다세대,1,10000.0,10000.0,,10000.0,10000.0,,,,0,0
성북구,동선동4가,2023,5,전세,오피스텔,1,12000.0,12000.0,,12000.0,12000.0,,,,0,0
성북구,동선동4가,2023,6,월세,연립다세대,2,3000.0,3000.0,2828.4,2000.0,4000.0,54.0,54.0,5.66,2,0
성북구,동선동4가,2023,6,월세,오피스텔,5,1000.0,1800.0,1788.9,1000.0,1000.0,65.0,62.4,8.73,5,0
성북구,동선동4가,2023,7,월세,연립다세대,1,1000.0,1000.0,,1000.0,1000.0,58.0,58.0,,1,0
성북구,동선동4가,2023,7,월세,오피스텔,5,1000.0,1000.0,0.0,1000.0,1000.0,65.0,63.4,7.06,5,0
성북구,동선동4가,2023,7,전세,연립다세대,1,34700.0,34700.0,,34700.0,34700.0,,,,0,0
성북구,동선동4가,2023,8,월세,오피스텔,3,1000.0,1666.7,1154.7,1000.0,2000.0,65.0,63.33,7.64,2,0
성북구,동선동4가,2023,9,월세,연립다세대,3,4037.0,4679.0,3051.1,3018.5,6018.5,30.0,43.33,32.15,3,0
성북구,동선동4가,2023,9,월세,오피스텔,2,750.0,750.0,353.6,625.0,875.0,69.0,69.0,1.41,2,0
성북구,동선동4가,2023,9,전세,오피스텔,1,22500.0,22500.0,,22500.0,22500.0,,,,1,0
성북구,동선동4가,2023,10,월세,연립다세대,1,4000.0,4000.0,,4000.0,4000.0,55.0,55.0,,1,0
성북구,동선동4가,2023,10,월세,오피스텔,5,1000.0,2800.0,4024.9,1000.0,1000.0,62.0,56.6,23.18,4,0
성북구,동선동4가,2023,10,전세,오피스텔,2,11750.0,11750.0,353.6,11625.0,11875.0,,,,0,0
성북구,동선동4가,2023,11,월세,연립다세대,3,1000.0,2333.3,2309.4,1000.0,3000.0,60.0,58.33,10.6,2,0
성북구,동선동4가,2023,11,월세,오피스텔,5,3000.0,2600.0,1673.3,1000.0,3000.0,65.0,75.2,21.63,4,0
성북구,동선동4가,2023,11,전세,연립다세대,1,10500.0,10500.0,,10500.0,10500.0,,,,1,0
성북구,동선동4가,2023,12,월세,연립다세대,4,2000.0,2750.0,2362.9,1000.0,3750.0,62.5,56.25,17.97,3,0
성북구,동선동4가,2023,12,월세,오피스텔,8,3000.0,5000.0,4504.0,2000.0,6500.0,60.0,56.62,19.99,8,0
성북구,동선동4가,2023,12,전세,연립다세대,2,16700.0,16700.0,3818.4,15350.0,18050.0,,,,1,0
성북구,동선동4가,2024,1,월세,연립다세대,7,3000.0,3285.7,1799.5,2000.0,5000.0,50.0,51.43,4.28,6,0
성북구,동선동4가,2024,1,월세,오피스텔,16,3000.0,5062.5,5755.8,1000.0,8500.0,65.0,53.19,23.39,15,0
성북구,동선동4가,2024,2,월세,연립다세대,4,2500.0,2250.0,957.4,1750.0,3000.0,54.5,64.75,23.63,4,0
성북구,동선동4가,2024,2,월세,오피스텔,5,3000.0,2280.0,1179.8,1000.0,3000.0,70.0,71.6,15.82,5,0
성북구,동선동4가,2024,2,전세,연립다세대,1,25000.0,25000.0,,25000.0,25000.0,,,,1,0
성북구,동선동4가,2024,2,전세,오피스텔,1,14000.0,14000.0,,14000.0,14000.0,,,,1,0
성북구,동선동4가,2024,3,월세,연립다세대,1,1000.0,1000.0,,1000.0,1000.0,65.0,65.0,,1,0
성북구,동선동4가,2024,3,월세,오피스텔,2,8750.0,8750.0,5303.3,6875.0,10625.0,32.0,32.0,29.7,1,0
성북구,동선동4가,2024,4,월세,연립다세대,5,3000.0,3010.0,1204.4,3000.0,4000.0,55.0,65.0,22.76,4,0
성북구,동선동4가,2024,4,월세,오피스텔,4,2000.0,2337.5,1993.1,875.0,3462.5,80.0,77.75,21.76,3,0
성북구,동선동4가,2024,5,월세,연립다세대,1,3400.0,3400.0,,3400.0,3400.0,49.0,49.0,,1,0
성북구,동선동4가,2024,5,월세,오피스텔,6,8000.0,9333.3,9373.7,3500.0,9500.0,25.0,44.5,40.49,5,0
성북구,동선동4가,2024,5,전세,연립다세대,1,13000.0,13000.0,,13000.0,13000.0,,,,1,0
성북구,동선동4가,2024,6,월세,오피스텔,4,2000.0,2000.0,1154.7,1000.0,3000.0,66.0,68.5,12.23,4,0
성북구,동선동4가,2024,6,전세,연립다세대,1,8000.0,8000.0,,8000.0,8000.0,,,,0,0
성북구,동선동4가,2024,6,전세,오피스텔,1,14000.0,14000.0,,14000.0,14000.0,,,,1,0
성북구,동선동4가,2024,7,월세,연립다세대,3,1000.0,1243.0,420.9,1000.0,1364.5,54.0,46.67,20.98,3,0
성북구,동선동4가,2024,7,월세,오피스텔,9,2000.0,2777.8,1922.1,1000.0,5000.0,57.0,65.56,18.67,9,0
성북구,동선동4가,2024,7,전세,연립다세대,1,33000.0,33000.0,,33000.0,33000.0,,,,0,0
성북구,동선동4가,2024,7,전세,오피스텔,1,15000.0,15000.0,,15000.0,15000.0,,,,1,0
성북구,동선동4가,2024,8,월세,연립다세대,3,1000.0,1800.0,1385.6,1000.0,2200.0,63.0,72.33,24.38,2,0
성북구,동선동4가,2024,8,월세,오피스텔,9,4000.0,4111.1,2571.2,3000.0,5000.0,55.0,50.11,17.0,8,0
성북구,동선동4가,2024,8,전세,오피스텔,1,14000.0,14000.0,,14000.0,14000.0,,,,1,0
성북구,동선동4가,2024,9,월세,오피스텔,2,2000.0,2000.0,1414.2,1500.0,2500.0,63.5,63.5,4.95,2,0
성북구,동선동4가,2024,10,월세,연립다세대,1,25500.0,25500.0,,25500.0,25500.0,16.0,16.0,,0,0
성북구,동선동4가,2024,10,월세,오피스텔,5,2000.0,2480.0,1718.1,1000.0,3400.0,57.0,53.2,19.03,5,0
성북구,동선동4가,2024,10,전세,오피스텔,1,14000.0,14000.0,,14000.0,14000.0,,,,1,0
성북구,동선동4가,2024,11,월세,연립다세대,3,6000.0,6333.3,5507.6,3500.0,9000.0,45.0,33.33,26.5,2,0
성북구,동선동4가,2024,11,월세,오피스텔,4,1000.0,2000.0,2000.0,1000.0,2000.0,65.0,72.5,26.3,4,0
성북구,동선동4가,2024,11,전세,오피스텔,1,14000.0,14000.0,,14000.0,14000.0,,,,1,0
성북구,동선동4가,2024,12,월세,연립다세대,3,1000.0,4000.0,5634.7,750.0,5750.0,53.0,43.33,37.45,2,0
성북구,동선동4가,2024,12,월세,오피스텔,20,1000.0,3785.0,4652.4,1000.0,4000.0,67.5,58.75,27.56,17,0
성북구,동선동4가,2024,12,전세,연립다세대,1,20000.0,20000.0,,20000.0,20000.0,,,,1,0
성북구,동선동4가,2025,1,월세,연립다세대,7,3400.0,3103.9,1804.2,1430.5,4733.0,53.0,46.0,21.42,3,0
성북구,동선동4가,2025,1,월세,오피스텔,13,1000.0,3392.3,4197.3,1000.0,3000.0,66.0,61.31,25.93,8,0
성북구,동선동4가,2025,1,전세,오피스텔,1,14000.0,14000.0,,14000.0,14000.0,,,,1,0
성북구,동선동4가,2025,2,월세,연립다세대,2,5000.0,5000.0,0.0,5000.0,5000.0,58.0,58.0,0.0,2,0
성북구,동선동4가,2025,2,월세,오피스텔,14,1500.0,3000.0,2801.1,1000.0,4500.0,63.5,58.14,16.22,12,0
성북구,동선동4가,2025,2,전세,연립다세대,1,6000.0,6000.0,,6000.0,6000.0,,,,1,0
성북구,동선동4가,2025,3,월세,연립다세대,1,1000.0,1000.0,,1000.0,1000.0,53.0,53.0,,1,0
성북구,동선동4가,2025,3,월세,오피스텔,3,5000.0,6866.7,5064.9,4000.0,8800.0,39.0,48.0,38.3,1,0
성북구,동선동4가,2025,4,월세,연립다세대,2,14375.0,14375.0,15521.0,8887.5,19862.5,30.0,30.0,26.87,1,0
성북구,동선동4가,2025,4,월세,오피스텔,3,3000.0,3000.0,2000.0,2000.0,4000.0,65.0,71.67,25.66,2,0
성북구,동선동4가,2025,4,전세,오피스텔,1,15000.0,15000.0,,15000.0,15000.0,,,,1,0
성북구,동선동4가,2025,5,월세,오피스텔,4,1000.0,875.0,250.0,875.0,1000.0,66.0,65.5,4.43,3,0
성북구,동선동4가,2025,5,전세,오피스텔,1,14000.0,14000.0,,14000.0,14000.0,,,,1,0
성북구,동선동4가,2025,6,월세,연립다세대,2,10000.0,10000.0,0.0,10000.0,10000.0,2.0,2.0,0.0,2,0
성북구,동선동4가,2025,6,월세,오피스텔,11,1000.0,3236.4,3585.3,1000.0,4000.0,61.0,57.82,16.22,10,0
성북구,동선동4가,2025,7,월세,연립다세대,1,3400.0,3400.0,,3400.0,3400.0,50.0,50.0,,1,0
성북구,동선동4가,2025,7,월세,오피스텔,8,4800.0,5075.0,3799.2,2500.0,6000.0,54.0,50.12,24.17,5,0
성북구,동선동4가,2025,8,월세,연립다세대,3,1000.0,1800.0,1385.6,1000.0,2200.0,60.0,60.33,0.58,3,0
성북구,동선동4가,2025,8,월세,오피스텔,7,1000.0,1971.4,1629.6,1000.0,2650.0,75.0,74.86,18.65,5,0
성북구,동선동4가,2025,8,전세,연립다세대,1,6000.0,6000.0,,6000.0,6000.0,,,,1,0
성북구,동선동4가,2025,9,월세,연립다세대,2,9563.0,9563.0,7689.1,6844.5,12281.5,43.0,43.0,31.11,1,0
성북구,동선동4가,2025,9,월세,오피스텔,5,1000.0,1200.0,447.2,1000.0,1000.0,85.0,80.8,23.97,3,0
성북구,동선동4가,2025,10,월세,연립다세대,3,3000.0,2466.7,1285.8,2000.0,3200.0,57.0,58.33,6.11,3,0
성북구,동선동4가,2025,10,월세,오피스텔,2,1500.0,1500.0,707.1,1250.0,1750.0,67.5,67.5,3.54,2,0
성북구,동선동4가,2025,11,월세,연립다세대,2,4500.0,4500.0,4949.7,2750.0,6250.0,50.0,50.0,14.14,2,0
성북구,동선동4가,2025,11,월세,오피스텔,10,1500.0,3400.0,3470.5,1000.0,4500.0,61.0,50.0,22.84,7,0
성북구,동선동4가,2025,12,월세,연립다세대,5,1000.0,1960.0,1314.5,1000.0,3400.0,62.0,59.6,6.02,5,0
성북구,동선동4가,2025,12,월세,오피스텔,22,2000.0,3740.9,3789.8,1000.0,5000.0,72.5,71.23,27.57,18,0
성북구,동선동4가,2025,12,전세,연립다세대,1,14000.0,14000.0,,14000.0,14000.0,,,,1,0
성북구,동선동4가,2026,1,월세,연립다세대,3,5000.0,6000.0,3605.6,4000.0,7500.0,30.0,40.33,17.9,2,1
성북구,동선동4가,2026,1,월세,오피스텔,14,1000.0,1885.7,1380.6,1000.0,2750.0,69.5,68.29,10.39,11,1
성북구,동선동4가,2026,1,전세,연립다세대,1,25000.0,25000.0,,25000.0,25000.0,,,,1,1
성북구,동선동4가,2026,2,월세,연립다세대,1,3000.0,3000.0,,3000.0,3000.0,53.0,53.0,,0,1
성북구,동선동4가,2026,2,월세,오피스텔,12,1500.0,4333.3,5175.7,1000.0,5250.0,61.0,60.83,12.65,11,1
성북구,동선동4가,2026,3,월세,오피스텔,3,1000.0,1666.7,1154.7,1000.0,2000.0,65.0,73.33,17.1,3,1
성북구,동선동4가,2026,4,월세,연립다세대,1,3400.0,3400.0,,3400.0,3400.0,52.0,52.0,,0,1
성북구,동선동4가,2026,4,월세,오피스텔,5,1000.0,1400.0,894.4,1000.0,1000.0,70.0,74.0,14.75,4,1
성북구,동선동4가,2026,5,월세,연립다세대,3,3000.0,2466.7,1285.8,2000.0,3200.0,63.0,76.0,29.72,3,1
성북구,동선동4가,2026,5,월세,오피스텔,4,2500.0,4000.0,4082.5,1750.0,4750.0,65.5,64.75,37.75,1,1
성북구,동선동4가,2026,6,월세,연립다세대,4,5500.0,4500.0,2380.5,4000.0,6000.0,55.0,57.0,7.7,4,1
성북구,동선동4가,2026,6,월세,오피스텔,9,3000.0,4000.0,3278.7,1000.0,5000.0,60.0,53.33,23.0,6,1
성북구,동선동4가,2026,6,전세,오피스텔,1,15000.0,15000.0,,15000.0,15000.0,,,,1,1
성북구,동선동4가,2026,7,월세,연립다세대,7,2454.0,3997.6,2748.1,2414.5,5350.0,32.0,36.43,15.67,6,1
성북구,동선동4가,2026,7,월세,오피스텔,5,1000.0,1800.0,1788.9,1000.0,1000.0,61.0,64.4,8.73,4,1
성북구,동선동4가,2026,8,월세,연립다세대,2,9000.0,9000.0,1414.2,8500.0,9500.0,22.0,22.0,25.46,2,1
성북구,동선동4가,2026,8,월세,오피스텔,6,1000.0,1000.0,0.0,1000.0,1000.0,75.0,73.0,6.72,6,1
성북구,동선동4가,2026,9,월세,오피스텔,1,1000.0,1000.0,,1000.0,1000.0,55.0,55.0,,1,1
성북구,동선동5가,2021,1,월세,연립다세대,1,2000.0,2000.0,,2000.0,2000.0,60.0,60.0,,0,0
성북구,동선동5가,2021,1,전세,연립다세대,1,27500.0,27500.0,,27500.0,27500.0,,,,0,0
성북구,동선동5가,2021,2,월세,연립다세대,1,1000.0,1000.0,,1000.0,1000.0,75.0,75.0,,0,0
성북구,동선동5가,2021,2,전세,연립다세대,3,33600.0,34100.0,1705.9,33150.0,34800.0,,,,0,0
성북구,동선동5가,2021,3,월세,연립다세대,1,1500.0,1500.0,,1500.0,1500.0,120.0,120.0,,0,0
성북구,동선동5가,2021,3,전세,연립다세대,1,22000.0,22000.0,,22000.0,22000.0,,,,0,0
성북구,동선동5가,2021,4,월세,연립다세대,1,5000.0,5000.0,,5000.0,5000.0,40.0,40.0,,1,0
성북구,동선동5가,2021,4,전세,연립다세대,1,33600.0,33600.0,,33600.0,33600.0,,,,0,0
성북구,동선동5가,2021,5,월세,연립다세대,1,3000.0,3000.0,,3000.0,3000.0,85.0,85.0,,0,0
성북구,동선동5가,2021,5,전세,연립다세대,3,15500.0,20333.3,10610.5,14250.0,24000.0,,,,0,0
성북구,동선동5가,2021,6,월세,연립다세대,2,3000.0,3000.0,2828.4,2000.0,4000.0,67.5,67.5,31.82,2,0
성북구,동선동5가,2021,6,전세,연립다세대,1,11000.0,11000.0,,11000.0,11000.0,,,,1,0
성북구,동선동5가,2021,7,월세,연립다세대,1,1000.0,1000.0,,1000.0,1000.0,50.0,50.0,,1,0
성북구,동선동5가,2021,7,전세,연립다세대,4,17325.0,17850.0,2572.0,15750.0,19425.0,,,,0,0
성북구,동선동5가,2021,8,월세,연립다세대,4,11500.0,9000.0,5354.1,8500.0,12000.0,30.0,34.75,13.05,3,0
성북구,동선동5가,2021,8,전세,연립다세대,4,23650.0,21875.0,7182.6,18125.0,27400.0,,,,1,0
성북구,동선동5가,2021,9,전세,연립다세대,5,31000.0,25320.0,12155.5,19800.0,34650.0,,,,3,0
성북구,동선동5가,2021,10,월세,연립다세대,1,10000.0,10000.0,,10000.0,10000.0,43.0,43.0,,0,0
성북구,동선동5가,2021,10,전세,연립다세대,8,23750.0,18362.5,9477.6,7000.0,25700.0,,,,2,0
성북구,동선동5가,2021,11,전세,연립다세대,1,27500.0,27500.0,,27500.0,27500.0,,,,1,0
성북구,동선동5가,2021,12,월세,연립다세대,1,2000.0,2000.0,,2000.0,2000.0,80.0,80.0,,1,0
성북구,동선동5가,2021,12,전세,연립다세대,6,27412.5,25745.8,4811.6,27000.0,28181.25,,,,2,0
성북구,동선동5가,2022,1,월세,연립다세대,4,5000.0,5250.0,3685.6,4000.0,6250.0,70.0,65.0,17.32,4,0
성북구,동선동5가,2022,1,전세,연립다세대,4,25450.0,23450.0,9896.3,17750.0,31150.0,,,,3,0
성북구,동선동5가,2022,2,전세,연립다세대,4,11000.0,15475.0,10326.5,10500.0,15975.0,,,,4,0
성북구,동선동5가,2022,3,월세,연립다세대,2,11500.0,11500.0,12020.8,7250.0,15750.0,73.0,73.0,38.18,1,0
성북구,동선동5가,2022,3,전세,연립다세대,4,35450.0,34975.0,4712.0,31425.0,39000.0,,,,4,0
성북구,동선동5가,2022,4,월세,연립다세대,2,3500.0,3500.0,707.1,3250.0,3750.0,55.0,55.0,35.36,1,0
성북구,동선동5가,2022,4,전세,연립다세대,3,9000.0,17666.7,15011.1,9000.0,22000.0,,,,3,0
성북구,동선동5가,2022,5,월세,연립다세대,3,2000.0,10000.0,14730.9,1500.0,14500.0,50.0,55.67,41.79,2,0
성북구,동선동5가,2022,5,전세,연립다세대,4,27000.0,22500.0,9000.0,22500.0,27000.0,,,,1,0
성북구,동선동5가,2022,6,월세,연립다세대,1,5000.0,5000.0,,5000.0,5000.0,20.0,20.0,,0,0
성북구,동선동5가,2022,6,전세,연립다세대,4,13000.0,16000.0,7571.9,11000.0,18000.0,,,,3,0
성북구,동선동5가,2022,7,월세,연립다세대,3,8000.0,7200.0,5841.2,4500.0,10300.0,61.0,51.33,18.5,3,0
성북구,동선동5가,2022,7,전세,연립다세대,1,12000.0,12000.0,,12000.0,12000.0,,,,0,0
성북구,동선동5가,2022,8,월세,연립다세대,1,14000.0,14000.0,,14000.0,14000.0,15.0,15.0,,1,0
성북구,동선동5가,2022,8,전세,연립다세대,1,29400.0,29400.0,,29400.0,29400.0,,,,0,0
성북구,동선동5가,2022,10,전세,연립다세대,2,32250.0,32250.0,353.6,32125.0,32375.0,,,,0,0
성북구,동선동5가,2022,11,전세,연립다세대,6,11750.0,16883.3,11253.5,8000.0,26375.0,,,,4,0
성북구,동선동5가,2022,12,월세,연립다세대,1,18000.0,18000.0,,18000.0,18000.0,25.0,25.0,,0,0
성북구,동선동5가,2022,12,전세,연립다세대,1,29500.0,29500.0,,29500.0,29500.0,,,,0,0
성북구,동선동5가,2023,1,전세,연립다세대,2,15000.0,15000.0,7071.1,12500.0,17500.0,,,,1,0
성북구,동선동5가,2023,2,월세,연립다세대,6,3100.0,3116.7,2078.9,1250.0,4425.0,51.5,51.83,20.89,3,0
성북구,동선동5가,2023,2,전세,연립다세대,1,18500.0,18500.0,,18500.0,18500.0,,,,0,0
성북구,동선동5가,2023,3,월세,연립다세대,4,6500.0,9750.0,10874.3,2500.0,13750.0,79.0,74.5,35.56,4,0
성북구,동선동5가,2023,4,월세,연립다세대,1,5000.0,5000.0,,5000.0,5000.0,25.0,25.0,,0,0
성북구,동선동5가,2023,4,전세,연립다세대,1,26000.0,26000.0,,26000.0,26000.0,,,,1,0
성북구,동선동5가,2023,5,월세,연립다세대,2,1500.0,1500.0,707.1,1250.0,1750.0,70.0,70.0,28.28,2,0
성북구,동선동5가,2023,5,전세,연립다세대,1,29500.0,29500.0,,29500.0,29500.0,,,,1,0
성북구,동선동5가,2023,6,월세,연립다세대,2,1000.0,1000.0,0.0,1000.0,1000.0,50.0,50.0,4.24,2,0
성북구,동선동5가,2023,7,월세,연립다세대,5,10000.0,7600.0,5176.9,2000.0,12000.0,55.0,59.0,20.12,3,0
성북구,동선동5가,2023,7,전세,연립다세대,1,16000.0,16000.0,,16000.0,16000.0,,,,1,0
성북구,동선동5가,2023,8,월세,연립다세대,6,2000.0,4666.7,4131.2,2000.0,8000.0,80.0,78.33,2.58,6,0
성북구,동선동5가,2023,8,전세,연립다세대,2,29800.0,29800.0,0.0,29800.0,29800.0,,,,2,0
성북구,동선동5가,2023,9,월세,연립다세대,2,8500.0,8500.0,4949.7,6750.0,10250.0,50.0,50.0,21.21,2,0
성북구,동선동5가,2023,9,전세,연립다세대,5,27300.0,25780.0,5708.1,26000.0,29800.0,,,,4,0
성북구,동선동5가,2023,10,월세,연립다세대,1,1000.0,1000.0,,1000.0,1000.0,57.0,57.0,,1,0
성북구,동선동5가,2023,10,전세,연립다세대,2,20400.0,20400.0,848.5,20100.0,20700.0,,,,0,0
성북구,동선동5가,2023,11,월세,연립다세대,1,5000.0,5000.0,,5000.0,5000.0,30.0,30.0,,0,0
성북구,동선동5가,2023,11,전세,연립다세대,1,27500.0,27500.0,,27500.0,27500.0,,,,0,0
성북구,동선동5가,2023,12,월세,연립다세대,2,2000.0,2000.0,1414.2,1500.0,2500.0,73.5,73.5,37.48,2,0
성북구,동선동5가,2023,12,전세,연립다세대,3,29000.0,25730.0,5925.5,23945.0,29150.0,,,,1,0
성북구,동선동5가,2024,1,월세,연립다세대,3,23000.0,16733.3,13719.1,12000.0,24600.0,30.0,33.67,27.68,2,0
성북구,동선동5가,2024,1,전세,연립다세대,3,24500.0,19400.0,11714.5,15250.0,26100.0,,,,2,0
성북구,동선동5가,2024,2,월세,연립다세대,6,2000.0,2333.3,1366.3,2000.0,2000.0,80.0,80.0,6.32,6,0
성북구,동선동5가,2024,2,전세,연립다세대,1,3000.0,3000.0,,3000.0,3000.0,,,,1,0
성북구,동선동5가,2024,3,월세,연립다세대,1,3000.0,3000.0,,3000.0,3000.0,130.0,130.0,,1,0
성북구,동선동5가,2024,3,전세,연립다세대,1,34900.0,34900.0,,34900.0,34900.0,,,,0,0
성북구,동선동5가,2024,4,월세,연립다세대,3,1000.0,3666.7,5507.6,500.0,5500.0,100.0,128.0,100.96,3,0
성북구,동선동5가,2024,4,전세,연립다세대,2,16575.0,16575.0,12621.9,12112.5,21037.5,,,,1,0
성북구,동선동5가,2024,5,월세,연립다세대,2,6000.0,6000.0,5656.9,4000.0,8000.0,54.0,54.0,65.05,2,0
성북구,동선동5가,2024,5,전세,연립다세대,4,14250.0,15125.0,7465.2,9500.0,19875.0,,,,4,0
성북구,동선동5가,2024,6,월세,연립다세대,4,1500.0,2875.0,3473.1,875.0,3500.0,40.0,36.25,11.09,4,0
성북구,동선동5가,2024,8,월세,연립다세대,1,1000.0,1000.0,,1000.0,1000.0,84.0,84.0,,1,0
성북구,동선동5가,2024,8,전세,연립다세대,1,32500.0,32500.0,,32500.0,32500.0,,,,1,0
성북구,동선동5가,2024,9,월세,연립다세대,1,3000.0,3000.0,,3000.0,3000.0,83.0,83.0,,1,0
성북구,동선동5가,2024,9,전세,연립다세대,1,32000.0,32000.0,,32000.0,32000.0,,,,1,0
성북구,동선동5가,2024,10,월세,연립다세대,3,2000.0,2000.0,0.0,2000.0,2000.0,85.0,85.0,0.0,3,0
성북구,동선동5가,2024,10,전세,연립다세대,4,18000.0,17500.0,8185.4,11250.0,24250.0,,,,4,0
성북구,동선동5가,2024,11,월세,연립다세대,9,2000.0,3555.6,3711.8,1000.0,3000.0,80.0,66.78,21.59,9,0
성북구,동선동5가,2024,11,전세,연립다세대,1,5200.0,5200.0,,5200.0,5200.0,,,,1,0
성북구,동선동5가,2025,1,월세,연립다세대,2,5500.0,5500.0,6364.0,3250.0,7750.0,66.5,66.5,16.26,2,0
성북구,동선동5가,2025,2,월세,연립다세대,3,5000.0,4333.3,3055.1,3000.0,6000.0,60.0,61.67,7.64,1,0
성북구,동선동5가,2025,3,월세,연립다세대,3,5000.0,12333.3,15373.1,3500.0,17500.0,40.0,53.33,41.63,3,0
성북구,동선동5가,2025,3,전세,연립다세대,1,20500.0,20500.0,,20500.0,20500.0,,,,1,0
성북구,동선동5가,2025,4,월세,연립다세대,3,2000.0,2000.0,1000.0,1500.0,2500.0,85.0,80.33,8.08,3,0
성북구,동선동5가,2025,5,월세,연립다세대,3,5000.0,10666.7,12503.3,3500.0,15000.0,80.0,65.0,30.41,3,0
성북구,동선동5가,2025,6,월세,연립다세대,2,13500.0,13500.0,17677.7,7250.0,19750.0,48.5,48.5,61.52,1,0
성북구,동선동5가,2025,6,전세,연립다세대,3,19000.0,19000.0,0.0,19000.0,19000.0,,,,3,0
성북구,동선동5가,2025,7,월세,연립다세대,3,2000.0,6000.0,7810.2,1500.0,8500.0,80.0,63.33,47.26,2,0
성북구,동선동5가,2025,7,전세,연립다세대,2,11500.0,11500.0,6364.0,9250.0,13750.0,,,,2,0
성북구,동선동5가,2025,8,월세,연립다세대,6,1500.0,5100.0,8464.0,625.0,4250.0,68.0,68.83,31.99,3,0
성북구,동선동5가,2025,8,전세,연립다세대,3,19100.0,21400.0,3983.7,19100.0,22550.0,,,,2,0
성북구,동선동5가,2025,9,월세,연립다세대,2,5500.0,5500.0,6364.0,3250.0,7750.0,60.5,60.5,20.51,2,0
성북구,동선동5가,2025,9,전세,연립다세대,1,20000.0,20000.0,,20000.0,20000.0,,,,0,0
성북구,동선동5가,2025,10,월세,연립다세대,1,3000.0,3000.0,,3000.0,3000.0,85.0,85.0,,1,0
성북구,동선동5가,2025,10,전세,연립다세대,4,27900.0,27825.0,2406.1,25875.0,29850.0,,,,3,0
성북구,동선동5가,2025,11,월세,연립다세대,1,1000.0,1000.0,,1000.0,1000.0,50.0,50.0,,1,0
성북구,동선동5가,2025,11,전세,연립다세대,3,30000.0,28000.0,5291.5,26000.0,31000.0,,,,2,0
성북구,동선동5가,2025,12,월세,연립다세대,4,4500.0,9375.0,12256.8,2500.0,11375.0,32.5,30.25,20.82,3,0
성북구,동선동5가,2025,12,전세,연립다세대,1,25800.0,25800.0,,25800.0,25800.0,,,,0,0
성북구,동선동5가,2026,1,월세,연립다세대,5,23000.0,17560.0,10462.7,10000.0,25800.0,35.0,38.0,28.42,3,1
성북구,동선동5가,2026,2,전세,연립다세대,1,7700.0,7700.0,,7700.0,7700.0,,,,1,1
성북구,동선동5가,2026,3,월세,연립다세대,5,5000.0,9600.0,11523.9,3000.0,7000.0,50.0,57.0,19.87,4,1
성북구,동선동5가,2026,3,전세,연립다세대,1,7800.0,7800.0,,7800.0,7800.0,,,,1,1
성북구,동선동5가,2026,4,월세,연립다세대,2,2500.0,2500.0,707.1,2250.0,2750.0,70.5,70.5,14.85,2,1
성북구,동선동5가,2026,6,월세,연립다세대,1,2000.0,2000.0,,2000.0,2000.0,105.0,105.0,,1,1
성북구,동선동5가,2026,7,월세,연립다세대,2,9500.0,9500.0,6364.0,7250.0,11750.0,39.0,39.0,12.73,2,1
성북구,동선동5가,2026,7,전세,연립다세대,1,35000.0,35000.0,,35000.0,35000.0,,,,1,1
성북구,동선동5가,2026,8,월세,연립다세대,3,3000.0,3500.0,2783.9,2000.0,4750.0,58.0,62.67,55.15,2,1
성북구,동소문동1가,2021,1,전세,연립다세대,2,35000.0,35000.0,0.0,35000.0,35000.0,,,,0,0
성북구,동소문동1가,2021,2,월세,연립다세대,1,27000.0,27000.0,,27000.0,27000.0,25.0,25.0,,0,0
성북구,동소문동1가,2021,3,월세,연립다세대,1,20000.0,20000.0,,20000.0,20000.0,44.0,44.0,,0,0
성북구,동소문동1가,2021,4,전세,연립다세대,1,26000.0,26000.0,,26000.0,26000.0,,,,0,0
성북구,동소문동1가,2021,6,전세,연립다세대,1,52000.0,52000.0,,52000.0,52000.0,,,,1,0
성북구,동소문동1가,2021,7,전세,연립다세대,1,25000.0,25000.0,,25000.0,25000.0,,,,1,0
성북구,동소문동1가,2021,12,전세,연립다세대,1,23000.0,23000.0,,23000.0,23000.0,,,,0,0
성북구,동소문동1가,2022,2,전세,연립다세대,1,24000.0,24000.0,,24000.0,24000.0,,,,0,0
성북구,동소문동1가,2022,4,전세,연립다세대,4,19250.0,17875.0,4250.0,16125.0,21000.0,,,,0,0
성북구,동소문동1가,2022,5,전세,연립다세대,2,29750.0,29750.0,6717.5,27375.0,32125.0,,,,1,0
성북구,동소문동1가,2022,6,전세,연립다세대,3,27000.0,27366.7,2470.5,26050.0,28500.0,,,,1,0
성북구,동소문동1가,2022,7,전세,연립다세대,2,33000.0,33000.0,9899.5,29500.0,36500.0,,,,1,0
성북구,동소문동1가,2022,8,월세,연립다세대,2,12500.0,12500.0,3535.5,11250.0,13750.0,140.0,140.0,14.14,2,0
성북구,동소문동1가,2022,9,전세,연립다세대,2,27000.0,27000.0,0.0,27000.0,27000.0,,,,0,0
성북구,동소문동1가,2022,10,월세,연립다세대,1,10000.0,10000.0,,10000.0,10000.0,90.0,90.0,,0,0
성북구,동소문동1가,2022,11,월세,연립다세대,1,40000.0,40000.0,,40000.0,40000.0,30.0,30.0,,1,0
성북구,동소문동1가,2022,12,월세,연립다세대,1,15000.0,15000.0,,15000.0,15000.0,75.0,75.0,,1,0
성북구,동소문동1가,2023,2,전세,연립다세대,1,22000.0,22000.0,,22000.0,22000.0,,,,1,0
성북구,동소문동1가,2023,3,월세,연립다세대,1,10000.0,10000.0,,10000.0,10000.0,21.0,21.0,,1,0
성북구,동소문동1가,2023,7,월세,연립다세대,1,12000.0,12000.0,,12000.0,12000.0,50.0,50.0,,1,0
성북구,동소문동1가,2023,7,전세,연립다세대,1,45000.0,45000.0,,45000.0,45000.0,,,,1,0
성북구,동소문동1가,2023,8,월세,연립다세대,1,6000.0,6000.0,,6000.0,6000.0,50.0,50.0,,0,0
성북구,동소문동1가,2023,8,전세,연립다세대,2,31875.0,31875.0,22804.2,23812.5,39937.5,,,,1,0
성북구,동소문동1가,2023,10,월세,연립다세대,2,4000.0,4000.0,1414.2,3500.0,4500.0,100.0,100.0,28.28,2,0
성북구,동소문동1가,2023,10,전세,연립다세대,1,15000.0,15000.0,,15000.0,15000.0,,,,1,0
성북구,동소문동1가,2023,11,월세,연립다세대,1,5000.0,5000.0,,5000.0,5000.0,70.0,70.0,,1,0
성북구,동소문동1가,2023,11,전세,연립다세대,2,39000.0,39000.0,19799.0,32000.0,46000.0,,,,2,0
성북구,동소문동1가,2023,12,전세,연립다세대,1,50000.0,50000.0,,50000.0,50000.0,,,,1,0
성북구,동소문동1가,2024,1,월세,연립다세대,2,17500.0,17500.0,10606.6,13750.0,21250.0,47.0,47.0,4.24,1,0
성북구,동소문동1가,2024,2,전세,연립다세대,2,23000.0,23000.0,4242.6,21500.0,24500.0,,,,2,0
성북구,동소문동1가,2024,3,월세,연립다세대,3,10000.0,9700.0,519.6,9550.0,10000.0,43.0,44.67,2.89,1,0
성북구,동소문동1가,2024,3,전세,연립다세대,1,41000.0,41000.0,,41000.0,41000.0,,,,1,0
성북구,동소문동1가,2024,4,전세,연립다세대,1,23000.0,23000.0,,23000.0,23000.0,,,,0,0
성북구,동소문동1가,2024,5,월세,연립다세대,1,22000.0,22000.0,,22000.0,22000.0,30.0,30.0,,1,0
성북구,동소문동1가,2024,7,전세,연립다세대,1,37000.0,37000.0,,37000.0,37000.0,,,,1,0
성북구,동소문동1가,2024,8,월세,연립다세대,2,17500.0,17500.0,13435.0,12750.0,22250.0,33.0,33.0,38.18,2,0
성북구,동소문동1가,2024,10,월세,연립다세대,1,7000.0,7000.0,,7000.0,7000.0,95.0,95.0,,1,0
성북구,동소문동1가,2024,11,전세,연립다세대,1,30000.0,30000.0,,30000.0,30000.0,,,,1,0
성북구,동소문동1가,2025,1,월세,연립다세대,6,11250.0,14050.0,8088.0,9737.5,18125.0,38.5,41.17,14.34,3,0
성북구,동소문동1가,2025,3,월세,연립다세대,2,9500.0,9500.0,707.1,9250.0,9750.0,38.0,38.0,14.14,1,0
성북구,동소문동1가,2025,4,월세,연립다세대,1,10000.0,10000.0,,10000.0,10000.0,24.0,24.0,,0,0
성북구,동소문동1가,2025,5,월세,연립다세대,1,5000.0,5000.0,,5000.0,5000.0,43.0,43.0,,1,0
성북구,동소문동1가,2025,6,월세,연립다세대,1,2000.0,2000.0,,2000.0,2000.0,83.0,83.0,,1,0
성북구,동소문동1가,2025,8,월세,연립다세대,2,8000.0,8000.0,5656.9,6000.0,10000.0,62.5,62.5,10.61,1,0
성북구,동소문동1가,2025,12,월세,연립다세대,1,5000.0,5000.0,,5000.0,5000.0,74.0,74.0,,0,0
성북구,동소문동1가,2026,1,월세,연립다세대,5,15000.0,13500.0,2236.1,12500.0,15000.0,88.0,72.2,24.05,2,1
성북구,동소문동1가,2026,2,월세,연립다세대,2,26125.0,26125.0,176.8,26062.5,26187.5,53.0,53.0,0.0,0,1
성북구,동소문동1가,2026,2,전세,연립다세대,1,25211.0,25211.0,,25211.0,25211.0,,,,0,1
성북구,동소문동1가,2026,3,월세,연립다세대,4,9850.0,9425.0,960.5,9275.0,10000.0,50.0,48.25,15.24,3,1
성북구,동소문동1가,2026,3,전세,연립다세대,4,24950.0,20700.0,11739.7,16750.0,28900.0,,,,1,1
성북구,동소문동1가,2026,4,월세,연립다세대,1,23000.0,23000.0,,23000.0,23000.0,30.0,30.0,,1,1
성북구,동소문동1가,2026,7,월세,연립다세대,2,9950.0,9950.0,70.7,9925.0,9975.0,27.5,27.5,0.71,2,1
성북구,동소문동1가,2026,8,월세,연립다세대,2,8000.0,8000.0,5656.9,6000.0,10000.0,57.0,57.0,24.04,0,1
성북구,동소문동3가,2021,9,월세,연립다세대,1,451.0,451.0,,451.0,451.0,25.0,25.0,,0,0
성북구,동소문동4가,2021,1,월세,연립다세대,1,500.0,500.0,,500.0,500.0,47.0,47.0,,0,0
성북구,동소문동4가,2021,1,월세,오피스텔,2,13000.0,13000.0,0.0,13000.0,13000.0,11.5,11.5,4.95,0,0
성북구,동소문동4가,2021,1,전세,연립다세대,1,30000.0,30000.0,,30000.0,30000.0,,,,0,0
성북구,동소문동4가,2021,2,월세,연립다세대,2,1000.0,1000.0,0.0,1000.0,1000.0,52.0,52.0,2.83,0,0
성북구,동소문동4가,2021,2,월세,오피스텔,1,5000.0,5000.0,,5000.0,5000.0,46.0,46.0,,0,0
성북구,동소문동4가,2021,2,전세,연립다세대,2,24850.0,24850.0,1202.1,24425.0,25275.0,,,,0,0
성북구,동소문동4가,2021,3,월세,연립다세대,2,1500.0,1500.0,707.1,1250.0,1750.0,52.0,52.0,0.0,0,0
성북구,동소문동4가,2021,3,월세,오피스텔,1,1000.0,1000.0,,1000.0,1000.0,62.0,62.0,,0,0
성북구,동소문동4가,2021,3,전세,연립다세대,2,26650.0,26650.0,919.2,26325.0,26975.0,,,,0,0
성북구,동소문동4가,2021,3,전세,오피스텔,1,16000.0,16000.0,,16000.0,16000.0,,,,0,0
성북구,동소문동4가,2021,4,전세,연립다세대,1,35000.0,35000.0,,35000.0,35000.0,,,,0,0
성북구,동소문동4가,2021,4,전세,오피스텔,1,18000.0,18000.0,,18000.0,18000.0,,,,0,0
성북구,동소문동4가,2021,5,월세,연립다세대,1,1000.0,1000.0,,1000.0,1000.0,50.0,50.0,,0,0
성북구,동소문동4가,2021,5,월세,오피스텔,4,2000.0,3750.0,4272.0,1000.0,4750.0,54.5,49.25,13.1,0,0
성북구,동소문동4가,2021,5,전세,연립다세대,3,30000.0,26000.0,6928.2,24000.0,30000.0,,,,0,0
성북구,동소문동4가,2021,5,전세,오피스텔,4,18450.0,18200.0,905.5,17750.0,18900.0,,,,0,0
성북구,동소문동4가,2021,6,월세,오피스텔,2,1000.0,1000.0,0.0,1000.0,1000.0,59.5,59.5,3.54,2,0
성북구,동소문동4가,2021,6,전세,연립다세대,10,29347.5,30852.0,5032.4,29137.5,30101.25,,,,0,0
성북구,동소문동4가,2021,7,월세,연립다세대,3,5000.0,4666.7,1527.5,4000.0,5500.0,47.0,43.67,32.13,1,0
성북구,동소문동4가,2021,7,월세,오피스텔,3,1000.0,1000.0,0.0,1000.0,1000.0,57.0,55.33,2.89,2,0
성북구,동소문동4가,2021,7,전세,연립다세대,3,31000.0,26333.3,8082.9,24000.0,31000.0,,,,2,0
성북구,동소문동4가,2021,8,월세,오피스텔,1,2000.0,2000.0,,2000.0,2000.0,45.0,45.0,,1,0
성북구,동소문동4가,2021,8,전세,연립다세대,1,31000.0,31000.0,,31000.0,31000.0,,,,1,0
성북구,동소문동4가,2021,9,월세,연립다세대,3,4000.0,3000.0,1732.1,2500.0,4000.0,70.0,60.0,17.32,3,0
성북구,동소문동4가,2021,11,월세,연립다세대,5,1000.0,10600.0,16890.8,1000.0,10000.0,55.0,46.4,16.65,5,0
성북구,동소문동4가,2021,11,월세,오피스텔,4,1000.0,2250.0,2500.0,1000.0,2250.0,66.0,72.25,22.82,3,0
성북구,동소문동4가,2021,11,전세,연립다세대,2,30500.0,30500.0,707.1,30250.0,30750.0,,,,1,0
성북구,동소문동4가,2021,12,월세,연립다세대,2,2000.0,2000.0,0.0,2000.0,2000.0,53.5,53.5,2.12,2,0
성북구,동소문동4가,2021,12,월세,오피스텔,3,1000.0,3000.0,3464.1,1000.0,4000.0,67.0,76.33,30.11,3,0
성북구,동소문동4가,2022,1,월세,연립다세대,4,1500.0,5875.0,9437.3,875.0,6500.0,46.0,40.5,18.19,3,0
성북구,동소문동4가,2022,1,월세,오피스텔,3,1000.0,1666.7,1154.7,1000.0,2000.0,70.0,64.0,10.39,1,0
성북구,동소문동4가,2022,1,전세,연립다세대,2,28000.0,28000.0,0.0,28000.0,28000.0,,,,1,0
성북구,동소문동4가,2022,1,전세,오피스텔,1,18500.0,18500.0,,18500.0,18500.0,,,,1,0
성북구,동소문동4가,2022,2,월세,연립다세대,2,750.0,750.0,353.6,625.0,875.0,44.0,44.0,5.66,2,0
성북구,동소문동4가,2022,3,월세,오피스텔,3,1000.0,2000.0,1732.1,1000.0,2500.0,60.0,88.33,53.46,3,0
성북구,동소문동4가,2022,3,전세,연립다세대,2,30000.0,30000.0,7071.1,27500.0,32500.0,,,,2,0
성북구,동소문동4가,2022,3,전세,오피스텔,1,32550.0,32550.0,,32550.0,32550.0,,,,0,0
성북구,동소문동4가,2022,4,월세,연립다세대,2,750.0,750.0,353.6,625.0,875.0,43.5,43.5,4.95,2,0
성북구,동소문동4가,2022,5,월세,연립다세대,1,500.0,500.0,,500.0,500.0,47.0,47.0,,1,0
성북구,동소문동4가,2022,5,월세,오피스텔,2,10500.0,10500.0,4949.7,8750.0,12250.0,65.0,65.0,63.64,2,0
성북구,동소문동4가,2022,5,전세,연립다세대,2,24500.0,24500.0,10606.6,20750.0,28250.0,,,,1,0
성북구,동소문동4가,2022,5,전세,오피스텔,1,29400.0,29400.0,,29400.0,29400.0,,,,0,0
성북구,동소문동4가,2022,6,월세,연립다세대,1,15500.0,15500.0,,15500.0,15500.0,51.0,51.0,,0,0
성북구,동소문동4가,2022,6,월세,오피스텔,1,1000.0,1000.0,,1000.0,1000.0,55.0,55.0,,1,0
성북구,동소문동4가,2022,7,월세,오피스텔,1,12000.0,12000.0,,12000.0,12000.0,60.0,60.0,,1,0
성북구,동소문동4가,2022,8,월세,연립다세대,1,1000.0,1000.0,,1000.0,1000.0,40.0,40.0,,1,0
성북구,동소문동4가,2022,8,월세,오피스텔,2,10500.0,10500.0,13435.0,5750.0,15250.0,69.0,69.0,15.56,1,0
성북구,동소문동4가,2022,8,전세,오피스텔,1,18900.0,18900.0,,18900.0,18900.0,,,,0,0
성북구,동소문동4가,2022,9,월세,연립다세대,2,12000.0,12000.0,0.0,12000.0,12000.0,39.5,39.5,28.99,1,0
성북구,동소문동4가,2022,10,월세,오피스텔,1,1000.0,1000.0,,1000.0,1000.0,70.0,70.0,,1,0
성북구,동소문동4가,2022,11,월세,연립다세대,2,2500.0,2500.0,2121.3,1750.0,3250.0,56.5,56.5,6.36,2,0
성북구,동소문동4가,2022,11,월세,오피스텔,1,1000.0,1000.0,,1000.0,1000.0,60.0,60.0,,1,0
성북구,동소문동4가,2022,12,월세,연립다세대,7,2000.0,1642.9,626.8,1500.0,2000.0,58.0,71.43,30.0,4,0
성북구,동소문동4가,2022,12,월세,오피스텔,2,1500.0,1500.0,707.1,1250.0,1750.0,85.0,85.0,0.0,2,0
성북구,동소문동4가,2022,12,전세,연립다세대,2,2000.0,2000.0,0.0,2000.0,2000.0,,,,0,0
성북구,동소문동4가,2023,1,월세,연립다세대,3,1000.0,4000.0,5196.2,1000.0,5500.0,50.0,49.0,8.54,3,0
성북구,동소문동4가,2023,1,월세,오피스텔,2,2000.0,2000.0,0.0,2000.0,2000.0,77.5,77.5,24.75,2,0
성북구,동소문동4가,2023,2,월세,연립다세대,3,9000.0,16500.0,20790.6,4750.0,24500.0,40.0,33.0,20.42,2,0
성북구,동소문동4가,2023,2,월세,오피스텔,3,2000.0,1666.7,577.4,1500.0,2000.0,70.0,67.67,6.81,3,0
성북구,동소문동4가,2023,2,전세,연립다세대,1,25700.0,25700.0,,25700.0,25700.0,,,,0,0
성북구,동소문동4가,2023,3,월세,연립다세대,1,3000.0,3000.0,,3000.0,3000.0,49.0,49.0,,0,0
성북구,동소문동4가,2023,3,월세,오피스텔,2,2000.0,2000.0,0.0,2000.0,2000.0,65.0,65.0,7.07,2,0
성북구,동소문동4가,2023,3,전세,연립다세대,1,16000.0,16000.0,,16000.0,16000.0,,,,0,0
성북구,동소문동4가,2023,4,월세,연립다세대,2,2500.0,2500.0,2121.3,1750.0,3250.0,80.0,80.0,28.28,2,0
성북구,동소문동4가,2023,4,월세,오피스텔,1,2000.0,2000.0,,2000.0,2000.0,65.0,65.0,,1,0
성북구,동소문동4가,2023,4,전세,연립다세대,1,17000.0,17000.0,,17000.0,17000.0,,,,0,0
성북구,동소문동4가,2023,5,전세,연립다세대,2,26700.0,26700.0,0.0,26700.0,26700.0,,,,1,0
성북구,동소문동4가,2023,6,월세,연립다세대,3,500.0,8333.3,13567.7,500.0,12250.0,43.0,32.0,19.05,3,0
성북구,동소문동4가,2023,6,전세,연립다세대,2,24000.0,24000.0,4242.6,22500.0,25500.0,,,,1,0
성북구,동소문동4가,2023,7,월세,연립다세대,6,4000.0,6500.0,5504.5,4000.0,8500.0,52.5,54.17,4.92,5,0
성북구,동소문동4가,2023,7,월세,오피스텔,1,1000.0,1000.0,,1000.0,1000.0,76.0,76.0,,1,0
성북구,동소문동4가,2023,7,전세,연립다세대,5,26500.0,27300.0,1565.2,26000.0,29000.0,,,,3,0
성북구,동소문동4가,2023,7,전세,오피스텔,1,20000.0,20000.0,,20000.0,20000.0,,,,1,0
성북구,동소문동4가,2023,8,월세,연립다세대,3,1000.0,1333.3,577.4,1000.0,1500.0,57.0,55.0,4.36,3,0
성북구,동소문동4가,2023,8,전세,오피스텔,1,18700.0,18700.0,,18700.0,18700.0,,,,1,0
성북구,동소문동4가,2023,9,월세,연립다세대,2,11950.0,11950.0,14071.4,6975.0,16925.0,44.0,44.0,33.94,2,0
성북구,동소문동4가,2023,9,전세,연립다세대,1,25000.0,25000.0,,25000.0,25000.0,,,,1,0
성북구,동소문동4가,2023,9,전세,오피스텔,1,19425.0,19425.0,,19425.0,19425.0,,,,0,0
성북구,동소문동4가,2023,10,월세,연립다세대,7,3500.0,5000.0,4406.4,2000.0,7500.0,60.0,62.86,20.0,6,0
성북구,동소문동4가,2023,10,월세,오피스텔,1,1000.0,1000.0,,1000.0,1000.0,73.0,73.0,,1,0
성북구,동소문동4가,2023,10,전세,연립다세대,2,21000.0,21000.0,7071.1,18500.0,23500.0,,,,2,0
성북구,동소문동4가,2023,11,월세,연립다세대,5,2000.0,4400.0,6503.8,1000.0,2000.0,52.0,45.8,15.85,5,0
성북구,동소문동4가,2023,11,월세,오피스텔,1,1000.0,1000.0,,1000.0,1000.0,73.0,73.0,,1,0
성북구,동소문동4가,2023,11,전세,연립다세대,1,26000.0,26000.0,,26000.0,26000.0,,,,1,0
성북구,동소문동4가,2023,12,월세,연립다세대,2,1000.0,1000.0,0.0,1000.0,1000.0,53.5,53.5,2.12,2,0
성북구,동소문동4가,2023,12,월세,오피스텔,1,5000.0,5000.0,,5000.0,5000.0,55.0,55.0,,1,0
성북구,동소문동4가,2023,12,전세,연립다세대,1,34000.0,34000.0,,34000.0,34000.0,,,,1,0
성북구,동소문동4가,2023,12,전세,오피스텔,2,26000.0,26000.0,12727.9,21500.0,30500.0,,,,2,0
성북구,동소문동4가,2024,1,월세,연립다세대,2,750.0,750.0,353.6,625.0,875.0,55.0,55.0,7.07,2,0
성북구,동소문동4가,2024,1,월세,오피스텔,5,3000.0,3400.0,2073.6,2000.0,5000.0,100.0,105.0,39.05,4,0
성북구,동소문동4가,2024,1,전세,연립다세대,1,28100.0,28100.0,,28100.0,28100.0,,,,0,0
성북구,동소문동4가,2024,2,월세,연립다세대,1,1000.0,1000.0,,1000.0,1000.0,53.0,53.0,,1,0
성북구,동소문동4가,2024,2,전세,연립다세대,2,25400.0,25400.0,1979.9,24700.0,26100.0,,,,2,0
성북구,동소문동4가,2024,3,월세,연립다세대,4,1000.0,1375.0,1108.7,875.0,1500.0,51.0,49.25,4.99,4,0
성북구,동소문동4가,2024,3,월세,오피스텔,5,2000.0,3400.0,3714.8,2000.0,2000.0,63.0,62.2,13.41,5,0
성북구,동소문동4가,2024,3,전세,연립다세대,1,30000.0,30000.0,,30000.0,30000.0,,,,1,0
성북구,동소문동4가,2024,3,전세,오피스텔,2,26750.0,26750.0,11667.3,22625.0,30875.0,,,,1,0
성북구,동소문동4가,2024,4,월세,연립다세대,2,3000.0,3000.0,2828.4,2000.0,4000.0,72.5,72.5,38.89,2,0
성북구,동소문동4가,2024,4,월세,오피스텔,2,2000.0,2000.0,0.0,2000.0,2000.0,68.0,68.0,2.83,2,0
성북구,동소문동4가,2024,5,월세,연립다세대,3,5000.0,9333.3,11150.5,3000.0,13500.0,20.0,31.67,24.66,3,0
성북구,동소문동4가,2024,5,월세,오피스텔,4,3000.0,5500.0,5744.6,2000.0,6500.0,59.0,51.25,18.55,3,0
성북구,동소문동4가,2024,5,전세,연립다세대,1,27000.0,27000.0,,27000.0,27000.0,,,,1,0
성북구,동소문동4가,2024,5,전세,오피스텔,1,18000.0,18000.0,,18000.0,18000.0,,,,1,0
성북구,동소문동4가,2024,6,월세,연립다세대,2,500.0,500.0,0.0,500.0,500.0,51.5,51.5,2.12,2,0
성북구,동소문동4가,2024,6,월세,오피스텔,7,1000.0,1585.7,1602.5,1000.0,1500.0,68.0,67.14,10.67,6,0
성북구,동소문동4가,2024,6,전세,연립다세대,1,26000.0,26000.0,,26000.0,26000.0,,,,1,0
성북구,동소문동4가,2024,7,월세,연립다세대,5,1000.0,900.0,223.6,1000.0,1000.0,59.0,55.6,7.99,5,0
성북구,동소문동4가,2024,7,월세,오피스텔,3,2000.0,1666.7,577.4,1500.0,2000.0,63.0,64.0,1.73,2,0
성북구,동소문동4가,2024,7,전세,연립다세대,1,26000.0,26000.0,,26000.0,26000.0,,,,1,0
성북구,동소문동4가,2024,8,월세,연립다세대,4,1000.0,4625.0,7598.0,500.0,5125.0,52.5,46.25,14.36,4,0
성북구,동소문동4가,2024,8,월세,오피스텔,1,2000.0,2000.0,,2000.0,2000.0,66.0,66.0,,1,0
성북구,동소문동4가,2024,8,전세,오피스텔,1,18000.0,18000.0,,18000.0,18000.0,,,,1,0
성북구,동소문동4가,2024,9,월세,연립다세대,1,500.0,500.0,,500.0,500.0,50.0,50.0,,1,0
성북구,동소문동4가,2024,9,월세,오피스텔,2,8000.0,8000.0,8485.3,5000.0,11000.0,60.0,60.0,49.5,2,0
성북구,동소문동4가,2024,10,월세,연립다세대,1,1000.0,1000.0,,1000.0,1000.0,60.0,60.0,,1,0
성북구,동소문동4가,2024,10,월세,오피스텔,3,2000.0,1666.7,577.4,1500.0,2000.0,70.0,69.33,6.03,3,0
성북구,동소문동4가,2024,10,전세,연립다세대,1,25700.0,25700.0,,25700.0,25700.0,,,,1,0
성북구,동소문동4가,2024,10,전세,오피스텔,1,39000.0,39000.0,,39000.0,39000.0,,,,1,0
성북구,동소문동4가,2024,11,월세,연립다세대,8,4000.0,3625.0,2065.9,1750.0,5250.0,65.0,72.5,18.28,6,0
성북구,동소문동4가,2024,12,월세,연립다세대,10,1000.0,2400.0,3323.3,500.0,1750.0,54.5,49.4,15.74,8,0
성북구,동소문동4가,2024,12,월세,오피스텔,6,2000.0,3166.7,3371.4,2000.0,2000.0,64.0,59.33,19.83,6,0
성북구,동소문동4가,2024,12,전세,오피스텔,1,18000.0,18000.0,,18000.0,18000.0,,,,1,0
성북구,동소문동4가,2025,1,월세,연립다세대,7,1000.0,928.6,189.0,1000.0,1000.0,55.0,54.71,2.98,7,0
성북구,동소문동4가,2025,1,월세,오피스텔,10,2000.0,1900.0,567.6,2000.0,2000.0,70.0,72.1,7.52,8,0
성북구,동소문동4가,2025,1,전세,연립다세대,1,30000.0,30000.0,,30000.0,30000.0,,,,1,0
성북구,동소문동4가,2025,1,전세,오피스텔,1,18500.0,18500.0,,18500.0,18500.0,,,,1,0
성북구,동소문동4가,2025,2,월세,연립다세대,2,2750.0,2750.0,3182.0,1625.0,3875.0,90.0,90.0,42.43,2,0
성북구,동소문동4가,2025,2,월세,오피스텔,5,2000.0,2000.0,0.0,2000.0,2000.0,70.0,71.6,10.74,4,0
성북구,동소문동4가,2025,2,전세,연립다세대,2,26150.0,26150.0,1626.3,25575.0,26725.0,,,,1,0
성북구,동소문동4가,2025,2,전세,오피스텔,1,18000.0,18000.0,,18000.0,18000.0,,,,0,0
성북구,동소문동4가,2025,3,월세,연립다세대,1,17000.0,17000.0,,17000.0,17000.0,5.0,5.0,,0,0
성북구,동소문동4가,2025,3,월세,오피스텔,3,1000.0,1333.3,577.4,1000.0,1500.0,75.0,74.0,3.61,3,0
성북구,동소문동4가,2025,3,전세,연립다세대,2,30000.0,30000.0,0.0,30000.0,30000.0,,,,2,0
성북구,동소문동4가,2025,4,월세,오피스텔,3,5000.0,4000.0,1732.1,3500.0,5000.0,60.0,58.33,12.58,2,0
성북구,동소문동4가,2025,4,전세,오피스텔,1,17800.0,17800.0,,17800.0,17800.0,,,,1,0
성북구,동소문동4가,2025,5,월세,연립다세대,4,1500.0,1625.0,1108.7,875.0,2250.0,57.0,55.25,10.78,4,0
성북구,동소문동4가,2025,5,월세,오피스텔,3,1000.0,1333.3,577.4,1000.0,1500.0,70.0,69.67,6.51,2,0
성북구,동소문동4가,2025,5,전세,연립다세대,1,26700.0,26700.0,,26700.0,26700.0,,,,0,0
성북구,동소문동4가,2025,5,전세,오피스텔,1,17500.0,17500.0,,17500.0,17500.0,,,,1,0
성북구,동소문동4가,2025,6,월세,연립다세대,3,500.0,500.0,0.0,500.0,500.0,45.0,44.33,5.03,2,0
성북구,동소문동4가,2025,6,월세,오피스텔,4,2000.0,2000.0,816.5,1750.0,2250.0,69.0,67.5,5.26,4,0
성북구,동소문동4가,2025,6,전세,연립다세대,2,25250.0,25250.0,1060.7,24875.0,25625.0,,,,1,0
성북구,동소문동4가,2025,6,전세,오피스텔,3,19300.0,19100.0,1014.9,18650.0,19650.0,,,,3,0
성북구,동소문동4가,2025,7,월세,오피스텔,7,1000.0,2714.3,3302.2,1000.0,2500.0,75.0,84.14,31.69,3,0
성북구,동소문동4가,2025,7,전세,연립다세대,3,26000.0,26666.7,1154.7,26000.0,27000.0,,,,1,0
성북구,동소문동4가,2025,8,월세,연립다세대,4,1000.0,875.0,250.0,875.0,1000.0,55.0,53.75,6.34,4,0
성북구,동소문동4가,2025,8,월세,오피스텔,5,1000.0,1400.0,547.7,1000.0,2000.0,73.0,76.2,8.38,5,0
성북구,동소문동4가,2025,8,전세,오피스텔,1,19300.0,19300.0,,19300.0,19300.0,,,,0,0
성북구,동소문동4가,2025,9,월세,연립다세대,3,1500.0,8300.0,12213.5,1250.0,11950.0,50.0,41.67,18.93,3,0
성북구,동소문동4가,2025,9,월세,오피스텔,6,2000.0,2333.3,1505.5,1250.0,2750.0,75.5,76.83,10.3,3,0
성북구,동소문동4가,2025,10,월세,연립다세대,4,1250.0,1250.0,866.0,500.0,2000.0,58.0,58.0,1.63,2,0
성북구,동소문동4가,2025,10,월세,오피스텔,3,2000.0,2000.0,1000.0,1500.0,2500.0,76.0,80.33,17.9,3,0
성북구,동소문동4가,2025,10,전세,연립다세대,1,18000.0,18000.0,,18000.0,18000.0,,,,1,0
성북구,동소문동4가,2025,11,월세,연립다세대,2,3000.0,3000.0,0.0,3000.0,3000.0,105.0,105.0,21.21,2,0
성북구,동소문동4가,2025,11,월세,오피스텔,3,2000.0,2666.7,2081.7,1500.0,3500.0,75.0,88.33,27.54,3,0
성북구,동소문동4가,2025,11,전세,연립다세대,3,26700.0,26533.3,472.6,26350.0,26800.0,,,,1,0
성북구,동소문동4가,2025,12,월세,연립다세대,8,1000.0,1375.0,517.5,1000.0,2000.0,56.0,57.12,2.53,5,0
성북구,동소문동4가,2025,12,월세,오피스텔,10,2000.0,2600.0,1897.4,2000.0,2000.0,70.0,76.4,18.08,9,0
성북구,동소문동4가,2025,12,전세,오피스텔,1,17500.0,17500.0,,17500.0,17500.0,,,,1,0
성북구,동소문동4가,2026,1,월세,연립다세대,4,4000.0,7125.0,8891.7,1625.0,9500.0,55.5,60.25,29.33,4,1
성북구,동소문동4가,2026,1,월세,오피스텔,3,2000.0,2000.0,0.0,2000.0,2000.0,70.0,71.67,7.64,3,1
성북구,동소문동4가,2026,1,전세,오피스텔,1,19000.0,19000.0,,19000.0,19000.0,,,,1,1
성북구,동소문동4가,2026,2,월세,연립다세대,2,750.0,750.0,353.6,625.0,875.0,47.5,47.5,3.54,2,1
성북구,동소문동4가,2026,2,월세,오피스텔,3,2000.0,6666.7,8082.9,2000.0,9000.0,65.0,50.67,31.09,3,1
성북구,동소문동4가,2026,2,전세,오피스텔,1,18500.0,18500.0,,18500.0,18500.0,,,,1,1
성북구,동소문동4가,2026,3,월세,연립다세대,5,2000.0,2000.0,707.1,2000.0,2000.0,56.0,61.6,11.08,5,1
성북구,동소문동4가,2026,3,월세,오피스텔,1,5000.0,5000.0,,5000.0,5000.0,60.0,60.0,,1,1
성북구,동소문동4가,2026,3,전세,연립다세대,1,33000.0,33000.0,,33000.0,33000.0,,,,1,1
성북구,동소문동4가,2026,4,월세,오피스텔,6,2000.0,2166.7,1472.0,1250.0,2000.0,71.0,72.33,16.81,5,1
성북구,동소문동4가,2026,4,전세,연립다세대,1,27800.0,27800.0,,27800.0,27800.0,,,,0,1
성북구,동소문동4가,2026,5,월세,연립다세대,3,1000.0,6366.7,9731.6,750.0,9300.0,55.0,56.0,3.61,3,1
성북구,동소문동4가,2026,5,월세,오피스텔,2,3000.0,3000.0,0.0,3000.0,3000.0,64.5,64.5,0.71,1,1
성북구,동소문동4가,2026,5,전세,연립다세대,2,23500.0,23500.0,9192.4,20250.0,26750.0,,,,1,1
성북구,동소문동4가,2026,5,전세,오피스텔,1,19000.0,19000.0,,19000.0,19000.0,,,,1,1
성북구,동소문동4가,2026,6,월세,연립다세대,4,750.0,750.0,288.7,500.0,1000.0,60.5,57.0,10.42,3,1
성북구,동소문동4가,2026,6,전세,연립다세대,3,30000.0,27500.0,4330.1,26250.0,30000.0,,,,2,1
성북구,동소문동4가,2026,7,월세,연립다세대,4,500.0,625.0,250.0,500.0,625.0,50.0,49.0,8.25,4,1
성북구,동소문동4가,2026,7,월세,오피스텔,2,2000.0,2000.0,0.0,2000.0,2000.0,71.0,71.0,1.41,2,1
성북구,동소문동4가,2026,8,월세,연립다세대,2,1500.0,1500.0,707.1,1250.0,1750.0,94.0,94.0,36.77,2,1
성북구,동소문동4가,2026,8,월세,오피스텔,4,2000.0,2000.0,816.5,1750.0,2250.0,70.0,72.0,4.0,4,1
성북구,동소문동5가,2021,7,월세,오피스텔,1,5000.0,5000.0,,5000.0,5000.0,65.0,65.0,,1,0
성북구,동소문동5가,2024,1,월세,오피스텔,1,3000.0,3000.0,,3000.0,3000.0,80.0,80.0,,0,0
성북구,동소문동5가,2025,1,월세,오피스텔,1,3000.0,3000.0,,3000.0,3000.0,84.0,84.0,,1,0
성북구,동소문동5가,2026,9,월세,오피스텔,1,3000.0,3000.0,,3000.0,3000.0,87.0,87.0,,1,1
성북구,동소문동6가,2021,1,월세,연립다세대,3,2000.0,1666.7,577.4,1500.0,2000.0,100.0,83.33,28.87,0,0
성북구,동소문동6가,2021,1,월세,오피스텔,1,2000.0,2000.0,,2000.0,2000.0,70.0,70.0,,0,0
성북구,동소문동6가,2021,1,전세,연립다세대,1,18520.0,18520.0,,18520.0,18520.0,,,,0,0
성북구,동소문동6가,2021,1,전세,오피스텔,3,17000.0,17166.7,2254.6,16000.0,18250.0,,,,0,0
성북구,동소문동6가,2021,2,월세,연립다세대,3,1000.0,1433.3,1401.2,650.0,2000.0,60.0,60.0,30.0,0,0
성북구,동소문동6가,2021,2,월세,오피스텔,1,1000.0,1000.0,,1000.0,1000.0,70.0,70.0,,0,0
성북구,동소문동6가,2021,2,전세,연립다세대,1,40000.0,40000.0,,40000.0,40000.0,,,,0,0
성북구,동소문동6가,2021,2,전세,오피스텔,2,16500.0,16500.0,2121.3,15750.0,17250.0,,,,0,0
성북구,동소문동6가,2021,3,월세,연립다세대,1,3000.0,3000.0,,3000.0,3000.0,54.0,54.0,,0,0
성북구,동소문동6가,2021,3,월세,오피스텔,3,4000.0,4000.0,3000.0,2500.0,5500.0,62.0,59.0,7.94,1,0
성북구,동소문동6가,2021,4,월세,연립다세대,1,13000.0,13000.0,,13000.0,13000.0,24.0,24.0,,0,0
성북구,동소문동6가,2021,4,월세,오피스텔,4,5000.0,6000.0,3464.1,4500.0,6500.0,60.0,51.25,20.97,0,0
성북구,동소문동6가,2021,4,전세,연립다세대,1,19800.0,19800.0,,19800.0,19800.0,,,,0,0
성북구,동소문동6가,2021,4,전세,오피스텔,1,15000.0,15000.0,,15000.0,15000.0,,,,0,0
성북구,동소문동6가,2021,5,월세,오피스텔,2,6500.0,6500.0,2121.3,5750.0,7250.0,47.5,47.5,17.68,0,0
성북구,동소문동6가,2021,6,월세,연립다세대,3,9500.0,6833.3,5058.0,5250.0,9750.0,44.0,59.0,31.32,2,0
성북구,동소문동6가,2021,6,월세,오피스텔,2,1750.0,1750.0,1767.8,1125.0,2375.0,65.0,65.0,7.07,2,0
성북구,동소문동6가,2021,6,전세,연립다세대,6,19800.0,19741.7,7795.3,19725.0,19800.0,,,,3,0
성북구,동소문동6가,2021,7,월세,연립다세대,2,1500.0,1500.0,707.1,1250.0,1750.0,77.5,77.5,31.82,2,0
성북구,동소문동6가,2021,7,월세,오피스텔,2,1000.0,1000.0,0.0,1000.0,1000.0,72.5,72.5,3.54,1,0
성북구,동소문동6가,2021,7,전세,연립다세대,4,19400.0,19900.0,12843.2,8800.0,30500.0,,,,3,0
성북구,동소문동6가,2021,8,월세,연립다세대,3,1000.0,1333.3,577.4,1000.0,1500.0,100.0,92.33,32.19,3,0
성북구,동소문동6가,2021,8,전세,연립다세대,4,32250.0,26750.0,11169.2,26500.0,32500.0,,,,1,0
성북구,동소문동6가,2021,9,전세,연립다세대,1,39000.0,39000.0,,39000.0,39000.0,,,,1,0
성북구,동소문동6가,2021,9,전세,오피스텔,1,17850.0,17850.0,,17850.0,17850.0,,,,1,0
성북구,동소문동6가,2021,10,월세,연립다세대,1,19000.0,19000.0,,19000.0,19000.0,45.0,45.0,,1,0
성북구,동소문동6가,2021,10,전세,연립다세대,1,24150.0,24150.0,,24150.0,24150.0,,,,0,0
성북구,동소문동6가,2021,10,전세,오피스텔,1,14700.0,14700.0,,14700.0,14700.0,,,,0,0
성북구,동소문동6가,2021,11,월세,연립다세대,2,9000.0,9000.0,8485.3,6000.0,12000.0,37.5,37.5,17.68,1,0
성북구,동소문동6가,2021,12,월세,연립다세대,2,1000.0,1000.0,0.0,1000.0,1000.0,57.5,57.5,3.54,2,0
성북구,동소문동6가,2021,12,월세,오피스텔,3,3000.0,3000.0,2000.0,2000.0,4000.0,60.0,60.33,14.5,3,0
성북구,동소문동6가,2021,12,전세,오피스텔,3,15000.0,13850.0,1991.9,13275.0,15000.0,,,,1,0
성북구,동소문동6가,2022,1,월세,연립다세대,1,9000.0,9000.0,,9000.0,9000.0,19.0,19.0,,1,0
성북구,동소문동6가,2022,1,월세,오피스텔,3,1000.0,1000.0,0.0,1000.0,1000.0,80.0,76.67,5.77,3,0
성북구,동소문동6가,2022,1,전세,연립다세대,3,30000.0,26806.7,6416.6,24710.0,30500.0,,,,2,0
성북구,동소문동6가,2022,2,월세,연립다세대,1,8000.0,8000.0,,8000.0,8000.0,58.0,58.0,,1,0
성북구,동소문동6가,2022,2,월세,오피스텔,2,1000.0,1000.0,0.0,1000.0,1000.0,66.5,66.5,9.19,2,0
성북구,동소문동6가,2022,2,전세,오피스텔,1,20470.0,20470.0,,20470.0,20470.0,,,,0,0
성북구,동소문동6가,2022,3,월세,연립다세대,3,500.0,6333.3,10103.6,500.0,9250.0,16.0,17.0,14.53,1,0
성북구,동소문동6가,2022,3,월세,오피스텔,1,1000.0,1000.0,,1000.0,1000.0,70.0,70.0,,1,0
성북구,동소문동6가,2022,4,월세,오피스텔,2,1000.0,1000.0,0.0,1000.0,1000.0,75.0,75.0,0.0,2,0
성북구,동소문동6가,2022,4,전세,연립다세대,4,20600.0,20425.0,419.3,20400.0,20625.0,,,,1,0
성북구,동소문동6가,2022,4,전세,오피스텔,1,17000.0,17000.0,,17000.0,17000.0,,,,1,0
성북구,동소문동6가,2022,5,월세,오피스텔,3,1000.0,3833.3,5346.3,750.0,5500.0,65.0,56.0,22.87,3,0
성북구,동소문동6가,2022,5,전세,연립다세대,1,27300.0,27300.0,,27300.0,27300.0,,,,0,0
성북구,동소문동6가,2022,6,월세,연립다세대,1,7000.0,7000.0,,7000.0,7000.0,45.0,45.0,,1,0
성북구,동소문동6가,2022,6,월세,오피스텔,4,1000.0,1000.0,0.0,1000.0,1000.0,75.0,75.0,0.0,4,0
성북구,동소문동6가,2022,6,전세,연립다세대,6,20650.0,20650.0,539.4,20600.0,20700.0,,,,1,0
성북구,동소문동6가,2022,7,월세,연립다세대,3,1000.0,9000.0,13856.4,1000.0,13000.0,56.0,52.0,10.58,3,0
성북구,동소문동6가,2022,7,월세,오피스텔,1,19000.0,19000.0,,19000.0,19000.0,10.0,10.0,,0,0
성북구,동소문동6가,2022,7,전세,연립다세대,2,29900.0,29900.0,14283.6,24850.0,34950.0,,,,1,0
성북구,동소문동6가,2022,8,월세,연립다세대,2,625.0,625.0,530.3,437.5,812.5,46.5,46.5,19.09,2,0
성북구,동소문동6가,2022,8,전세,오피스텔,2,17500.0,17500.0,707.1,17250.0,17750.0,,,,2,0
성북구,동소문동6가,2022,9,월세,오피스텔,1,1000.0,1000.0,,1000.0,1000.0,77.0,77.0,,1,0
성북구,동소문동6가,2022,10,월세,연립다세대,1,3000.0,3000.0,,3000.0,3000.0,80.0,80.0,,1,0
성북구,동소문동6가,2022,10,월세,오피스텔,1,1000.0,1000.0,,1000.0,1000.0,68.0,68.0,,0,0
성북구,동소문동6가,2022,11,월세,연립다세대,1,2000.0,2000.0,,2000.0,2000.0,59.0,59.0,,1,0
성북구,동소문동6가,2022,11,월세,오피스텔,1,15000.0,15000.0,,15000.0,15000.0,20.0,20.0,,1,0
성북구,동소문동6가,2022,11,전세,연립다세대,1,21500.0,21500.0,,21500.0,21500.0,,,,0,0
성북구,동소문동6가,2022,12,월세,연립다세대,7,2000.0,1928.6,838.1,1250.0,2500.0,63.0,63.14,11.6,7,0
성북구,동소문동6가,2022,12,월세,오피스텔,6,1000.0,1666.7,1633.0,1000.0,1000.0,77.5,75.5,6.41,5,0
성북구,동소문동6가,2022,12,전세,오피스텔,2,17000.0,17000.0,0.0,17000.0,17000.0,,,,2,0
성북구,동소문동6가,2023,1,월세,연립다세대,6,2500.0,3900.0,3495.7,1250.0,6000.0,44.0,42.33,17.26,4,0
성북구,동소문동6가,2023,1,월세,오피스텔,5,2000.0,2000.0,1224.7,1000.0,2000.0,75.0,74.0,11.4,5,0
성북구,동소문동6가,2023,1,전세,연립다세대,1,19420.0,19420.0,,19420.0,19420.0,,,,0,0
성북구,동소문동6가,2023,1,전세,오피스텔,2,19250.0,19250.0,1060.7,18875.0,19625.0,,,,1,0
성북구,동소문동6가,2023,2,월세,연립다세대,5,3300.0,6660.0,5854.7,3000.0,13000.0,27.0,29.2,20.08,2,0
성북구,동소문동6가,2023,2,월세,오피스텔,2,2500.0,2500.0,707.1,2250.0,2750.0,80.0,80.0,14.14,1,0
성북구,동소문동6가,2023,2,전세,오피스텔,1,16000.0,16000.0,,16000.0,16000.0,,,,1,0
성북구,동소문동6가,2023,3,월세,연립다세대,1,20000.0,20000.0,,20000.0,20000.0,7.0,7.0,,1,0
성북구,동소문동6가,2023,3,월세,오피스텔,2,4000.0,4000.0,4242.6,2500.0,5500.0,64.0,64.0,19.8,1,0
성북구,동소문동6가,2023,4,월세,연립다세대,2,20000.0,20000.0,0.0,20000.0,20000.0,7.0,7.0,0.0,2,0
성북구,동소문동6가,2023,4,월세,오피스텔,1,12000.0,12000.0,,12000.0,12000.0,35.0,35.0,,1,0
성북구,동소문동6가,2023,4,전세,연립다세대,1,37000.0,37000.0,,37000.0,37000.0,,,,0,0
성북구,동소문동6가,2023,5,월세,연립다세대,2,20000.0,20000.0,0.0,20000.0,20000.0,6.0,6.0,2.83,0,0
성북구,동소문동6가,2023,5,월세,오피스텔,1,15000.0,15000.0,,15000.0,15000.0,15.0,15.0,,0,0
성북구,동소문동6가,2023,5,전세,연립다세대,1,21600.0,21600.0,,21600.0,21600.0,,,,0,0
성북구,동소문동6가,2023,6,월세,연립다세대,1,6000.0,6000.0,,6000.0,6000.0,60.0,60.0,,1,0
성북구,동소문동6가,2023,6,월세,오피스텔,1,3000.0,3000.0,,3000.0,3000.0,65.0,65.0,,1,0
성북구,동소문동6가,2023,6,전세,연립다세대,2,30000.0,30000.0,2828.4,29000.0,31000.0,,,,0,0
성북구,동소문동6가,2023,7,월세,연립다세대,3,2000.0,2000.0,1000.0,1500.0,2500.0,95.0,82.67,44.79,3,0
성북구,동소문동6가,2023,8,월세,연립다세대,8,16500.0,15750.0,13667.0,2750.0,28250.0,75.0,91.88,72.7,6,0
성북구,동소문동6가,2023,8,전세,연립다세대,1,42000.0,42000.0,,42000.0,42000.0,,,,1,0
성북구,동소문동6가,2023,8,전세,오피스텔,1,16000.0,16000.0,,16000.0,16000.0,,,,1,0
성북구,동소문동6가,2023,9,월세,연립다세대,9,14900.0,10877.8,8155.3,3000.0,19000.0,100.0,111.33,78.56,6,0
성북구,동소문동6가,2023,9,전세,연립다세대,1,32000.0,32000.0,,32000.0,32000.0,,,,1,0
성북구,동소문동6가,2023,10,월세,연립다세대,1,2000.0,2000.0,,2000.0,2000.0,28.0,28.0,,0,0
성북구,동소문동6가,2023,10,월세,오피스텔,1,1000.0,1000.0,,1000.0,1000.0,70.0,70.0,,1,0
성북구,동소문동6가,2023,11,월세,연립다세대,8,8500.0,10437.5,8699.1,2000.0,20000.0,48.0,50.0,50.14,7,0
성북구,동소문동6가,2023,11,월세,오피스텔,5,1000.0,5200.0,6261.0,1000.0,8000.0,78.0,59.0,31.81,5,0
성북구,동소문동6가,2023,11,전세,연립다세대,1,20700.0,20700.0,,20700.0,20700.0,,,,0,0
성북구,동소문동6가,2023,11,전세,오피스텔,4,17100.0,15905.0,2526.4,15780.0,17225.0,,,,3,0
성북구,동소문동6가,2023,12,월세,연립다세대,6,1000.0,6383.3,9705.8,1000.0,7225.0,66.0,68.5,36.6,4,0
성북구,동소문동6가,2023,12,월세,오피스텔,3,2000.0,2666.7,2081.7,1500.0,3500.0,81.0,74.67,19.3,1,0
성북구,동소문동6가,2023,12,전세,연립다세대,3,42000.0,38666.7,6658.3,36500.0,42500.0,,,,3,0
성북구,동소문동6가,2023,12,전세,오피스텔,1,18900.0,18900.0,,18900.0,18900.0,,,,0,0
성북구,동소문동6가,2024,1,월세,연립다세대,7,5000.0,6192.9,6607.6,1000.0,8000.0,50.0,76.71,60.31,6,0
성북구,동소문동6가,2024,1,월세,오피스텔,4,1250.0,2125.0,1931.1,1000.0,2375.0,82.5,82.0,11.22,4,0
성북구,동소문동6가,2024,1,전세,연립다세대,1,32000.0,32000.0,,32000.0,32000.0,,,,1,0
성북구,동소문동6가,2024,1,전세,오피스텔,2,17375.0,17375.0,2298.1,16562.5,18187.5,,,,2,0
성북구,동소문동6가,2024,2,월세,연립다세대,4,4000.0,4000.0,816.5,3750.0,4250.0,98.5,89.25,51.7,4,0
성북구,동소문동6가,2024,2,월세,오피스텔,4,1000.0,4500.0,7000.0,1000.0,4500.0,79.0,63.25,32.18,4,0
성북구,동소문동6가,2024,2,전세,연립다세대,2,25500.0,25500.0,707.1,25250.0,25750.0,,,,2,0
성북구,동소문동6가,2024,3,월세,연립다세대,1,10000.0,10000.0,,10000.0,10000.0,10.0,10.0,,1,0
성북구,동소문동6가,2024,3,전세,연립다세대,1,32000.0,32000.0,,32000.0,32000.0,,,,1,0
성북구,동소문동6가,2024,3,전세,오피스텔,1,17300.0,17300.0,,17300.0,17300.0,,,,1,0
성북구,동소문동6가,2024,4,월세,연립다세대,2,10000.0,10000.0,7071.1,7500.0,12500.0,160.0,160.0,84.85,2,0
성북구,동소문동6가,2024,4,전세,연립다세대,1,20000.0,20000.0,,20000.0,20000.0,,,,1,0
성북구,동소문동6가,2024,5,월세,연립다세대,7,5000.0,10842.9,9081.8,4000.0,19900.0,60.0,66.14,81.33,5,0
성북구,동소문동6가,2024,5,월세,오피스텔,2,6500.0,6500.0,7778.2,3750.0,9250.0,57.5,57.5,31.82,1,0
성북구,동소문동6가,2024,5,전세,연립다세대,3,27700.0,31800.0,7101.4,27700.0,33850.0,,,,3,0
성북구,동소문동6가,2024,5,전세,오피스텔,3,15750.0,16016.7,880.8,15525.0,16375.0,,,,2,0
성북구,동소문동6가,2024,6,월세,연립다세대,7,5000.0,12085.7,11540.6,3500.0,20800.0,75.0,80.57,74.78,5,0
성북구,동소문동6가,2024,6,월세,오피스텔,3,1000.0,2333.3,2309.4,1000.0,3000.0,70.0,72.67,6.43,3,0
성북구,동소문동6가,2024,6,전세,연립다세대,2,34000.0,34000.0,8485.3,31000.0,37000.0,,,,2,0
성북구,동소문동6가,2024,7,월세,연립다세대,4,15500.0,17550.0,16900.0,4250.0,28800.0,45.0,42.75,36.22,4,0
성북구,동소문동6가,2024,7,월세,오피스텔,2,12750.0,12750.0,6717.5,10375.0,15125.0,27.5,27.5,17.68,2,0
성북구,동소문동6가,2024,8,월세,연립다세대,3,5000.0,16266.7,19514.4,5000.0,21900.0,187.0,130.67,97.57,3,0
성북구,동소문동6가,2024,8,월세,오피스텔,1,1000.0,1000.0,,1000.0,1000.0,65.0,65.0,,1,0
성북구,동소문동6가,2024,9,월세,연립다세대,3,19000.0,16333.3,15176.7,9500.0,24500.0,52.0,95.67,118.69,2,0
성북구,동소문동6가,2024,9,월세,오피스텔,3,2000.0,5000.0,6082.8,1500.0,7000.0,75.0,65.0,21.79,2,0
성북구,동소문동6가,2024,9,전세,연립다세대,1,43000.0,43000.0,,43000.0,43000.0,,,,1,0
성북구,동소문동6가,2024,10,월세,연립다세대,1,14900.0,14900.0,,14900.0,14900.0,26.0,26.0,,0,0
성북구,동소문동6가,2024,10,월세,오피스텔,1,15000.0,15000.0,,15000.0,15000.0,20.0,20.0,,1,0
성북구,동소문동6가,2024,10,전세,오피스텔,1,17850.0,17850.0,,17850.0,17850.0,,,,0,0
성북구,동소문동6가,2024,11,월세,연립다세대,1,20500.0,20500.0,,20500.0,20500.0,14.0,14.0,,0,0
성북구,동소문동6가,2024,11,월세,오피스텔,3,4000.0,7166.7,8693.9,2250.0,10500.0,60.0,50.0,31.22,3,0
성북구,동소문동6가,2024,11,전세,오피스텔,2,17950.0,17950.0,70.7,17925.0,17975.0,,,,2,0
성북구,동소문동6가,2024,12,월세,연립다세대,4,1500.0,6000.0,9345.2,1000.0,6500.0,62.5,50.0,26.7,3,0
성북구,동소문동6가,2024,12,월세,오피스텔,5,1000.0,2400.0,1949.4,1000.0,4000.0,82.0,75.0,12.08,4,0
성북구,동소문동6가,2024,12,전세,오피스텔,1,15000.0,15000.0,,15000.0,15000.0,,,,1,0
성북구,동소문동6가,2025,1,월세,연립다세대,4,15850.0,15600.0,16286.4,1750.0,29700.0,29.0,39.25,26.02,3,0
성북구,동소문동6가,2025,1,월세,오피스텔,2,8000.0,8000.0,9899.5,4500.0,11500.0,48.5,48.5,47.38,2,0
성북구,동소문동6가,2025,2,월세,연립다세대,9,4000.0,6222.2,5674.0,3000.0,7000.0,55.0,56.89,42.64,5,0
성북구,동소문동6가,2025,2,월세,오피스텔,4,1000.0,1500.0,1000.0,1000.0,1500.0,82.0,76.5,11.0,3,0
성북구,동소문동6가,2025,2,전세,오피스텔,2,15900.0,15900.0,1272.8,15450.0,16350.0,,,,1,0
성북구,동소문동6가,2025,3,월세,연립다세대,4,16000.0,16200.0,16994.9,1750.0,30450.0,39.5,76.5,95.19,4,0
성북구,동소문동6가,2025,3,월세,오피스텔,1,1000.0,1000.0,,1000.0,1000.0,82.0,82.0,,1,0
성북구,동소문동6가,2025,4,월세,연립다세대,3,20000.0,13666.7,10969.7,10500.0,20000.0,12.0,29.33,30.89,2,0
성북구,동소문동6가,2025,4,전세,연립다세대,1,21500.0,21500.0,,21500.0,21500.0,,,,0,0
성북구,동소문동6가,2025,4,전세,오피스텔,1,18500.0,18500.0,,18500.0,18500.0,,,,1,0
성북구,동소문동6가,2025,5,월세,연립다세대,3,20000.0,14333.3,9815.0,11500.0,20000.0,14.0,80.33,116.63,2,0
성북구,동소문동6가,2025,5,월세,오피스텔,6,1000.0,3850.0,6503.5,1000.0,1750.0,81.0,66.83,29.48,4,0
성북구,동소문동6가,2025,6,월세,연립다세대,2,12900.0,12900.0,9758.1,9450.0,16350.0,38.0,38.0,35.36,0,0
성북구,동소문동6가,2025,6,월세,오피스텔,3,3000.0,3666.7,3055.1,2000.0,5000.0,70.0,68.33,17.56,3,0
성북구,동소문동6가,2025,7,월세,연립다세대,3,5000.0,14666.7,18502.3,4000.0,20500.0,100.0,90.0,40.93,2,0
성북구,동소문동6가,2025,7,월세,오피스텔,4,1500.0,1500.0,577.4,1000.0,2000.0,85.0,83.25,7.23,3,0
성북구,동소문동6가,2025,8,월세,연립다세대,2,27000.0,27000.0,4242.6,25500.0,28500.0,44.5,44.5,21.92,1,0
성북구,동소문동6가,2025,8,월세,오피스텔,1,1000.0,1000.0,,1000.0,1000.0,80.0,80.0,,0,0
성북구,동소문동6가,2025,8,전세,오피스텔,1,18375.0,18375.0,,18375.0,18375.0,,,,0,0
성북구,동소문동6가,2025,9,월세,연립다세대,7,4000.0,5142.9,4298.4,2000.0,7500.0,137.0,130.14,61.91,4,0
성북구,동소문동6가,2025,9,월세,오피스텔,2,12500.0,12500.0,3535.5,11250.0,13750.0,26.0,26.0,15.56,1,0
성북구,동소문동6가,2025,9,전세,오피스텔,1,17000.0,17000.0,,17000.0,17000.0,,,,1,0
성북구,동소문동6가,2025,10,월세,연립다세대,2,15500.0,15500.0,7778.2,12750.0,18250.0,53.0,53.0,50.91,1,0
성북구,동소문동6가,2025,10,월세,오피스텔,1,15000.0,15000.0,,15000.0,15000.0,12.0,12.0,,0,0
성북구,동소문동6가,2025,10,전세,연립다세대,1,28000.0,28000.0,,28000.0,28000.0,,,,1,0
성북구,동소문동6가,2025,11,월세,연립다세대,9,2000.0,13777.8,16430.0,1000.0,25000.0,63.0,66.44,65.82,6,0
성북구,동소문동6가,2025,11,월세,오피스텔,4,3000.0,3250.0,2630.0,1000.0,5250.0,74.0,70.0,14.7,4,0
성북구,동소문동6가,2025,11,전세,오피스텔,2,16500.0,16500.0,2121.3,15750.0,17250.0,,,,1,0
성북구,동소문동6가,2025,12,월세,연립다세대,27,3000.0,7639.0,11477.0,2000.0,5932.0,29.0,43.85,50.79,26,0
성북구,동소문동6가,2025,12,월세,오피스텔,7,2091.0,5584.4,6868.7,1000.0,8500.0,70.0,56.71,35.55,7,0
성북구,동소문동6가,2025,12,전세,연립다세대,1,33000.0,33000.0,,33000.0,33000.0,,,,0,0
성북구,동소문동6가,2026,1,월세,연립다세대,9,5000.0,7372.2,7295.3,3000.0,8000.0,52.0,50.44,36.98,8,1
성북구,동소문동6가,2026,1,월세,오피스텔,3,1000.0,1000.0,0.0,1000.0,1000.0,80.0,88.33,18.93,3,1
성북구,동소문동6가,2026,1,전세,오피스텔,1,17000.0,17000.0,,17000.0,17000.0,,,,1,1
성북구,동소문동6가,2026,2,월세,연립다세대,10,2922.0,4590.5,3465.5,2830.5,6811.75,29.0,28.0,16.79,9,1
성북구,동소문동6가,2026,2,월세,오피스텔,6,1000.0,3666.7,6055.3,1000.0,1750.0,80.0,75.0,29.5,6,1
성북구,동소문동6가,2026,2,전세,연립다세대,1,40000.0,40000.0,,40000.0,40000.0,,,,1,1
성북구,동소문동6가,2026,2,전세,오피스텔,1,19000.0,19000.0,,19000.0,19000.0,,,,0,1
성북구,동소문동6가,2026,3,월세,연립다세대,4,3000.0,2500.0,1000.0,2500.0,3000.0,117.5,141.75,53.97,4,1
성북구,동소문동6가,2026,3,월세,오피스텔,1,1000.0,1000.0,,1000.0,1000.0,85.0,85.0,,1,1
성북구,동소문동6가,2026,3,전세,연립다세대,1,22000.0,22000.0,,22000.0,22000.0,,,,1,1
성북구,동소문동6가,2026,4,월세,연립다세대,7,20000.0,19314.3,15011.9,5500.0,30200.0,25.0,49.71,47.44,7,1
성북구,동소문동6가,2026,4,월세,오피스텔,1,1000.0,1000.0,,1000.0,1000.0,82.0,82.0,,1,1
성북구,동소문동6가,2026,5,월세,연립다세대,5,2000.0,18000.0,22438.8,2000.0,40000.0,70.0,83.4,55.99,3,1
성북구,동소문동6가,2026,5,월세,오피스텔,2,4000.0,4000.0,4242.6,2500.0,5500.0,77.5,77.5,31.82,2,1
성북구,동소문동6가,2026,6,월세,연립다세대,1,30000.0,30000.0,,30000.0,30000.0,15.0,15.0,,0,1
성북구,동소문동6가,2026,6,월세,오피스텔,2,9400.0,9400.0,11879.4,5200.0,13600.0,60.0,60.0,56.57,1,1
성북구,동소문동6가,2026,6,전세,오피스텔,1,15800.0,15800.0,,15800.0,15800.0,,,,0,1
성북구,동소문동6가,2026,7,월세,연립다세대,5,2000.0,8960.0,9995.4,2000.0,19800.0,62.0,47.8,30.25,4,1
성북구,동소문동6가,2026,7,월세,오피스텔,3,1000.0,4666.7,6350.9,1000.0,6500.0,105.0,83.33,37.53,3,1
성북구,동소문동6가,2026,7,전세,연립다세대,2,30500.0,30500.0,3535.5,29250.0,31750.0,,,,2,1
성북구,동소문동6가,2026,8,월세,연립다세대,2,3000.0,3000.0,2828.4,2000.0,4000.0,120.0,120.0,42.43,2,1
성북구,동소문동6가,2026,8,월세,오피스텔,4,1000.0,5125.0,8250.0,1000.0,5125.0,90.0,72.5,38.62,3,1
성북구,동소문동6가,2026,9,월세,오피스텔,1,1000.0,1000.0,,1000.0,1000.0,90.0,90.0,,1,1
성북구,동소문동7가,2021,1,월세,연립다세대,1,3000.0,3000.0,,3000.0,3000.0,30.0,30.0,,0,0
성북구,동소문동7가,2021,1,전세,연립다세대,1,25000.0,25000.0,,25000.0,25000.0,,,,0,0
성북구,동소문동7가,2021,2,월세,연립다세대,1,4000.0,4000.0,,4000.0,4000.0,30.0,30.0,,0,0
성북구,동소문동7가,2021,3,월세,연립다세대,3,2000.0,2333.3,577.4,2000.0,2500.0,40.0,56.67,28.87,1,0
성북구,동소문동7가,2021,3,전세,연립다세대,2,17500.0,17500.0,1414.2,17000.0,18000.0,,,,0,0
성북구,동소문동7가,2021,4,월세,연립다세대,1,3000.0,3000.0,,3000.0,3000.0,130.0,130.0,,0,0
성북구,동소문동7가,2021,4,전세,연립다세대,1,18500.0,18500.0,,18500.0,18500.0,,,,0,0
성북구,동소문동7가,2021,5,월세,연립다세대,2,5500.0,5500.0,6364.0,3250.0,7750.0,70.0,70.0,35.36,1,0
성북구,동소문동7가,2021,5,전세,연립다세대,3,39900.0,36400.0,6062.2,34650.0,39900.0,,,,0,0
성북구,동소문동7가,2021,6,월세,연립다세대,2,1000.0,1000.0,0.0,1000.0,1000.0,37.5,37.5,10.61,1,0
성북구,동소문동7가,2021,6,전세,연립다세대,1,27500.0,27500.0,,27500.0,27500.0,,,,0,0
성북구,동소문동7가,2021,7,월세,연립다세대,2,1000.0,1000.0,0.0,1000.0,1000.0,35.0,35.0,0.0,2,0
성북구,동소문동7가,2021,7,전세,연립다세대,2,40000.0,40000.0,0.0,40000.0,40000.0,,,,2,0
성북구,동소문동7가,2021,8,월세,연립다세대,1,2000.0,2000.0,,2000.0,2000.0,30.0,30.0,,0,0
성북구,동소문동7가,2021,8,전세,연립다세대,1,37800.0,37800.0,,37800.0,37800.0,,,,1,0
성북구,동소문동7가,2021,9,월세,연립다세대,1,1000.0,1000.0,,1000.0,1000.0,45.0,45.0,,1,0
성북구,동소문동7가,2021,9,전세,연립다세대,1,36750.0,36750.0,,36750.0,36750.0,,,,0,0
성북구,동소문동7가,2021,10,월세,연립다세대,1,3000.0,3000.0,,3000.0,3000.0,125.0,125.0,,1,0
성북구,동소문동7가,2021,10,전세,연립다세대,2,34500.0,34500.0,21920.3,26750.0,42250.0,,,,0,0
성북구,동소문동7가,2021,11,월세,연립다세대,1,8000.0,8000.0,,8000.0,8000.0,60.0,60.0,,1,0
성북구,동소문동7가,2021,12,월세,연립다세대,2,1500.0,1500.0,707.1,1250.0,1750.0,55.0,55.0,28.28,2,0
성북구,동소문동7가,2022,1,월세,연립다세대,4,1000.0,875.0,250.0,875.0,1000.0,42.5,42.5,2.89,4,0
성북구,동소문동7가,2022,2,월세,연립다세대,3,16000.0,11666.7,7505.6,9500.0,16000.0,30.0,31.67,2.89,1,0
성북구,동소문동7가,2022,2,전세,연립다세대,2,8000.0,8000.0,0.0,8000.0,8000.0,,,,2,0
성북구,동소문동7가,2022,3,전세,연립다세대,1,39000.0,39000.0,,39000.0,39000.0,,,,0,0
성북구,동소문동7가,2022,4,월세,연립다세대,1,500.0,500.0,,500.0,500.0,50.0,50.0,,1,0
성북구,동소문동7가,2022,4,전세,연립다세대,3,27300.0,26366.7,11927.4,20650.0,32550.0,,,,2,0
성북구,동소문동7가,2022,5,전세,연립다세대,2,32750.0,32750.0,6717.5,30375.0,35125.0,,,,0,0
성북구,동소문동7가,2022,6,월세,연립다세대,4,2700.0,6850.0,8791.5,2000.0,7550.0,48.0,49.0,10.52,4,0
성북구,동소문동7가,2022,6,전세,연립다세대,6,36750.0,34650.0,4147.2,31237.5,36750.0,,,,0,0
성북구,동소문동7가,2022,7,월세,연립다세대,2,1000.0,1000.0,0.0,1000.0,1000.0,42.5,42.5,3.54,2,0
성북구,동소문동7가,2022,7,전세,연립다세대,1,36750.0,36750.0,,36750.0,36750.0,,,,1,0
성북구,동소문동7가,2022,8,월세,연립다세대,2,2000.0,2000.0,0.0,2000.0,2000.0,105.0,105.0,42.43,2,0
성북구,동소문동7가,2022,8,전세,연립다세대,4,35700.0,35962.5,1575.0,34650.0,37012.5,,,,1,0
성북구,동소문동7가,2022,9,월세,연립다세대,2,1500.0,1500.0,707.1,1250.0,1750.0,81.0,81.0,69.3,2,0
성북구,동소문동7가,2022,11,월세,연립다세대,4,1750.0,2400.0,2721.5,400.0,3750.0,55.0,67.5,43.49,3,0
성북구,동소문동7가,2023,2,월세,연립다세대,2,11500.0,11500.0,12020.8,7250.0,15750.0,38.5,38.5,19.09,1,0
성북구,동소문동7가,2023,3,월세,연립다세대,1,3000.0,3000.0,,3000.0,3000.0,98.0,98.0,,1,0
성북구,동소문동7가,2023,3,전세,연립다세대,1,20000.0,20000.0,,20000.0,20000.0,,,,1,0
성북구,동소문동7가,2023,5,월세,연립다세대,2,3000.0,3000.0,2828.4,2000.0,4000.0,50.5,50.5,0.71,0,0
성북구,동소문동7가,2023,6,월세,연립다세대,3,36000.0,25666.7,17897.9,20500.0,36000.0,6.0,22.33,28.29,3,0
성북구,동소문동7가,2023,7,월세,연립다세대,2,7000.0,7000.0,2828.4,6000.0,8000.0,55.0,55.0,7.07,2,0
성북구,동소문동7가,2023,7,전세,연립다세대,1,18300.0,18300.0,,18300.0,18300.0,,,,0,0
성북구,동소문동7가,2023,8,월세,연립다세대,1,15800.0,15800.0,,15800.0,15800.0,6.0,6.0,,1,0
성북구,동소문동7가,2023,9,월세,연립다세대,2,2200.0,2200.0,1697.1,1600.0,2800.0,48.0,48.0,21.21,2,0
성북구,동소문동7가,2023,9,전세,연립다세대,1,37800.0,37800.0,,37800.0,37800.0,,,,1,0
성북구,동소문동7가,2023,10,월세,연립다세대,1,3000.0,3000.0,,3000.0,3000.0,130.0,130.0,,1,0
성북구,동소문동7가,2023,11,월세,연립다세대,4,1087.5,1543.8,974.3,1000.0,1631.25,72.5,82.5,46.28,3,0
성북구,동소문동7가,2024,1,월세,연립다세대,1,1000.0,1000.0,,1000.0,1000.0,47.0,47.0,,1,0
성북구,동소문동7가,2024,2,월세,연립다세대,2,22200.0,22200.0,10182.3,18600.0,25800.0,45.0,45.0,56.57,2,0
성북구,동소문동7가,2024,3,월세,연립다세대,3,28000.0,28300.0,984.9,27750.0,28700.0,5.0,5.0,0.0,3,0
성북구,동소문동7가,2024,3,전세,연립다세대,1,20000.0,20000.0,,20000.0,20000.0,,,,1,0
성북구,동소문동7가,2024,4,월세,연립다세대,1,28000.0,28000.0,,28000.0,28000.0,30.0,30.0,,1,0
성북구,동소문동7가,2024,4,전세,연립다세대,1,35910.0,35910.0,,35910.0,35910.0,,,,0,0
성북구,동소문동7가,2024,6,월세,연립다세대,1,1000.0,1000.0,,1000.0,1000.0,50.0,50.0,,1,0
성북구,동소문동7가,2024,7,월세,연립다세대,3,3400.0,12133.3,17246.8,2200.0,17700.0,35.0,44.33,16.17,3,0
성북구,동소문동7가,2024,8,월세,연립다세대,2,17500.0,17500.0,10606.6,13750.0,21250.0,75.0,75.0,7.07,1,0
성북구,동소문동7가,2024,8,전세,연립다세대,2,36400.0,36400.0,1979.9,35700.0,37100.0,,,,1,0
성북구,동소문동7가,2024,9,월세,연립다세대,1,1000.0,1000.0,,1000.0,1000.0,50.0,50.0,,1,0
성북구,동소문동7가,2024,11,월세,연립다세대,5,4000.0,7000.0,10173.5,1000.0,4000.0,35.0,38.6,16.5,4,0
성북구,동소문동7가,2025,2,월세,연립다세대,2,2000.0,2000.0,1414.2,1500.0,2500.0,70.0,70.0,42.43,2,0
성북구,동소문동7가,2025,2,전세,연립다세대,1,8000.0,8000.0,,8000.0,8000.0,,,,0,0
성북구,동소문동7가,2025,3,월세,연립다세대,1,8000.0,8000.0,,8000.0,8000.0,50.0,50.0,,1,0
성북구,동소문동7가,2025,3,전세,연립다세대,2,18500.0,18500.0,0.0,18500.0,18500.0,,,,0,0
성북구,동소문동7가,2025,4,월세,연립다세대,1,1000.0,1000.0,,1000.0,1000.0,41.0,41.0,,1,0
성북구,동소문동7가,2025,6,월세,연립다세대,1,5000.0,5000.0,,5000.0,5000.0,55.0,55.0,,0,0
성북구,동소문동7가,2025,7,전세,연립다세대,1,18300.0,18300.0,,18300.0,18300.0,,,,0,0
성북구,동소문동7가,2025,9,월세,연립다세대,1,4000.0,4000.0,,4000.0,4000.0,90.0,90.0,,1,0
성북구,동소문동7가,2025,10,월세,연립다세대,3,1000.0,4000.0,5196.2,1000.0,5500.0,43.0,46.0,12.77,2,0
성북구,동소문동7가,2025,12,월세,연립다세대,1,1000.0,1000.0,,1000.0,1000.0,40.0,40.0,,1,0
성북구,동소문동7가,2026,1,월세,연립다세대,4,4000.0,9125.0,12358.4,2500.0,10625.0,33.5,35.5,11.73,3,1
성북구,동소문동7가,2026,2,월세,연립다세대,3,1000.0,10666.7,16743.2,1000.0,15500.0,40.0,31.67,18.93,2,1
성북구,동소문동7가,2026,3,월세,연립다세대,3,2000.0,10833.3,16173.5,1500.0,15750.0,40.0,40.67,6.03,3,1
성북구,동소문동7가,2026,4,월세,연립다세대,29,100.0,765.5,3414.9,100.0,100.0,48.0,49.45,12.75,29,1
성북구,동소문동7가,2026,5,월세,연립다세대,8,100.0,950.0,1766.4,100.0,575.0,41.0,44.38,14.84,8,1
성북구,동소문동7가,2026,6,전세,연립다세대,1,37000.0,37000.0,,37000.0,37000.0,,,,1,1
성북구,동소문동7가,2026,7,월세,연립다세대,2,35500.0,35500.0,0.0,35500.0,35500.0,12.0,12.0,0.0,2,1
성북구,동소문동7가,2026,8,월세,연립다세대,3,34600.0,23400.0,19399.0,17800.0,34600.0,7.0,18.0,19.05,3,1
성북구,보문동1가,2021,1,월세,연립다세대,1,5000.0,5000.0,,5000.0,5000.0,25.0,25.0,,0,0
성북구,보문동1가,2021,1,전세,연립다세대,1,8500.0,8500.0,,8500.0,8500.0,,,,0,0
성북구,보문동1가,2021,4,월세,연립다세대,1,1000.0,1000.0,,1000.0,1000.0,90.0,90.0,,0,0
성북구,보문동1가,2021,8,월세,연립다세대,1,3000.0,3000.0,,3000.0,3000.0,40.0,40.0,,0,0
성북구,보문동1가,2021,9,월세,연립다세대,1,2000.0,2000.0,,2000.0,2000.0,45.0,45.0,,1,0
성북구,보문동1가,2021,9,전세,연립다세대,1,8000.0,8000.0,,8000.0,8000.0,,,,1,0
성북구,보문동1가,2021,11,전세,연립다세대,4,8500.0,8500.0,577.4,8000.0,9000.0,,,,4,0
성북구,보문동1가,2022,1,전세,연립다세대,1,8500.0,8500.0,,8500.0,8500.0,,,,1,0
성북구,보문동1가,2022,6,월세,연립다세대,2,12376.0,12376.0,14017.7,7420.0,17332.0,48.5,48.5,34.65,0,0
성북구,보문동1가,2022,11,월세,연립다세대,1,2000.0,2000.0,,2000.0,2000.0,45.0,45.0,,1,0
성북구,보문동1가,2022,11,전세,연립다세대,1,14000.0,14000.0,,14000.0,14000.0,,,,0,0
성북구,보문동1가,2023,2,월세,연립다세대,1,3000.0,3000.0,,3000.0,3000.0,70.0,70.0,,1,0
성북구,보문동1가,2023,2,전세,연립다세대,1,14000.0,14000.0,,14000.0,14000.0,,,,1,0
성북구,보문동1가,2023,3,전세,연립다세대,1,9000.0,9000.0,,9000.0,9000.0,,,,1,0
성북구,보문동1가,2023,4,월세,연립다세대,1,1500.0,1500.0,,1500.0,1500.0,100.0,100.0,,0,0
성북구,보문동1가,2023,4,전세,연립다세대,1,8000.0,8000.0,,8000.0,8000.0,,,,0,0
성북구,보문동1가,2023,6,월세,연립다세대,2,20394.5,20394.5,7629.0,17697.25,23091.75,26.5,26.5,2.12,2,0
성북구,보문동1가,2023,9,월세,연립다세대,1,1000.0,1000.0,,1000.0,1000.0,75.0,75.0,,1,0
성북구,보문동1가,2023,12,월세,연립다세대,1,2000.0,2000.0,,2000.0,2000.0,90.0,90.0,,1,0
성북구,보문동1가,2024,3,월세,연립다세대,1,1000.0,1000.0,,1000.0,1000.0,80.0,80.0,,1,0
성북구,보문동1가,2024,3,전세,연립다세대,1,8000.0,8000.0,,8000.0,8000.0,,,,1,0
성북구,보문동1가,2024,4,월세,연립다세대,2,7500.0,7500.0,3535.5,6250.0,8750.0,24.0,24.0,1.41,2,0
성북구,보문동1가,2024,5,전세,연립다세대,1,14000.0,14000.0,,14000.0,14000.0,,,,1,0
성북구,보문동1가,2024,6,월세,연립다세대,1,8000.0,8000.0,,8000.0,8000.0,35.0,35.0,,1,0
성북구,보문동1가,2024,8,월세,연립다세대,1,3619.0,3619.0,,3619.0,3619.0,74.0,74.0,,0,0
성북구,보문동1가,2024,11,월세,연립다세대,2,3000.0,3000.0,0.0,3000.0,3000.0,37.5,37.5,3.54,2,0
성북구,보문동1가,2024,12,전세,연립다세대,1,9000.0,9000.0,,9000.0,9000.0,,,,1,0
성북구,보문동1가,2025,1,월세,연립다세대,1,5000.0,5000.0,,5000.0,5000.0,35.0,35.0,,1,0
성북구,보문동1가,2025,4,전세,연립다세대,1,9000.0,9000.0,,9000.0,9000.0,,,,1,0
성북구,보문동1가,2025,6,전세,연립다세대,2,14000.0,14000.0,0.0,14000.0,14000.0,,,,2,0
성북구,보문동1가,2025,7,월세,연립다세대,2,4000.0,4000.0,1414.2,3500.0,4500.0,51.5,51.5,2.12,2,0
성북구,보문동1가,2025,8,월세,연립다세대,2,9000.0,9000.0,8485.3,6000.0,12000.0,35.0,35.0,7.07,2,0
성북구,보문동1가,2025,11,전세,연립다세대,1,14000.0,14000.0,,14000.0,14000.0,,,,1,0
성북구,보문동1가,2026,1,월세,연립다세대,1,1000.0,1000.0,,1000.0,1000.0,60.0,60.0,,0,1
성북구,보문동1가,2026,2,월세,연립다세대,1,7000.0,7000.0,,7000.0,7000.0,20.0,20.0,,1,1
성북구,보문동1가,2026,4,전세,연립다세대,1,9000.0,9000.0,,9000.0,9000.0,,,,1,1
성북구,보문동1가,2026,7,월세,연립다세대,1,22727.0,22727.0,,22727.0,22727.0,23.0,23.0,,1,1
성북구,보문동1가,2026,8,월세,연립다세대,1,4906.0,4906.0,,4906.0,4906.0,75.0,75.0,,0,1
성북구,보문동2가,2021,1,월세,연립다세대,9,2000.0,3833.3,4430.0,1000.0,4000.0,54.0,50.78,19.18,0,0
성북구,보문동2가,2021,1,월세,오피스텔,1,7800.0,7800.0,,7800.0,7800.0,30.0,30.0,,0,0
성북구,보문동2가,2021,1,전세,연립다세대,1,10000.0,10000.0,,10000.0,10000.0,,,,0,0
성북구,보문동2가,2021,1,전세,오피스텔,1,10000.0,10000.0,,10000.0,10000.0,,,,0,0
성북구,보문동2가,2021,2,월세,연립다세대,3,1000.0,3500.0,4769.7,750.0,5000.0,50.0,45.0,13.23,0,0
성북구,보문동2가,2021,2,월세,오피스텔,2,2250.0,2250.0,2474.9,1375.0,3125.0,43.0,43.0,9.9,0,0
성북구,보문동2가,2021,2,전세,연립다세대,1,13650.0,13650.0,,13650.0,13650.0,,,,0,0
성북구,보문동2가,2021,3,월세,연립다세대,5,2000.0,1800.0,836.7,1000.0,2000.0,50.0,48.6,9.86,0,0
성북구,보문동2가,2021,3,전세,연립다세대,4,16000.0,16937.5,2045.1,15937.5,17000.0,,,,0,0
성북구,보문동2가,2021,4,월세,연립다세대,1,5000.0,5000.0,,5000.0,5000.0,25.0,25.0,,0,0
성북구,보문동2가,2021,4,월세,오피스텔,1,1500.0,1500.0,,1500.0,1500.0,50.0,50.0,,0,0
성북구,보문동2가,2021,4,전세,연립다세대,1,17000.0,17000.0,,17000.0,17000.0,,,,0,0
성북구,보문동2가,2021,5,월세,연립다세대,2,750.0,750.0,353.6,625.0,875.0,53.5,53.5,2.12,0,0
성북구,보문동2가,2021,5,전세,연립다세대,3,17500.0,16333.3,4368.4,14500.0,18750.0,,,,0,0
성북구,보문동2가,2021,6,월세,연립다세대,2,750.0,750.0,353.6,625.0,875.0,47.5,47.5,3.54,2,0
성북구,보문동2가,2021,6,월세,오피스텔,2,3250.0,3250.0,2474.9,2375.0,4125.0,38.5,38.5,2.12,2,0
성북구,보문동2가,2021,7,월세,연립다세대,6,2250.0,3083.3,3121.2,500.0,4750.0,51.5,45.17,16.14,6,0
성북구,보문동2가,2021,7,월세,오피스텔,2,1250.0,1250.0,1060.7,875.0,1625.0,55.0,55.0,7.07,2,0
성북구,보문동2가,2021,7,전세,연립다세대,1,12000.0,12000.0,,12000.0,12000.0,,,,1,0
성북구,보문동2가,2021,8,월세,연립다세대,3,1000.0,4666.7,6788.5,750.0,6750.0,35.0,39.33,14.01,3,0
성북구,보문동2가,2021,8,월세,오피스텔,1,8000.0,8000.0,,8000.0,8000.0,25.0,25.0,,1,0
성북구,보문동2가,2021,8,전세,연립다세대,1,35000.0,35000.0,,35000.0,35000.0,,,,1,0
성북구,보문동2가,2021,9,월세,연립다세대,1,1000.0,1000.0,,1000.0,1000.0,52.0,52.0,,1,0
성북구,보문동2가,2021,9,월세,오피스텔,3,6700.0,5400.0,3915.4,3850.0,7600.0,25.0,32.0,15.72,2,0
성북구,보문동2가,2021,9,전세,연립다세대,1,18000.0,18000.0,,18000.0,18000.0,,,,1,0
성북구,보문동2가,2021,10,월세,연립다세대,3,2000.0,5000.0,6538.3,1250.0,7250.0,43.0,33.33,18.5,2,0
성북구,보문동2가,2021,10,월세,오피스텔,3,8500.0,7233.3,3100.5,6100.0,9000.0,33.0,30.67,14.64,3,0
성북구,보문동2가,2021,10,전세,연립다세대,4,14425.0,14237.5,1224.3,13762.5,14900.0,,,,0,0
성북구,보문동2가,2021,11,월세,연립다세대,4,3000.0,3875.0,3614.2,2375.0,4500.0,42.5,46.0,22.08,2,0
성북구,보문동2가,2021,11,전세,연립다세대,1,9000.0,9000.0,,9000.0,9000.0,,,,1,0
성북구,보문동2가,2021,12,월세,연립다세대,3,1000.0,833.3,288.7,750.0,1000.0,53.0,52.33,2.08,3,0
성북구,보문동2가,2022,1,월세,연립다세대,7,2000.0,2214.3,994.0,1750.0,2500.0,45.0,45.29,5.53,7,0
성북구,보문동2가,2022,2,월세,연립다세대,6,1500.0,3000.0,2898.3,1000.0,4250.0,53.5,53.67,5.89,5,0
성북구,보문동2가,2022,2,월세,오피스텔,2,1500.0,1500.0,707.1,1250.0,1750.0,49.5,49.5,0.71,2,0
성북구,보문동2가,2022,3,월세,연립다세대,3,6000.0,7666.7,4725.8,5000.0,9500.0,40.0,40.33,4.51,2,0
성북구,보문동2가,2022,3,전세,연립다세대,2,14975.0,14975.0,7035.7,12487.5,17462.5,,,,1,0
성북구,보문동2가,2022,4,월세,연립다세대,6,1000.0,2500.0,3209.4,1000.0,1750.0,54.0,54.33,5.57,6,0
성북구,보문동2가,2022,4,월세,오피스텔,1,1000.0,1000.0,,1000.0,1000.0,60.0,60.0,,1,0
성북구,보문동2가,2022,5,월세,연립다세대,3,11000.0,8000.0,5196.2,6500.0,11000.0,25.0,30.0,8.66,1,0
성북구,보문동2가,2022,5,전세,연립다세대,1,23000.0,23000.0,,23000.0,23000.0,,,,1,0
성북구,보문동2가,2022,6,월세,연립다세대,4,1000.0,1625.0,1600.8,875.0,1750.0,54.5,51.5,7.77,3,0
성북구,보문동2가,2022,6,월세,오피스텔,1,3000.0,3000.0,,3000.0,3000.0,50.0,50.0,,1,0
성북구,보문동2가,2022,6,전세,연립다세대,1,20000.0,20000.0,,20000.0,20000.0,,,,1,0
성북구,보문동2가,2022,7,월세,연립다세대,2,7750.0,7750.0,8131.7,4875.0,10625.0,28.5,28.5,37.48,1,0
성북구,보문동2가,2022,8,월세,연립다세대,2,8500.0,8500.0,707.1,8250.0,8750.0,33.0,33.0,4.24,1,0
성북구,보문동2가,2022,8,월세,오피스텔,2,5750.0,5750.0,5303.3,3875.0,7625.0,38.0,38.0,31.11,1,0
성북구,보문동2가,2022,9,월세,연립다세대,5,10000.0,8600.0,4505.6,9000.0,10000.0,36.0,40.2,11.63,4,0
성북구,보문동2가,2022,9,월세,오피스텔,1,1000.0,1000.0,,1000.0,1000.0,52.0,52.0,,1,0
성북구,보문동2가,2022,10,월세,연립다세대,4,2500.0,3500.0,2380.5,2000.0,4000.0,62.5,60.75,13.38,4,0
성북구,보문동2가,2022,11,월세,연립다세대,1,12000.0,12000.0,,12000.0,12000.0,20.0,20.0,,0,0
성북구,보문동2가,2022,11,월세,오피스텔,1,10000.0,10000.0,,10000.0,10000.0,16.0,16.0,,1,0
성북구,보문동2가,2022,12,월세,연립다세대,6,6500.0,7000.0,5683.3,2375.0,10625.0,35.0,32.17,19.68,4,0
성북구,보문동2가,2022,12,월세,오피스텔,2,6500.0,6500.0,4949.7,4750.0,8250.0,30.0,30.0,14.14,1,0
성북구,보문동2가,2022,12,전세,연립다세대,1,14332.0,14332.0,,14332.0,14332.0,,,,1,0
성북구,보문동2가,2023,1,월세,연립다세대,5,2000.0,3200.0,2588.4,1000.0,6000.0,60.0,72.8,30.7,5,0
성북구,보문동2가,2023,2,월세,연립다세대,10,1500.0,2300.0,1636.4,1000.0,3000.0,54.0,67.0,26.31,9,0
성북구,보문동2가,2023,2,전세,연립다세대,2,16537.0,16537.0,0.0,16537.0,16537.0,,,,1,0
성북구,보문동2가,2023,2,전세,오피스텔,1,12600.0,12600.0,,12600.0,12600.0,,,,1,0
성북구,보문동2가,2023,3,월세,연립다세대,11,3000.0,5000.0,4404.5,3000.0,6500.0,75.0,73.82,34.18,10,0
성북구,보문동2가,2023,3,월세,오피스텔,1,5000.0,5000.0,,5000.0,5000.0,225.0,225.0,,1,0
성북구,보문동2가,2023,3,전세,연립다세대,1,27000.0,27000.0,,27000.0,27000.0,,,,1,0
성북구,보문동2가,2023,4,월세,연립다세대,1,12000.0,12000.0,,12000.0,12000.0,65.0,65.0,,1,0
성북구,보문동2가,2023,5,월세,연립다세대,3,500.0,1666.7,2020.7,500.0,2250.0,45.0,47.67,6.43,2,0
성북구,보문동2가,2023,5,전세,연립다세대,1,11500.0,11500.0,,11500.0,11500.0,,,,1,0
성북구,보문동2가,2023,6,월세,연립다세대,2,2500.0,2500.0,2121.3,1750.0,3250.0,50.5,50.5,3.54,2,0
성북구,보문동2가,2023,6,월세,오피스텔,5,5000.0,4940.0,3266.2,3700.0,5000.0,160.0,123.2,60.26,4,0
성북구,보문동2가,2023,6,전세,오피스텔,1,40000.0,40000.0,,40000.0,40000.0,,,,1,0
성북구,보문동2가,2023,7,월세,연립다세대,4,1500.0,1500.0,577.4,1000.0,2000.0,50.0,55.0,10.0,4,0
성북구,보문동2가,2023,7,월세,오피스텔,2,5000.0,5000.0,0.0,5000.0,5000.0,187.5,187.5,17.68,2,0
성북구,보문동2가,2023,8,월세,연립다세대,7,2000.0,4642.9,5359.7,1250.0,6000.0,55.0,50.14,33.18,6,0
성북구,보문동2가,2023,8,월세,오피스텔,2,3500.0,3500.0,2121.3,2750.0,4250.0,120.0,120.0,98.99,2,0
성북구,보문동2가,2023,8,전세,연립다세대,1,20000.0,20000.0,,20000.0,20000.0,,,,0,0
성북구,보문동2가,2023,8,전세,오피스텔,3,43000.0,44666.7,2886.8,43000.0,45500.0,,,,3,0
성북구,보문동2가,2023,9,월세,연립다세대,5,8000.0,8000.0,4623.3,8000.0,11000.0,33.0,35.2,11.84,2,0
성북구,보문동2가,2023,9,월세,오피스텔,1,10000.0,10000.0,,10000.0,10000.0,170.0,170.0,,1,0
성북구,보문동2가,2023,10,월세,연립다세대,2,1000.0,1000.0,0.0,1000.0,1000.0,51.0,51.0,0.0,2,0
성북구,보문동2가,2023,10,월세,오피스텔,5,10000.0,9600.0,3646.9,8000.0,10000.0,180.0,154.0,70.92,5,0
성북구,보문동2가,2023,11,월세,연립다세대,5,12500.0,22100.0,21202.6,5000.0,45000.0,25.0,35.0,21.51,4,0
성북구,보문동2가,2023,11,월세,오피스텔,2,10000.0,10000.0,0.0,10000.0,10000.0,95.0,95.0,91.92,2,0
성북구,보문동2가,2023,11,전세,연립다세대,3,15435.0,24811.7,22049.7,12217.5,32717.5,,,,2,0
성북구,보문동2가,2023,11,전세,오피스텔,1,41000.0,41000.0,,41000.0,41000.0,,,,1,0
성북구,보문동2가,2023,12,월세,연립다세대,7,1500.0,3357.1,4069.3,1000.0,3500.0,54.0,55.43,24.08,7,0
성북구,보문동2가,2023,12,월세,오피스텔,1,8000.0,8000.0,,8000.0,8000.0,30.0,30.0,,0,0
성북구,보문동2가,2023,12,전세,연립다세대,1,23000.0,23000.0,,23000.0,23000.0,,,,1,0
성북구,보문동2가,2024,1,월세,연립다세대,9,3700.0,4600.0,4429.2,1000.0,5000.0,47.0,46.44,24.77,8,0
성북구,보문동2가,2024,1,월세,오피스텔,3,10000.0,7666.7,4041.5,6500.0,10000.0,190.0,140.0,95.39,3,0
성북구,보문동2가,2024,1,전세,연립다세대,3,17640.0,17640.0,0.0,17640.0,17640.0,,,,0,0
성북구,보문동2가,2024,2,월세,연립다세대,3,5000.0,5166.7,4752.2,2750.0,7500.0,53.0,42.67,19.66,3,0
성북구,보문동2가,2024,3,월세,연립다세대,3,4000.0,5000.0,4582.6,2500.0,7000.0,48.0,41.0,15.72,1,0
성북구,보문동2가,2024,3,월세,오피스텔,1,5000.0,5000.0,,5000.0,5000.0,220.0,220.0,,1,0
성북구,보문동2가,2024,3,전세,연립다세대,2,43500.0,43500.0,9192.4,40250.0,46750.0,,,,2,0
성북구,보문동2가,2024,4,월세,연립다세대,5,3000.0,6900.0,6288.9,2000.0,13000.0,52.0,47.0,31.46,4,0
성북구,보문동2가,2024,4,월세,오피스텔,2,3000.0,3000.0,2828.4,2000.0,4000.0,133.5,133.5,108.19,2,0
성북구,보문동2가,2024,4,전세,연립다세대,1,50000.0,50000.0,,50000.0,50000.0,,,,1,0
성북구,보문동2가,2024,5,월세,연립다세대,3,5000.0,5333.3,3511.9,3500.0,7000.0,45.0,43.0,8.19,2,0
성북구,보문동2가,2024,5,전세,연립다세대,2,47400.0,47400.0,848.5,47100.0,47700.0,,,,2,0
성북구,보문동2가,2024,5,전세,오피스텔,1,47000.0,47000.0,,47000.0,47000.0,,,,1,0
성북구,보문동2가,2024,6,월세,연립다세대,5,500.0,4800.0,7362.1,500.0,5000.0,50.0,43.8,16.13,5,0
성북구,보문동2가,2024,6,전세,연립다세대,5,43000.0,39920.0,11296.5,43000.0,46800.0,,,,5,0
성북구,보문동2가,2024,7,월세,연립다세대,3,8000.0,6000.0,3464.1,5000.0,8000.0,36.0,49.0,22.52,3,0
성북구,보문동2가,2024,7,전세,연립다세대,1,20000.0,20000.0,,20000.0,20000.0,,,,1,0
성북구,보문동2가,2024,7,전세,오피스텔,1,10000.0,10000.0,,10000.0,10000.0,,,,1,0
성북구,보문동2가,2024,8,월세,연립다세대,6,4350.0,4116.7,1844.4,2425.0,5750.0,50.0,56.83,11.87,5,0
성북구,보문동2가,2024,8,월세,오피스텔,3,15000.0,10333.3,8082.9,8000.0,15000.0,150.0,125.0,61.44,3,0
성북구,보문동2가,2024,8,전세,연립다세대,2,47500.0,47500.0,3535.5,46250.0,48750.0,,,,2,0
성북구,보문동2가,2024,9,월세,연립다세대,3,1000.0,2666.7,2886.8,1000.0,3500.0,60.0,65.0,13.23,2,0
성북구,보문동2가,2024,9,전세,연립다세대,1,20000.0,20000.0,,20000.0,20000.0,,,,1,0
성북구,보문동2가,2024,9,전세,오피스텔,1,43000.0,43000.0,,43000.0,43000.0,,,,1,0
성북구,보문동2가,2024,10,월세,연립다세대,7,1500.0,3000.0,2598.1,1000.0,5000.0,53.0,51.57,7.72,7,0
성북구,보문동2가,2024,10,월세,오피스텔,1,1000.0,1000.0,,1000.0,1000.0,65.0,65.0,,1,0
성북구,보문동2가,2024,11,월세,연립다세대,3,5000.0,6000.0,5567.8,3000.0,8500.0,51.0,40.33,26.65,2,0
성북구,보문동2가,2024,11,월세,오피스텔,3,10000.0,8200.0,3923.0,6850.0,10450.0,30.0,31.33,14.05,3,0
성북구,보문동2가,2024,12,월세,연립다세대,2,750.0,750.0,353.6,625.0,875.0,55.5,55.5,6.36,2,0
성북구,보문동2가,2024,12,월세,오피스텔,7,9000.0,8000.0,3547.3,7750.0,10000.0,27.0,53.57,66.46,1,0
성북구,보문동2가,2024,12,전세,연립다세대,1,15048.0,15048.0,,15048.0,15048.0,,,,0,0
성북구,보문동2가,2025,1,월세,연립다세대,7,500.0,1351.7,1726.3,455.0,1500.0,52.0,49.0,14.84,7,0
성북구,보문동2가,2025,1,월세,오피스텔,4,11000.0,10925.0,699.4,10750.0,11175.0,11.5,50.5,79.68,1,0
성북구,보문동2가,2025,1,전세,연립다세대,1,17363.0,17363.0,,17363.0,17363.0,,,,0,0
성북구,보문동2가,2025,2,월세,연립다세대,6,9000.0,8333.3,4033.2,8000.0,10000.0,32.5,29.0,16.61,6,0
성북구,보문동2가,2025,2,월세,오피스텔,2,5350.0,5350.0,4737.6,3675.0,7025.0,41.0,41.0,26.87,2,0
성북구,보문동2가,2025,3,월세,연립다세대,3,3000.0,5166.7,6048.4,1750.0,7500.0,45.0,55.67,49.86,2,0
성북구,보문동2가,2025,3,월세,오피스텔,1,10000.0,10000.0,,10000.0,10000.0,170.0,170.0,,1,0
성북구,보문동2가,2025,4,월세,연립다세대,1,1000.0,1000.0,,1000.0,1000.0,80.0,80.0,,1,0
성북구,보문동2가,2025,4,월세,오피스텔,1,20000.0,20000.0,,20000.0,20000.0,115.0,115.0,,1,0
성북구,보문동2가,2025,4,전세,오피스텔,1,45000.0,45000.0,,45000.0,45000.0,,,,1,0
성북구,보문동2가,2025,5,월세,연립다세대,5,1000.0,2500.0,2291.3,1000.0,5000.0,56.0,77.4,29.76,4,0
성북구,보문동2가,2025,5,월세,오피스텔,1,10000.0,10000.0,,10000.0,10000.0,20.0,20.0,,0,0
성북구,보문동2가,2025,5,전세,오피스텔,1,47000.0,47000.0,,47000.0,47000.0,,,,1,0
성북구,보문동2가,2025,6,월세,연립다세대,2,4500.0,4500.0,4949.7,2750.0,6250.0,43.5,43.5,2.12,2,0
성북구,보문동2가,2025,6,월세,오피스텔,3,3700.0,4233.3,3530.3,2350.0,5850.0,49.0,48.0,7.55,3,0
성북구,보문동2가,2025,6,전세,연립다세대,1,20000.0,20000.0,,20000.0,20000.0,,,,1,0
성북구,보문동2가,2025,7,월세,연립다세대,10,2500.0,4350.0,5033.5,1000.0,4000.0,53.5,51.2,29.2,8,0
성북구,보문동2가,2025,7,전세,오피스텔,1,48000.0,48000.0,,48000.0,48000.0,,,,1,0
성북구,보문동2가,2025,8,월세,연립다세대,8,1000.0,2062.5,1821.3,1000.0,2375.0,53.5,52.75,4.65,4,0
성북구,보문동2가,2025,8,월세,오피스텔,6,3000.0,2666.7,816.5,3000.0,3000.0,140.0,129.67,35.45,6,0
성북구,보문동2가,2025,8,전세,연립다세대,1,20000.0,20000.0,,20000.0,20000.0,,,,0,0
성북구,보문동2가,2025,9,월세,연립다세대,5,2000.0,2100.0,1746.4,1000.0,2000.0,60.0,62.4,15.37,5,0
성북구,보문동2가,2025,9,월세,오피스텔,7,3000.0,3714.3,2870.2,3000.0,3000.0,140.0,118.57,48.45,7,0
성북구,보문동2가,2025,9,전세,연립다세대,1,16206.0,16206.0,,16206.0,16206.0,,,,1,0
성북구,보문동2가,2025,10,월세,연립다세대,3,1000.0,4666.7,6350.9,1000.0,6500.0,60.0,51.67,14.43,3,0
성북구,보문동2가,2025,10,월세,오피스텔,6,3000.0,4166.7,2857.7,3000.0,3000.0,140.0,110.83,57.39,6,0
성북구,보문동2가,2025,11,월세,연립다세대,5,5000.0,6100.0,5661.3,1000.0,12000.0,43.0,38.2,14.53,4,0
성북구,보문동2가,2025,11,월세,오피스텔,6,3000.0,5000.0,4899.0,3000.0,3000.0,140.0,143.33,13.66,6,0
성북구,보문동2가,2025,12,월세,연립다세대,10,3700.0,3940.0,2585.1,2000.0,5000.0,51.5,55.9,18.65,9,0
성북구,보문동2가,2025,12,월세,오피스텔,1,10000.0,10000.0,,10000.0,10000.0,30.0,30.0,,1,0
성북구,보문동2가,2025,12,전세,연립다세대,2,18500.0,18500.0,13435.0,13750.0,23250.0,,,,2,0
성북구,보문동2가,2026,1,월세,연립다세대,10,4350.0,6020.0,4813.6,3000.0,8750.0,53.5,60.7,35.32,7,1
성북구,보문동2가,2026,1,월세,오피스텔,4,4000.0,5300.0,4501.1,2625.0,6675.0,52.5,46.75,23.07,4,1
성북구,보문동2가,2026,1,전세,연립다세대,2,31761.0,31761.0,18722.8,25141.5,38380.5,,,,1,1
성북구,보문동2가,2026,2,월세,연립다세대,6,1000.0,2083.3,1855.2,1000.0,2500.0,54.5,63.17,28.68,5,1
성북구,보문동2가,2026,2,월세,오피스텔,1,8000.0,8000.0,,8000.0,8000.0,32.0,32.0,,0,1
성북구,보문동2가,2026,3,월세,연립다세대,4,3500.0,4000.0,2449.5,2000.0,5500.0,55.5,48.0,25.86,2,1
성북구,보문동2가,2026,3,전세,연립다세대,2,24250.0,24250.0,3889.1,22875.0,25625.0,,,,1,1
성북구,보문동2가,2026,4,월세,연립다세대,7,5000.0,6642.9,5793.1,1500.0,11500.0,52.0,46.14,24.15,3,1
성북구,보문동2가,2026,4,월세,오피스텔,2,10250.0,10250.0,13788.6,5375.0,15125.0,95.0,95.0,49.5,2,1
성북구,보문동2가,2026,5,월세,연립다세대,3,1000.0,2166.7,2466.4,750.0,3000.0,60.0,64.33,14.01,3,1
성북구,보문동2가,2026,5,월세,오피스텔,1,10000.0,10000.0,,10000.0,10000.0,32.0,32.0,,1,1
성북구,보문동2가,2026,5,전세,연립다세대,5,20500.0,29740.0,13531.9,20500.0,37500.0,,,,3,1
성북구,보문동2가,2026,5,전세,오피스텔,1,48000.0,48000.0,,48000.0,48000.0,,,,1,1
성북구,보문동2가,2026,6,월세,연립다세대,5,2000.0,5500.0,5500.0,2000.0,9000.0,42.0,52.4,27.81,3,1
성북구,보문동2가,2026,6,월세,오피스텔,3,3000.0,4166.7,3883.7,2000.0,5750.0,70.0,100.67,88.1,3,1
성북구,보문동2가,2026,7,월세,연립다세대,3,1500.0,2500.0,2179.4,1250.0,3250.0,65.0,83.0,41.07,3,1
성북구,보문동2가,2026,7,월세,오피스텔,1,12000.0,12000.0,,12000.0,12000.0,8.0,8.0,,1,1
성북구,보문동2가,2026,8,월세,연립다세대,5,5000.0,5000.0,3535.5,2000.0,8000.0,54.0,50.6,7.99,4,1
성북구,보문동2가,2026,8,월세,오피스텔,1,1000.0,1000.0,,1000.0,1000.0,51.0,51.0,,1,1
성북구,보문동2가,2026,8,전세,오피스텔,1,45000.0,45000.0,,45000.0,45000.0,,,,1,1
성북구,보문동2가,2026,9,월세,오피스텔,2,2000.0,2000.0,1414.2,1500.0,2500.0,190.0,190.0,14.14,2,1
성북구,보문동3가,2021,1,월세,연립다세대,1,16000.0,16000.0,,16000.0,16000.0,5.0,5.0,,0,0
성북구,보문동3가,2021,3,월세,연립다세대,1,15000.0,15000.0,,15000.0,15000.0,10.0,10.0,,0,0
성북구,보문동3가,2021,6,전세,연립다세대,1,17000.0,17000.0,,17000.0,17000.0,,,,0,0
성북구,보문동3가,2021,7,전세,연립다세대,1,18000.0,18000.0,,18000.0,18000.0,,,,1,0
성북구,보문동3가,2021,9,전세,연립다세대,1,11550.0,11550.0,,11550.0,11550.0,,,,0,0
성북구,보문동3가,2021,11,전세,연립다세대,1,16700.0,16700.0,,16700.0,16700.0,,,,0,0
성북구,보문동3가,2022,5,전세,연립다세대,1,13000.0,13000.0,,13000.0,13000.0,,,,0,0
성북구,보문동3가,2022,9,월세,연립다세대,1,15000.0,15000.0,,15000.0,15000.0,15.0,15.0,,0,0
성북구,보문동3가,2023,3,월세,연립다세대,1,15000.0,15000.0,,15000.0,15000.0,15.0,15.0,,0,0
성북구,보문동3가,2023,3,전세,연립다세대,1,14000.0,14000.0,,14000.0,14000.0,,,,1,0
성북구,보문동3가,2023,8,월세,연립다세대,1,11000.0,11000.0,,11000.0,11000.0,30.0,30.0,,1,0
성북구,보문동3가,2023,12,전세,연립다세대,1,15000.0,15000.0,,15000.0,15000.0,,,,1,0
성북구,보문동3가,2024,4,월세,연립다세대,1,8000.0,8000.0,,8000.0,8000.0,35.0,35.0,,1,0
성북구,보문동3가,2025,3,월세,연립다세대,2,8900.0,8900.0,1272.8,8450.0,9350.0,43.0,43.0,2.83,2,0
성북구,보문동3가,2025,11,월세,연립다세대,1,8500.0,8500.0,,8500.0,8500.0,35.0,35.0,,1,0
성북구,보문동3가,2026,5,월세,연립다세대,1,8800.0,8800.0,,8800.0,8800.0,40.0,40.0,,1,1
성북구,보문동3가,2026,6,월세,연립다세대,1,9000.0,9000.0,,9000.0,9000.0,50.0,50.0,,1,1
성북구,보문동3가,2026,7,월세,연립다세대,1,8000.0,8000.0,,8000.0,8000.0,35.0,35.0,,1,1
성북구,보문동3가,2026,9,월세,연립다세대,1,15000.0,15000.0,,15000.0,15000.0,15.0,15.0,,0,1
성북구,보문동4가,2021,1,전세,오피스텔,1,16000.0,16000.0,,16000.0,16000.0,,,,0,0
성북구,보문동4가,2021,2,월세,연립다세대,1,1000.0,1000.0,,1000.0,1000.0,50.0,50.0,,1,0
성북구,보문동4가,2021,6,월세,연립다세대,1,3000.0,3000.0,,3000.0,3000.0,82.0,82.0,,1,0
성북구,보문동4가,2021,6,전세,오피스텔,4,15000.0,14875.0,250.0,14875.0,15000.0,,,,3,0
성북구,보문동4가,2021,8,월세,오피스텔,1,11000.0,11000.0,,11000.0,11000.0,8.0,8.0,,1,0
성북구,보문동4가,2021,9,전세,오피스텔,1,11000.0,11000.0,,11000.0,11000.0,,,,1,0
성북구,보문동4가,2022,1,월세,연립다세대,1,2000.0,2000.0,,2000.0,2000.0,87.0,87.0,,1,0
성북구,보문동4가,2022,2,월세,연립다세대,1,3000.0,3000.0,,3000.0,3000.0,82.0,82.0,,1,0
성북구,보문동4가,2022,2,월세,오피스텔,2,6500.0,6500.0,7778.2,3750.0,9250.0,28.5,28.5,30.41,1,0
성북구,보문동4가,2022,3,월세,연립다세대,1,2000.0,2000.0,,2000.0,2000.0,74.0,74.0,,0,0
성북구,보문동4가,2022,3,월세,오피스텔,1,13000.0,13000.0,,13000.0,13000.0,28.0,28.0,,1,0
성북구,보문동4가,2022,4,월세,연립다세대,1,1000.0,1000.0,,1000.0,1000.0,52.0,52.0,,1,0
성북구,보문동4가,2022,4,월세,오피스텔,1,12000.0,12000.0,,12000.0,12000.0,10.0,10.0,,0,0
성북구,보문동4가,2022,7,월세,오피스텔,1,4000.0,4000.0,,4000.0,4000.0,47.0,47.0,,1,0
성북구,보문동4가,2022,8,월세,연립다세대,1,3000.0,3000.0,,3000.0,3000.0,81.0,81.0,,1,0
성북구,보문동4가,2022,10,월세,연립다세대,1,4000.0,4000.0,,4000.0,4000.0,60.0,60.0,,1,0
성북구,보문동4가,2022,11,월세,연립다세대,2,2000.0,2000.0,0.0,2000.0,2000.0,90.0,90.0,0.0,2,0
성북구,보문동4가,2022,11,월세,오피스텔,1,14000.0,14000.0,,14000.0,14000.0,12.0,12.0,,0,0
성북구,보문동4가,2022,12,월세,연립다세대,1,6000.0,6000.0,,6000.0,6000.0,55.0,55.0,,1,0
성북구,보문동4가,2022,12,월세,오피스텔,1,5000.0,5000.0,,5000.0,5000.0,69.0,69.0,,1,0
성북구,보문동4가,2023,1,월세,오피스텔,1,3000.0,3000.0,,3000.0,3000.0,74.0,74.0,,1,0
성북구,보문동4가,2023,2,월세,오피스텔,3,1000.0,5566.7,8170.9,850.0,8000.0,52.0,36.67,29.19,1,0
성북구,보문동4가,2023,3,월세,오피스텔,1,1000.0,1000.0,,1000.0,1000.0,40.0,40.0,,1,0
성북구,보문동4가,2023,6,월세,연립다세대,1,1000.0,1000.0,,1000.0,1000.0,54.0,54.0,,1,0
성북구,보문동4가,2023,6,월세,오피스텔,2,14850.0,14850.0,212.1,14775.0,14925.0,3.0,3.0,0.0,0,0
성북구,보문동4가,2023,7,월세,연립다세대,1,1000.0,1000.0,,1000.0,1000.0,55.0,55.0,,1,0
성북구,보문동4가,2023,11,월세,연립다세대,1,2000.0,2000.0,,2000.0,2000.0,55.0,55.0,,1,0
성북구,보문동4가,2024,1,월세,연립다세대,1,1000.0,1000.0,,1000.0,1000.0,55.0,55.0,,1,0
성북구,보문동4가,2024,2,월세,오피스텔,6,5500.0,6333.3,4320.5,2750.0,9750.0,54.0,44.5,28.95,5,0
성북구,보문동4가,2024,3,월세,연립다세대,1,2000.0,2000.0,,2000.0,2000.0,55.0,55.0,,1,0
성북구,보문동4가,2024,3,월세,오피스텔,2,1000.0,1000.0,0.0,1000.0,1000.0,79.0,79.0,0.0,1,0
성북구,보문동4가,2024,4,월세,연립다세대,1,3000.0,3000.0,,3000.0,3000.0,80.0,80.0,,1,0
성북구,보문동4가,2024,4,월세,오피스텔,1,5000.0,5000.0,,5000.0,5000.0,42.0,42.0,,1,0
성북구,보문동4가,2024,5,월세,연립다세대,1,2000.0,2000.0,,2000.0,2000.0,50.0,50.0,,1,0
성북구,보문동4가,2024,5,월세,오피스텔,1,13000.0,13000.0,,13000.0,13000.0,32.0,32.0,,0,0
성북구,보문동4가,2024,6,월세,오피스텔,1,1000.0,1000.0,,1000.0,1000.0,64.0,64.0,,1,0
성북구,보문동4가,2024,7,월세,연립다세대,2,3500.0,3500.0,707.1,3250.0,3750.0,54.0,54.0,8.49,1,0
성북구,보문동4가,2024,7,월세,오피스텔,2,8500.0,8500.0,4949.7,6750.0,10250.0,36.0,36.0,8.49,2,0
성북구,보문동4가,2024,8,월세,오피스텔,4,6000.0,6250.0,4573.5,4000.0,8250.0,42.0,39.75,22.97,4,0
성북구,보문동4가,2024,9,월세,연립다세대,1,1000.0,1000.0,,1000.0,1000.0,90.0,90.0,,1,0
성북구,보문동4가,2024,9,월세,오피스텔,2,4500.0,4500.0,3535.5,3250.0,5750.0,49.0,49.0,9.9,2,0
성북구,보문동4가,2024,10,월세,연립다세대,1,3000.0,3000.0,,3000.0,3000.0,91.0,91.0,,1,0
성북구,보문동4가,2024,10,월세,오피스텔,1,14000.0,14000.0,,14000.0,14000.0,15.0,15.0,,0,0
성북구,보문동4가,2024,11,월세,오피스텔,1,2000.0,2000.0,,2000.0,2000.0,76.0,76.0,,1,0
성북구,보문동4가,2024,12,월세,연립다세대,1,2000.0,2000.0,,2000.0,2000.0,80.0,80.0,,1,0
성북구,보문동4가,2024,12,월세,오피스텔,3,10000.0,11333.3,7094.6,7500.0,14500.0,31.0,37.67,33.5,2,0
성북구,보문동4가,2025,1,월세,연립다세대,1,5000.0,5000.0,,5000.0,5000.0,81.0,81.0,,0,0
성북구,보문동4가,2025,1,월세,오피스텔,4,3000.0,5000.0,5416.0,2500.0,5500.0,54.0,50.0,26.58,3,0
성북구,보문동4가,2025,2,월세,오피스텔,2,7500.0,7500.0,9192.4,4250.0,10750.0,32.5,32.5,31.82,0,0
성북구,보문동4가,2025,4,월세,연립다세대,1,3000.0,3000.0,,3000.0,3000.0,87.0,87.0,,1,0
성북구,보문동4가,2025,4,월세,오피스텔,2,8500.0,8500.0,4949.7,6750.0,10250.0,27.5,27.5,24.75,1,0
성북구,보문동4가,2025,5,월세,연립다세대,1,3000.0,3000.0,,3000.0,3000.0,91.0,91.0,,1,0
성북구,보문동4가,2025,5,월세,오피스텔,2,6000.0,6000.0,7071.1,3500.0,8500.0,41.0,41.0,1.41,1,0
성북구,보문동4가,2025,7,월세,오피스텔,1,10000.0,10000.0,,10000.0,10000.0,31.0,31.0,,1,0
성북구,보문동4가,2025,8,월세,연립다세대,1,2000.0,2000.0,,2000.0,2000.0,100.0,100.0,,1,0
성북구,보문동4가,2025,9,월세,연립다세대,2,5000.0,5000.0,0.0,5000.0,5000.0,81.0,81.0,0.0,2,0
성북구,보문동4가,2025,9,월세,오피스텔,1,10000.0,10000.0,,10000.0,10000.0,25.0,25.0,,1,0
성북구,보문동4가,2025,11,월세,오피스텔,2,5750.0,5750.0,6717.5,3375.0,8125.0,31.5,31.5,34.65,1,0
성북구,보문동4가,2025,11,전세,연립다세대,2,28000.0,28000.0,0.0,28000.0,28000.0,,,,2,0
성북구,보문동4가,2025,12,월세,오피스텔,1,2000.0,2000.0,,2000.0,2000.0,92.0,92.0,,0,0
성북구,보문동4가,2026,1,월세,연립다세대,1,3000.0,3000.0,,3000.0,3000.0,92.0,92.0,,1,1
성북구,보문동4가,2026,1,월세,오피스텔,3,11900.0,11300.0,1126.9,10950.0,11950.0,21.0,22.67,2.89,1,1
성북구,보문동4가,2026,2,월세,오피스텔,4,10000.0,9250.0,2986.1,8750.0,10500.0,36.0,34.0,11.92,3,1
성북구,보문동4가,2026,3,월세,연립다세대,2,1000.0,1000.0,0.0,1000.0,1000.0,58.0,58.0,0.0,2,1
성북구,보문동4가,2026,4,월세,오피스텔,1,3000.0,3000.0,,3000.0,3000.0,78.0,78.0,,1,1
성북구,보문동4가,2026,5,월세,오피스텔,2,10500.0,10500.0,3535.5,9250.0,11750.0,44.5,44.5,12.02,1,1
성북구,보문동4가,2026,6,월세,오피스텔,1,3000.0,3000.0,,3000.0,3000.0,55.0,55.0,,1,1
성북구,보문동4가,2026,7,월세,오피스텔,3,1000.0,4000.0,5196.2,1000.0,5500.0,71.0,65.33,21.08,3,1
성북구,보문동4가,2026,8,월세,오피스텔,3,3000.0,3333.3,2516.6,2000.0,4500.0,55.0,50.33,15.53,3,1
성북구,보문동5가,2021,1,월세,연립다세대,1,3000.0,3000.0,,3000.0,3000.0,40.0,40.0,,0,0
성북구,보문동5가,2021,1,전세,연립다세대,2,15000.0,15000.0,14142.1,10000.0,20000.0,,,,0,0
성북구,보문동5가,2021,2,전세,연립다세대,1,32000.0,32000.0,,32000.0,32000.0,,,,0,0
성북구,보문동5가,2021,3,전세,연립다세대,1,31500.0,31500.0,,31500.0,31500.0,,,,0,0
성북구,보문동5가,2021,5,월세,연립다세대,1,4000.0,4000.0,,4000.0,4000.0,60.0,60.0,,0,0
성북구,보문동5가,2021,5,전세,연립다세대,2,28600.0,28600.0,5515.4,26650.0,30550.0,,,,0,0
성북구,보문동5가,2021,6,전세,연립다세대,1,5000.0,5000.0,,5000.0,5000.0,,,,0,0
성북구,보문동5가,2021,9,전세,연립다세대,1,32000.0,32000.0,,32000.0,32000.0,,,,1,0
성북구,보문동5가,2021,10,월세,연립다세대,2,7750.0,7750.0,3889.1,6375.0,9125.0,82.0,82.0,11.31,2,0
성북구,보문동5가,2021,10,전세,연립다세대,3,30000.0,26666.7,10408.3,22500.0,32500.0,,,,2,0
성북구,보문동5가,2021,11,전세,연립다세대,2,20500.0,20500.0,20506.1,13250.0,27750.0,,,,1,0
성북구,보문동5가,2021,12,전세,연립다세대,3,28000.0,28166.7,288.7,28000.0,28250.0,,,,1,0
성북구,보문동5가,2022,1,전세,연립다세대,1,34000.0,34000.0,,34000.0,34000.0,,,,1,0
성북구,보문동5가,2022,2,월세,연립다세대,1,2000.0,2000.0,,2000.0,2000.0,100.0,100.0,,1,0
성북구,보문동5가,2022,3,월세,연립다세대,1,20000.0,20000.0,,20000.0,20000.0,49.0,49.0,,0,0
성북구,보문동5가,2022,3,전세,연립다세대,1,18000.0,18000.0,,18000.0,18000.0,,,,1,0
성북구,보문동5가,2022,4,전세,연립다세대,1,15000.0,15000.0,,15000.0,15000.0,,,,1,0
성북구,보문동5가,2022,5,월세,연립다세대,1,3000.0,3000.0,,3000.0,3000.0,90.0,90.0,,1,0
성북구,보문동5가,2022,6,전세,연립다세대,3,6000.0,15500.0,16454.5,6000.0,20250.0,,,,1,0
성북구,보문동5가,2022,8,월세,연립다세대,1,20000.0,20000.0,,20000.0,20000.0,49.0,49.0,,1,0
성북구,보문동5가,2022,8,전세,연립다세대,1,18000.0,18000.0,,18000.0,18000.0,,,,1,0
성북구,보문동5가,2022,9,전세,연립다세대,1,5000.0,5000.0,,5000.0,5000.0,,,,0,0
성북구,보문동5가,2022,12,월세,오피스텔,1,2000.0,2000.0,,2000.0,2000.0,130.0,130.0,,1,0
성북구,보문동5가,2022,12,전세,연립다세대,5,23000.0,18700.0,11611.4,6500.0,25500.0,,,,5,0
성북구,보문동5가,2023,1,월세,연립다세대,1,2347.0,2347.0,,2347.0,2347.0,5.0,5.0,,0,0
성북구,보문동5가,2023,1,전세,연립다세대,2,14500.0,14500.0,9192.4,11250.0,17750.0,,,,2,0
성북구,보문동5가,2023,1,전세,오피스텔,1,3000.0,3000.0,,3000.0,3000.0,,,,1,0
성북구,보문동5가,2023,2,월세,연립다세대,2,7500.0,7500.0,2121.3,6750.0,8250.0,57.5,57.5,31.82,2,0
성북구,보문동5가,2023,2,전세,연립다세대,2,16000.0,16000.0,12727.9,11500.0,20500.0,,,,2,0
성북구,보문동5가,2023,5,전세,연립다세대,2,9750.0,9750.0,1767.8,9125.0,10375.0,,,,1,0
성북구,보문동5가,2023,6,월세,연립다세대,1,6000.0,6000.0,,6000.0,6000.0,35.0,35.0,,1,0
성북구,보문동5가,2023,6,전세,연립다세대,1,17000.0,17000.0,,17000.0,17000.0,,,,1,0
성북구,보문동5가,2023,7,월세,연립다세대,2,15500.0,15500.0,17677.7,9250.0,21750.0,65.0,65.0,77.78,1,0
성북구,보문동5가,2023,9,월세,연립다세대,1,1000.0,1000.0,,1000.0,1000.0,65.0,65.0,,1,0
성북구,보문동5가,2023,9,전세,연립다세대,2,12400.0,12400.0,6222.5,10200.0,14600.0,,,,2,0
성북구,보문동5가,2023,10,월세,연립다세대,1,10500.0,10500.0,,10500.0,10500.0,80.0,80.0,,0,0
성북구,보문동5가,2023,10,전세,연립다세대,1,32000.0,32000.0,,32000.0,32000.0,,,,0,0
성북구,보문동5가,2023,11,월세,연립다세대,2,6400.0,6400.0,0.0,6400.0,6400.0,15.0,15.0,0.0,1,0
성북구,보문동5가,2023,11,전세,연립다세대,2,31000.0,31000.0,0.0,31000.0,31000.0,,,,2,0
성북구,보문동5가,2023,12,월세,연립다세대,1,3000.0,3000.0,,3000.0,3000.0,135.0,135.0,,1,0
성북구,보문동5가,2023,12,전세,연립다세대,3,20000.0,18583.3,2453.7,17875.0,20000.0,,,,1,0
성북구,보문동5가,2024,1,월세,오피스텔,2,3000.0,3000.0,0.0,3000.0,3000.0,145.0,145.0,0.0,2,0
성북구,보문동5가,2024,1,전세,연립다세대,1,23000.0,23000.0,,23000.0,23000.0,,,,0,0
성북구,보문동5가,2024,2,월세,연립다세대,4,5700.0,10350.0,11187.3,4500.0,11550.0,70.0,68.75,62.23,4,0
성북구,보문동5가,2024,2,월세,오피스텔,2,3000.0,3000.0,0.0,3000.0,3000.0,137.5,137.5,3.54,2,0
성북구,보문동5가,2024,2,전세,연립다세대,1,28300.0,28300.0,,28300.0,28300.0,,,,0,0
성북구,보문동5가,2024,3,월세,연립다세대,1,6400.0,6400.0,,6400.0,6400.0,17.0,17.0,,1,0
성북구,보문동5가,2024,3,전세,연립다세대,1,31500.0,31500.0,,31500.0,31500.0,,,,0,0
성북구,보문동5가,2024,4,월세,연립다세대,2,23000.0,23000.0,4242.6,21500.0,24500.0,50.0,50.0,0.0,1,0
성북구,보문동5가,2024,4,전세,연립다세대,2,15750.0,15750.0,0.0,15750.0,15750.0,,,,1,0
성북구,보문동5가,2024,5,전세,연립다세대,1,18900.0,18900.0,,18900.0,18900.0,,,,0,0
성북구,보문동5가,2024,6,월세,연립다세대,3,5500.0,4933.3,1721.4,4250.0,5900.0,35.0,50.0,54.08,1,0
성북구,보문동5가,2024,6,전세,연립다세대,2,18375.0,18375.0,742.5,18112.5,18637.5,,,,0,0
성북구,보문동5가,2024,7,월세,연립다세대,3,6000.0,6300.0,3459.8,4500.0,7950.0,120.0,88.33,63.71,3,0
성북구,보문동5가,2024,7,전세,연립다세대,1,6500.0,6500.0,,6500.0,6500.0,,,,1,0
성북구,보문동5가,2024,8,월세,오피스텔,1,5000.0,5000.0,,5000.0,5000.0,125.0,125.0,,1,0
성북구,보문동5가,2024,8,전세,연립다세대,1,29480.0,29480.0,,29480.0,29480.0,,,,0,0
성북구,보문동5가,2024,9,월세,연립다세대,1,5000.0,5000.0,,5000.0,5000.0,120.0,120.0,,1,0
성북구,보문동5가,2024,11,월세,연립다세대,1,5000.0,5000.0,,5000.0,5000.0,125.0,125.0,,1,0
성북구,보문동5가,2024,11,월세,오피스텔,1,3000.0,3000.0,,3000.0,3000.0,150.0,150.0,,1,0
성북구,보문동5가,2024,11,전세,연립다세대,3,15750.0,12833.3,5051.8,11375.0,15750.0,,,,3,0
성북구,보문동5가,2024,12,월세,연립다세대,1,3000.0,3000.0,,3000.0,3000.0,145.0,145.0,,1,0
성북구,보문동5가,2024,12,월세,오피스텔,2,3000.0,3000.0,0.0,3000.0,3000.0,140.0,140.0,14.14,2,0
성북구,보문동5가,2024,12,전세,연립다세대,1,16000.0,16000.0,,16000.0,16000.0,,,,0,0
성북구,보문동5가,2025,1,월세,연립다세대,1,3000.0,3000.0,,3000.0,3000.0,135.0,135.0,,1,0
성북구,보문동5가,2025,1,월세,오피스텔,2,4000.0,4000.0,1414.2,3500.0,4500.0,135.0,135.0,7.07,0,0
성북구,보문동5가,2025,1,전세,연립다세대,2,28000.0,28000.0,0.0,28000.0,28000.0,,,,0,0
성북구,보문동5가,2025,2,월세,연립다세대,2,5000.0,5000.0,0.0,5000.0,5000.0,122.5,122.5,3.54,1,0
성북구,보문동5가,2025,2,월세,오피스텔,3,5000.0,4333.3,1154.7,4000.0,5000.0,135.0,135.0,5.0,3,0
성북구,보문동5가,2025,2,전세,연립다세대,1,23000.0,23000.0,,23000.0,23000.0,,,,0,0
성북구,보문동5가,2025,5,월세,연립다세대,2,8275.0,8275.0,1661.7,7687.5,8862.5,25.0,25.0,14.14,1,0
성북구,보문동5가,2025,6,월세,연립다세대,2,4498.5,4498.5,2547.7,3597.75,5399.25,20.5,20.5,20.51,1,0
성북구,보문동5가,2025,7,월세,연립다세대,2,14057.0,14057.0,18304.2,7585.5,20528.5,17.5,17.5,3.54,2,0
성북구,보문동5가,2025,7,전세,연립다세대,1,18700.0,18700.0,,18700.0,18700.0,,,,1,0
성북구,보문동5가,2025,8,전세,연립다세대,1,30000.0,30000.0,,30000.0,30000.0,,,,1,0
성북구,보문동5가,2025,9,전세,연립다세대,2,8200.0,8200.0,3818.4,6850.0,9550.0,,,,2,0
성북구,보문동5가,2025,10,월세,연립다세대,1,2000.0,2000.0,,2000.0,2000.0,140.0,140.0,,1,0
성북구,보문동5가,2025,11,월세,연립다세대,1,10500.0,10500.0,,10500.0,10500.0,90.0,90.0,,0,0
성북구,보문동5가,2025,11,월세,오피스텔,1,3000.0,3000.0,,3000.0,3000.0,140.0,140.0,,1,0
성북구,보문동5가,2025,11,전세,연립다세대,5,16500.0,15220.0,8743.1,7000.0,17600.0,,,,4,0
성북구,보문동5가,2025,12,월세,연립다세대,3,7100.0,14233.3,12355.3,7100.0,17800.0,10.0,13.33,5.77,1,0
성북구,보문동5가,2025,12,월세,오피스텔,1,3000.0,3000.0,,3000.0,3000.0,150.0,150.0,,1,0
성북구,보문동5가,2025,12,전세,연립다세대,2,18400.0,18400.0,2262.7,17600.0,19200.0,,,,1,0
성북구,보문동5가,2026,1,월세,연립다세대,1,29000.0,29000.0,,29000.0,29000.0,20.0,20.0,,1,1
성북구,보문동5가,2026,1,월세,오피스텔,5,3000.0,3800.0,1095.4,3000.0,5000.0,150.0,145.0,7.07,5,1
성북구,보문동5가,2026,1,전세,연립다세대,1,20000.0,20000.0,,20000.0,20000.0,,,,0,1
성북구,보문동5가,2026,2,월세,오피스텔,1,5000.0,5000.0,,5000.0,5000.0,150.0,150.0,,1,1
성북구,보문동5가,2026,3,월세,연립다세대,1,27000.0,27000.0,,27000.0,27000.0,20.0,20.0,,0,1
성북구,보문동5가,2026,3,전세,연립다세대,2,16400.0,16400.0,565.7,16200.0,16600.0,,,,2,1
성북구,보문동5가,2026,4,월세,연립다세대,1,1000.0,1000.0,,1000.0,1000.0,49.0,49.0,,1,1
성북구,보문동5가,2026,4,월세,오피스텔,1,3000.0,3000.0,,3000.0,3000.0,160.0,160.0,,1,1
성북구,보문동5가,2026,4,전세,연립다세대,1,7100.0,7100.0,,7100.0,7100.0,,,,1,1
성북구,보문동5가,2026,6,월세,연립다세대,1,750.0,750.0,,750.0,750.0,38.0,38.0,,1,1
성북구,보문동5가,2026,6,월세,오피스텔,2,4000.0,4000.0,1414.2,3500.0,4500.0,141.5,141.5,12.02,1,1
성북구,보문동5가,2026,6,전세,연립다세대,3,19800.0,20433.3,13261.3,13650.0,26900.0,,,,3,1
성북구,보문동5가,2026,7,월세,연립다세대,2,4111.5,4111.5,4226.4,2617.25,5605.75,15.0,15.0,0.0,2,1
성북구,보문동5가,2026,7,월세,오피스텔,2,4000.0,4000.0,1414.2,3500.0,4500.0,145.0,145.0,7.07,2,1
성북구,보문동5가,2026,8,월세,연립다세대,2,10000.0,10000.0,0.0,10000.0,10000.0,41.0,41.0,2.83,2,1
성북구,보문동5가,2026,8,월세,오피스텔,1,5000.0,5000.0,,5000.0,5000.0,145.0,145.0,,1,1
성북구,보문동5가,2026,9,전세,연립다세대,2,17089.0,17089.0,2339.1,16262.0,17916.0,,,,2,1
성북구,보문동6가,2021,3,전세,연립다세대,1,25000.0,25000.0,,25000.0,25000.0,,,,0,0
성북구,보문동6가,2021,4,월세,연립다세대,1,3000.0,3000.0,,3000.0,3000.0,60.0,60.0,,0,0
성북구,보문동6가,2021,5,전세,연립다세대,2,17000.0,17000.0,0.0,17000.0,17000.0,,,,0,0
성북구,보문동6가,2021,6,전세,연립다세대,2,38250.0,38250.0,6010.4,36125.0,40375.0,,,,0,0
성북구,보문동6가,2021,7,전세,연립다세대,3,40700.0,36066.7,9626.2,32850.0,41600.0,,,,3,0
성북구,보문동6가,2021,9,월세,연립다세대,1,1000.0,1000.0,,1000.0,1000.0,60.0,60.0,,1,0
성북구,보문동6가,2021,9,전세,연립다세대,2,12000.0,12000.0,2828.4,11000.0,13000.0,,,,1,0
성북구,보문동6가,2021,11,전세,연립다세대,4,37000.0,36375.0,1250.0,36375.0,37000.0,,,,0,0
성북구,보문동6가,2021,12,월세,연립다세대,1,1000.0,1000.0,,1000.0,1000.0,75.0,75.0,,1,0
성북구,보문동6가,2021,12,전세,연립다세대,5,26000.0,28200.0,6251.0,26000.0,34500.0,,,,3,0
성북구,보문동6가,2022,1,전세,연립다세대,5,34500.0,30800.0,9398.1,26000.0,35500.0,,,,4,0
성북구,보문동6가,2022,2,전세,연립다세대,7,26000.0,29357.1,9927.7,22500.0,38250.0,,,,6,0
성북구,보문동6가,2022,4,월세,연립다세대,2,9000.0,9000.0,8485.3,6000.0,12000.0,37.5,37.5,38.89,2,0
성북구,보문동6가,2022,4,전세,연립다세대,2,40750.0,40750.0,12374.4,36375.0,45125.0,,,,2,0
성북구,보문동6가,2022,5,월세,연립다세대,1,500.0,500.0,,500.0,500.0,55.0,55.0,,1,0
성북구,보문동6가,2022,5,전세,연립다세대,3,25000.0,24666.7,577.4,24500.0,25000.0,,,,2,0
성북구,보문동6가,2022,6,월세,연립다세대,1,12000.0,12000.0,,12000.0,12000.0,25.0,25.0,,1,0
성북구,보문동6가,2022,7,전세,연립다세대,1,20000.0,20000.0,,20000.0,20000.0,,,,0,0
성북구,보문동6가,2022,8,월세,연립다세대,2,1000.0,1000.0,0.0,1000.0,1000.0,60.0,60.0,14.14,2,0
성북구,보문동6가,2022,9,전세,연립다세대,1,36000.0,36000.0,,36000.0,36000.0,,,,1,0
성북구,보문동6가,2022,10,월세,연립다세대,3,3000.0,2666.7,1527.5,2000.0,3500.0,65.0,61.67,10.41,3,0
성북구,보문동6가,2022,12,전세,연립다세대,1,10000.0,10000.0,,10000.0,10000.0,,,,0,0
성북구,보문동6가,2023,1,월세,연립다세대,2,1602.5,1602.5,852.1,1301.25,1903.75,42.0,42.0,18.38,1,0
성북구,보문동6가,2023,2,전세,연립다세대,1,26500.0,26500.0,,26500.0,26500.0,,,,1,0
성북구,보문동6가,2023,4,월세,연립다세대,1,2000.0,2000.0,,2000.0,2000.0,80.0,80.0,,1,0
성북구,보문동6가,2023,4,전세,연립다세대,2,27500.0,27500.0,3535.5,26250.0,28750.0,,,,1,0
성북구,보문동6가,2023,6,월세,연립다세대,3,2000.0,1666.7,577.4,1500.0,2000.0,60.0,56.67,10.41,3,0
성북구,보문동6가,2023,7,월세,연립다세대,1,2000.0,2000.0,,2000.0,2000.0,50.0,50.0,,1,0
성북구,보문동6가,2023,7,전세,연립다세대,2,28000.0,28000.0,0.0,28000.0,28000.0,,,,2,0
성북구,보문동6가,2023,8,전세,연립다세대,3,30000.0,28333.3,2886.8,27500.0,30000.0,,,,2,0
성북구,보문동6가,2023,10,월세,연립다세대,1,2000.0,2000.0,,2000.0,2000.0,85.0,85.0,,1,0
성북구,보문동6가,2023,11,월세,연립다세대,1,3000.0,3000.0,,3000.0,3000.0,60.0,60.0,,1,0
성북구,보문동6가,2023,12,월세,연립다세대,3,1000.0,1333.3,577.4,1000.0,1500.0,65.0,73.33,14.43,3,0
성북구,보문동6가,2023,12,전세,연립다세대,1,24400.0,24400.0,,24400.0,24400.0,,,,0,0
성북구,보문동6가,2024,1,월세,연립다세대,1,2500.0,2500.0,,2500.0,2500.0,40.0,40.0,,1,0
성북구,보문동6가,2024,1,전세,연립다세대,3,20000.0,23966.7,6870.5,20000.0,25950.0,,,,1,0
성북구,보문동6가,2024,3,전세,연립다세대,1,37000.0,37000.0,,37000.0,37000.0,,,,0,0
성북구,보문동6가,2024,4,전세,연립다세대,2,36000.0,36000.0,1414.2,35500.0,36500.0,,,,1,0
성북구,보문동6가,2024,5,전세,연립다세대,3,16000.0,20000.0,6928.2,16000.0,22000.0,,,,2,0
성북구,보문동6가,2024,6,전세,연립다세대,1,17000.0,17000.0,,17000.0,17000.0,,,,1,0
성북구,보문동6가,2024,9,월세,연립다세대,1,4000.0,4000.0,,4000.0,4000.0,90.0,90.0,,1,0
성북구,보문동6가,2024,11,월세,연립다세대,3,23000.0,16633.3,13616.3,12000.0,24450.0,25.0,41.33,32.72,3,0
성북구,보문동6가,2025,1,월세,연립다세대,1,26900.0,26900.0,,26900.0,26900.0,25.0,25.0,,1,0
성북구,보문동6가,2025,2,월세,연립다세대,4,24500.0,18875.0,11250.0,18875.0,24500.0,5.0,17.5,25.0,4,0
성북구,보문동6가,2025,3,월세,연립다세대,2,3000.0,3000.0,0.0,3000.0,3000.0,50.0,50.0,0.0,2,0
성북구,보문동6가,2025,5,월세,연립다세대,1,2000.0,2000.0,,2000.0,2000.0,35.0,35.0,,1,0
성북구,보문동6가,2025,6,월세,연립다세대,1,25900.0,25900.0,,25900.0,25900.0,25.0,25.0,,1,0
성북구,보문동6가,2025,7,월세,연립다세대,1,5000.0,5000.0,,5000.0,5000.0,39.0,39.0,,1,0
성북구,보문동6가,2025,8,월세,연립다세대,4,3000.0,5000.0,5656.9,1000.0,7000.0,60.0,65.0,25.5,4,0
성북구,보문동6가,2025,9,월세,연립다세대,1,1000.0,1000.0,,1000.0,1000.0,50.0,50.0,,1,0
성북구,보문동6가,2025,9,전세,연립다세대,1,10000.0,10000.0,,10000.0,10000.0,,,,1,0
성북구,보문동6가,2025,10,월세,연립다세대,6,3500.0,8500.0,8938.7,2250.0,16000.0,75.0,66.67,21.37,6,0
성북구,보문동6가,2025,11,전세,연립다세대,1,21500.0,21500.0,,21500.0,21500.0,,,,1,0
성북구,보문동6가,2025,12,월세,연립다세대,1,3000.0,3000.0,,3000.0,3000.0,140.0,140.0,,1,0
성북구,보문동6가,2025,12,전세,연립다세대,1,20900.0,20900.0,,20900.0,20900.0,,,,1,0
성북구,보문동6가,2026,1,월세,연립다세대,1,5000.0,5000.0,,5000.0,5000.0,150.0,150.0,,1,1
성북구,보문동6가,2026,1,전세,연립다세대,1,21000.0,21000.0,,21000.0,21000.0,,,,1,1
성북구,보문동6가,2026,3,월세,연립다세대,2,1750.0,1750.0,1767.8,1125.0,2375.0,57.5,57.5,10.61,2,1
성북구,보문동6가,2026,4,전세,연립다세대,1,26500.0,26500.0,,26500.0,26500.0,,,,1,1
성북구,보문동6가,2026,5,월세,연립다세대,1,1000.0,1000.0,,1000.0,1000.0,68.0,68.0,,1,1
성북구,보문동6가,2026,5,전세,연립다세대,1,26000.0,26000.0,,26000.0,26000.0,,,,1,1
성북구,보문동6가,2026,7,월세,연립다세대,5,4193.0,3366.0,1536.6,1747.0,4193.0,22.0,36.6,47.11,4,1
성북구,보문동6가,2026,8,월세,연립다세대,2,3500.0,3500.0,2121.3,2750.0,4250.0,102.5,102.5,74.25,2,1
성북구,보문동7가,2021,2,전세,연립다세대,1,30000.0,30000.0,,30000.0,30000.0,,,,0,0
성북구,보문동7가,2021,3,전세,오피스텔,1,30000.0,30000.0,,30000.0,30000.0,,,,0,0
성북구,보문동7가,2021,4,전세,연립다세대,1,30000.0,30000.0,,30000.0,30000.0,,,,0,0
성북구,보문동7가,2021,5,전세,연립다세대,4,30225.0,30237.5,275.0,30000.0,30462.5,,,,0,0
성북구,보문동7가,2021,5,전세,오피스텔,1,31000.0,31000.0,,31000.0,31000.0,,,,0,0
성북구,보문동7가,2021,6,월세,연립다세대,1,500.0,500.0,,500.0,500.0,50.0,50.0,,1,0
성북구,보문동7가,2021,6,전세,연립다세대,1,30000.0,30000.0,,30000.0,30000.0,,,,1,0
성북구,보문동7가,2021,7,전세,연립다세대,2,24000.0,24000.0,7778.2,21250.0,26750.0,,,,2,0
성북구,보문동7가,2021,8,전세,연립다세대,1,32000.0,32000.0,,32000.0,32000.0,,,,1,0
성북구,보문동7가,2021,10,전세,연립다세대,2,25000.0,25000.0,7071.1,22500.0,27500.0,,,,1,0
성북구,보문동7가,2021,11,전세,연립다세대,3,33120.0,25580.0,13059.7,21810.0,33120.0,,,,2,0
성북구,보문동7가,2021,12,월세,연립다세대,1,500.0,500.0,,500.0,500.0,50.0,50.0,,1,0
성북구,보문동7가,2021,12,전세,오피스텔,3,30450.0,29750.0,1212.4,29400.0,30450.0,,,,0,0
성북구,보문동7가,2022,1,전세,오피스텔,1,31500.0,31500.0,,31500.0,31500.0,,,,0,0
성북구,보문동7가,2022,2,월세,연립다세대,2,3500.0,3500.0,3535.5,2250.0,4750.0,58.5,58.5,16.26,2,0
성북구,보문동7가,2022,2,전세,오피스텔,1,27000.0,27000.0,,27000.0,27000.0,,,,1,0
성북구,보문동7가,2022,4,전세,오피스텔,1,31500.0,31500.0,,31500.0,31500.0,,,,1,0
성북구,보문동7가,2022,5,전세,연립다세대,1,25000.0,25000.0,,25000.0,25000.0,,,,1,0
성북구,보문동7가,2022,5,전세,오피스텔,1,31400.0,31400.0,,31400.0,31400.0,,,,1,0
성북구,보문동7가,2022,7,전세,연립다세대,10,30000.0,29450.0,1921.4,30000.0,30000.0,,,,7,0
성북구,보문동7가,2022,7,전세,오피스텔,1,27000.0,27000.0,,27000.0,27000.0,,,,1,0
성북구,보문동7가,2022,8,전세,연립다세대,2,30000.0,30000.0,0.0,30000.0,30000.0,,,,2,0
성북구,보문동7가,2022,9,전세,연립다세대,9,30000.0,28833.3,2150.6,28000.0,30000.0,,,,7,0
성북구,보문동7가,2022,10,월세,연립다세대,1,25000.0,25000.0,,25000.0,25000.0,25.0,25.0,,1,0
성북구,보문동7가,2022,10,전세,오피스텔,1,31500.0,31500.0,,31500.0,31500.0,,,,0,0
성북구,보문동7가,2022,11,전세,연립다세대,1,29000.0,29000.0,,29000.0,29000.0,,,,0,0
성북구,보문동7가,2022,12,월세,연립다세대,2,750.0,750.0,353.6,625.0,875.0,50.0,50.0,2.83,2,0
성북구,보문동7가,2022,12,전세,연립다세대,3,28000.0,28333.3,577.4,28000.0,28500.0,,,,3,0
성북구,보문동7가,2023,1,월세,오피스텔,1,15000.0,15000.0,,15000.0,15000.0,60.0,60.0,,1,0
성북구,보문동7가,2023,2,전세,연립다세대,1,28000.0,28000.0,,28000.0,28000.0,,,,1,0
성북구,보문동7가,2023,3,월세,연립다세대,2,13140.0,13140.0,11511.7,9070.0,17210.0,63.0,63.0,52.33,0,0
성북구,보문동7가,2023,3,전세,연립다세대,1,28000.0,28000.0,,28000.0,28000.0,,,,0,0
성북구,보문동7가,2023,4,월세,연립다세대,2,19890.0,19890.0,1965.8,19195.0,20585.0,30.5,30.5,6.36,1,0
성북구,보문동7가,2023,4,전세,연립다세대,5,28000.0,28240.0,2093.6,28000.0,30100.0,,,,2,0
성북구,보문동7가,2023,5,전세,오피스텔,1,31000.0,31000.0,,31000.0,31000.0,,,,0,0
성북구,보문동7가,2023,6,월세,연립다세대,1,500.0,500.0,,500.0,500.0,50.0,50.0,,1,0
성북구,보문동7가,2023,6,전세,연립다세대,2,23400.0,23400.0,565.7,23200.0,23600.0,,,,2,0
성북구,보문동7가,2023,6,전세,오피스텔,1,60100.0,60100.0,,60100.0,60100.0,,,,0,0
성북구,보문동7가,2023,7,월세,연립다세대,1,1000.0,1000.0,,1000.0,1000.0,48.0,48.0,,1,0
성북구,보문동7가,2023,7,전세,오피스텔,1,25000.0,25000.0,,25000.0,25000.0,,,,1,0
성북구,보문동7가,2023,8,월세,연립다세대,8,3500.0,7312.5,8198.2,1000.0,13000.0,44.5,39.88,11.72,7,0
성북구,보문동7가,2023,8,전세,오피스텔,1,27000.0,27000.0,,27000.0,27000.0,,,,1,0
성북구,보문동7가,2023,9,월세,오피스텔,1,5000.0,5000.0,,5000.0,5000.0,180.0,180.0,,1,0
성북구,보문동7가,2023,9,전세,연립다세대,1,27000.0,27000.0,,27000.0,27000.0,,,,1,0
성북구,보문동7가,2023,10,월세,연립다세대,5,1000.0,5800.0,8807.7,500.0,6000.0,52.0,50.2,14.29,5,0
성북구,보문동7가,2023,10,월세,오피스텔,1,5000.0,5000.0,,5000.0,5000.0,200.0,200.0,,1,0
성북구,보문동7가,2023,10,전세,연립다세대,1,28000.0,28000.0,,28000.0,28000.0,,,,0,0
성북구,보문동7가,2023,10,전세,오피스텔,1,26000.0,26000.0,,26000.0,26000.0,,,,1,0
성북구,보문동7가,2023,12,월세,연립다세대,1,1000.0,1000.0,,1000.0,1000.0,47.0,47.0,,1,0
성북구,보문동7가,2023,12,전세,연립다세대,2,26000.0,26000.0,0.0,26000.0,26000.0,,,,2,0
성북구,보문동7가,2023,12,전세,오피스텔,5,26000.0,25740.0,433.6,25700.0,26000.0,,,,3,0
성북구,보문동7가,2024,1,월세,연립다세대,1,1000.0,1000.0,,1000.0,1000.0,55.0,55.0,,1,0
성북구,보문동7가,2024,1,전세,오피스텔,1,25900.0,25900.0,,25900.0,25900.0,,,,1,0
성북구,보문동7가,2024,2,월세,연립다세대,4,11000.0,11500.0,12727.9,500.0,22000.0,41.0,37.25,18.1,4,0
성북구,보문동7가,2024,3,월세,연립다세대,1,5000.0,5000.0,,5000.0,5000.0,115.0,115.0,,1,0
성북구,보문동7가,2024,3,전세,오피스텔,1,28000.0,28000.0,,28000.0,28000.0,,,,1,0
성북구,보문동7가,2024,4,월세,연립다세대,2,500.0,500.0,0.0,500.0,500.0,50.5,50.5,2.12,2,0
성북구,보문동7가,2024,5,월세,연립다세대,2,24300.0,24300.0,707.1,24050.0,24550.0,25.0,25.0,14.14,2,0
성북구,보문동7가,2024,5,전세,연립다세대,1,28000.0,28000.0,,28000.0,28000.0,,,,1,0
성북구,보문동7가,2024,5,전세,오피스텔,1,26400.0,26400.0,,26400.0,26400.0,,,,0,0
성북구,보문동7가,2024,6,전세,연립다세대,3,30000.0,29333.3,1154.7,29000.0,30000.0,,,,2,0
성북구,보문동7가,2024,7,월세,연립다세대,2,22000.0,22000.0,3959.8,20600.0,23400.0,22.5,22.5,3.54,2,0
성북구,보문동7가,2024,7,전세,연립다세대,2,25500.0,25500.0,707.1,25250.0,25750.0,,,,1,0
성북구,보문동7가,2024,8,전세,연립다세대,1,28000.0,28000.0,,28000.0,28000.0,,,,1,0
성북구,보문동7가,2024,9,월세,연립다세대,1,9000.0,9000.0,,9000.0,9000.0,8.0,8.0,,0,0
성북구,보문동7가,2024,9,전세,연립다세대,2,31686.0,31686.0,5212.8,29843.0,33529.0,,,,1,0
성북구,보문동7가,2024,10,월세,오피스텔,1,28000.0,28000.0,,28000.0,28000.0,20.0,20.0,,1,0
성북구,보문동7가,2024,10,전세,연립다세대,1,28000.0,28000.0,,28000.0,28000.0,,,,1,0
성북구,보문동7가,2024,11,월세,연립다세대,1,5000.0,5000.0,,5000.0,5000.0,80.0,80.0,,1,0
성북구,보문동7가,2024,12,월세,연립다세대,2,1250.0,1250.0,1060.7,875.0,1625.0,49.0,49.0,5.66,1,0
성북구,보문동7가,2025,1,월세,연립다세대,2,3000.0,3000.0,2828.4,2000.0,4000.0,52.0,52.0,2.83,2,0
성북구,보문동7가,2025,1,전세,연립다세대,2,26450.0,26450.0,3606.2,25175.0,27725.0,,,,1,0
성북구,보문동7가,2025,2,월세,오피스텔,1,15000.0,15000.0,,15000.0,15000.0,63.0,63.0,,0,0
성북구,보문동7가,2025,3,월세,오피스텔,1,5000.0,5000.0,,5000.0,5000.0,250.0,250.0,,1,0
성북구,보문동7가,2025,4,월세,연립다세대,1,500.0,500.0,,500.0,500.0,52.0,52.0,,0,0
성북구,보문동7가,2025,4,월세,오피스텔,1,26500.0,26500.0,,26500.0,26500.0,20.0,20.0,,1,0
성북구,보문동7가,2025,4,전세,연립다세대,1,27400.0,27400.0,,27400.0,27400.0,,,,0,0
성북구,보문동7가,2025,5,월세,연립다세대,3,8200.0,11066.7,11764.9,4600.0,16100.0,12.0,24.0,25.24,2,0
성북구,보문동7가,2025,5,전세,연립다세대,2,24500.0,24500.0,707.1,24250.0,24750.0,,,,0,0
성북구,보문동7가,2025,6,월세,연립다세대,2,1000.0,1000.0,0.0,1000.0,1000.0,51.0,51.0,0.0,1,0
성북구,보문동7가,2025,6,전세,연립다세대,1,24000.0,24000.0,,24000.0,24000.0,,,,0,0
성북구,보문동7가,2025,6,전세,오피스텔,1,25000.0,25000.0,,25000.0,25000.0,,,,1,0
성북구,보문동7가,2025,7,월세,연립다세대,1,500.0,500.0,,500.0,500.0,54.0,54.0,,0,0
성북구,보문동7가,2025,8,월세,연립다세대,1,25000.0,25000.0,,25000.0,25000.0,10.0,10.0,,1,0
성북구,보문동7가,2025,8,월세,오피스텔,1,5000.0,5000.0,,5000.0,5000.0,190.0,190.0,,0,0
성북구,보문동7가,2025,9,월세,연립다세대,1,28000.0,28000.0,,28000.0,28000.0,4.0,4.0,,0,0
성북구,보문동7가,2025,9,전세,연립다세대,1,29000.0,29000.0,,29000.0,29000.0,,,,0,0
성북구,보문동7가,2025,10,월세,연립다세대,3,500.0,666.7,288.7,500.0,750.0,54.0,52.33,2.89,0,0
성북구,보문동7가,2025,11,전세,오피스텔,3,26000.0,26000.0,0.0,26000.0,26000.0,,,,3,0
성북구,보문동7가,2025,12,월세,연립다세대,1,2000.0,2000.0,,2000.0,2000.0,36.0,36.0,,1,0
성북구,보문동7가,2025,12,전세,오피스텔,1,30000.0,30000.0,,30000.0,30000.0,,,,1,0
성북구,보문동7가,2026,1,월세,연립다세대,4,8750.0,10875.0,11506.3,1750.0,17875.0,36.0,34.0,17.38,3,1
성북구,보문동7가,2026,1,전세,연립다세대,1,27000.0,27000.0,,27000.0,27000.0,,,,0,1
성북구,보문동7가,2026,1,전세,오피스텔,2,29100.0,29100.0,2262.7,28300.0,29900.0,,,,1,1
성북구,보문동7가,2026,2,월세,연립다세대,1,1000.0,1000.0,,1000.0,1000.0,53.0,53.0,,1,1
성북구,보문동7가,2026,3,월세,연립다세대,4,7500.0,6375.0,4571.2,3875.0,10000.0,75.0,81.25,27.5,3,1
성북구,보문동7가,2026,4,월세,연립다세대,1,500.0,500.0,,500.0,500.0,52.0,52.0,,0,1
성북구,보문동7가,2026,5,월세,연립다세대,7,24000.0,22991.4,4051.7,23900.0,24500.0,25.0,25.71,5.35,2,1
성북구,보문동7가,2026,5,전세,연립다세대,1,28000.0,28000.0,,28000.0,28000.0,,,,1,1
성북구,보문동7가,2026,6,월세,연립다세대,1,24600.0,24600.0,,24600.0,24600.0,25.0,25.0,,1,1
성북구,보문동7가,2026,6,전세,연립다세대,1,25800.0,25800.0,,25800.0,25800.0,,,,1,1
성북구,보문동7가,2026,7,월세,연립다세대,1,1000.0,1000.0,,1000.0,1000.0,53.0,53.0,,0,1
성북구,보문동7가,2026,8,월세,연립다세대,2,23900.0,23900.0,2687.0,22950.0,24850.0,18.5,18.5,2.12,0,1
성북구,보문동7가,2026,8,전세,연립다세대,1,24000.0,24000.0,,24000.0,24000.0,,,,0,1
성북구,보문동7가,2026,9,월세,연립다세대,1,24000.0,24000.0,,24000.0,24000.0,30.0,30.0,,1,1
성북구,삼선동1가,2021,1,월세,연립다세대,3,1000.0,1500.0,1322.9,750.0,2000.0,40.0,49.33,17.93,1,0
성북구,삼선동1가,2021,1,월세,오피스텔,2,2000.0,2000.0,0.0,2000.0,2000.0,57.5,57.5,10.61,1,0
성북구,삼선동1가,2021,1,전세,연립다세대,6,11000.0,14333.3,9973.3,6250.0,20250.0,,,,0,0
성북구,삼선동1가,2021,2,월세,연립다세대,2,8500.0,8500.0,4949.7,6750.0,10250.0,17.5,17.5,10.61,0,0
성북구,삼선동1가,2021,2,전세,연립다세대,2,13000.0,13000.0,2828.4,12000.0,14000.0,,,,0,0
성북구,삼선동1가,2021,3,전세,연립다세대,2,11750.0,11750.0,8131.7,8875.0,14625.0,,,,0,0
성북구,삼선동1가,2021,4,월세,오피스텔,1,1000.0,1000.0,,1000.0,1000.0,70.0,70.0,,0,0
성북구,삼선동1가,2021,4,전세,연립다세대,1,35000.0,35000.0,,35000.0,35000.0,,,,0,0
성북구,삼선동1가,2021,5,월세,연립다세대,1,3000.0,3000.0,,3000.0,3000.0,60.0,60.0,,0,0
성북구,삼선동1가,2021,5,전세,연립다세대,1,23000.0,23000.0,,23000.0,23000.0,,,,0,0
성북구,삼선동1가,2021,6,전세,연립다세대,3,20000.0,21666.7,7637.6,17500.0,25000.0,,,,3,0
성북구,삼선동1가,2021,7,월세,연립다세대,3,1000.0,3666.7,5507.6,500.0,5500.0,50.0,45.0,13.23,2,0
성북구,삼선동1가,2021,7,전세,연립다세대,2,15500.0,15500.0,2121.3,14750.0,16250.0,,,,2,0
성북구,삼선동1가,2021,8,월세,연립다세대,2,0.0,0.0,0.0,0.0,0.0,50.0,50.0,0.0,2,0
성북구,삼선동1가,2021,8,월세,오피스텔,2,1000.0,1000.0,0.0,1000.0,1000.0,70.0,70.0,0.0,2,0
성북구,삼선동1가,2021,8,전세,연립다세대,2,33500.0,33500.0,13435.0,28750.0,38250.0,,,,1,0
성북구,삼선동1가,2021,9,월세,연립다세대,1,100.0,100.0,,100.0,100.0,100.0,100.0,,1,0
성북구,삼선동1가,2021,9,전세,연립다세대,2,24500.0,24500.0,9192.4,21250.0,27750.0,,,,2,0
성북구,삼선동1가,2021,10,월세,연립다세대,5,5500.0,7200.0,7471.6,3000.0,6500.0,15.0,21.8,21.3,0,0
성북구,삼선동1가,2021,10,전세,연립다세대,4,20250.0,17875.0,8229.8,16500.0,21625.0,,,,3,0
성북구,삼선동1가,2021,11,월세,연립다세대,3,0.0,0.0,0.0,0.0,0.0,50.0,49.33,4.04,3,0
성북구,삼선동1가,2021,11,전세,연립다세대,1,9450.0,9450.0,,9450.0,9450.0,,,,0,0
성북구,삼선동1가,2021,12,월세,연립다세대,9,0.0,1777.8,3270.2,0.0,2000.0,50.0,51.67,13.46,8,0
성북구,삼선동1가,2021,12,전세,연립다세대,4,15500.0,20625.0,15326.3,12625.0,23500.0,,,,4,0
성북구,삼선동1가,2022,1,월세,연립다세대,4,3000.0,7000.0,10230.7,750.0,9250.0,37.5,37.5,27.23,2,0
성북구,삼선동1가,2022,1,전세,연립다세대,1,30000.0,30000.0,,30000.0,30000.0,,,,1,0
성북구,삼선동1가,2022,2,월세,연립다세대,6,500.0,666.7,816.5,0.0,1000.0,52.5,53.33,14.02,4,0
성북구,삼선동1가,2022,2,전세,연립다세대,2,20750.0,20750.0,15202.8,15375.0,26125.0,,,,1,0
성북구,삼선동1가,2022,3,월세,연립다세대,3,0.0,666.7,1154.7,0.0,1000.0,50.0,49.0,1.73,2,0
성북구,삼선동1가,2022,3,전세,연립다세대,1,20000.0,20000.0,,20000.0,20000.0,,,,1,0
성북구,삼선동1가,2022,4,월세,연립다세대,1,7000.0,7000.0,,7000.0,7000.0,80.0,80.0,,1,0
성북구,삼선동1가,2022,4,전세,연립다세대,2,21000.0,21000.0,0.0,21000.0,21000.0,,,,2,0
성북구,삼선동1가,2022,5,월세,연립다세대,3,0.0,0.0,0.0,0.0,0.0,50.0,48.33,2.89,3,0
성북구,삼선동1가,2022,5,전세,연립다세대,1,26500.0,26500.0,,26500.0,26500.0,,,,0,0
성북구,삼선동1가,2022,6,월세,연립다세대,1,8000.0,8000.0,,8000.0,8000.0,50.0,50.0,,1,0
성북구,삼선동1가,2022,6,월세,오피스텔,2,2000.0,2000.0,0.0,2000.0,2000.0,65.0,65.0,0.0,0,0
성북구,삼선동1가,2022,6,전세,연립다세대,3,30000.0,27666.7,4041.5,26500.0,30000.0,,,,1,0
성북구,삼선동1가,2022,7,월세,연립다세대,1,16000.0,16000.0,,16000.0,16000.0,15.0,15.0,,0,0
성북구,삼선동1가,2022,7,전세,연립다세대,1,19000.0,19000.0,,19000.0,19000.0,,,,1,0
성북구,삼선동1가,2022,8,월세,연립다세대,7,1000.0,2857.1,3532.2,0.0,5000.0,50.0,45.0,12.91,4,0
성북구,삼선동1가,2022,8,전세,연립다세대,1,15000.0,15000.0,,15000.0,15000.0,,,,1,0
성북구,삼선동1가,2022,9,월세,연립다세대,2,2500.0,2500.0,3535.5,1250.0,3750.0,70.0,70.0,28.28,2,0
성북구,삼선동1가,2022,10,월세,연립다세대,2,0.0,0.0,0.0,0.0,0.0,52.5,52.5,3.54,2,0
성북구,삼선동1가,2022,10,전세,연립다세대,4,16000.0,17300.0,7863.0,13550.0,19750.0,,,,2,0
성북구,삼선동1가,2022,11,월세,연립다세대,1,3000.0,3000.0,,3000.0,3000.0,78.0,78.0,,1,0
성북구,삼선동1가,2022,11,월세,오피스텔,1,1000.0,1000.0,,1000.0,1000.0,75.0,75.0,,0,0
성북구,삼선동1가,2022,12,월세,연립다세대,3,500.0,833.3,1040.8,250.0,1250.0,50.0,56.67,16.07,3,0
성북구,삼선동1가,2022,12,전세,연립다세대,2,6500.0,6500.0,0.0,6500.0,6500.0,,,,1,0
성북구,삼선동1가,2023,1,월세,연립다세대,4,0.0,125.0,250.0,0.0,125.0,54.0,51.5,5.74,3,0
성북구,삼선동1가,2023,1,전세,연립다세대,3,6500.0,13666.7,12413.0,6500.0,17250.0,,,,2,0
성북구,삼선동1가,2023,2,월세,연립다세대,8,0.0,1750.0,4551.3,0.0,500.0,55.0,50.0,9.64,8,0
성북구,삼선동1가,2023,2,전세,연립다세대,2,15350.0,15350.0,777.8,15075.0,15625.0,,,,1,0
성북구,삼선동1가,2023,3,월세,연립다세대,2,0.0,0.0,0.0,0.0,0.0,55.0,55.0,0.0,2,0
성북구,삼선동1가,2023,3,전세,연립다세대,4,15500.0,15250.0,957.4,14750.0,16000.0,,,,2,0
성북구,삼선동1가,2023,4,월세,연립다세대,2,21500.0,21500.0,2121.3,20750.0,22250.0,40.0,40.0,35.36,2,0
성북구,삼선동1가,2023,5,월세,연립다세대,2,10500.0,10500.0,10606.6,6750.0,14250.0,53.5,53.5,40.31,2,0
성북구,삼선동1가,2023,6,월세,연립다세대,1,17000.0,17000.0,,17000.0,17000.0,10.0,10.0,,1,0
성북구,삼선동1가,2023,6,전세,연립다세대,2,19500.0,19500.0,3535.5,18250.0,20750.0,,,,1,0
성북구,삼선동1가,2023,7,월세,연립다세대,3,0.0,7333.3,12701.7,0.0,11000.0,55.0,40.0,25.98,3,0
성북구,삼선동1가,2023,8,월세,연립다세대,4,0.0,0.0,0.0,0.0,0.0,57.5,58.75,4.79,4,0
성북구,삼선동1가,2023,8,전세,연립다세대,1,23000.0,23000.0,,23000.0,23000.0,,,,0,0
성북구,삼선동1가,2023,9,월세,연립다세대,1,20000.0,20000.0,,20000.0,20000.0,10.0,10.0,,1,0
성북구,삼선동1가,2023,9,전세,연립다세대,1,13000.0,13000.0,,13000.0,13000.0,,,,1,0
성북구,삼선동1가,2023,10,월세,연립다세대,2,3000.0,3000.0,0.0,3000.0,3000.0,68.5,68.5,19.09,2,0
성북구,삼선동1가,2023,10,전세,연립다세대,2,21750.0,21750.0,14495.7,16625.0,26875.0,,,,2,0
성북구,삼선동1가,2023,11,월세,연립다세대,3,0.0,1333.3,2309.4,0.0,2000.0,60.0,50.0,21.79,2,0
성북구,삼선동1가,2023,12,월세,연립다세대,2,9000.0,9000.0,8485.3,6000.0,12000.0,45.0,45.0,21.21,2,0
성북구,삼선동1가,2024,1,월세,연립다세대,6,3000.0,5166.7,7414.0,1500.0,3750.0,32.5,34.67,18.99,6,0
성북구,삼선동1가,2024,1,전세,연립다세대,4,13250.0,14500.0,10464.2,6125.0,21625.0,,,,1,0
성북구,삼선동1가,2024,2,월세,연립다세대,9,500.0,3966.7,7138.5,100.0,2000.0,55.0,52.11,15.7,9,0
성북구,삼선동1가,2024,2,월세,오피스텔,1,2000.0,2000.0,,2000.0,2000.0,65.0,65.0,,1,0
성북구,삼선동1가,2024,2,전세,연립다세대,3,17000.0,13700.0,6242.6,11750.0,17300.0,,,,2,0
성북구,삼선동1가,2024,3,월세,연립다세대,7,2000.0,5728.6,5920.2,1050.0,12000.0,55.0,47.14,15.77,5,0
성북구,삼선동1가,2024,4,월세,연립다세대,4,1050.0,1275.0,1472.8,75.0,2250.0,60.0,55.0,10.0,4,0
성북구,삼선동1가,2024,4,전세,연립다세대,1,14000.0,14000.0,,14000.0,14000.0,,,,1,0
성북구,삼선동1가,2024,6,월세,연립다세대,1,100.0,100.0,,100.0,100.0,55.0,55.0,,1,0
성북구,삼선동1가,2024,6,전세,연립다세대,3,23500.0,22500.0,6062.2,19750.0,25750.0,,,,0,0
성북구,삼선동1가,2024,7,월세,연립다세대,1,3000.0,3000.0,,3000.0,3000.0,82.0,82.0,,1,0
성북구,삼선동1가,2024,7,전세,연립다세대,2,13250.0,13250.0,9545.9,9875.0,16625.0,,,,2,0
성북구,삼선동1가,2024,8,월세,연립다세대,2,500.0,500.0,707.1,250.0,750.0,52.5,52.5,3.54,2,0
성북구,삼선동1가,2024,9,월세,연립다세대,2,15000.0,15000.0,0.0,15000.0,15000.0,25.0,25.0,0.0,2,0
성북구,삼선동1가,2024,10,월세,연립다세대,2,10850.0,10850.0,1202.1,10425.0,11275.0,25.0,25.0,7.07,2,0
성북구,삼선동1가,2024,10,전세,연립다세대,1,15000.0,15000.0,,15000.0,15000.0,,,,1,0
성북구,삼선동1가,2024,11,월세,연립다세대,2,12000.0,12000.0,0.0,12000.0,12000.0,40.0,40.0,0.0,2,0
성북구,삼선동1가,2024,11,전세,연립다세대,1,13000.0,13000.0,,13000.0,13000.0,,,,1,0
성북구,삼선동1가,2024,12,월세,연립다세대,1,3000.0,3000.0,,3000.0,3000.0,80.0,80.0,,0,0
성북구,삼선동1가,2025,1,월세,연립다세대,5,3000.0,9460.0,13712.1,500.0,11000.0,50.0,53.6,18.23,4,0
성북구,삼선동1가,2025,1,전세,연립다세대,2,18500.0,18500.0,12020.8,14250.0,22750.0,,,,2,0
성북구,삼선동1가,2025,2,월세,연립다세대,5,2000.0,7440.0,14320.0,100.0,2000.0,60.0,58.0,16.43,5,0
성북구,삼선동1가,2025,3,월세,연립다세대,1,2000.0,2000.0,,2000.0,2000.0,90.0,90.0,,1,0
성북구,삼선동1가,2025,3,전세,연립다세대,2,14500.0,14500.0,6364.0,12250.0,16750.0,,,,2,0
성북구,삼선동1가,2025,4,월세,연립다세대,2,12000.0,12000.0,15556.3,6500.0,17500.0,30.0,30.0,21.21,1,0
성북구,삼선동1가,2025,4,전세,연립다세대,1,30000.0,30000.0,,30000.0,30000.0,,,,1,0
성북구,삼선동1가,2025,5,월세,연립다세대,3,1000.0,6333.3,9237.6,1000.0,9000.0,45.0,34.33,18.48,2,0
성북구,삼선동1가,2025,6,월세,연립다세대,3,5000.0,4333.3,1154.7,4000.0,5000.0,40.0,63.33,40.41,3,0
성북구,삼선동1가,2025,6,전세,연립다세대,3,22000.0,21233.3,1327.9,20850.0,22000.0,,,,2,0
성북구,삼선동1가,2025,7,월세,연립다세대,1,2000.0,2000.0,,2000.0,2000.0,70.0,70.0,,1,0
성북구,삼선동1가,2025,8,월세,연립다세대,3,1500.0,2200.0,2523.9,800.0,3250.0,70.0,79.0,18.25,3,0
성북구,삼선동1가,2025,8,전세,연립다세대,1,20000.0,20000.0,,20000.0,20000.0,,,,1,0
성북구,삼선동1가,2025,9,월세,연립다세대,5,4000.0,4006.0,3929.4,1000.0,5000.0,75.0,70.0,36.57,5,0
성북구,삼선동1가,2025,9,전세,연립다세대,2,31000.0,31000.0,0.0,31000.0,31000.0,,,,2,0
성북구,삼선동1가,2025,10,월세,연립다세대,3,17000.0,14666.7,4041.5,13500.0,17000.0,10.0,20.0,17.32,3,0
성북구,삼선동1가,2025,10,전세,연립다세대,6,20750.0,22600.0,10895.3,14875.0,31650.0,,,,5,0
성북구,삼선동1가,2025,11,월세,연립다세대,2,6500.0,6500.0,6364.0,4250.0,8750.0,40.0,40.0,0.0,2,0
성북구,삼선동1가,2025,12,월세,연립다세대,4,2500.0,5500.0,7141.4,1000.0,7000.0,45.0,42.5,24.66,3,0
성북구,삼선동1가,2025,12,전세,연립다세대,2,35200.0,35200.0,0.0,35200.0,35200.0,,,,2,0
성북구,삼선동1가,2026,1,월세,연립다세대,2,2500.0,2500.0,707.1,2250.0,2750.0,92.5,92.5,10.61,2,1
성북구,삼선동1가,2026,1,전세,연립다세대,1,26500.0,26500.0,,26500.0,26500.0,,,,0,1
성북구,삼선동1가,2026,2,월세,연립다세대,6,750.0,3283.3,6731.8,200.0,1000.0,50.0,48.83,16.98,5,1
성북구,삼선동1가,2026,2,월세,오피스텔,1,2000.0,2000.0,,2000.0,2000.0,65.0,65.0,,0,1
성북구,삼선동1가,2026,3,월세,연립다세대,2,5050.0,5050.0,7000.4,2575.0,7525.0,60.0,60.0,0.0,2,1
성북구,삼선동1가,2026,3,전세,연립다세대,1,10500.0,10500.0,,10500.0,10500.0,,,,0,1
성북구,삼선동1가,2026,4,월세,연립다세대,1,17000.0,17000.0,,17000.0,17000.0,20.0,20.0,,1,1
성북구,삼선동1가,2026,4,전세,연립다세대,2,21993.0,21993.0,11323.6,17989.5,25996.5,,,,2,1
성북구,삼선동1가,2026,5,전세,연립다세대,1,31000.0,31000.0,,31000.0,31000.0,,,,1,1
성북구,삼선동1가,2026,6,전세,연립다세대,2,22000.0,22000.0,11313.7,18000.0,26000.0,,,,2,1
성북구,삼선동1가,2026,7,월세,연립다세대,5,1000.0,5800.0,7250.9,500.0,11000.0,48.0,53.6,21.73,4,1
성북구,삼선동1가,2026,7,전세,연립다세대,1,19000.0,19000.0,,19000.0,19000.0,,,,1,1
성북구,삼선동1가,2026,8,월세,연립다세대,2,1500.0,1500.0,707.1,1250.0,1750.0,47.5,47.5,3.54,2,1
성북구,삼선동1가,2026,8,전세,연립다세대,1,37000.0,37000.0,,37000.0,37000.0,,,,1,1
성북구,삼선동1가,2026,9,전세,연립다세대,2,26500.0,26500.0,14849.2,21250.0,31750.0,,,,2,1
성북구,삼선동2가,2021,1,월세,연립다세대,1,3000.0,3000.0,,3000.0,3000.0,70.0,70.0,,0,0
성북구,삼선동2가,2021,2,전세,연립다세대,1,27000.0,27000.0,,27000.0,27000.0,,,,0,0
성북구,삼선동2가,2021,3,전세,연립다세대,1,25500.0,25500.0,,25500.0,25500.0,,,,0,0
성북구,삼선동2가,2021,5,월세,연립다세대,1,2500.0,2500.0,,2500.0,2500.0,19.0,19.0,,0,0
성북구,삼선동2가,2021,6,월세,연립다세대,2,6100.0,6100.0,8343.9,3150.0,9050.0,19.0,19.0,12.73,1,0
성북구,삼선동2가,2021,6,전세,연립다세대,1,34000.0,34000.0,,34000.0,34000.0,,,,1,0
성북구,삼선동2가,2021,7,월세,연립다세대,1,2000.0,2000.0,,2000.0,2000.0,63.0,63.0,,1,0
성북구,삼선동2가,2021,8,전세,연립다세대,2,21325.0,21325.0,7884.2,18537.5,24112.5,,,,0,0
성북구,삼선동2가,2021,9,월세,연립다세대,3,4000.0,3333.3,2081.7,2500.0,4500.0,67.0,61.67,13.8,2,0
성북구,삼선동2가,2021,10,월세,연립다세대,1,3000.0,3000.0,,3000.0,3000.0,70.0,70.0,,1,0
성북구,삼선동2가,2021,10,전세,연립다세대,1,29400.0,29400.0,,29400.0,29400.0,,,,0,0
성북구,삼선동2가,2021,11,전세,연립다세대,2,22500.0,22500.0,0.0,22500.0,22500.0,,,,1,0
성북구,삼선동2가,2021,12,월세,연립다세대,1,1000.0,1000.0,,1000.0,1000.0,82.0,82.0,,1,0
성북구,삼선동2가,2021,12,전세,연립다세대,6,26500.0,27000.0,4242.6,24500.0,27000.0,,,,6,0
성북구,삼선동2가,2022,1,전세,연립다세대,1,21250.0,21250.0,,21250.0,21250.0,,,,0,0
성북구,삼선동2가,2022,2,월세,연립다세대,1,1000.0,1000.0,,1000.0,1000.0,60.0,60.0,,1,0
성북구,삼선동2가,2022,2,전세,연립다세대,1,23000.0,23000.0,,23000.0,23000.0,,,,1,0
성북구,삼선동2가,2022,3,월세,연립다세대,1,1000.0,1000.0,,1000.0,1000.0,88.0,88.0,,1,0
성북구,삼선동2가,2022,3,전세,연립다세대,1,34000.0,34000.0,,34000.0,34000.0,,,,0,0
성북구,삼선동2가,2022,5,월세,연립다세대,1,3853.0,3853.0,,3853.0,3853.0,16.0,16.0,,0,0
성북구,삼선동2가,2022,5,전세,연립다세대,2,32000.0,32000.0,0.0,32000.0,32000.0,,,,2,0
성북구,삼선동2가,2022,8,전세,연립다세대,2,28500.0,28500.0,6364.0,26250.0,30750.0,,,,1,0
성북구,삼선동2가,2022,10,월세,연립다세대,1,1000.0,1000.0,,1000.0,1000.0,88.0,88.0,,1,0
성북구,삼선동2가,2022,11,월세,연립다세대,3,1000.0,3766.7,4792.0,1000.0,5150.0,55.0,46.67,28.43,2,0
성북구,삼선동2가,2022,12,월세,연립다세대,2,4900.0,4900.0,6222.5,2700.0,7100.0,27.5,27.5,17.68,2,0
성북구,삼선동2가,2022,12,전세,연립다세대,1,12000.0,12000.0,,12000.0,12000.0,,,,1,0
성북구,삼선동2가,2023,1,전세,연립다세대,2,25250.0,25250.0,1767.8,24625.0,25875.0,,,,1,0
성북구,삼선동2가,2023,2,월세,연립다세대,3,1000.0,2333.3,2309.4,1000.0,3000.0,63.0,71.33,14.43,2,0
성북구,삼선동2가,2023,3,월세,연립다세대,1,3700.0,3700.0,,3700.0,3700.0,73.0,73.0,,0,0
성북구,삼선동2가,2023,8,월세,연립다세대,1,1000.0,1000.0,,1000.0,1000.0,46.0,46.0,,1,0
성북구,삼선동2가,2023,9,월세,연립다세대,1,1000.0,1000.0,,1000.0,1000.0,51.0,51.0,,1,0
성북구,삼선동2가,2023,9,전세,연립다세대,1,15000.0,15000.0,,15000.0,15000.0,,,,1,0
성북구,삼선동2가,2023,10,월세,연립다세대,1,2000.0,2000.0,,2000.0,2000.0,80.0,80.0,,1,0
성북구,삼선동2가,2023,11,월세,연립다세대,1,25000.0,25000.0,,25000.0,25000.0,20.0,20.0,,1,0
성북구,삼선동2가,2023,11,전세,연립다세대,1,22500.0,22500.0,,22500.0,22500.0,,,,0,0
성북구,삼선동2가,2023,12,월세,연립다세대,3,3500.0,6200.0,4676.5,3500.0,7550.0,77.0,58.67,31.75,3,0
성북구,삼선동2가,2024,1,월세,연립다세대,2,20000.0,20000.0,0.0,20000.0,20000.0,30.0,30.0,0.0,1,0
성북구,삼선동2가,2024,1,전세,연립다세대,1,22000.0,22000.0,,22000.0,22000.0,,,,1,0
성북구,삼선동2가,2024,2,전세,연립다세대,1,34050.0,34050.0,,34050.0,34050.0,,,,0,0
성북구,삼선동2가,2024,3,월세,연립다세대,1,7000.0,7000.0,,7000.0,7000.0,20.0,20.0,,1,0
성북구,삼선동2가,2024,7,월세,연립다세대,1,2000.0,2000.0,,2000.0,2000.0,74.0,74.0,,1,0
성북구,삼선동2가,2024,8,월세,연립다세대,5,2874.0,2848.6,1391.6,2000.0,4045.0,14.0,30.6,28.88,4,0
성북구,삼선동2가,2024,9,월세,연립다세대,3,17000.0,12666.7,7505.6,10500.0,17000.0,36.0,34.0,3.46,3,0
성북구,삼선동2가,2024,10,월세,연립다세대,3,21600.0,14566.7,12182.1,11050.0,21600.0,9.0,24.33,26.56,1,0
성북구,삼선동2가,2024,10,전세,연립다세대,2,25500.0,25500.0,3535.5,24250.0,26750.0,,,,0,0
성북구,삼선동2가,2024,11,전세,연립다세대,1,20200.0,20200.0,,20200.0,20200.0,,,,1,0
성북구,삼선동2가,2024,12,월세,연립다세대,2,1500.0,1500.0,707.1,1250.0,1750.0,85.5,85.5,3.54,1,0
성북구,삼선동2가,2025,1,월세,연립다세대,1,20000.0,20000.0,,20000.0,20000.0,20.0,20.0,,1,0
성북구,삼선동2가,2025,1,전세,연립다세대,1,25000.0,25000.0,,25000.0,25000.0,,,,1,0
성북구,삼선동2가,2025,2,월세,연립다세대,3,1000.0,2166.7,2466.4,750.0,3000.0,67.0,70.67,17.79,3,0
성북구,삼선동2가,2025,3,월세,연립다세대,1,21000.0,21000.0,,21000.0,21000.0,25.0,25.0,,1,0
성북구,삼선동2가,2025,3,전세,연립다세대,2,30000.0,30000.0,0.0,30000.0,30000.0,,,,1,0
성북구,삼선동2가,2025,6,월세,연립다세대,2,3000.0,3000.0,2828.4,2000.0,4000.0,88.0,88.0,24.04,1,0
성북구,삼선동2가,2025,10,월세,연립다세대,2,13625.0,13625.0,17854.4,7312.5,19937.5,40.5,40.5,28.99,1,0
성북구,삼선동2가,2025,11,월세,연립다세대,1,20000.0,20000.0,,20000.0,20000.0,19.0,19.0,,1,0
성북구,삼선동2가,2025,12,월세,연립다세대,2,8500.0,8500.0,9192.4,5250.0,11750.0,102.5,102.5,3.54,2,0
성북구,삼선동2가,2026,1,월세,연립다세대,1,1000.0,1000.0,,1000.0,1000.0,70.0,70.0,,1,1
성북구,삼선동2가,2026,1,전세,연립다세대,1,24900.0,24900.0,,24900.0,24900.0,,,,0,1
성북구,삼선동2가,2026,3,월세,연립다세대,1,21000.0,21000.0,,21000.0,21000.0,25.0,25.0,,1,1
성북구,삼선동2가,2026,3,전세,연립다세대,1,24000.0,24000.0,,24000.0,24000.0,,,,0,1
성북구,삼선동2가,2026,5,월세,연립다세대,1,2000.0,2000.0,,2000.0,2000.0,75.0,75.0,,1,1
성북구,삼선동2가,2026,7,월세,연립다세대,1,20000.0,20000.0,,20000.0,20000.0,38.0,38.0,,1,1
성북구,삼선동2가,2026,8,월세,연립다세대,1,5085.0,5085.0,,5085.0,5085.0,11.0,11.0,,0,1
성북구,삼선동3가,2021,1,전세,연립다세대,2,21250.0,21250.0,3889.1,19875.0,22625.0,,,,0,0
성북구,삼선동3가,2021,2,월세,연립다세대,1,8500.0,8500.0,,8500.0,8500.0,20.0,20.0,,0,0
성북구,삼선동3가,2021,3,월세,연립다세대,1,5000.0,5000.0,,5000.0,5000.0,80.0,80.0,,0,0
성북구,삼선동3가,2021,3,전세,연립다세대,1,25100.0,25100.0,,25100.0,25100.0,,,,0,0
성북구,삼선동3가,2021,5,월세,연립다세대,2,3500.0,3500.0,2121.3,2750.0,4250.0,72.5,72.5,10.61,0,0
성북구,삼선동3가,2021,6,월세,연립다세대,1,10000.0,10000.0,,10000.0,10000.0,100.0,100.0,,1,0
성북구,삼선동3가,2021,6,전세,연립다세대,1,31000.0,31000.0,,31000.0,31000.0,,,,1,0
성북구,삼선동3가,2021,7,월세,연립다세대,1,20000.0,20000.0,,20000.0,20000.0,15.0,15.0,,1,0
성북구,삼선동3가,2021,7,전세,연립다세대,8,31000.0,28500.0,8944.3,24750.0,34000.0,,,,4,0
성북구,삼선동3가,2021,8,월세,연립다세대,5,2000.0,4800.0,5805.2,2000.0,4000.0,45.0,42.6,18.61,3,0
성북구,삼선동3가,2021,8,전세,연립다세대,6,28750.0,28750.0,9988.7,19625.0,37500.0,,,,3,0
성북구,삼선동3가,2021,9,전세,연립다세대,2,23000.0,23000.0,21213.2,15500.0,30500.0,,,,1,0
성북구,삼선동3가,2021,10,월세,연립다세대,3,2000.0,4333.3,4932.9,1500.0,6000.0,80.0,83.33,15.28,3,0
성북구,삼선동3가,2021,10,전세,연립다세대,3,28000.0,26000.0,3464.1,25000.0,28000.0,,,,2,0
성북구,삼선동3가,2021,11,월세,연립다세대,3,10000.0,8033.3,6285.2,5500.0,11550.0,60.0,51.67,23.63,2,0
성북구,삼선동3가,2021,11,전세,연립다세대,3,13650.0,15050.0,7350.7,11075.0,18325.0,,,,2,0
성북구,삼선동3가,2021,12,월세,연립다세대,3,3000.0,5833.3,7182.2,1750.0,8500.0,52.0,37.33,28.04,3,0
성북구,삼선동3가,2021,12,전세,연립다세대,4,22500.0,25875.0,15123.8,14500.0,33875.0,,,,3,0
성북구,삼선동3가,2022,1,월세,연립다세대,4,7750.0,9375.0,7608.9,5750.0,11375.0,26.0,26.75,14.34,1,0
성북구,삼선동3가,2022,1,전세,연립다세대,8,29250.0,30737.5,11883.7,25875.0,34250.0,,,,4,0
성북구,삼선동3가,2022,2,월세,연립다세대,1,8500.0,8500.0,,8500.0,8500.0,22.0,22.0,,0,0
성북구,삼선동3가,2022,2,전세,연립다세대,6,28000.0,26225.0,6544.0,22700.0,30750.0,,,,3,0
성북구,삼선동3가,2022,3,월세,연립다세대,1,5000.0,5000.0,,5000.0,5000.0,21.0,21.0,,0,0
성북구,삼선동3가,2022,3,전세,연립다세대,3,35000.0,32300.0,17705.1,24200.0,41750.0,,,,2,0
성북구,삼선동3가,2022,4,월세,연립다세대,2,3000.0,3000.0,1414.2,2500.0,3500.0,87.5,87.5,24.75,2,0
성북구,삼선동3가,2022,5,전세,연립다세대,2,18000.0,18000.0,9899.5,14500.0,21500.0,,,,1,0
성북구,삼선동3가,2022,6,월세,연립다세대,1,4000.0,4000.0,,4000.0,4000.0,60.0,60.0,,0,0
성북구,삼선동3가,2022,6,전세,연립다세대,4,25450.0,23975.0,12762.0,17000.0,32425.0,,,,2,0
성북구,삼선동3가,2022,7,월세,연립다세대,4,2250.0,5125.0,6638.0,1375.0,6000.0,53.5,52.75,6.7,3,0
성북구,삼선동3가,2022,7,전세,연립다세대,1,20000.0,20000.0,,20000.0,20000.0,,,,1,0
성북구,삼선동3가,2022,8,월세,연립다세대,1,15000.0,15000.0,,15000.0,15000.0,30.0,30.0,,1,0
성북구,삼선동3가,2022,9,전세,연립다세대,3,29000.0,29600.0,4728.6,27100.0,31800.0,,,,0,0
성북구,삼선동3가,2022,10,월세,연립다세대,2,4250.0,4250.0,1767.8,3625.0,4875.0,62.5,62.5,60.1,1,0
성북구,삼선동3가,2022,10,전세,연립다세대,1,36000.0,36000.0,,36000.0,36000.0,,,,1,0
성북구,삼선동3가,2022,11,월세,연립다세대,1,4000.0,4000.0,,4000.0,4000.0,21.0,21.0,,0,0
성북구,삼선동3가,2022,11,전세,연립다세대,1,30100.0,30100.0,,30100.0,30100.0,,,,0,0
성북구,삼선동3가,2022,12,월세,연립다세대,5,8000.0,8200.0,3346.6,8000.0,10000.0,100.0,74.4,45.2,2,0
성북구,삼선동3가,2022,12,전세,연립다세대,2,27000.0,27000.0,1414.2,26500.0,27500.0,,,,0,0
성북구,삼선동3가,2023,1,월세,연립다세대,2,1000.0,1000.0,0.0,1000.0,1000.0,51.5,51.5,2.12,1,0
성북구,삼선동3가,2023,1,전세,연립다세대,4,14250.0,17750.0,12114.0,8500.0,23500.0,,,,1,0
성북구,삼선동3가,2023,2,월세,연립다세대,4,1500.0,1375.0,750.0,875.0,2000.0,57.0,54.75,10.81,4,0
성북구,삼선동3가,2023,3,월세,연립다세대,3,5000.0,10333.3,9237.6,5000.0,13000.0,80.0,60.0,34.64,1,0
성북구,삼선동3가,2023,4,월세,연립다세대,3,1500.0,1833.3,1040.8,1250.0,2250.0,70.0,68.33,15.57,2,0
성북구,삼선동3가,2023,4,전세,연립다세대,1,23000.0,23000.0,,23000.0,23000.0,,,,1,0
성북구,삼선동3가,2023,5,월세,연립다세대,1,5000.0,5000.0,,5000.0,5000.0,100.0,100.0,,1,0
성북구,삼선동3가,2023,5,전세,연립다세대,2,23550.0,23550.0,2192.0,22775.0,24325.0,,,,1,0
성북구,삼선동3가,2023,7,월세,연립다세대,2,10500.0,10500.0,10606.6,6750.0,14250.0,31.5,31.5,9.19,2,0
성북구,삼선동3가,2023,7,전세,연립다세대,4,15700.0,15600.0,8546.3,8300.0,23000.0,,,,1,0
성북구,삼선동3가,2023,8,월세,연립다세대,2,3000.0,3000.0,2828.4,2000.0,4000.0,33.0,33.0,24.04,0,0
성북구,삼선동3가,2023,9,월세,연립다세대,3,2393.0,6807.0,7963.5,2210.5,9196.5,34.0,28.0,15.87,1,0
성북구,삼선동3가,2023,9,전세,연립다세대,2,23500.0,23500.0,6364.0,21250.0,25750.0,,,,1,0
성북구,삼선동3가,2023,10,월세,연립다세대,5,3000.0,3781.6,2727.1,1645.0,6088.0,33.0,39.6,24.32,2,0
성북구,삼선동3가,2023,10,전세,연립다세대,2,16100.0,16100.0,2687.0,15150.0,17050.0,,,,1,0
성북구,삼선동3가,2023,11,월세,연립다세대,6,5500.0,10080.8,9585.0,4988.75,14625.0,17.5,29.67,29.88,2,0
성북구,삼선동3가,2023,11,전세,연립다세대,2,20500.0,20500.0,10606.6,16750.0,24250.0,,,,2,0
성북구,삼선동3가,2023,12,월세,연립다세대,5,5000.0,5600.0,3974.9,5000.0,5000.0,52.0,50.8,9.42,4,0
성북구,삼선동3가,2023,12,전세,연립다세대,4,16170.0,20335.0,9830.0,15627.5,20877.5,,,,3,0
성북구,삼선동3가,2024,1,월세,연립다세대,1,500.0,500.0,,500.0,500.0,55.0,55.0,,0,0
성북구,삼선동3가,2024,2,월세,연립다세대,2,8625.0,8625.0,10076.3,5062.5,12187.5,34.5,34.5,43.13,1,0
성북구,삼선동3가,2024,3,월세,연립다세대,3,22000.0,16000.0,10392.3,13000.0,22000.0,47.0,47.33,0.58,3,0
성북구,삼선동3가,2024,3,전세,연립다세대,1,35000.0,35000.0,,35000.0,35000.0,,,,1,0
성북구,삼선동3가,2024,4,월세,연립다세대,2,7509.0,7509.0,6351.2,5263.5,9754.5,13.0,13.0,4.24,1,0
성북구,삼선동3가,2024,5,월세,연립다세대,2,1750.0,1750.0,1767.8,1125.0,2375.0,65.0,65.0,14.14,2,0
성북구,삼선동3가,2024,5,전세,연립다세대,3,18000.0,22000.0,6928.2,18000.0,24000.0,,,,2,0
성북구,삼선동3가,2024,6,월세,연립다세대,3,1500.0,5166.7,6788.5,1250.0,7250.0,60.0,58.33,2.89,3,0
성북구,삼선동3가,2024,7,월세,연립다세대,1,500.0,500.0,,500.0,500.0,40.0,40.0,,1,0
성북구,삼선동3가,2024,7,전세,연립다세대,1,29100.0,29100.0,,29100.0,29100.0,,,,0,0
성북구,삼선동3가,2024,8,월세,연립다세대,2,9000.0,9000.0,1414.2,8500.0,9500.0,102.5,102.5,17.68,2,0
성북구,삼선동3가,2024,8,전세,연립다세대,2,24000.0,24000.0,7071.1,21500.0,26500.0,,,,0,0
성북구,삼선동3가,2024,9,월세,연립다세대,1,17200.0,17200.0,,17200.0,17200.0,13.0,13.0,,0,0
성북구,삼선동3가,2024,9,전세,연립다세대,2,17200.0,17200.0,12445.1,12800.0,21600.0,,,,2,0
성북구,삼선동3가,2024,11,월세,연립다세대,4,1000.0,1250.0,500.0,1000.0,1250.0,55.0,57.25,5.19,4,0
성북구,삼선동3가,2024,11,전세,연립다세대,2,13500.0,13500.0,3535.5,12250.0,14750.0,,,,0,0
성북구,삼선동3가,2024,12,월세,연립다세대,3,1000.0,1333.3,577.4,1000.0,1500.0,55.0,52.33,9.29,3,0
성북구,삼선동3가,2024,12,전세,연립다세대,2,19500.0,19500.0,9192.4,16250.0,22750.0,,,,1,0
성북구,삼선동3가,2025,1,전세,연립다세대,1,28000.0,28000.0,,28000.0,28000.0,,,,0,0
성북구,삼선동3가,2025,2,월세,연립다세대,5,5000.0,3700.0,2049.4,2000.0,5000.0,60.0,59.4,40.83,5,0
성북구,삼선동3가,2025,3,월세,연립다세대,2,750.0,750.0,353.6,625.0,875.0,54.0,54.0,1.41,2,0
성북구,삼선동3가,2025,3,전세,연립다세대,1,30000.0,30000.0,,30000.0,30000.0,,,,1,0
성북구,삼선동3가,2025,4,월세,연립다세대,2,10000.0,10000.0,7071.1,7500.0,12500.0,14.5,14.5,9.19,1,0
성북구,삼선동3가,2025,4,전세,연립다세대,1,25100.0,25100.0,,25100.0,25100.0,,,,1,0
성북구,삼선동3가,2025,5,월세,연립다세대,3,2000.0,9666.7,13279.1,2000.0,13500.0,70.0,78.33,43.11,3,0
성북구,삼선동3가,2025,5,전세,연립다세대,2,26500.0,26500.0,4949.7,24750.0,28250.0,,,,2,0
성북구,삼선동3가,2025,6,월세,연립다세대,1,19000.0,19000.0,,19000.0,19000.0,20.0,20.0,,1,0
성북구,삼선동3가,2025,7,월세,연립다세대,4,1000.0,4508.2,7674.7,758.25,4750.0,60.0,82.5,51.88,4,0
성북구,삼선동3가,2025,7,전세,연립다세대,3,8900.0,17466.7,15185.6,8700.0,21950.0,,,,2,0
성북구,삼선동3가,2025,9,월세,연립다세대,1,6000.0,6000.0,,6000.0,6000.0,21.0,21.0,,1,0
성북구,삼선동3가,2025,10,월세,연립다세대,2,11994.5,11994.5,8210.2,9091.75,14897.25,20.0,20.0,2.83,1,0
성북구,삼선동3가,2025,10,전세,연립다세대,1,29000.0,29000.0,,29000.0,29000.0,,,,0,0
성북구,삼선동3가,2025,11,월세,연립다세대,2,2000.0,2000.0,1414.2,1500.0,2500.0,49.0,49.0,15.56,2,0
성북구,삼선동3가,2025,11,전세,연립다세대,1,16500.0,16500.0,,16500.0,16500.0,,,,0,0
성북구,삼선동3가,2025,12,월세,연립다세대,5,2512.0,2502.4,1658.3,1000.0,3000.0,55.0,54.2,12.07,4,0
성북구,삼선동3가,2025,12,전세,연립다세대,4,31500.0,33000.0,4062.0,31125.0,33375.0,,,,2,0
성북구,삼선동3가,2026,1,월세,연립다세대,1,1000.0,1000.0,,1000.0,1000.0,60.0,60.0,,1,1
성북구,삼선동3가,2026,1,전세,연립다세대,1,25000.0,25000.0,,25000.0,25000.0,,,,1,1
성북구,삼선동3가,2026,2,월세,연립다세대,5,8800.0,9070.0,5291.9,5000.0,12800.0,43.0,42.4,36.55,3,1
성북구,삼선동3가,2026,3,월세,연립다세대,2,3000.0,3000.0,2828.4,2000.0,4000.0,63.5,63.5,9.19,2,1
성북구,삼선동3가,2026,3,전세,연립다세대,2,11500.0,11500.0,707.1,11250.0,11750.0,,,,1,1
성북구,삼선동3가,2026,4,월세,연립다세대,3,9000.0,7533.3,5937.5,5000.0,10800.0,50.0,40.0,26.46,2,1
성북구,삼선동3가,2026,5,월세,연립다세대,1,22000.0,22000.0,,22000.0,22000.0,53.0,53.0,,1,1
성북구,삼선동3가,2026,5,전세,연립다세대,1,24000.0,24000.0,,24000.0,24000.0,,,,1,1
성북구,삼선동3가,2026,6,월세,연립다세대,4,4500.0,11500.0,16421.5,3250.0,12750.0,34.0,40.75,29.08,4,1
성북구,삼선동3가,2026,6,전세,연립다세대,2,48000.0,48000.0,0.0,48000.0,48000.0,,,,1,1
성북구,삼선동3가,2026,7,월세,연립다세대,4,4000.0,6125.0,6087.9,2625.0,7500.0,73.5,61.5,36.24,4,1
성북구,삼선동3가,2026,7,전세,연립다세대,1,36000.0,36000.0,,36000.0,36000.0,,,,1,1
성북구,삼선동3가,2026,8,월세,연립다세대,5,2000.0,4100.0,3577.7,2000.0,5000.0,65.0,81.0,30.29,5,1
성북구,삼선동3가,2026,9,월세,연립다세대,1,15000.0,15000.0,,15000.0,15000.0,45.0,45.0,,1,1
성북구,삼선동4가,2021,1,월세,연립다세대,6,2000.0,2583.3,2059.5,1000.0,4500.0,43.0,44.33,20.56,0,0
성북구,삼선동4가,2021,1,월세,오피스텔,1,10000.0,10000.0,,10000.0,10000.0,24.0,24.0,,0,0
성북구,삼선동4가,2021,1,전세,연립다세대,3,7000.0,14666.7,13279.1,7000.0,18500.0,,,,0,0
성북구,삼선동4가,2021,1,전세,오피스텔,1,15000.0,15000.0,,15000.0,15000.0,,,,0,0
성북구,삼선동4가,2021,2,월세,연립다세대,3,3000.0,4333.3,2309.4,3000.0,5000.0,30.0,20.33,16.74,0,0
성북구,삼선동4가,2021,2,월세,오피스텔,2,10000.0,10000.0,0.0,10000.0,10000.0,25.0,25.0,1.41,0,0
성북구,삼선동4가,2021,2,전세,연립다세대,1,20000.0,20000.0,,20000.0,20000.0,,,,0,0
성북구,삼선동4가,2021,3,월세,연립다세대,4,1000.0,1875.0,2096.6,875.0,2000.0,45.0,46.5,9.95,0,0
성북구,삼선동4가,2021,3,월세,오피스텔,1,8000.0,8000.0,,8000.0,8000.0,36.0,36.0,,0,0
성북구,삼선동4가,2021,3,전세,연립다세대,1,18000.0,18000.0,,18000.0,18000.0,,,,0,0
성북구,삼선동4가,2021,5,월세,연립다세대,1,1000.0,1000.0,,1000.0,1000.0,50.0,50.0,,0,0
성북구,삼선동4가,2021,5,월세,오피스텔,2,8000.0,8000.0,0.0,8000.0,8000.0,32.0,32.0,14.14,0,0
성북구,삼선동4가,2021,5,전세,연립다세대,1,15000.0,15000.0,,15000.0,15000.0,,,,0,0
성북구,삼선동4가,2021,6,월세,연립다세대,2,300.0,300.0,282.8,200.0,400.0,27.5,27.5,24.75,0,0
성북구,삼선동4가,2021,6,월세,오피스텔,1,12000.0,12000.0,,12000.0,12000.0,17.0,17.0,,1,0
성북구,삼선동4가,2021,7,월세,연립다세대,4,1000.0,2000.0,2000.0,1000.0,2000.0,50.0,49.5,24.03,3,0
성북구,삼선동4가,2021,7,월세,오피스텔,2,10000.0,10000.0,0.0,10000.0,10000.0,35.0,35.0,7.07,2,0
성북구,삼선동4가,2021,7,전세,연립다세대,2,32050.0,32050.0,2192.0,31275.0,32825.0,,,,0,0
성북구,삼선동4가,2021,8,월세,연립다세대,2,1000.0,1000.0,0.0,1000.0,1000.0,57.5,57.5,10.61,2,0
성북구,삼선동4가,2021,8,월세,오피스텔,2,10000.0,10000.0,0.0,10000.0,10000.0,40.0,40.0,0.0,2,0
성북구,삼선동4가,2021,8,전세,연립다세대,1,35000.0,35000.0,,35000.0,35000.0,,,,1,0
성북구,삼선동4가,2021,8,전세,오피스텔,1,10000.0,10000.0,,10000.0,10000.0,,,,1,0
성북구,삼선동4가,2021,9,월세,연립다세대,5,3000.0,9200.0,15006.7,3000.0,3000.0,30.0,31.6,10.74,2,0
성북구,삼선동4가,2021,9,전세,연립다세대,1,25500.0,25500.0,,25500.0,25500.0,,,,0,0
성북구,삼선동4가,2021,10,월세,연립다세대,5,10000.0,7500.0,4974.9,3000.0,10000.0,40.0,46.6,32.83,3,0
성북구,삼선동4가,2021,10,월세,오피스텔,2,7500.0,7500.0,4949.7,5750.0,9250.0,52.0,52.0,25.46,1,0
성북구,삼선동4가,2021,10,전세,연립다세대,3,19000.0,21166.7,3752.8,19000.0,22250.0,,,,1,0
성북구,삼선동4가,2021,11,월세,연립다세대,1,3000.0,3000.0,,3000.0,3000.0,32.0,32.0,,1,0
성북구,삼선동4가,2021,11,월세,오피스텔,1,10000.0,10000.0,,10000.0,10000.0,40.0,40.0,,1,0
성북구,삼선동4가,2021,11,전세,연립다세대,6,26250.0,26583.3,5426.0,22000.0,31625.0,,,,3,0
성북구,삼선동4가,2021,12,월세,연립다세대,5,1000.0,1600.0,894.4,1000.0,2000.0,50.0,67.0,42.66,4,0
성북구,삼선동4가,2021,12,월세,오피스텔,1,10000.0,10000.0,,10000.0,10000.0,46.0,46.0,,1,0
성북구,삼선동4가,2021,12,전세,연립다세대,3,25500.0,26166.7,3547.3,24250.0,27750.0,,,,1,0
성북구,삼선동4가,2022,1,월세,연립다세대,5,3000.0,2600.0,1140.2,2000.0,3000.0,37.0,44.4,22.01,3,0
성북구,삼선동4가,2022,1,월세,오피스텔,4,9000.0,30750.0,46212.4,7250.0,32500.0,52.0,55.0,11.49,3,0
성북구,삼선동4가,2022,1,전세,연립다세대,3,28000.0,27666.7,577.4,27500.0,28000.0,,,,2,0
성북구,삼선동4가,2022,2,월세,연립다세대,6,3000.0,3000.0,1264.9,3000.0,3000.0,42.0,42.17,27.83,2,0
성북구,삼선동4가,2022,2,월세,오피스텔,2,11250.0,11250.0,1767.8,10625.0,11875.0,33.5,33.5,17.68,1,0
성북구,삼선동4가,2022,2,전세,연립다세대,1,30500.0,30500.0,,30500.0,30500.0,,,,0,0
성북구,삼선동4가,2022,3,월세,연립다세대,2,3000.0,3000.0,0.0,3000.0,3000.0,36.0,36.0,5.66,1,0
성북구,삼선동4가,2022,3,전세,연립다세대,11,30000.0,29179.5,3095.4,28650.0,31000.0,,,,5,0
성북구,삼선동4가,2022,4,월세,연립다세대,1,10000.0,10000.0,,10000.0,10000.0,46.0,46.0,,1,0
성북구,삼선동4가,2022,4,월세,오피스텔,1,1000.0,1000.0,,1000.0,1000.0,90.0,90.0,,1,0
성북구,삼선동4가,2022,4,전세,연립다세대,1,27300.0,27300.0,,27300.0,27300.0,,,,0,0
성북구,삼선동4가,2022,5,월세,연립다세대,3,1000.0,6000.0,8660.3,1000.0,8500.0,50.0,50.0,5.0,3,0
성북구,삼선동4가,2022,5,월세,오피스텔,1,14000.0,14000.0,,14000.0,14000.0,30.0,30.0,,1,0
성북구,삼선동4가,2022,5,전세,연립다세대,2,31250.0,31250.0,353.6,31125.0,31375.0,,,,1,0
성북구,삼선동4가,2022,6,월세,연립다세대,4,1000.0,1500.0,1000.0,1000.0,1500.0,50.0,47.0,6.0,4,0
성북구,삼선동4가,2022,6,전세,연립다세대,6,31000.0,32245.8,3344.8,30981.25,31375.0,,,,2,0
성북구,삼선동4가,2022,6,전세,오피스텔,1,17000.0,17000.0,,17000.0,17000.0,,,,1,0
성북구,삼선동4가,2022,7,월세,연립다세대,4,2000.0,4875.0,6835.9,875.0,6000.0,37.5,34.75,16.24,1,0
성북구,삼선동4가,2022,7,전세,연립다세대,2,25250.0,25250.0,7424.6,22625.0,27875.0,,,,1,0
성북구,삼선동4가,2022,8,월세,연립다세대,1,7000.0,7000.0,,7000.0,7000.0,1.0,1.0,,0,0
성북구,삼선동4가,2022,8,월세,오피스텔,1,10000.0,10000.0,,10000.0,10000.0,58.0,58.0,,1,0
성북구,삼선동4가,2022,8,전세,연립다세대,1,23500.0,23500.0,,23500.0,23500.0,,,,1,0
성북구,삼선동4가,2022,9,월세,연립다세대,1,7000.0,7000.0,,7000.0,7000.0,67.0,67.0,,1,0
성북구,삼선동4가,2022,9,전세,연립다세대,2,23500.0,23500.0,10606.6,19750.0,27250.0,,,,2,0
성북구,삼선동4가,2022,9,전세,오피스텔,2,17000.0,17000.0,0.0,17000.0,17000.0,,,,2,0
성북구,삼선동4가,2022,10,월세,연립다세대,1,16000.0,16000.0,,16000.0,16000.0,30.0,30.0,,1,0
성북구,삼선동4가,2022,10,전세,연립다세대,2,30000.0,30000.0,0.0,30000.0,30000.0,,,,1,0
성북구,삼선동4가,2022,11,월세,연립다세대,2,9000.0,9000.0,5656.9,7000.0,11000.0,60.5,60.5,27.58,1,0
성북구,삼선동4가,2022,11,월세,오피스텔,1,10000.0,10000.0,,10000.0,10000.0,58.0,58.0,,1,0
성북구,삼선동4가,2022,11,전세,연립다세대,2,17500.0,17500.0,6364.0,15250.0,19750.0,,,,2,0
성북구,삼선동4가,2022,11,전세,오피스텔,1,15000.0,15000.0,,15000.0,15000.0,,,,0,0
성북구,삼선동4가,2022,12,월세,연립다세대,8,3000.0,4125.0,3833.6,1000.0,5500.0,43.5,56.12,43.65,4,0
성북구,삼선동4가,2022,12,월세,오피스텔,4,10000.0,10000.0,0.0,10000.0,10000.0,45.0,45.5,9.81,0,0
성북구,삼선동4가,2023,1,월세,연립다세대,10,2500.0,2800.0,1932.2,1250.0,3000.0,44.0,44.0,23.51,8,0
성북구,삼선동4가,2023,1,월세,오피스텔,3,10000.0,8333.3,6658.3,5500.0,12000.0,58.0,60.67,32.08,3,0
성북구,삼선동4가,2023,1,전세,연립다세대,1,19000.0,19000.0,,19000.0,19000.0,,,,0,0
성북구,삼선동4가,2023,2,월세,연립다세대,5,3000.0,13100.0,15445.1,1500.0,30000.0,40.0,33.8,15.56,3,0
성북구,삼선동4가,2023,2,월세,오피스텔,5,8000.0,8200.0,4604.3,8000.0,8000.0,64.0,58.6,23.7,3,0
성북구,삼선동4가,2023,2,전세,연립다세대,1,20000.0,20000.0,,20000.0,20000.0,,,,0,0
성북구,삼선동4가,2023,3,월세,연립다세대,2,5500.0,5500.0,6364.0,3250.0,7750.0,49.5,49.5,28.99,1,0
성북구,삼선동4가,2023,3,월세,오피스텔,1,3000.0,3000.0,,3000.0,3000.0,90.0,90.0,,1,0
성북구,삼선동4가,2023,3,전세,연립다세대,2,28250.0,28250.0,1767.8,27625.0,28875.0,,,,0,0
성북구,삼선동4가,2023,4,월세,연립다세대,1,1000.0,1000.0,,1000.0,1000.0,42.0,42.0,,1,0
성북구,삼선동4가,2023,4,월세,오피스텔,1,18000.0,18000.0,,18000.0,18000.0,10.0,10.0,,1,0
성북구,삼선동4가,2023,5,월세,연립다세대,1,2000.0,2000.0,,2000.0,2000.0,80.0,80.0,,1,0
성북구,삼선동4가,2023,5,월세,오피스텔,2,12000.0,12000.0,2828.4,11000.0,13000.0,44.0,44.0,19.8,0,0
성북구,삼선동4가,2023,6,월세,연립다세대,2,2500.0,2500.0,707.1,2250.0,2750.0,23.5,23.5,0.71,0,0
성북구,삼선동4가,2023,6,전세,연립다세대,1,23000.0,23000.0,,23000.0,23000.0,,,,0,0
성북구,삼선동4가,2023,7,월세,연립다세대,4,2500.0,11250.0,18518.0,1750.0,12000.0,50.0,45.0,25.5,3,0
성북구,삼선동4가,2023,7,월세,오피스텔,3,10000.0,7666.7,4041.5,6500.0,10000.0,58.0,63.0,20.95,1,0
성북구,삼선동4가,2023,7,전세,연립다세대,2,29000.0,29000.0,8485.3,26000.0,32000.0,,,,2,0
성북구,삼선동4가,2023,8,월세,연립다세대,6,2000.0,4166.7,5344.8,2000.0,2750.0,65.0,74.67,53.46,4,0
성북구,삼선동4가,2023,8,월세,오피스텔,2,11000.0,11000.0,9899.5,7500.0,14500.0,46.0,46.0,49.5,2,0
성북구,삼선동4가,2023,9,월세,연립다세대,3,8000.0,10000.0,8185.4,5500.0,13500.0,32.0,36.0,27.22,3,0
성북구,삼선동4가,2023,10,월세,연립다세대,2,8500.0,8500.0,9192.4,5250.0,11750.0,120.0,120.0,70.71,1,0
성북구,삼선동4가,2023,10,월세,오피스텔,3,14000.0,14000.0,0.0,14000.0,14000.0,31.0,27.67,5.77,2,0
성북구,삼선동4가,2023,10,전세,연립다세대,1,19000.0,19000.0,,19000.0,19000.0,,,,1,0
성북구,삼선동4가,2023,11,월세,연립다세대,7,3000.0,9285.7,9268.5,2500.0,16000.0,34.0,31.14,12.73,4,0
성북구,삼선동4가,2023,11,월세,오피스텔,4,8000.0,8500.0,5196.2,5250.0,11250.0,65.0,56.75,32.44,4,0
성북구,삼선동4가,2023,11,전세,연립다세대,3,28000.0,28000.0,0.0,28000.0,28000.0,,,,0,0
성북구,삼선동4가,2023,12,월세,연립다세대,6,11000.0,10666.7,9892.8,1500.0,19750.0,42.0,38.0,15.61,5,0
성북구,삼선동4가,2023,12,전세,연립다세대,2,24500.0,24500.0,4949.7,22750.0,26250.0,,,,1,0
성북구,삼선동4가,2024,1,월세,연립다세대,10,1500.0,4250.0,7420.9,1000.0,3000.0,41.0,56.4,38.16,7,0
성북구,삼선동4가,2024,1,월세,오피스텔,1,5000.0,5000.0,,5000.0,5000.0,76.0,76.0,,1,0
성북구,삼선동4가,2024,1,전세,연립다세대,2,21900.0,21900.0,1555.6,21350.0,22450.0,,,,1,0
성북구,삼선동4가,2024,2,월세,연립다세대,8,6500.0,10125.0,9433.0,2500.0,21000.0,35.0,37.62,15.12,6,0
성북구,삼선동4가,2024,3,월세,연립다세대,5,15000.0,15000.0,13019.2,3000.0,28000.0,40.0,41.4,23.66,4,0
성북구,삼선동4가,2024,3,월세,오피스텔,1,5000.0,5000.0,,5000.0,5000.0,76.0,76.0,,1,0
성북구,삼선동4가,2024,3,전세,연립다세대,1,29000.0,29000.0,,29000.0,29000.0,,,,0,0
성북구,삼선동4가,2024,4,월세,연립다세대,5,1000.0,11320.0,14311.3,1000.0,23600.0,50.0,42.4,20.95,5,0
성북구,삼선동4가,2024,4,전세,연립다세대,7,27000.0,27000.0,3214.6,25000.0,28000.0,,,,4,0
성북구,삼선동4가,2024,5,월세,연립다세대,3,1000.0,7833.3,11835.7,1000.0,11250.0,55.0,46.67,18.93,3,0
성북구,삼선동4가,2024,5,월세,오피스텔,1,17000.0,17000.0,,17000.0,17000.0,15.0,15.0,,0,0
성북구,삼선동4가,2024,5,전세,연립다세대,2,27500.0,27500.0,707.1,27250.0,27750.0,,,,2,0
성북구,삼선동4가,2024,6,월세,연립다세대,2,1000.0,1000.0,0.0,1000.0,1000.0,57.5,57.5,3.54,2,0
성북구,삼선동4가,2024,6,월세,오피스텔,1,14000.0,14000.0,,14000.0,14000.0,35.0,35.0,,0,0
성북구,삼선동4가,2024,6,전세,연립다세대,1,27975.0,27975.0,,27975.0,27975.0,,,,0,0
성북구,삼선동4가,2024,7,월세,연립다세대,4,2500.0,2250.0,957.4,1750.0,3000.0,32.0,33.25,6.29,4,0
성북구,삼선동4가,2024,7,전세,연립다세대,1,23000.0,23000.0,,23000.0,23000.0,,,,1,0
성북구,삼선동4가,2024,8,월세,연립다세대,3,7000.0,7333.3,6506.4,4000.0,10500.0,5.0,17.67,23.69,2,0
성북구,삼선동4가,2024,8,월세,오피스텔,7,3000.0,4000.0,3316.6,2000.0,5000.0,86.0,84.71,15.65,7,0
성북구,삼선동4가,2024,8,전세,오피스텔,1,17000.0,17000.0,,17000.0,17000.0,,,,1,0
성북구,삼선동4가,2024,9,월세,연립다세대,3,2000.0,2666.7,2081.7,1500.0,3500.0,65.0,66.0,16.52,3,0
성북구,삼선동4가,2024,9,월세,오피스텔,5,10000.0,9800.0,5890.7,5000.0,14000.0,48.0,54.6,39.6,4,0
성북구,삼선동4가,2024,9,전세,오피스텔,2,23000.0,23000.0,1414.2,22500.0,23500.0,,,,2,0
성북구,삼선동4가,2024,10,월세,연립다세대,2,2000.0,2000.0,1414.2,1500.0,2500.0,68.5,68.5,9.19,2,0
성북구,삼선동4가,2024,10,월세,오피스텔,9,17000.0,16222.2,8871.0,11000.0,23000.0,20.0,44.33,49.94,7,0
성북구,삼선동4가,2024,10,전세,오피스텔,12,24000.0,26237.5,6273.7,23962.5,24000.0,,,,12,0
성북구,삼선동4가,2024,11,월세,연립다세대,1,1000.0,1000.0,,1000.0,1000.0,45.0,45.0,,1,0
성북구,삼선동4가,2024,11,월세,오피스텔,16,11999.5,15456.2,11113.9,5000.0,23000.0,50.0,56.5,59.49,16,0
성북구,삼선동4가,2024,11,전세,연립다세대,2,16250.0,16250.0,1060.7,15875.0,16625.0,,,,0,0
성북구,삼선동4가,2024,11,전세,오피스텔,17,23000.0,24344.1,5396.8,22000.0,24000.0,,,,17,0
성북구,삼선동4가,2024,12,월세,연립다세대,8,2500.0,5500.0,6524.7,1750.0,6250.0,39.0,38.75,8.05,5,0
성북구,삼선동4가,2024,12,월세,오피스텔,6,5000.0,6500.0,4593.5,3500.0,8750.0,72.5,65.67,25.51,4,0
성북구,삼선동4가,2024,12,전세,연립다세대,3,23000.0,26000.0,7937.3,21500.0,29000.0,,,,3,0
성북구,삼선동4가,2024,12,전세,오피스텔,2,39500.0,39500.0,707.1,39250.0,39750.0,,,,2,0
성북구,삼선동4가,2025,1,월세,연립다세대,8,3500.0,5212.5,5837.4,2625.0,5000.0,39.5,45.25,26.0,5,0
성북구,삼선동4가,2025,1,월세,오피스텔,12,5500.0,9083.3,7341.8,5000.0,10500.0,79.5,98.58,51.32,11,0
성북구,삼선동4가,2025,1,전세,오피스텔,3,40000.0,39666.7,577.4,39500.0,40000.0,,,,3,0
성북구,삼선동4가,2025,2,월세,연립다세대,2,1000.0,1000.0,0.0,1000.0,1000.0,62.5,62.5,10.61,2,0
성북구,삼선동4가,2025,2,월세,오피스텔,11,13000.0,13545.5,10347.6,5000.0,20000.0,75.0,81.0,56.0,8,0
성북구,삼선동4가,2025,2,전세,연립다세대,1,29000.0,29000.0,,29000.0,29000.0,,,,1,0
성북구,삼선동4가,2025,2,전세,오피스텔,5,38000.0,34800.0,9628.1,36000.0,41000.0,,,,5,0
성북구,삼선동4가,2025,3,월세,연립다세대,2,11000.0,11000.0,14142.1,6000.0,16000.0,32.0,32.0,4.24,2,0
성북구,삼선동4가,2025,3,월세,오피스텔,7,10000.0,15857.1,11908.4,5500.0,27500.0,65.0,97.14,60.68,7,0
성북구,삼선동4가,2025,3,전세,연립다세대,1,28000.0,28000.0,,28000.0,28000.0,,,,0,0
성북구,삼선동4가,2025,3,전세,오피스텔,1,38000.0,38000.0,,38000.0,38000.0,,,,1,0
성북구,삼선동4가,2025,4,월세,연립다세대,8,2000.0,2625.0,3020.8,1000.0,2000.0,83.0,78.12,14.54,7,0
성북구,삼선동4가,2025,4,월세,오피스텔,4,4000.0,5250.0,3304.0,3000.0,6250.0,76.5,87.75,28.48,4,0
성북구,삼선동4가,2025,4,전세,오피스텔,2,36500.0,36500.0,707.1,36250.0,36750.0,,,,2,0
성북구,삼선동4가,2025,5,월세,연립다세대,2,2000.0,2000.0,1414.2,1500.0,2500.0,45.5,45.5,13.44,2,0
성북구,삼선동4가,2025,5,월세,오피스텔,6,22000.0,21083.3,13922.7,14000.0,30000.0,34.5,58.0,70.75,4,0
성북구,삼선동4가,2025,5,전세,오피스텔,1,39000.0,39000.0,,39000.0,39000.0,,,,1,0
성북구,삼선동4가,2025,6,월세,연립다세대,6,2500.0,2333.3,816.5,2000.0,3000.0,26.0,39.5,23.09,5,0
성북구,삼선동4가,2025,6,월세,오피스텔,1,10000.0,10000.0,,10000.0,10000.0,52.0,52.0,,0,0
성북구,삼선동4가,2025,6,전세,연립다세대,1,27900.0,27900.0,,27900.0,27900.0,,,,1,0
성북구,삼선동4가,2025,7,월세,연립다세대,4,4000.0,12000.0,18220.9,1000.0,15000.0,36.5,36.75,30.89,2,0
성북구,삼선동4가,2025,7,월세,오피스텔,5,3000.0,3800.0,1303.8,3000.0,4000.0,79.0,85.6,18.41,3,0
성북구,삼선동4가,2025,7,전세,연립다세대,1,27900.0,27900.0,,27900.0,27900.0,,,,0,0
성북구,삼선동4가,2025,8,월세,연립다세대,2,9500.0,9500.0,12020.8,5250.0,13750.0,45.0,45.0,0.0,2,0
성북구,삼선동4가,2025,8,월세,오피스텔,3,6000.0,6666.7,5033.2,4000.0,9000.0,65.0,95.33,74.3,3,0
성북구,삼선동4가,2025,8,전세,오피스텔,1,41000.0,41000.0,,41000.0,41000.0,,,,1,0
성북구,삼선동4가,2025,9,월세,연립다세대,6,6500.0,7500.0,6892.0,2250.0,10000.0,41.0,41.33,26.82,5,0
성북구,삼선동4가,2025,9,월세,오피스텔,5,14000.0,10400.0,6949.8,3000.0,14000.0,24.0,45.8,41.1,1,0
성북구,삼선동4가,2025,10,월세,연립다세대,9,1500.0,3333.3,4548.4,1000.0,2000.0,70.0,69.44,26.15,8,0
성북구,삼선동4가,2025,10,월세,오피스텔,2,3000.0,3000.0,2828.4,2000.0,4000.0,89.0,89.0,29.7,2,0
성북구,삼선동4가,2025,10,전세,연립다세대,1,28000.0,28000.0,,28000.0,28000.0,,,,1,0
성북구,삼선동4가,2025,11,월세,연립다세대,8,2000.0,3500.0,4720.8,1000.0,3000.0,38.0,41.62,15.17,7,0
성북구,삼선동4가,2025,11,월세,오피스텔,4,5500.0,6000.0,2943.9,4500.0,7000.0,69.0,92.5,59.08,3,0
성북구,삼선동4가,2025,11,전세,연립다세대,1,21000.0,21000.0,,21000.0,21000.0,,,,1,0
성북구,삼선동4가,2025,12,월세,연립다세대,9,1000.0,1333.3,500.0,1000.0,2000.0,55.0,49.78,20.51,8,0
성북구,삼선동4가,2025,12,월세,오피스텔,3,3000.0,5333.3,4041.5,3000.0,6500.0,75.0,67.0,13.86,3,0
성북구,삼선동4가,2025,12,전세,연립다세대,2,24500.0,24500.0,4949.7,22750.0,26250.0,,,,1,0
성북구,삼선동4가,2026,1,월세,연립다세대,9,3000.0,7222.2,8913.2,1000.0,10000.0,45.0,46.78,6.82,4,1
성북구,삼선동4가,2026,1,월세,오피스텔,2,6000.0,6000.0,5656.9,4000.0,8000.0,113.0,113.0,87.68,1,1
성북구,삼선동4가,2026,1,전세,연립다세대,2,30000.0,30000.0,1414.2,29500.0,30500.0,,,,2,1
성북구,삼선동4가,2026,2,월세,연립다세대,12,1000.0,2333.3,4030.2,1000.0,1000.0,51.0,55.25,14.14,11,1
성북구,삼선동4가,2026,2,월세,오피스텔,4,5500.0,8250.0,5852.3,5000.0,8750.0,112.5,105.25,77.83,4,1
성북구,삼선동4가,2026,2,전세,연립다세대,2,24150.0,24150.0,0.0,24150.0,24150.0,,,,0,1
성북구,삼선동4가,2026,3,월세,연립다세대,5,1000.0,4600.0,6985.7,1000.0,3000.0,48.0,46.8,19.06,3,1
성북구,삼선동4가,2026,3,월세,오피스텔,2,5000.0,5000.0,0.0,5000.0,5000.0,68.5,68.5,0.71,1,1
성북구,삼선동4가,2026,3,전세,연립다세대,1,24150.0,24150.0,,24150.0,24150.0,,,,0,1
성북구,삼선동4가,2026,3,전세,오피스텔,2,25200.0,25200.0,0.0,25200.0,25200.0,,,,2,1
성북구,삼선동4가,2026,4,월세,연립다세대,5,1000.0,7400.0,10064.8,1000.0,10000.0,55.0,63.4,28.68,5,1
성북구,삼선동4가,2026,4,월세,오피스텔,1,1000.0,1000.0,,1000.0,1000.0,88.0,88.0,,1,1
성북구,삼선동4가,2026,4,전세,오피스텔,1,25200.0,25200.0,,25200.0,25200.0,,,,1,1
성북구,삼선동4가,2026,5,월세,연립다세대,1,22000.0,22000.0,,22000.0,22000.0,55.0,55.0,,1,1
성북구,삼선동4가,2026,5,월세,오피스텔,4,13500.0,13225.0,6511.7,11000.0,15725.0,35.5,38.5,27.93,3,1
성북구,삼선동4가,2026,5,전세,연립다세대,3,23000.0,23400.0,3417.6,21600.0,25000.0,,,,2,1
성북구,삼선동4가,2026,6,월세,연립다세대,2,1000.0,1000.0,0.0,1000.0,1000.0,44.5,44.5,0.71,2,1
성북구,삼선동4가,2026,6,월세,오피스텔,6,5000.0,7333.3,8801.5,3500.0,5000.0,78.5,81.83,15.28,6,1
성북구,삼선동4가,2026,6,전세,연립다세대,2,26761.5,26761.5,3693.2,25455.75,28067.25,,,,1,1
성북구,삼선동4가,2026,6,전세,오피스텔,2,25462.5,25462.5,123.7,25418.75,25506.25,,,,2,1
성북구,삼선동4가,2026,7,월세,연립다세대,6,1000.0,4166.7,7756.7,1000.0,1000.0,42.0,41.67,5.85,1,1
성북구,삼선동4가,2026,7,월세,오피스텔,3,5000.0,9000.0,6928.2,5000.0,11000.0,75.0,84.0,85.85,2,1
성북구,삼선동4가,2026,8,월세,연립다세대,1,5000.0,5000.0,,5000.0,5000.0,65.0,65.0,,1,1
성북구,삼선동4가,2026,8,월세,오피스텔,5,3000.0,3600.0,2408.3,2000.0,5000.0,90.0,92.8,14.2,3,1
성북구,삼선동4가,2026,8,전세,오피스텔,1,23100.0,23100.0,,23100.0,23100.0,,,,0,1
성북구,삼선동4가,2026,9,월세,오피스텔,2,17000.0,17000.0,8485.3,14000.0,20000.0,79.5,79.5,98.29,0,1
성북구,삼선동5가,2021,1,월세,연립다세대,3,5000.0,4666.7,3511.9,3000.0,6500.0,60.0,68.33,43.11,0,0
성북구,삼선동5가,2021,1,월세,오피스텔,1,1000.0,1000.0,,1000.0,1000.0,57.0,57.0,,0,0
성북구,삼선동5가,2021,1,전세,연립다세대,5,18900.0,16680.0,8460.9,8500.0,20000.0,,,,2,0
성북구,삼선동5가,2021,2,월세,연립다세대,5,8000.0,8000.0,2121.3,7000.0,10000.0,47.0,37.8,17.81,0,0
성북구,삼선동5가,2021,2,월세,오피스텔,1,5000.0,5000.0,,5000.0,5000.0,51.0,51.0,,0,0
성북구,삼선동5가,2021,2,전세,연립다세대,1,28300.0,28300.0,,28300.0,28300.0,,,,0,0
성북구,삼선동5가,2021,3,월세,연립다세대,1,724.0,724.0,,724.0,724.0,11.0,11.0,,0,0
성북구,삼선동5가,2021,3,월세,오피스텔,3,1000.0,1000.0,0.0,1000.0,1000.0,60.0,60.33,3.51,0,0
성북구,삼선동5가,2021,3,전세,연립다세대,3,7500.0,18333.3,18763.9,7500.0,23750.0,,,,0,0
성북구,삼선동5가,2021,4,월세,연립다세대,7,10000.0,8071.4,4885.6,5250.0,11500.0,50.0,43.86,27.28,1,0
성북구,삼선동5가,2021,4,월세,오피스텔,1,4000.0,4000.0,,4000.0,4000.0,45.0,45.0,,0,0
성북구,삼선동5가,2021,4,전세,연립다세대,6,23250.0,20400.0,10316.0,11300.0,29125.0,,,,1,0
성북구,삼선동5가,2021,5,월세,연립다세대,5,1000.0,2600.0,4144.3,500.0,1000.0,50.0,48.6,5.46,0,0
성북구,삼선동5가,2021,5,월세,오피스텔,1,2000.0,2000.0,,2000.0,2000.0,50.0,50.0,,0,0
성북구,삼선동5가,2021,5,전세,연립다세대,7,23000.0,21957.1,6077.0,16000.0,26600.0,,,,0,0
성북구,삼선동5가,2021,6,월세,연립다세대,1,1000.0,1000.0,,1000.0,1000.0,50.0,50.0,,1,0
성북구,삼선동5가,2021,6,월세,오피스텔,1,1000.0,1000.0,,1000.0,1000.0,65.0,65.0,,1,0
성북구,삼선동5가,2021,6,전세,연립다세대,4,26700.0,22575.0,9137.2,22250.0,27025.0,,,,1,0
성북구,삼선동5가,2021,6,전세,오피스텔,1,17000.0,17000.0,,17000.0,17000.0,,,,0,0
성북구,삼선동5가,2021,7,월세,연립다세대,2,1765.5,1765.5,2205.5,985.75,2545.25,13.5,13.5,6.36,0,0
성북구,삼선동5가,2021,7,월세,오피스텔,2,3000.0,3000.0,0.0,3000.0,3000.0,49.0,49.0,5.66,1,0
성북구,삼선동5가,2021,7,전세,연립다세대,1,27000.0,27000.0,,27000.0,27000.0,,,,1,0
성북구,삼선동5가,2021,8,월세,연립다세대,1,1000.0,1000.0,,1000.0,1000.0,45.0,45.0,,1,0
성북구,삼선동5가,2021,8,월세,오피스텔,2,3000.0,3000.0,2828.4,2000.0,4000.0,58.0,58.0,9.9,2,0
성북구,삼선동5가,2021,8,전세,오피스텔,2,15000.0,15000.0,4242.6,13500.0,16500.0,,,,2,0
성북구,삼선동5가,2021,9,월세,연립다세대,2,2171.5,2171.5,1171.7,1757.25,2585.75,56.5,56.5,71.42,1,0
성북구,삼선동5가,2021,9,전세,연립다세대,1,31000.0,31000.0,,31000.0,31000.0,,,,0,0
성북구,삼선동5가,2021,9,전세,오피스텔,1,17000.0,17000.0,,17000.0,17000.0,,,,1,0
성북구,삼선동5가,2021,10,전세,연립다세대,3,24000.0,19666.7,14977.8,13500.0,28000.0,,,,2,0
성북구,삼선동5가,2021,10,전세,오피스텔,1,12000.0,12000.0,,12000.0,12000.0,,,,1,0
성북구,삼선동5가,2021,11,월세,오피스텔,3,1000.0,1000.0,0.0,1000.0,1000.0,60.0,58.33,2.89,3,0
성북구,삼선동5가,2021,11,전세,연립다세대,1,30450.0,30450.0,,30450.0,30450.0,,,,0,0
성북구,삼선동5가,2021,12,월세,연립다세대,2,1412.5,1412.5,583.4,1206.25,1618.75,37.0,37.0,18.38,0,0
성북구,삼선동5가,2021,12,월세,오피스텔,3,5000.0,3666.7,2309.4,3000.0,5000.0,41.0,46.0,8.66,3,0
성북구,삼선동5가,2021,12,전세,연립다세대,2,17600.0,17600.0,12869.3,13050.0,22150.0,,,,1,0
성북구,삼선동5가,2022,1,월세,연립다세대,5,5000.0,7600.0,9201.9,1000.0,8500.0,50.0,43.0,25.03,4,0
성북구,삼선동5가,2022,1,월세,오피스텔,6,2000.0,3333.3,3141.1,1250.0,4250.0,57.0,54.5,7.15,6,0
성북구,삼선동5가,2022,1,전세,연립다세대,3,26000.0,21300.0,11214.7,17250.0,27700.0,,,,1,0
성북구,삼선동5가,2022,1,전세,오피스텔,1,13500.0,13500.0,,13500.0,13500.0,,,,0,0
성북구,삼선동5가,2022,2,월세,연립다세대,2,2267.0,2267.0,1036.6,1900.5,2633.5,32.5,32.5,17.68,1,0
성북구,삼선동5가,2022,2,월세,오피스텔,2,3000.0,3000.0,2828.4,2000.0,4000.0,68.5,68.5,12.02,2,0
성북구,삼선동5가,2022,2,전세,연립다세대,1,11500.0,11500.0,,11500.0,11500.0,,,,0,0
성북구,삼선동5가,2022,2,전세,오피스텔,1,18000.0,18000.0,,18000.0,18000.0,,,,0,0
성북구,삼선동5가,2022,3,월세,연립다세대,1,1000.0,1000.0,,1000.0,1000.0,60.0,60.0,,1,0
성북구,삼선동5가,2022,3,월세,오피스텔,2,2000.0,2000.0,1414.2,1500.0,2500.0,59.0,59.0,5.66,2,0
성북구,삼선동5가,2022,3,전세,연립다세대,2,20000.0,20000.0,2828.4,19000.0,21000.0,,,,1,0
성북구,삼선동5가,2022,3,전세,오피스텔,1,9500.0,9500.0,,9500.0,9500.0,,,,0,0
성북구,삼선동5가,2022,4,월세,오피스텔,1,1000.0,1000.0,,1000.0,1000.0,60.0,60.0,,1,0
성북구,삼선동5가,2022,4,전세,연립다세대,1,6000.0,6000.0,,6000.0,6000.0,,,,0,0
성북구,삼선동5가,2022,5,월세,연립다세대,5,500.0,1300.0,1524.8,500.0,1000.0,43.0,38.0,16.11,4,0
성북구,삼선동5가,2022,5,월세,오피스텔,2,1000.0,1000.0,0.0,1000.0,1000.0,60.0,60.0,0.0,2,0
성북구,삼선동5가,2022,5,전세,연립다세대,3,28350.0,22783.3,11101.4,19175.0,29175.0,,,,2,0
성북구,삼선동5가,2022,6,월세,연립다세대,2,750.0,750.0,353.6,625.0,875.0,55.0,55.0,14.14,2,0
성북구,삼선동5가,2022,6,월세,오피스텔,3,5000.0,3666.7,2309.4,3000.0,5000.0,45.0,48.33,5.77,2,0
성북구,삼선동5가,2022,6,전세,연립다세대,3,18000.0,19666.7,13576.9,12500.0,26000.0,,,,2,0
성북구,삼선동5가,2022,7,월세,연립다세대,2,3500.0,3500.0,707.1,3250.0,3750.0,75.0,75.0,35.36,2,0
성북구,삼선동5가,2022,7,월세,오피스텔,2,5000.0,5000.0,0.0,5000.0,5000.0,50.0,50.0,7.07,2,0
성북구,삼선동5가,2022,7,전세,연립다세대,4,28400.0,23700.0,11205.4,22750.0,29350.0,,,,2,0
성북구,삼선동5가,2022,8,월세,연립다세대,3,8500.0,8833.3,8005.2,4750.0,12750.0,50.0,45.33,33.25,2,0
성북구,삼선동5가,2022,8,전세,연립다세대,1,23500.0,23500.0,,23500.0,23500.0,,,,0,0
성북구,삼선동5가,2022,8,전세,오피스텔,1,2000.0,2000.0,,2000.0,2000.0,,,,0,0
성북구,삼선동5가,2022,9,월세,연립다세대,2,20000.0,20000.0,14142.1,15000.0,25000.0,55.0,55.0,63.64,1,0
성북구,삼선동5가,2022,9,월세,오피스텔,2,5000.0,5000.0,0.0,5000.0,5000.0,48.0,48.0,0.0,2,0
성북구,삼선동5가,2022,9,전세,연립다세대,1,30000.0,30000.0,,30000.0,30000.0,,,,0,0
성북구,삼선동5가,2022,9,전세,오피스텔,1,14000.0,14000.0,,14000.0,14000.0,,,,0,0
성북구,삼선동5가,2022,10,월세,연립다세대,2,6750.0,6750.0,2474.9,5875.0,7625.0,20.0,20.0,14.14,1,0
성북구,삼선동5가,2022,10,월세,오피스텔,1,1000.0,1000.0,,1000.0,1000.0,60.0,60.0,,1,0
성북구,삼선동5가,2022,11,월세,연립다세대,6,8500.0,8916.7,861.2,8500.0,9625.0,10.0,16.67,10.33,4,0
성북구,삼선동5가,2022,11,월세,오피스텔,2,5000.0,5000.0,0.0,5000.0,5000.0,48.0,48.0,0.0,2,0
성북구,삼선동5가,2022,11,전세,연립다세대,2,29500.0,29500.0,3535.5,28250.0,30750.0,,,,0,0
성북구,삼선동5가,2022,11,전세,오피스텔,2,15000.0,15000.0,0.0,15000.0,15000.0,,,,2,0
성북구,삼선동5가,2022,12,월세,연립다세대,6,3412.5,4637.5,4945.5,1206.25,5000.0,61.5,65.33,37.73,4,0
성북구,삼선동5가,2022,12,월세,오피스텔,5,5000.0,4800.0,2490.0,5000.0,5000.0,48.0,54.4,12.74,5,0
성북구,삼선동5가,2022,12,전세,연립다세대,5,23000.0,23600.0,7368.9,23000.0,30000.0,,,,3,0
성북구,삼선동5가,2023,1,월세,연립다세대,6,4500.0,5416.7,5171.2,1375.0,7625.0,45.0,47.17,29.8,4,0
성북구,삼선동5가,2023,1,월세,오피스텔,5,5000.0,3400.0,2190.9,1000.0,5000.0,48.0,51.8,5.5,4,0
성북구,삼선동5가,2023,2,월세,연립다세대,4,8750.0,8375.0,1973.8,7125.0,10000.0,42.5,42.0,27.31,2,0
성북구,삼선동5가,2023,2,월세,오피스텔,3,5000.0,5333.3,4509.2,3000.0,7500.0,60.0,57.0,7.94,3,0
성북구,삼선동5가,2023,2,전세,연립다세대,1,15750.0,15750.0,,15750.0,15750.0,,,,1,0
성북구,삼선동5가,2023,2,전세,오피스텔,1,14000.0,14000.0,,14000.0,14000.0,,,,0,0
성북구,삼선동5가,2023,3,월세,연립다세대,2,5000.0,5000.0,2828.4,4000.0,6000.0,57.5,57.5,53.03,2,0
성북구,삼선동5가,2023,3,월세,오피스텔,1,10000.0,10000.0,,10000.0,10000.0,23.0,23.0,,0,0
성북구,삼선동5가,2023,3,전세,연립다세대,3,18000.0,21000.0,6082.8,17500.0,23000.0,,,,2,0
성북구,삼선동5가,2023,4,월세,연립다세대,3,3000.0,4666.7,4725.8,2000.0,6500.0,60.0,83.33,49.33,3,0
성북구,삼선동5가,2023,4,월세,오피스텔,1,1000.0,1000.0,,1000.0,1000.0,63.0,63.0,,1,0
성북구,삼선동5가,2023,4,전세,연립다세대,3,25000.0,23633.3,14099.8,16950.0,31000.0,,,,1,0
성북구,삼선동5가,2023,5,월세,연립다세대,5,7000.0,9900.0,10436.7,500.0,18000.0,50.0,41.0,18.17,3,0
성북구,삼선동5가,2023,5,월세,오피스텔,1,1000.0,1000.0,,1000.0,1000.0,60.0,60.0,,1,0
성북구,삼선동5가,2023,5,전세,연립다세대,2,25775.0,25775.0,3146.6,24662.5,26887.5,,,,1,0
성북구,삼선동5가,2023,6,월세,연립다세대,3,1000.0,3166.7,4193.2,750.0,4500.0,60.0,60.0,10.0,2,0
성북구,삼선동5가,2023,6,월세,오피스텔,1,1000.0,1000.0,,1000.0,1000.0,60.0,60.0,,1,0
성북구,삼선동5가,2023,6,전세,연립다세대,2,24000.0,24000.0,1414.2,23500.0,24500.0,,,,1,0
성북구,삼선동5가,2023,6,전세,오피스텔,1,10000.0,10000.0,,10000.0,10000.0,,,,1,0
성북구,삼선동5가,2023,7,월세,연립다세대,3,3356.0,2918.3,1354.6,2377.5,3678.0,18.0,45.0,56.56,1,0
성북구,삼선동5가,2023,7,월세,오피스텔,3,5000.0,3666.7,2309.4,3000.0,5000.0,58.0,55.33,6.43,3,0
성북구,삼선동5가,2023,7,전세,오피스텔,1,19000.0,19000.0,,19000.0,19000.0,,,,0,0
성북구,삼선동5가,2023,8,월세,연립다세대,5,5000.0,5000.0,4062.0,1000.0,8000.0,50.0,62.0,27.06,5,0
성북구,삼선동5가,2023,8,월세,오피스텔,4,5000.0,6000.0,5033.2,4000.0,7000.0,53.0,49.0,13.09,3,0
성북구,삼선동5가,2023,8,전세,오피스텔,1,19000.0,19000.0,,19000.0,19000.0,,,,0,0
성북구,삼선동5가,2023,9,월세,연립다세대,2,17000.0,17000.0,16970.6,11000.0,23000.0,27.5,27.5,31.82,2,0
성북구,삼선동5가,2023,9,전세,연립다세대,2,26000.0,26000.0,9899.5,22500.0,29500.0,,,,1,0
성북구,삼선동5가,2023,10,월세,연립다세대,1,1000.0,1000.0,,1000.0,1000.0,50.0,50.0,,1,0
성북구,삼선동5가,2023,11,월세,연립다세대,2,750.0,750.0,353.6,625.0,875.0,45.0,45.0,7.07,2,0
성북구,삼선동5가,2023,11,전세,연립다세대,1,17000.0,17000.0,,17000.0,17000.0,,,,1,0
성북구,삼선동5가,2023,12,월세,연립다세대,2,1000.0,1000.0,0.0,1000.0,1000.0,73.0,73.0,0.0,1,0
성북구,삼선동5가,2023,12,월세,오피스텔,2,4500.0,4500.0,707.1,4250.0,4750.0,60.5,60.5,3.54,2,0
성북구,삼선동5가,2023,12,전세,연립다세대,7,16800.0,17042.9,7080.2,12000.0,23000.0,,,,4,0
성북구,삼선동5가,2024,1,월세,연립다세대,6,3000.0,2833.3,2380.5,625.0,5000.0,63.0,58.17,11.02,6,0
성북구,삼선동5가,2024,1,월세,오피스텔,6,4500.0,4666.7,4033.2,1750.0,5000.0,59.0,53.17,14.19,6,0
성북구,삼선동5가,2024,1,전세,연립다세대,3,16000.0,18833.3,12003.5,12250.0,24000.0,,,,2,0
성북구,삼선동5가,2024,1,전세,오피스텔,2,20000.0,20000.0,4242.6,18500.0,21500.0,,,,1,0
성북구,삼선동5가,2024,2,월세,연립다세대,6,1000.0,2220.2,2161.0,865.75,4000.0,47.5,57.83,26.12,5,0
성북구,삼선동5가,2024,2,월세,오피스텔,4,6000.0,7750.0,4272.0,5000.0,8750.0,64.0,63.25,20.47,4,0
성북구,삼선동5가,2024,2,전세,연립다세대,5,16000.0,17460.0,8121.5,15300.0,16000.0,,,,3,0
성북구,삼선동5가,2024,2,전세,오피스텔,1,21000.0,21000.0,,21000.0,21000.0,,,,0,0
성북구,삼선동5가,2024,3,월세,연립다세대,3,6000.0,10166.7,12291.6,3250.0,15000.0,30.0,33.33,15.28,3,0
성북구,삼선동5가,2024,3,전세,연립다세대,3,18900.0,15966.7,7918.5,12950.0,20450.0,,,,3,0
성북구,삼선동5가,2024,4,월세,연립다세대,3,5000.0,3666.7,2309.4,3000.0,5000.0,50.0,50.33,0.58,3,0
성북구,삼선동5가,2024,4,월세,오피스텔,1,1000.0,1000.0,,1000.0,1000.0,63.0,63.0,,1,0
성북구,삼선동5가,2024,4,전세,연립다세대,1,27300.0,27300.0,,27300.0,27300.0,,,,1,0
성북구,삼선동5가,2024,5,월세,연립다세대,1,3000.0,3000.0,,3000.0,3000.0,113.0,113.0,,1,0
성북구,삼선동5가,2024,5,월세,오피스텔,1,1000.0,1000.0,,1000.0,1000.0,70.0,70.0,,1,0
성북구,삼선동5가,2024,5,전세,연립다세대,3,18000.0,20433.3,5750.1,17150.0,22500.0,,,,3,0
성북구,삼선동5가,2024,6,월세,연립다세대,1,1000.0,1000.0,,1000.0,1000.0,76.0,76.0,,1,0
성북구,삼선동5가,2024,6,월세,오피스텔,3,1000.0,2333.3,2309.4,1000.0,3000.0,60.0,58.33,2.89,3,0
성북구,삼선동5가,2024,6,전세,연립다세대,2,9000.0,9000.0,0.0,9000.0,9000.0,,,,2,0
성북구,삼선동5가,2024,7,월세,연립다세대,6,1000.0,10166.7,14396.8,1000.0,21625.0,45.5,37.5,20.39,5,0
성북구,삼선동5가,2024,8,월세,연립다세대,1,17000.0,17000.0,,17000.0,17000.0,30.0,30.0,,1,0
성북구,삼선동5가,2024,8,월세,오피스텔,4,1000.0,2000.0,2000.0,1000.0,2000.0,61.5,63.25,4.72,4,0
성북구,삼선동5가,2024,8,전세,연립다세대,1,31000.0,31000.0,,31000.0,31000.0,,,,0,0
성북구,삼선동5가,2024,9,월세,연립다세대,1,1000.0,1000.0,,1000.0,1000.0,50.0,50.0,,1,0
성북구,삼선동5가,2024,9,월세,오피스텔,2,1000.0,1000.0,0.0,1000.0,1000.0,67.5,67.5,3.54,2,0
성북구,삼선동5가,2024,10,월세,연립다세대,2,6500.0,6500.0,4949.7,4750.0,8250.0,75.5,75.5,53.03,2,0
성북구,삼선동5가,2024,11,월세,연립다세대,2,4000.0,4000.0,4242.6,2500.0,5500.0,48.0,48.0,4.24,2,0
성북구,삼선동5가,2024,11,월세,오피스텔,5,1000.0,2400.0,1949.4,1000.0,4000.0,60.0,61.2,6.53,5,0
성북구,삼선동5가,2024,11,전세,오피스텔,1,16000.0,16000.0,,16000.0,16000.0,,,,1,0
성북구,삼선동5가,2024,12,월세,연립다세대,5,3000.0,5300.0,5869.4,1000.0,6500.0,45.0,55.6,42.78,4,0
성북구,삼선동5가,2024,12,월세,오피스텔,2,6500.0,6500.0,707.1,6250.0,6750.0,46.5,46.5,9.19,2,0
성북구,삼선동5가,2025,1,월세,연립다세대,5,6000.0,8140.0,5766.1,5000.0,9000.0,45.0,63.6,37.41,4,0
성북구,삼선동5가,2025,1,월세,오피스텔,3,5000.0,4666.7,3511.9,3000.0,6500.0,53.0,55.33,18.61,3,0
성북구,삼선동5가,2025,1,전세,연립다세대,1,19000.0,19000.0,,19000.0,19000.0,,,,1,0
성북구,삼선동5가,2025,2,월세,연립다세대,4,5000.0,7250.0,4500.0,5000.0,7250.0,64.0,69.5,13.82,4,0
성북구,삼선동5가,2025,2,월세,오피스텔,10,5000.0,4600.0,2756.8,2750.0,5000.0,61.5,59.1,14.28,8,0
성북구,삼선동5가,2025,2,전세,연립다세대,2,12750.0,12750.0,5303.3,10875.0,14625.0,,,,2,0
성북구,삼선동5가,2025,3,월세,연립다세대,2,6500.0,6500.0,2121.3,5750.0,7250.0,30.0,30.0,14.14,2,0
성북구,삼선동5가,2025,3,월세,오피스텔,5,8000.0,5800.0,4549.7,1000.0,8000.0,43.0,46.8,18.17,4,0
성북구,삼선동5가,2025,3,전세,연립다세대,4,22800.0,20650.0,8744.7,16425.0,27025.0,,,,3,0
성북구,삼선동5가,2025,4,전세,연립다세대,6,22475.0,22483.3,3633.3,19950.0,25000.0,,,,3,0
성북구,삼선동5가,2025,5,월세,연립다세대,3,4000.0,9466.7,12159.5,2500.0,13700.0,35.0,46.67,22.85,2,0
성북구,삼선동5가,2025,5,월세,오피스텔,1,1000.0,1000.0,,1000.0,1000.0,70.0,70.0,,1,0
성북구,삼선동5가,2025,5,전세,연립다세대,6,24250.0,22333.3,7808.1,21000.0,24875.0,,,,6,0
성북구,삼선동5가,2025,6,월세,연립다세대,6,5450.0,5233.3,4497.4,1250.0,8975.0,52.5,44.67,22.98,5,0
성북구,삼선동5가,2025,6,월세,오피스텔,2,3000.0,3000.0,2828.4,2000.0,4000.0,64.0,64.0,1.41,2,0
성북구,삼선동5가,2025,6,전세,연립다세대,3,15500.0,19166.7,7686.6,14750.0,21750.0,,,,2,0
성북구,삼선동5가,2025,6,전세,오피스텔,1,10000.0,10000.0,,10000.0,10000.0,,,,1,0
성북구,삼선동5가,2025,7,월세,오피스텔,1,5000.0,5000.0,,5000.0,5000.0,25.0,25.0,,1,0
성북구,삼선동5가,2025,7,전세,연립다세대,1,30000.0,30000.0,,30000.0,30000.0,,,,1,0
성북구,삼선동5가,2025,8,월세,연립다세대,4,1000.0,4625.0,7587.0,875.0,4750.0,51.5,53.25,16.5,4,0
성북구,삼선동5가,2025,8,전세,연립다세대,1,15000.0,15000.0,,15000.0,15000.0,,,,0,0
성북구,삼선동5가,2025,9,월세,연립다세대,2,500.0,500.0,0.0,500.0,500.0,46.0,46.0,5.66,2,0
성북구,삼선동5가,2025,9,월세,오피스텔,1,1000.0,1000.0,,1000.0,1000.0,70.0,70.0,,1,0
성북구,삼선동5가,2025,9,전세,연립다세대,3,19400.0,18400.0,10137.1,13600.0,23700.0,,,,3,0
성북구,삼선동5가,2025,10,월세,연립다세대,6,2705.0,6235.0,7541.6,1250.0,8352.5,41.5,41.17,21.34,5,0
성북구,삼선동5가,2025,10,월세,오피스텔,1,5000.0,5000.0,,5000.0,5000.0,58.0,58.0,,1,0
성북구,삼선동5가,2025,10,전세,연립다세대,2,18350.0,18350.0,6576.1,16025.0,20675.0,,,,1,0
성북구,삼선동5가,2025,11,월세,연립다세대,3,2000.0,5566.7,7061.4,1500.0,7850.0,53.0,58.0,24.88,2,0
성북구,삼선동5가,2025,11,월세,오피스텔,3,1000.0,1000.0,0.0,1000.0,1000.0,70.0,66.67,5.77,3,0
성북구,삼선동5가,2025,11,전세,연립다세대,2,23500.0,23500.0,4949.7,21750.0,25250.0,,,,1,0
성북구,삼선동5가,2025,12,월세,연립다세대,8,1000.0,2375.0,3159.5,1000.0,1500.0,66.0,74.12,29.48,7,0
성북구,삼선동5가,2025,12,월세,오피스텔,1,1000.0,1000.0,,1000.0,1000.0,70.0,70.0,,1,0
성북구,삼선동5가,2025,12,전세,연립다세대,1,8500.0,8500.0,,8500.0,8500.0,,,,0,0
성북구,삼선동5가,2026,1,월세,연립다세대,3,10000.0,9000.0,7549.8,5500.0,13000.0,76.0,65.33,22.03,3,1
성북구,삼선동5가,2026,1,월세,오피스텔,8,5000.0,4250.0,2764.6,1750.0,5250.0,65.0,63.62,7.09,8,1
성북구,삼선동5가,2026,1,전세,연립다세대,3,8500.0,15000.0,11258.3,8500.0,18250.0,,,,3,1
성북구,삼선동5가,2026,1,전세,오피스텔,1,18000.0,18000.0,,18000.0,18000.0,,,,0,1
성북구,삼선동5가,2026,2,월세,연립다세대,6,5000.0,4916.7,2375.2,5000.0,5000.0,35.0,38.0,20.72,6,1
성북구,삼선동5가,2026,2,월세,오피스텔,3,8000.0,9000.0,2645.8,7500.0,10000.0,42.0,38.67,10.41,1,1
성북구,삼선동5가,2026,2,전세,연립다세대,4,22000.0,20625.0,10176.6,14125.0,28500.0,,,,4,1
성북구,삼선동5가,2026,3,월세,연립다세대,4,2000.0,8125.0,13294.0,875.0,9250.0,52.5,53.75,36.83,4,1
성북구,삼선동5가,2026,3,월세,오피스텔,5,7000.0,6200.0,3420.5,5000.0,8000.0,60.0,63.2,12.21,5,1
성북구,삼선동5가,2026,4,월세,연립다세대,3,1000.0,1500.0,1322.9,750.0,2000.0,60.0,83.33,49.33,3,1
성북구,삼선동5가,2026,4,월세,오피스텔,1,7000.0,7000.0,,7000.0,7000.0,53.0,53.0,,1,1
성북구,삼선동5가,2026,5,월세,연립다세대,2,750.0,750.0,353.6,625.0,875.0,48.5,48.5,10.61,1,1
성북구,삼선동5가,2026,5,월세,오피스텔,3,1000.0,1000.0,0.0,1000.0,1000.0,70.0,70.0,0.0,3,1
성북구,삼선동5가,2026,5,전세,연립다세대,2,25400.0,25400.0,3677.0,24100.0,26700.0,,,,1,1
성북구,삼선동5가,2026,6,월세,연립다세대,1,3000.0,3000.0,,3000.0,3000.0,125.0,125.0,,1,1
성북구,삼선동5가,2026,6,월세,오피스텔,2,1000.0,1000.0,0.0,1000.0,1000.0,70.0,70.0,0.0,2,1
성북구,삼선동5가,2026,6,전세,연립다세대,3,27700.0,23366.7,7766.8,21050.0,27850.0,,,,2,1
성북구,삼선동5가,2026,7,월세,연립다세대,5,3000.0,2562.4,888.3,1776.0,3000.0,23.0,58.0,56.86,5,1
성북구,삼선동5가,2026,7,월세,오피스텔,3,1000.0,2666.7,2886.8,1000.0,3500.0,70.0,64.33,9.81,3,1
성북구,삼선동5가,2026,7,전세,연립다세대,1,27700.0,27700.0,,27700.0,27700.0,,,,1,1
성북구,삼선동5가,2026,8,월세,연립다세대,5,5000.0,7100.0,7987.5,1000.0,9000.0,45.0,38.0,16.05,4,1
성북구,삼선동5가,2026,8,월세,오피스텔,1,8000.0,8000.0,,8000.0,8000.0,80.0,80.0,,1,1
성북구,삼선동5가,2026,9,월세,연립다세대,1,28500.0,28500.0,,28500.0,28500.0,28.0,28.0,,0,1
성북구,삼선동5가,2026,9,월세,오피스텔,1,10000.0,10000.0,,10000.0,10000.0,33.0,33.0,,1,1
성북구,삼선동5가,2026,9,전세,연립다세대,1,38000.0,38000.0,,38000.0,38000.0,,,,1,1
성북구,상월곡동,2021,1,월세,연립다세대,1,5300.0,5300.0,,5300.0,5300.0,20.0,20.0,,0,0
성북구,상월곡동,2021,1,전세,연립다세대,6,22500.0,20658.3,5575.0,20212.5,24000.0,,,,1,0
성북구,상월곡동,2021,2,전세,연립다세대,9,22000.0,22518.3,3839.7,20790.0,23500.0,,,,0,0
성북구,상월곡동,2021,3,월세,연립다세대,1,5000.0,5000.0,,5000.0,5000.0,60.0,60.0,,0,0
성북구,상월곡동,2021,3,전세,연립다세대,7,19000.0,21003.6,5580.2,18950.0,23075.0,,,,0,0
성북구,상월곡동,2021,4,월세,연립다세대,1,3000.0,3000.0,,3000.0,3000.0,90.0,90.0,,0,0
성북구,상월곡동,2021,4,전세,연립다세대,3,24150.0,26216.7,4611.5,23575.0,27825.0,,,,0,0
성북구,상월곡동,2021,5,월세,연립다세대,1,6000.0,6000.0,,6000.0,6000.0,40.0,40.0,,0,0
성북구,상월곡동,2021,5,전세,연립다세대,1,10000.0,10000.0,,10000.0,10000.0,,,,0,0
성북구,상월곡동,2021,6,월세,연립다세대,1,5000.0,5000.0,,5000.0,5000.0,65.0,65.0,,1,0
성북구,상월곡동,2021,6,전세,연립다세대,3,24000.0,24733.3,1270.2,24000.0,25100.0,,,,1,0
성북구,상월곡동,2021,7,월세,연립다세대,1,7000.0,7000.0,,7000.0,7000.0,80.0,80.0,,1,0
성북구,상월곡동,2021,7,전세,연립다세대,5,22000.0,20560.0,7922.6,20800.0,22000.0,,,,4,0
성북구,상월곡동,2021,8,전세,연립다세대,4,21000.0,20750.0,4787.1,18000.0,23750.0,,,,3,0
성북구,상월곡동,2021,9,월세,연립다세대,1,6380.0,6380.0,,6380.0,6380.0,14.0,14.0,,0,0
성북구,상월곡동,2021,9,전세,연립다세대,2,14000.0,14000.0,12727.9,9500.0,18500.0,,,,1,0
성북구,상월곡동,2021,10,월세,연립다세대,2,750.0,750.0,353.6,625.0,875.0,42.5,42.5,10.61,2,0
성북구,상월곡동,2021,10,전세,연립다세대,2,25500.0,25500.0,2121.3,24750.0,26250.0,,,,2,0
성북구,상월곡동,2021,11,월세,연립다세대,2,6500.0,6500.0,2121.3,5750.0,7250.0,95.0,95.0,35.36,1,0
성북구,상월곡동,2021,11,전세,연립다세대,2,18337.5,18337.5,8962.6,15168.75,21506.25,,,,1,0
성북구,상월곡동,2021,12,월세,연립다세대,1,9000.0,9000.0,,9000.0,9000.0,15.0,15.0,,1,0
성북구,상월곡동,2021,12,전세,연립다세대,4,24000.0,21875.0,9113.9,20250.0,25625.0,,,,0,0
성북구,상월곡동,2022,1,월세,연립다세대,3,4000.0,3633.3,1975.7,2750.0,4700.0,50.0,57.33,39.51,2,0
성북구,상월곡동,2022,1,전세,연립다세대,3,24000.0,27833.3,10299.7,22000.0,31750.0,,,,3,0
성북구,상월곡동,2022,2,월세,연립다세대,3,300.0,1866.7,2713.5,300.0,2650.0,40.0,36.67,5.77,1,0
성북구,상월곡동,2022,2,전세,연립다세대,1,25000.0,25000.0,,25000.0,25000.0,,,,1,0
성북구,상월곡동,2022,3,월세,연립다세대,2,2650.0,2650.0,3323.4,1475.0,3825.0,50.0,50.0,14.14,0,0
성북구,상월곡동,2022,3,전세,연립다세대,2,15250.0,15250.0,12374.4,10875.0,19625.0,,,,2,0
성북구,상월곡동,2022,4,월세,연립다세대,2,10150.0,10150.0,13930.0,5225.0,15075.0,25.0,25.0,21.21,0,0
성북구,상월곡동,2022,4,전세,연립다세대,3,19000.0,23000.0,7810.2,18500.0,25500.0,,,,3,0
성북구,상월곡동,2022,5,월세,연립다세대,1,1000.0,1000.0,,1000.0,1000.0,40.0,40.0,,1,0
성북구,상월곡동,2022,5,전세,연립다세대,2,13500.0,13500.0,3535.5,12250.0,14750.0,,,,2,0
성북구,상월곡동,2022,6,전세,연립다세대,4,21000.0,18625.0,7696.0,16875.0,22750.0,,,,3,0
성북구,상월곡동,2022,7,전세,연립다세대,1,20000.0,20000.0,,20000.0,20000.0,,,,1,0
성북구,상월곡동,2022,8,전세,연립다세대,3,24700.0,21566.7,5688.9,19850.0,24850.0,,,,2,0
성북구,상월곡동,2022,9,전세,연립다세대,2,26900.0,26900.0,1272.8,26450.0,27350.0,,,,0,0
성북구,상월곡동,2022,10,전세,연립다세대,1,23000.0,23000.0,,23000.0,23000.0,,,,0,0
성북구,상월곡동,2022,11,월세,연립다세대,2,4500.0,4500.0,707.1,4250.0,4750.0,43.0,43.0,24.04,1,0
성북구,상월곡동,2022,11,전세,연립다세대,7,24150.0,22942.9,1646.6,22000.0,24150.0,,,,5,0
성북구,상월곡동,2022,12,전세,연립다세대,7,23940.0,21697.1,2912.2,19000.0,23970.0,,,,2,0
성북구,상월곡동,2023,1,월세,연립다세대,3,1000.0,1500.0,1322.9,750.0,2000.0,42.0,45.67,12.9,2,0
성북구,상월곡동,2023,1,전세,연립다세대,8,16470.0,16285.0,6641.0,10750.0,21455.0,,,,4,0
성북구,상월곡동,2023,2,월세,연립다세대,4,400.0,400.0,115.5,300.0,500.0,40.0,38.75,2.5,1,0
성북구,상월곡동,2023,2,전세,연립다세대,7,24000.0,23028.6,1539.4,22525.0,24000.0,,,,2,0
성북구,상월곡동,2023,3,월세,연립다세대,2,6250.0,6250.0,8131.7,3375.0,9125.0,44.5,44.5,7.78,1,0
성북구,상월곡동,2023,3,전세,연립다세대,4,23500.0,20787.5,5880.5,20250.0,24037.5,,,,2,0
성북구,상월곡동,2023,4,월세,연립다세대,3,5000.0,5666.7,4041.5,3500.0,7500.0,75.0,64.0,20.81,3,0
성북구,상월곡동,2023,4,전세,연립다세대,3,21000.0,24166.7,6370.5,20500.0,26250.0,,,,0,0
성북구,상월곡동,2023,5,월세,연립다세대,2,3750.0,3750.0,353.6,3625.0,3875.0,65.5,65.5,7.78,1,0
성북구,상월곡동,2023,5,전세,연립다세대,2,18000.0,18000.0,7071.1,15500.0,20500.0,,,,0,0
성북구,상월곡동,2023,6,전세,연립다세대,4,21000.0,18500.0,12041.6,14000.0,25500.0,,,,0,0
성북구,상월곡동,2023,7,월세,연립다세대,1,17000.0,17000.0,,17000.0,17000.0,40.0,40.0,,1,0
성북구,상월곡동,2023,7,전세,연립다세대,4,20000.0,21050.0,2806.5,19750.0,21300.0,,,,3,0
성북구,상월곡동,2023,8,월세,연립다세대,2,4500.0,4500.0,4949.7,2750.0,6250.0,85.0,85.0,49.5,2,0
성북구,상월곡동,2023,9,월세,연립다세대,1,13000.0,13000.0,,13000.0,13000.0,15.0,15.0,,0,0
성북구,상월곡동,2023,9,전세,연립다세대,1,20800.0,20800.0,,20800.0,20800.0,,,,0,0
성북구,상월곡동,2023,10,월세,연립다세대,2,16500.0,16500.0,0.0,16500.0,16500.0,36.0,36.0,0.0,1,0
성북구,상월곡동,2023,10,전세,연립다세대,3,19500.0,19000.0,1802.8,18250.0,20000.0,,,,1,0
성북구,상월곡동,2023,11,전세,연립다세대,1,12000.0,12000.0,,12000.0,12000.0,,,,1,0
성북구,상월곡동,2024,1,월세,연립다세대,1,500.0,500.0,,500.0,500.0,39.0,39.0,,1,0
성북구,상월곡동,2024,1,전세,연립다세대,2,18712.0,18712.0,4542.5,17106.0,20318.0,,,,1,0
성북구,상월곡동,2024,2,월세,연립다세대,1,500.0,500.0,,500.0,500.0,39.0,39.0,,1,0
성북구,상월곡동,2024,2,전세,연립다세대,8,20250.0,15975.0,6946.8,7950.0,21000.0,,,,6,0
성북구,상월곡동,2024,3,월세,연립다세대,6,4000.0,6833.3,7270.9,1375.0,13000.0,39.0,32.33,22.08,5,0
성북구,상월곡동,2024,3,전세,연립다세대,5,21500.0,21010.0,8133.8,20000.0,22400.0,,,,4,0
성북구,상월곡동,2024,4,월세,연립다세대,2,2750.0,2750.0,3182.0,1625.0,3875.0,55.0,55.0,21.21,2,0
성북구,상월곡동,2024,4,전세,연립다세대,3,10000.0,12766.7,6321.7,9150.0,15000.0,,,,2,0
성북구,상월곡동,2024,5,월세,연립다세대,2,3655.0,3655.0,4744.7,1977.5,5332.5,29.5,29.5,21.92,2,0
성북구,상월곡동,2024,5,전세,연립다세대,2,25500.0,25500.0,13435.0,20750.0,30250.0,,,,2,0
성북구,상월곡동,2024,6,월세,연립다세대,2,3755.0,3755.0,4603.3,2127.5,5382.5,26.5,26.5,17.68,2,0
성북구,상월곡동,2024,6,전세,연립다세대,1,23000.0,23000.0,,23000.0,23000.0,,,,1,0
성북구,상월곡동,2024,7,월세,연립다세대,5,5000.0,8700.0,9038.8,2000.0,13000.0,40.0,50.6,26.96,5,0
성북구,상월곡동,2024,8,월세,연립다세대,1,21000.0,21000.0,,21000.0,21000.0,10.0,10.0,,1,0
성북구,상월곡동,2024,8,전세,연립다세대,3,21000.0,22333.3,2309.4,21000.0,23000.0,,,,2,0
성북구,상월곡동,2024,9,월세,연립다세대,2,8750.0,8750.0,10960.2,4875.0,12625.0,70.5,70.5,41.72,2,0
성북구,상월곡동,2024,9,전세,연립다세대,1,24600.0,24600.0,,24600.0,24600.0,,,,1,0
성북구,상월곡동,2024,10,월세,연립다세대,1,12000.0,12000.0,,12000.0,12000.0,70.0,70.0,,1,0
성북구,상월곡동,2024,10,전세,연립다세대,5,22000.0,20460.0,4224.5,17000.0,24150.0,,,,5,0
성북구,상월곡동,2024,11,월세,연립다세대,1,1500.0,1500.0,,1500.0,1500.0,105.0,105.0,,1,0
성북구,상월곡동,2024,11,전세,연립다세대,3,24150.0,24150.0,0.0,24150.0,24150.0,,,,2,0
성북구,상월곡동,2024,12,월세,연립다세대,2,9000.0,9000.0,11313.7,5000.0,13000.0,34.0,34.0,19.8,1,0
성북구,상월곡동,2024,12,전세,연립다세대,2,17000.0,17000.0,7071.1,14500.0,19500.0,,,,1,0
성북구,상월곡동,2025,1,월세,연립다세대,3,12000.0,14833.3,6714.4,11000.0,17250.0,50.0,35.0,25.98,2,0
성북구,상월곡동,2025,1,전세,연립다세대,7,20500.0,19642.9,1842.0,18500.0,21000.0,,,,5,0
성북구,상월곡동,2025,2,월세,연립다세대,7,1500.0,2714.3,3773.3,500.0,2500.0,50.0,54.14,16.35,6,0
성북구,상월곡동,2025,2,전세,연립다세대,3,13000.0,15556.7,7499.3,11335.0,18500.0,,,,1,0
성북구,상월곡동,2025,3,월세,연립다세대,3,10000.0,7166.7,5795.1,5250.0,10500.0,50.0,48.67,12.06,3,0
성북구,상월곡동,2025,3,전세,연립다세대,3,22000.0,22452.3,2707.0,21000.0,23678.5,,,,3,0
성북구,상월곡동,2025,4,월세,연립다세대,2,2985.0,2985.0,3514.3,1742.5,4227.5,24.0,24.0,21.21,2,0
성북구,상월곡동,2025,4,전세,연립다세대,5,23000.0,22218.0,8768.7,14000.0,30000.0,,,,3,0
성북구,상월곡동,2025,5,월세,연립다세대,1,8000.0,8000.0,,8000.0,8000.0,10.0,10.0,,1,0
성북구,상월곡동,2025,5,전세,연립다세대,3,22000.0,18666.7,5773.5,17000.0,22000.0,,,,3,0
성북구,상월곡동,2025,6,월세,연립다세대,3,4000.0,3333.3,2081.7,2500.0,4500.0,72.0,67.0,15.13,3,0
성북구,상월곡동,2025,6,전세,연립다세대,2,24010.0,24010.0,0.0,24010.0,24010.0,,,,0,0
성북구,상월곡동,2025,7,월세,연립다세대,3,3000.0,3166.7,2753.8,1750.0,4500.0,70.0,60.33,21.22,3,0
성북구,상월곡동,2025,7,전세,연립다세대,5,21000.0,22002.0,7621.0,19950.0,26400.0,,,,3,0
성북구,상월곡동,2025,8,월세,연립다세대,2,5250.0,5250.0,6717.5,2875.0,7625.0,68.0,68.0,45.25,2,0
성북구,상월곡동,2025,9,월세,연립다세대,1,18816.0,18816.0,,18816.0,18816.0,22.0,22.0,,1,0
성북구,상월곡동,2025,9,전세,연립다세대,1,23000.0,23000.0,,23000.0,23000.0,,,,0,0
성북구,상월곡동,2025,10,월세,연립다세대,3,21376.0,14417.3,12052.8,10938.0,21376.0,24.0,28.0,6.93,3,0
성북구,상월곡동,2025,12,월세,연립다세대,1,1500.0,1500.0,,1500.0,1500.0,105.0,105.0,,1,0
성북구,상월곡동,2025,12,전세,연립다세대,3,12100.0,13033.3,5559.1,10050.0,15550.0,,,,3,0
성북구,상월곡동,2026,1,월세,연립다세대,2,1000.0,1000.0,0.0,1000.0,1000.0,47.5,47.5,3.54,2,1
성북구,상월곡동,2026,2,월세,연립다세대,5,1000.0,1520.0,1388.2,500.0,3000.0,45.0,50.0,34.46,5,1
성북구,상월곡동,2026,2,전세,연립다세대,3,21924.0,21374.7,4127.5,19462.0,23562.0,,,,0,1
성북구,상월곡동,2026,3,전세,연립다세대,3,22000.0,22333.3,577.4,22000.0,22500.0,,,,1,1
성북구,상월곡동,2026,4,전세,연립다세대,3,20500.0,21166.7,2565.8,19750.0,22250.0,,,,1,1
성북구,상월곡동,2026,5,월세,연립다세대,1,2000.0,2000.0,,2000.0,2000.0,65.0,65.0,,1,1
성북구,상월곡동,2026,6,월세,연립다세대,5,18000.0,15100.0,9857.7,10000.0,23500.0,20.0,26.0,13.44,5,1
성북구,상월곡동,2026,6,전세,연립다세대,1,25000.0,25000.0,,25000.0,25000.0,,,,1,1
성북구,상월곡동,2026,7,월세,연립다세대,1,3270.0,3270.0,,3270.0,3270.0,37.0,37.0,,0,1
성북구,상월곡동,2026,7,전세,연립다세대,1,21000.0,21000.0,,21000.0,21000.0,,,,1,1
성북구,상월곡동,2026,8,월세,연립다세대,1,19098.0,19098.0,,19098.0,19098.0,22.0,22.0,,1,1
성북구,상월곡동,2026,8,전세,연립다세대,3,24000.0,22833.3,2466.4,22000.0,24250.0,,,,3,1
성북구,상월곡동,2026,9,전세,연립다세대,1,23000.0,23000.0,,23000.0,23000.0,,,,0,1
성북구,석관동,2021,1,월세,연립다세대,8,3000.0,2662.5,1329.8,2000.0,3000.0,55.0,50.0,18.52,1,0
성북구,석관동,2021,1,월세,오피스텔,1,5000.0,5000.0,,5000.0,5000.0,5.0,5.0,,0,0
성북구,석관동,2021,1,전세,연립다세대,27,23000.0,23055.6,5505.8,20000.0,27000.0,,,,0,0
성북구,석관동,2021,1,전세,오피스텔,2,30250.0,30250.0,33587.6,18375.0,42125.0,,,,0,0
성북구,석관동,2021,2,월세,연립다세대,8,2250.0,3687.5,3545.0,875.0,6250.0,40.0,46.0,20.76,1,0
성북구,석관동,2021,2,월세,오피스텔,7,11000.0,10571.4,534.5,10000.0,11000.0,10.0,10.0,0.0,0,0
성북구,석관동,2021,2,전세,연립다세대,18,23500.0,21470.8,8123.5,19287.5,25750.0,,,,1,0
성북구,석관동,2021,3,월세,연립다세대,9,1521.0,4735.7,6869.2,1000.0,5000.0,40.0,41.11,23.02,0,0
성북구,석관동,2021,3,월세,오피스텔,9,10000.0,9888.9,333.3,10000.0,10000.0,15.0,26.56,35.12,0,0
성북구,석관동,2021,3,전세,연립다세대,32,21000.0,20493.8,7558.6,17750.0,25000.0,,,,1,0
성북구,석관동,2021,4,월세,연립다세대,4,3500.0,4125.0,2657.5,2000.0,5625.0,55.0,51.25,15.48,0,0
성북구,석관동,2021,4,월세,오피스텔,7,10000.0,8585.7,3371.7,9000.0,10000.0,15.0,14.0,4.86,0,0
성북구,석관동,2021,4,전세,연립다세대,31,22050.0,20898.4,6260.4,19000.0,23100.0,,,,1,0
성북구,석관동,2021,4,전세,오피스텔,1,7000.0,7000.0,,7000.0,7000.0,,,,0,0
성북구,석관동,2021,5,월세,연립다세대,6,5000.0,3933.3,2913.2,1625.0,5750.0,41.0,38.5,18.77,0,0
성북구,석관동,2021,5,월세,오피스텔,6,9000.0,8166.7,2041.2,9000.0,9000.0,20.0,31.67,28.58,1,0
성북구,석관동,2021,5,전세,연립다세대,35,20000.0,19530.4,6215.3,18000.0,23800.0,,,,0,0
성북구,석관동,2021,5,전세,오피스텔,1,7000.0,7000.0,,7000.0,7000.0,,,,0,0
성북구,석관동,2021,6,월세,연립다세대,9,3000.0,3937.4,4256.9,1000.0,5000.0,40.0,36.78,22.94,4,0
성북구,석관동,2021,6,월세,오피스텔,3,9000.0,6166.7,4907.5,4750.0,9000.0,20.0,26.67,11.55,1,0
성북구,석관동,2021,6,전세,연립다세대,41,23500.0,22540.2,7752.1,19425.0,27300.0,,,,24,0
성북구,석관동,2021,7,월세,연립다세대,3,13000.0,9666.7,5773.5,8000.0,13000.0,25.0,32.33,15.37,1,0
성북구,석관동,2021,7,전세,연립다세대,51,21700.0,24135.3,7991.8,19250.0,29200.0,,,,22,0
성북구,석관동,2021,7,전세,오피스텔,1,6000.0,6000.0,,6000.0,6000.0,,,,0,0
성북구,석관동,2021,8,월세,연립다세대,8,2150.0,4416.0,5762.5,875.0,5457.0,41.5,40.5,25.25,4,0
성북구,석관동,2021,8,월세,오피스텔,1,7000.0,7000.0,,7000.0,7000.0,25.0,25.0,,0,0
성북구,석관동,2021,8,전세,연립다세대,28,22750.0,25004.8,9362.9,20816.25,29725.0,,,,11,0
성북구,석관동,2021,9,월세,연립다세대,4,7000.0,12000.0,14142.1,2000.0,17000.0,45.0,41.0,22.89,1,0
성북구,석관동,2021,9,월세,오피스텔,3,9200.0,9400.0,529.2,9100.0,9600.0,17.0,17.33,2.52,0,0
성북구,석관동,2021,9,전세,연립다세대,30,22250.0,21346.8,8806.4,18531.25,26000.0,,,,15,0
성북구,석관동,2021,10,월세,연립다세대,7,6000.0,12488.6,14349.5,2560.0,21500.0,40.0,35.43,10.58,3,0
성북구,석관동,2021,10,월세,오피스텔,1,3000.0,3000.0,,3000.0,3000.0,30.0,30.0,,0,0
성북구,석관동,2021,10,전세,연립다세대,23,19500.0,17984.8,7618.5,12650.0,21650.0,,,,12,0
성북구,석관동,2021,11,월세,연립다세대,6,7000.0,6133.3,4952.4,1625.0,10500.0,29.0,32.0,22.16,2,0
성북구,석관동,2021,11,월세,오피스텔,1,2000.0,2000.0,,2000.0,2000.0,90.0,90.0,,1,0
성북구,석관동,2021,11,전세,연립다세대,24,22000.0,20777.1,5663.3,20000.0,23125.0,,,,16,0
성북구,석관동,2021,11,전세,오피스텔,1,7000.0,7000.0,,7000.0,7000.0,,,,1,0
성북구,석관동,2021,12,월세,연립다세대,12,1408.0,3609.7,4837.1,875.0,3500.0,45.0,41.42,17.85,9,0
성북구,석관동,2021,12,월세,오피스텔,2,6000.0,6000.0,7778.2,3250.0,8750.0,20.5,20.5,27.58,1,0
성북구,석관동,2021,12,전세,연립다세대,29,21500.0,21929.1,4915.5,20500.0,26400.0,,,,19,0
성북구,석관동,2021,12,전세,오피스텔,2,31500.0,31500.0,0.0,31500.0,31500.0,,,,2,0
성북구,석관동,2022,1,월세,연립다세대,9,2581.0,2965.4,2729.3,1000.0,3027.0,39.0,41.0,17.99,8,0
성북구,석관동,2022,1,월세,오피스텔,7,1000.0,2142.9,2014.8,750.0,3500.0,40.0,35.43,9.68,5,0
성북구,석관동,2022,1,전세,연립다세대,18,16582.5,17892.5,9358.5,10500.0,22375.0,,,,10,0
성북구,석관동,2022,1,전세,오피스텔,1,27500.0,27500.0,,27500.0,27500.0,,,,0,0
성북구,석관동,2022,2,월세,연립다세대,8,2000.0,4875.0,7214.8,875.0,5250.0,44.5,45.25,17.44,7,0
성북구,석관동,2022,2,월세,오피스텔,4,8000.0,7250.0,5619.9,3250.0,12000.0,18.5,28.0,25.94,1,0
성북구,석관동,2022,2,전세,연립다세대,27,23000.0,21656.9,7960.4,20850.0,25000.0,,,,13,0
성북구,석관동,2022,3,월세,연립다세대,13,3657.0,4094.5,2763.8,3000.0,6000.0,38.0,36.69,22.78,4,0
성북구,석관동,2022,3,월세,오피스텔,2,8500.0,8500.0,4949.7,6750.0,10250.0,30.0,30.0,28.28,1,0
성북구,석관동,2022,3,전세,연립다세대,20,24575.0,24318.2,8396.5,22250.0,29500.0,,,,8,0
성북구,석관동,2022,4,월세,연립다세대,13,5500.0,7615.4,8657.6,500.0,12000.0,30.0,32.92,25.48,9,0
성북구,석관동,2022,4,월세,오피스텔,2,9500.0,9500.0,707.1,9250.0,9750.0,20.0,20.0,0.0,1,0
성북구,석관동,2022,4,전세,연립다세대,34,25000.0,24547.2,8600.5,20000.0,30000.0,,,,18,0
성북구,석관동,2022,5,월세,연립다세대,8,750.0,1562.5,1699.5,500.0,2250.0,45.0,47.12,6.66,4,0
성북구,석관동,2022,5,월세,오피스텔,1,13000.0,13000.0,,13000.0,13000.0,7.0,7.0,,0,0
성북구,석관동,2022,5,전세,연립다세대,32,23000.0,22748.4,5276.0,19750.0,27075.0,,,,15,0
성북구,석관동,2022,5,전세,오피스텔,1,6300.0,6300.0,,6300.0,6300.0,,,,0,0
성북구,석관동,2022,6,월세,연립다세대,3,2500.0,6021.3,7894.8,1500.0,8782.0,39.0,49.0,20.88,1,0
성북구,석관동,2022,6,월세,오피스텔,2,5250.0,5250.0,6717.5,2875.0,7625.0,31.0,31.0,12.73,1,0
성북구,석관동,2022,6,전세,연립다세대,29,22400.0,22462.6,7493.2,20000.0,24500.0,,,,12,0
성북구,석관동,2022,6,전세,오피스텔,1,10500.0,10500.0,,10500.0,10500.0,,,,0,0
성북구,석관동,2022,7,월세,연립다세대,11,1000.0,5068.9,7928.5,500.0,5765.0,40.0,37.73,12.14,8,0
성북구,석관동,2022,7,전세,연립다세대,15,21000.0,19748.0,9284.9,15000.0,26000.0,,,,5,0
성북구,석관동,2022,7,전세,오피스텔,3,22000.0,17833.3,8098.4,15250.0,22500.0,,,,1,0
성북구,석관동,2022,8,월세,연립다세대,10,2750.0,6963.4,8802.3,1375.0,9908.5,44.5,38.4,15.74,6,0
성북구,석관동,2022,8,월세,오피스텔,1,2000.0,2000.0,,2000.0,2000.0,35.0,35.0,,1,0
성북구,석관동,2022,8,전세,연립다세대,39,21000.0,19564.1,7008.9,16000.0,23625.0,,,,15,0
성북구,석관동,2022,8,전세,오피스텔,1,6000.0,6000.0,,6000.0,6000.0,,,,1,0
성북구,석관동,2022,9,월세,연립다세대,4,1500.0,1500.0,577.4,1000.0,2000.0,48.0,50.25,15.92,3,0
성북구,석관동,2022,9,전세,연립다세대,28,18000.0,17963.2,7394.2,13000.0,23000.0,,,,14,0
성북구,석관동,2022,9,전세,오피스텔,1,8700.0,8700.0,,8700.0,8700.0,,,,1,0
성북구,석관동,2022,10,월세,연립다세대,6,400.0,666.7,733.9,150.0,875.0,38.0,33.5,13.02,3,0
성북구,석관동,2022,10,월세,오피스텔,2,3500.0,3500.0,2121.3,2750.0,4250.0,105.0,105.0,7.07,2,0
성북구,석관동,2022,10,전세,연립다세대,25,22000.0,19954.0,5945.7,15000.0,24200.0,,,,14,0
성북구,석관동,2022,10,전세,오피스텔,1,7350.0,7350.0,,7350.0,7350.0,,,,0,0
성북구,석관동,2022,11,월세,연립다세대,7,3000.0,4410.6,5163.4,500.0,7287.0,21.0,25.71,10.98,2,0
성북구,석관동,2022,11,월세,오피스텔,3,2000.0,3166.7,3403.4,1250.0,4500.0,45.0,65.0,48.22,2,0
성북구,석관동,2022,11,전세,연립다세대,10,19000.0,18500.0,5190.8,15250.0,22000.0,,,,6,0
성북구,석관동,2022,12,월세,연립다세대,9,3000.0,6766.7,8731.6,2000.0,10000.0,70.0,71.11,41.89,8,0
성북구,석관동,2022,12,월세,오피스텔,1,5000.0,5000.0,,5000.0,5000.0,20.0,20.0,,0,0
성북구,석관동,2022,12,전세,연립다세대,21,21150.0,20869.0,5864.1,21000.0,25000.0,,,,8,0
성북구,석관동,2023,1,월세,연립다세대,23,2000.0,3413.0,4063.8,1000.0,3000.0,72.0,72.65,32.75,22,0
성북구,석관동,2023,1,월세,오피스텔,4,3250.0,4625.0,4607.5,1375.0,6500.0,55.0,63.75,44.79,4,0
성북구,석관동,2023,1,전세,연립다세대,20,22450.0,22290.5,2734.2,20000.0,23875.0,,,,11,0
성북구,석관동,2023,1,전세,오피스텔,2,7750.0,7750.0,353.6,7625.0,7875.0,,,,0,0
성북구,석관동,2023,2,월세,연립다세대,23,3000.0,4521.7,4713.3,1000.0,5000.0,50.0,60.78,27.78,21,0
성북구,석관동,2023,2,월세,오피스텔,3,1000.0,4000.0,5196.2,1000.0,5500.0,45.0,37.33,17.79,2,0
성북구,석관동,2023,2,전세,연립다세대,27,20000.0,20579.6,3370.8,19025.0,22500.0,,,,17,0
성북구,석관동,2023,2,전세,오피스텔,2,8250.0,8250.0,1060.7,7875.0,8625.0,,,,1,0
성북구,석관동,2023,3,월세,연립다세대,14,3000.0,6176.7,7252.4,1265.75,7019.0,52.5,54.0,33.65,8,0
성북구,석관동,2023,3,월세,오피스텔,8,5250.0,6187.5,3463.5,4500.0,10000.0,34.5,40.88,26.56,4,0
성북구,석관동,2023,3,전세,연립다세대,26,20000.0,20248.1,3636.4,18925.0,23000.0,,,,16,0
성북구,석관동,2023,4,월세,연립다세대,12,4000.0,7025.0,7210.4,2000.0,9750.0,50.0,50.83,27.04,8,0
성북구,석관동,2023,4,월세,오피스텔,6,4500.0,5500.0,3271.1,3250.0,8000.0,75.0,62.33,32.73,3,0
성북구,석관동,2023,4,전세,연립다세대,18,20500.0,19808.3,6751.4,18487.5,24000.0,,,,10,0
성북구,석관동,2023,5,월세,연립다세대,13,5000.0,9869.2,8767.2,2000.0,20000.0,30.0,47.62,35.03,10,0
성북구,석관동,2023,5,월세,오피스텔,5,9000.0,6700.0,4764.5,3000.0,9000.0,25.0,44.4,33.68,3,0
성북구,석관동,2023,5,전세,연립다세대,19,19000.0,18726.3,6258.8,16000.0,23500.0,,,,10,0
성북구,석관동,2023,6,월세,연립다세대,11,4883.0,8523.1,8870.3,1500.0,17750.0,34.0,32.09,20.7,8,0
성북구,석관동,2023,6,월세,오피스텔,2,4500.0,4500.0,707.1,4250.0,4750.0,47.5,47.5,3.54,1,0
성북구,석관동,2023,6,전세,연립다세대,26,18950.0,17752.9,7035.4,14125.0,20875.0,,,,14,0
성북구,석관동,2023,6,전세,오피스텔,1,7000.0,7000.0,,7000.0,7000.0,,,,1,0
성북구,석관동,2023,7,월세,연립다세대,6,500.0,933.3,1052.0,500.0,875.0,50.0,47.5,6.12,6,0
성북구,석관동,2023,7,월세,오피스텔,1,3000.0,3000.0,,3000.0,3000.0,60.0,60.0,,1,0
성북구,석관동,2023,7,전세,연립다세대,40,20000.0,19993.8,4915.4,18375.0,21250.0,,,,20,0
성북구,석관동,2023,7,전세,오피스텔,2,7250.0,7250.0,1767.8,6625.0,7875.0,,,,1,0
성북구,석관동,2023,8,월세,연립다세대,9,3000.0,7566.7,8156.4,500.0,13000.0,50.0,41.33,27.74,7,0
성북구,석관동,2023,8,전세,연립다세대,27,20000.0,20836.3,4986.2,19000.0,24000.0,,,,17,0
성북구,석관동,2023,9,월세,연립다세대,6,20000.0,15319.8,10595.6,6689.25,23500.0,15.0,19.67,15.96,4,0
성북구,석관동,2023,9,전세,연립다세대,25,20500.0,21896.0,6012.9,18500.0,25700.0,,,,14,0
성북구,석관동,2023,9,전세,오피스텔,2,28000.0,28000.0,0.0,28000.0,28000.0,,,,2,0
성북구,석관동,2023,10,월세,연립다세대,18,8850.0,9128.1,7379.1,2734.5,16550.0,26.0,27.33,18.28,15,0
성북구,석관동,2023,10,전세,연립다세대,39,19000.0,19769.7,4971.3,17500.0,20973.5,,,,27,0
성북구,석관동,2023,10,전세,오피스텔,2,17000.0,17000.0,15556.3,11500.0,22500.0,,,,2,0
성북구,석관동,2023,11,월세,연립다세대,4,4000.0,5625.0,6046.7,1625.0,8000.0,60.0,58.25,15.24,4,0
성북구,석관동,2023,11,전세,연립다세대,27,18000.0,17688.9,6484.4,13500.0,19750.0,,,,18,0
성북구,석관동,2023,11,전세,오피스텔,1,28000.0,28000.0,,28000.0,28000.0,,,,1,0
성북구,석관동,2023,12,월세,연립다세대,24,5760.0,9611.0,7572.8,4500.0,18218.5,27.5,38.25,25.35,17,0
성북구,석관동,2023,12,월세,오피스텔,1,5000.0,5000.0,,5000.0,5000.0,34.0,34.0,,0,0
성북구,석관동,2023,12,전세,연립다세대,27,18000.0,18555.6,4372.6,16000.0,21000.0,,,,18,0
성북구,석관동,2024,1,월세,연립다세대,15,1500.0,6366.7,8886.0,750.0,9450.0,45.0,45.93,28.15,13,0
성북구,석관동,2024,1,월세,오피스텔,1,1000.0,1000.0,,1000.0,1000.0,50.0,50.0,,1,0
성북구,석관동,2024,1,전세,연립다세대,41,20000.0,20037.6,5186.5,16000.0,23800.0,,,,29,0
성북구,석관동,2024,2,월세,연립다세대,25,3220.0,5112.4,4944.3,1000.0,5819.0,41.0,46.0,33.11,18,0
성북구,석관동,2024,2,월세,오피스텔,3,3000.0,2666.7,1527.5,2000.0,3500.0,70.0,70.0,15.0,3,0
성북구,석관동,2024,2,전세,연립다세대,24,20500.0,20704.2,7018.3,16000.0,27250.0,,,,19,0
성북구,석관동,2024,2,전세,오피스텔,1,8750.0,8750.0,,8750.0,8750.0,,,,1,0
성북구,석관동,2024,3,월세,연립다세대,17,2500.0,5306.8,5435.7,1500.0,11000.0,42.0,51.41,29.95,14,0
성북구,석관동,2024,3,월세,오피스텔,1,1000.0,1000.0,,1000.0,1000.0,50.0,50.0,,1,0
성북구,석관동,2024,3,전세,연립다세대,30,18500.0,19580.5,6488.3,15200.0,25000.0,,,,22,0
성북구,석관동,2024,4,월세,연립다세대,13,2000.0,5607.7,8258.0,500.0,5000.0,45.0,45.92,29.88,12,0
성북구,석관동,2024,4,월세,오피스텔,2,5500.0,5500.0,6364.0,3250.0,7750.0,45.5,45.5,34.65,1,0
성북구,석관동,2024,4,전세,연립다세대,12,20000.0,19139.2,5024.2,16000.0,21250.0,,,,11,0
성북구,석관동,2024,4,전세,오피스텔,1,8000.0,8000.0,,8000.0,8000.0,,,,1,0
성북구,석관동,2024,5,월세,연립다세대,18,3500.0,5677.8,6869.9,1000.0,7250.0,40.0,41.33,24.05,17,0
성북구,석관동,2024,5,월세,오피스텔,5,2000.0,3700.0,5032.4,500.0,3000.0,70.0,69.6,41.57,5,0
성북구,석관동,2024,5,전세,연립다세대,30,19312.5,18200.8,6119.9,17025.0,21000.0,,,,25,0
성북구,석관동,2024,5,전세,오피스텔,1,8500.0,8500.0,,8500.0,8500.0,,,,1,0
성북구,석관동,2024,6,월세,연립다세대,14,5000.0,7100.0,6816.0,2000.0,9700.0,44.0,40.07,27.68,14,0
성북구,석관동,2024,6,월세,오피스텔,3,3000.0,7833.3,10610.5,1750.0,11500.0,70.0,90.0,52.92,3,0
성북구,석관동,2024,6,전세,연립다세대,31,18000.0,20061.3,6685.5,15500.0,25500.0,,,,23,0
성북구,석관동,2024,6,전세,오피스텔,2,15350.0,15350.0,10111.6,11775.0,18925.0,,,,1,0
성북구,석관동,2024,7,월세,연립다세대,12,2345.5,3056.8,3353.2,1786.0,2557.5,43.5,52.08,28.56,11,0
성북구,석관동,2024,7,월세,오피스텔,2,12750.0,12750.0,17324.1,6625.0,18875.0,37.5,37.5,17.68,2,0
성북구,석관동,2024,7,전세,연립다세대,27,18600.0,20187.0,5986.9,15500.0,25000.0,,,,23,0
성북구,석관동,2024,7,전세,오피스텔,3,8000.0,11333.3,7571.9,7000.0,14000.0,,,,3,0
성북구,석관동,2024,8,월세,연립다세대,22,6047.5,9469.9,8905.3,3000.0,16800.0,22.5,37.91,29.26,15,0
성북구,석관동,2024,8,월세,오피스텔,2,2500.0,2500.0,707.1,2250.0,2750.0,107.5,107.5,60.1,2,0
성북구,석관동,2024,8,전세,연립다세대,24,20000.0,19900.0,5876.2,17650.0,23000.0,,,,14,0
성북구,석관동,2024,8,전세,오피스텔,1,7000.0,7000.0,,7000.0,7000.0,,,,1,0
성북구,석관동,2024,9,월세,연립다세대,11,3000.0,3209.1,3417.7,750.0,4000.0,53.0,54.73,22.33,10,0
성북구,석관동,2024,9,월세,오피스텔,5,3000.0,7200.0,11228.3,500.0,5000.0,70.0,88.0,54.84,5,0
성북구,석관동,2024,9,전세,연립다세대,23,20000.0,21042.2,4936.0,18500.0,22000.0,,,,19,0
성북구,석관동,2024,9,전세,오피스텔,2,14900.0,14900.0,10040.9,11350.0,18450.0,,,,2,0
성북구,석관동,2024,10,월세,연립다세대,12,12000.0,11573.3,9788.0,2500.0,18160.0,45.0,43.33,27.16,12,0
성북구,석관동,2024,10,월세,오피스텔,2,6450.0,6450.0,3464.8,5225.0,7675.0,27.0,27.0,29.7,1,0
성북구,석관동,2024,10,전세,연립다세대,30,21000.0,19666.7,5383.1,17075.0,23650.0,,,,23,0
성북구,석관동,2024,10,전세,오피스텔,2,18850.0,18850.0,13930.0,13925.0,23775.0,,,,1,0
성북구,석관동,2024,11,월세,연립다세대,20,5000.0,7305.0,7960.3,1750.0,10200.0,40.0,43.7,26.56,17,0
성북구,석관동,2024,11,전세,연립다세대,20,19500.0,19623.0,6083.1,17875.0,22000.0,,,,16,0
성북구,석관동,2024,11,전세,오피스텔,4,24450.0,21412.5,8762.8,18712.5,27150.0,,,,4,0
성북구,석관동,2024,12,월세,연립다세대,14,5500.0,8314.6,7607.9,1500.0,16250.0,32.0,38.86,30.42,12,0
성북구,석관동,2024,12,월세,오피스텔,5,3000.0,2600.0,1673.3,1000.0,3000.0,70.0,72.0,22.8,5,0
성북구,석관동,2024,12,전세,연립다세대,19,21000.0,20707.9,7333.9,14000.0,25000.0,,,,15,0
성북구,석관동,2024,12,전세,오피스텔,3,28800.0,28700.0,173.2,28650.0,28800.0,,,,3,0
성북구,석관동,2025,1,월세,연립다세대,15,3000.0,7696.8,7933.3,1000.0,15500.0,45.0,55.6,32.13,13,0
성북구,석관동,2025,1,월세,오피스텔,4,4000.0,4500.0,3415.7,2500.0,6000.0,90.0,88.0,47.07,3,0
성북구,석관동,2025,1,전세,연립다세대,21,22000.0,20328.6,6705.8,18000.0,22000.0,,,,15,0
성북구,석관동,2025,1,전세,오피스텔,4,30000.0,29625.0,750.0,29625.0,30000.0,,,,3,0
성북구,석관동,2025,2,월세,연립다세대,20,7000.0,9790.0,8365.4,2500.0,16850.0,20.0,30.5,26.93,17,0
성북구,석관동,2025,2,월세,오피스텔,3,5000.0,5666.7,5033.2,3000.0,8000.0,52.0,70.67,62.14,2,0
성북구,석관동,2025,2,전세,연립다세대,17,21000.0,20301.2,4087.4,19000.0,24000.0,,,,13,0
성북구,석관동,2025,2,전세,오피스텔,6,14945.0,15815.0,9642.1,7472.5,21750.0,,,,5,0
성북구,석관동,2025,3,월세,연립다세대,17,5500.0,6916.7,7531.9,2000.0,8000.0,50.0,53.47,34.51,15,0
성북구,석관동,2025,3,월세,오피스텔,5,9000.0,7000.0,3674.2,3000.0,10000.0,25.0,50.4,38.51,2,0
성북구,석관동,2025,3,전세,연립다세대,12,22000.0,22066.7,5110.5,19000.0,26250.0,,,,7,0
성북구,석관동,2025,3,전세,오피스텔,2,25500.0,25500.0,6364.0,23250.0,27750.0,,,,1,0
성북구,석관동,2025,4,월세,연립다세대,5,20400.0,15080.0,8217.8,10000.0,21000.0,16.0,25.0,18.38,2,0
성북구,석관동,2025,4,월세,오피스텔,4,9000.0,7750.0,3201.6,7500.0,9250.0,23.5,32.75,19.55,1,0
성북구,석관동,2025,4,전세,연립다세대,21,20000.0,20407.4,5300.6,18600.0,22000.0,,,,12,0
성북구,석관동,2025,4,전세,오피스텔,1,19950.0,19950.0,,19950.0,19950.0,,,,0,0
성북구,석관동,2025,5,월세,연립다세대,11,2000.0,4745.5,6370.3,500.0,5500.0,60.0,56.27,24.19,10,0
성북구,석관동,2025,5,월세,오피스텔,4,6500.0,6000.0,4242.6,3250.0,9250.0,51.0,56.0,36.47,1,0
성북구,석관동,2025,5,전세,연립다세대,18,22200.0,22716.7,5575.4,18250.0,27975.0,,,,11,0
성북구,석관동,2025,6,월세,연립다세대,16,3000.0,3986.6,4431.2,1750.0,4251.0,55.0,61.31,33.54,12,0
성북구,석관동,2025,6,월세,오피스텔,3,1000.0,1000.0,0.0,1000.0,1000.0,75.0,74.0,1.73,3,0
성북구,석관동,2025,6,전세,연립다세대,28,20950.0,20459.6,6102.2,17275.0,24000.0,,,,20,0
성북구,석관동,2025,6,전세,오피스텔,1,7000.0,7000.0,,7000.0,7000.0,,,,1,0
성북구,석관동,2025,7,월세,연립다세대,10,3750.0,8312.3,9043.7,1000.0,14500.0,60.0,57.4,27.22,8,0
성북구,석관동,2025,7,월세,오피스텔,5,3000.0,3200.0,1095.4,3000.0,3000.0,85.0,84.8,27.9,5,0
성북구,석관동,2025,7,전세,연립다세대,22,19390.0,20232.5,6479.5,17625.0,25150.0,,,,13,0
성북구,석관동,2025,7,전세,오피스텔,1,7500.0,7500.0,,7500.0,7500.0,,,,1,0
성북구,석관동,2025,8,월세,연립다세대,5,1000.0,4600.0,8073.1,500.0,2000.0,50.0,59.0,40.53,3,0
성북구,석관동,2025,8,월세,오피스텔,7,1000.0,928.6,534.5,500.0,1000.0,67.0,64.29,8.28,7,0
성북구,석관동,2025,8,전세,연립다세대,33,21000.0,22812.1,5308.5,20000.0,26000.0,,,,17,0
성북구,석관동,2025,8,전세,오피스텔,2,19462.5,19462.5,14902.3,14193.75,24731.25,,,,2,0
성북구,석관동,2025,9,월세,연립다세대,9,15200.0,13822.2,5943.4,13000.0,19000.0,10.0,25.67,30.87,6,0
성북구,석관동,2025,9,월세,오피스텔,2,4000.0,4000.0,1414.2,3500.0,4500.0,125.0,125.0,7.07,2,0
성북구,석관동,2025,9,전세,연립다세대,42,20250.0,20941.2,4479.8,18675.0,21937.5,,,,24,0
성북구,석관동,2025,9,전세,오피스텔,3,29400.0,21933.3,12932.6,18200.0,29400.0,,,,1,0
성북구,석관동,2025,10,월세,연립다세대,11,5000.0,8263.7,8352.6,1874.5,16300.0,35.0,40.0,21.63,7,0
성북구,석관동,2025,10,월세,오피스텔,4,1000.0,1125.0,629.2,875.0,1250.0,70.0,77.5,15.0,4,0
성북구,석관동,2025,10,전세,연립다세대,21,18900.0,19086.7,2673.8,18000.0,20500.0,,,,8,0
성북구,석관동,2025,11,월세,연립다세대,18,4000.0,8166.7,9270.1,1300.0,13000.0,45.0,52.22,39.13,16,0
성북구,석관동,2025,11,월세,오피스텔,6,1000.0,1416.7,917.4,1000.0,1750.0,68.5,75.33,31.68,5,0
성북구,석관동,2025,11,전세,연립다세대,25,19000.0,20230.4,4611.7,18000.0,22000.0,,,,12,0
성북구,석관동,2025,11,전세,오피스텔,3,9500.0,16166.7,11982.6,9250.0,19750.0,,,,2,0
성북구,석관동,2025,12,월세,연립다세대,9,3000.0,8638.2,10547.1,1000.0,13000.0,40.0,41.89,32.62,7,0
성북구,석관동,2025,12,월세,오피스텔,9,3000.0,5600.0,8410.0,1000.0,5000.0,74.0,76.78,48.35,8,0
성북구,석관동,2025,12,전세,연립다세대,22,19050.0,20016.4,5742.5,16000.0,21270.0,,,,17,0
성북구,석관동,2025,12,전세,오피스텔,1,29000.0,29000.0,,29000.0,29000.0,,,,1,0
성북구,석관동,2026,1,월세,연립다세대,26,3000.0,8270.0,9877.2,1000.0,15000.0,43.5,43.73,30.54,19,1
성북구,석관동,2026,1,월세,오피스텔,17,2000.0,2082.4,1261.1,1000.0,3000.0,120.0,97.65,33.51,16,1
성북구,석관동,2026,1,전세,연립다세대,25,21000.0,20118.8,5101.1,17500.0,23550.0,,,,14,1
성북구,석관동,2026,1,전세,오피스텔,4,14645.0,15097.5,7843.8,8867.5,20875.0,,,,4,1
성북구,석관동,2026,2,월세,연립다세대,18,1000.0,2726.2,3980.1,500.0,2500.0,50.0,50.61,23.45,13,1
성북구,석관동,2026,2,월세,오피스텔,4,2500.0,2750.0,2061.6,1000.0,4250.0,65.0,71.25,35.68,3,1
성북구,석관동,2026,2,전세,연립다세대,18,19200.0,20983.3,6000.1,17625.0,25750.0,,,,15,1
성북구,석관동,2026,2,전세,오피스텔,1,30000.0,30000.0,,30000.0,30000.0,,,,1,1
성북구,석관동,2026,3,월세,연립다세대,22,5000.0,6776.0,5996.4,1000.0,12000.0,42.5,45.36,28.47,18,1
성북구,석관동,2026,3,월세,오피스텔,4,1500.0,1500.0,577.4,1000.0,2000.0,92.5,91.25,21.75,4,1
성북구,석관동,2026,3,전세,연립다세대,18,19050.0,18417.8,5848.8,15000.0,22000.0,,,,15,1
성북구,석관동,2026,3,전세,오피스텔,3,9500.0,15833.3,12291.6,8750.0,19750.0,,,,2,1
성북구,석관동,2026,4,월세,연립다세대,10,16875.0,12207.1,9368.0,2325.75,19488.5,25.5,30.1,20.8,7,1
성북구,석관동,2026,4,월세,오피스텔,8,500.0,937.5,863.4,500.0,1000.0,72.0,80.38,20.17,3,1
성북구,석관동,2026,4,전세,연립다세대,17,16200.0,16332.4,6623.7,9450.0,18900.0,,,,14,1
성북구,석관동,2026,5,월세,연립다세대,13,7000.0,8095.4,7302.8,1000.0,11900.0,50.0,55.69,32.41,11,1
성북구,석관동,2026,5,월세,오피스텔,6,1000.0,2900.0,3133.7,1000.0,4000.0,72.5,63.33,27.87,6,1
성북구,석관동,2026,5,전세,연립다세대,23,20250.0,21388.9,5996.9,17000.0,26700.0,,,,16,1
성북구,석관동,2026,5,전세,오피스텔,1,22000.0,22000.0,,22000.0,22000.0,,,,1,1
성북구,석관동,2026,6,월세,연립다세대,14,5500.0,8268.9,8579.4,1627.5,11190.0,19.0,41.5,37.37,10,1
성북구,석관동,2026,6,월세,오피스텔,4,1000.0,1250.0,500.0,1000.0,1250.0,75.0,79.75,13.79,3,1
성북구,석관동,2026,6,전세,연립다세대,17,19620.0,18647.1,6189.8,17000.0,20790.0,,,,8,1
성북구,석관동,2026,6,전세,오피스텔,1,8500.0,8500.0,,8500.0,8500.0,,,,0,1
성북구,석관동,2026,7,월세,연립다세대,11,5000.0,9000.0,7615.8,3500.0,17000.0,50.0,45.45,29.2,8,1
성북구,석관동,2026,7,월세,오피스텔,4,3000.0,2750.0,500.0,2750.0,3000.0,130.0,115.0,30.0,4,1
성북구,석관동,2026,7,전세,연립다세대,12,20390.0,21713.3,4788.2,19372.5,24875.0,,,,4,1
성북구,석관동,2026,7,전세,오피스텔,2,7650.0,7650.0,1626.3,7075.0,8225.0,,,,1,1
성북구,석관동,2026,8,월세,연립다세대,16,8500.0,8814.8,8357.9,875.0,14737.5,32.5,39.62,32.68,12,1
성북구,석관동,2026,8,월세,오피스텔,5,3000.0,2800.0,1483.2,2000.0,3000.0,120.0,99.0,40.06,5,1
성북구,석관동,2026,8,전세,연립다세대,12,20000.0,19175.0,6619.1,15275.0,23250.0,,,,9,1
성북구,석관동,2026,8,전세,오피스텔,2,19650.0,19650.0,14637.1,14475.0,24825.0,,,,2,1
성북구,석관동,2026,9,월세,오피스텔,1,2000.0,2000.0,,2000.0,2000.0,55.0,55.0,,1,1
성북구,석관동,2026,9,전세,연립다세대,6,18750.0,19416.7,5180.9,18125.0,20500.0,,,,5,1
성북구,성북동,2021,1,월세,연립다세대,5,6000.0,13800.0,14754.7,3000.0,20000.0,60.0,67.8,54.31,0,0
성북구,성북동,2021,1,전세,연립다세대,21,23000.0,23314.3,7430.1,20000.0,25000.0,,,,0,0
성북구,성북동,2021,2,월세,연립다세대,3,8000.0,10666.7,8326.7,6000.0,14000.0,70.0,70.0,30.0,0,0
성북구,성북동,2021,2,전세,연립다세대,19,26700.0,25126.3,6451.9,23000.0,28500.0,,,,0,0
성북구,성북동,2021,3,월세,연립다세대,2,70500.0,70500.0,84145.7,40750.0,100250.0,27.5,27.5,17.68,0,0
성북구,성북동,2021,3,전세,연립다세대,18,27750.0,27087.5,6681.9,22250.0,28000.0,,,,1,0
성북구,성북동,2021,4,월세,연립다세대,1,9000.0,9000.0,,9000.0,9000.0,30.0,30.0,,0,0
성북구,성북동,2021,4,전세,연립다세대,20,25500.0,26275.0,6806.5,23000.0,31500.0,,,,1,0
성북구,성북동,2021,5,월세,연립다세대,1,10000.0,10000.0,,10000.0,10000.0,10.0,10.0,,0,0
성북구,성북동,2021,5,전세,연립다세대,29,25000.0,29657.8,27398.5,18900.0,31500.0,,,,1,0
성북구,성북동,2021,6,월세,연립다세대,2,1750.0,1750.0,1767.8,1125.0,2375.0,285.0,285.0,332.34,1,0
성북구,성북동,2021,6,전세,연립다세대,19,30000.0,26700.0,12225.5,18500.0,33000.0,,,,8,0
성북구,성북동,2021,7,월세,연립다세대,8,7500.0,8875.0,8576.3,1750.0,11750.0,55.0,50.0,22.04,6,0
성북구,성북동,2021,7,전세,연립다세대,20,26125.0,33326.2,29705.2,20000.0,34250.0,,,,14,0
성북구,성북동,2021,8,월세,연립다세대,1,3000.0,3000.0,,3000.0,3000.0,60.0,60.0,,1,0
성북구,성북동,2021,8,전세,연립다세대,29,30000.0,29044.8,5850.9,27800.0,34000.0,,,,22,0
성북구,성북동,2021,9,월세,연립다세대,9,9000.0,11111.1,8992.3,4000.0,22000.0,30.0,52.0,51.5,6,0
성북구,성북동,2021,9,전세,연립다세대,25,30800.0,33410.4,25856.6,22000.0,35000.0,,,,14,0
성북구,성북동,2021,10,월세,연립다세대,4,20950.0,16975.0,11102.7,13675.0,24250.0,22.5,25.0,15.81,1,0
성북구,성북동,2021,10,전세,연립다세대,26,27500.0,33502.5,27114.0,25250.0,32450.0,,,,15,0
성북구,성북동,2021,11,월세,연립다세대,3,10900.0,13633.3,5532.0,10450.0,15450.0,15.0,48.33,62.12,3,0
성북구,성북동,2021,11,전세,연립다세대,18,26775.0,28050.0,7337.5,25000.0,30600.0,,,,11,0
성북구,성북동,2021,12,월세,연립다세대,7,25000.0,21157.1,13609.0,12550.0,31500.0,25.0,35.29,26.34,5,0
성북구,성북동,2021,12,전세,연립다세대,40,27000.0,33758.8,27831.7,23000.0,34250.0,,,,23,0
성북구,성북동,2022,1,월세,연립다세대,3,8900.0,9633.3,5040.2,6950.0,11950.0,30.0,25.33,8.08,1,0
성북구,성북동,2022,1,전세,연립다세대,26,25000.0,30105.8,28837.8,20000.0,30000.0,,,,11,0
성북구,성북동,2022,2,월세,연립다세대,10,5750.0,9150.0,8894.6,1250.0,15000.0,32.5,38.9,27.99,7,0
성북구,성북동,2022,2,전세,연립다세대,32,26500.0,34304.4,33254.3,19750.0,31375.0,,,,14,0
성북구,성북동,2022,3,월세,연립다세대,11,5814.0,10957.1,10555.9,2678.5,18000.0,20.0,30.36,29.17,5,0
성북구,성북동,2022,3,전세,연립다세대,29,24000.0,24994.8,10616.0,19000.0,30000.0,,,,18,0
성북구,성북동,2022,4,월세,연립다세대,8,4000.0,8125.0,8526.2,2000.0,12750.0,50.0,61.25,40.95,6,0
성북구,성북동,2022,4,전세,연립다세대,25,25000.0,24208.0,5849.2,22050.0,27000.0,,,,15,0
성북구,성북동,2022,5,월세,연립다세대,2,20355.0,20355.0,7700.4,17632.5,23077.5,6.0,6.0,7.07,0,0
성북구,성북동,2022,5,전세,연립다세대,20,23575.0,32612.5,29076.4,20750.0,29137.5,,,,8,0
성북구,성북동,2022,6,월세,연립다세대,6,18500.0,17500.0,7943.6,13500.0,24250.0,70.0,57.83,37.6,3,0
성북구,성북동,2022,6,전세,연립다세대,17,25000.0,27367.6,5303.1,24800.0,33000.0,,,,7,0
성북구,성북동,2022,7,월세,연립다세대,6,10000.0,27392.8,45767.6,4750.0,16750.0,26.5,30.83,16.22,3,0
성북구,성북동,2022,7,전세,연립다세대,22,26000.0,28318.2,12791.4,22000.0,30000.0,,,,11,0
성북구,성북동,2022,8,월세,연립다세대,4,2500.0,3500.0,3109.1,1750.0,4250.0,100.0,92.5,37.53,4,0
성북구,성북동,2022,8,전세,연립다세대,19,24150.0,22992.1,10567.1,13000.0,30750.0,,,,7,0
성북구,성북동,2022,9,월세,연립다세대,5,7000.0,14900.0,19831.8,5500.0,10000.0,90.0,91.0,27.02,5,0
성북구,성북동,2022,9,전세,연립다세대,33,24000.0,29172.0,19962.8,20000.0,33600.0,,,,17,0
성북구,성북동,2022,10,월세,연립다세대,6,22500.0,21333.3,17224.0,6500.0,31750.0,35.0,53.33,43.2,5,0
성북구,성북동,2022,10,전세,연립다세대,24,22000.0,22491.7,7801.0,16300.0,27550.0,,,,9,0
성북구,성북동,2022,11,전세,연립다세대,17,20000.0,19780.4,7556.6,15000.0,26250.0,,,,9,0
성북구,성북동,2022,12,월세,연립다세대,10,15000.0,11750.0,8476.3,3250.0,15000.0,30.0,39.9,24.98,7,0
성북구,성북동,2022,12,전세,연립다세대,25,26000.0,25030.0,7783.9,22000.0,31100.0,,,,10,0
성북구,성북동,2023,1,월세,연립다세대,7,8000.0,12000.0,10984.8,4000.0,17500.0,60.0,106.14,133.92,7,0
성북구,성북동,2023,1,전세,연립다세대,25,24000.0,26468.5,8382.3,19000.0,36150.0,,,,14,0
성북구,성북동,2023,2,월세,연립다세대,5,3000.0,7200.0,10059.8,2000.0,5000.0,80.0,70.0,44.72,5,0
성북구,성북동,2023,2,전세,연립다세대,21,26000.0,25679.8,7321.9,20000.0,31000.0,,,,12,0
성북구,성북동,2023,3,월세,연립다세대,7,12000.0,11721.4,6988.9,10000.0,12925.0,20.0,137.14,260.57,3,0
성북구,성북동,2023,3,전세,연립다세대,15,21000.0,22398.7,6485.4,19000.0,22750.0,,,,7,0
성북구,성북동,2023,4,월세,연립다세대,5,3000.0,10700.0,19201.6,2000.0,3000.0,85.0,98.0,59.85,4,0
성북구,성북동,2023,4,전세,연립다세대,23,22000.0,22021.7,7235.4,17500.0,26000.0,,,,16,0
성북구,성북동,2023,5,월세,연립다세대,9,3000.0,5155.6,4507.5,2000.0,10000.0,73.0,115.0,146.77,9,0
성북구,성북동,2023,5,전세,연립다세대,21,22000.0,22633.3,6551.0,21000.0,27000.0,,,,9,0
성북구,성북동,2023,6,월세,연립다세대,8,5000.0,7125.0,6775.7,4125.0,7500.0,90.0,83.75,29.37,7,0
성북구,성북동,2023,6,전세,연립다세대,9,22000.0,32611.1,29299.9,21000.0,28500.0,,,,8,0
성북구,성북동,2023,7,월세,연립다세대,7,5000.0,7571.4,6629.7,3000.0,10000.0,95.0,90.57,55.2,5,0
성북구,성북동,2023,7,전세,연립다세대,18,30750.0,27727.8,5782.7,22250.0,32300.0,,,,13,0
성북구,성북동,2023,8,월세,연립다세대,7,5000.0,8285.7,7499.2,2500.0,13000.0,60.0,72.57,61.87,6,0
성북구,성북동,2023,8,전세,연립다세대,20,25000.0,24260.0,7258.7,22250.0,28275.0,,,,15,0
성북구,성북동,2023,9,월세,연립다세대,12,13000.0,14833.3,12925.2,2750.0,22500.0,65.0,106.25,162.16,11,0
성북구,성북동,2023,9,전세,연립다세대,17,22000.0,22917.6,9370.0,17600.0,31000.0,,,,9,0
성북구,성북동,2023,10,월세,연립다세대,13,5000.0,9115.4,8768.2,2000.0,21000.0,45.0,69.08,57.84,12,0
성북구,성북동,2023,10,전세,연립다세대,22,25500.0,30717.7,27858.7,20250.0,31975.0,,,,17,0
성북구,성북동,2023,11,월세,연립다세대,8,4750.0,6337.5,4447.8,3000.0,8425.0,85.0,74.12,44.36,8,0
성북구,성북동,2023,11,전세,연립다세대,22,25750.0,39032.3,38173.0,22000.0,33652.5,,,,11,0
성북구,성북동,2023,12,월세,연립다세대,4,10000.0,11812.5,11971.1,2500.0,19312.5,45.0,62.5,60.76,3,0
성북구,성북동,2023,12,전세,연립다세대,17,35000.0,48788.2,43007.8,18000.0,48000.0,,,,12,0
성북구,성북동,2024,1,월세,연립다세대,5,22000.0,16100.0,12451.9,5000.0,22500.0,10.0,32.0,49.32,5,0
성북구,성북동,2024,1,전세,연립다세대,13,33000.0,36007.7,30880.0,21000.0,36300.0,,,,10,0
성북구,성북동,2024,2,월세,연립다세대,6,5000.0,10500.0,10778.5,5000.0,16250.0,92.5,154.5,173.85,3,0
성북구,성북동,2024,2,전세,연립다세대,27,27000.0,30158.1,13124.3,20000.0,36050.0,,,,20,0
성북구,성북동,2024,3,월세,연립다세대,10,11500.0,13800.0,10336.6,4750.0,23750.0,60.0,122.5,206.05,10,0
성북구,성북동,2024,3,전세,연립다세대,20,30435.0,46548.5,41352.6,24500.0,47000.0,,,,16,0
성북구,성북동,2024,4,월세,연립다세대,7,10500.0,13214.3,11179.8,3500.0,21500.0,85.0,60.57,47.7,7,0
성북구,성북동,2024,4,전세,연립다세대,21,26000.0,33881.0,29174.6,20000.0,32800.0,,,,15,0
성북구,성북동,2024,5,월세,연립다세대,10,9978.5,12875.7,10343.9,3250.0,23975.0,45.0,53.7,49.83,8,0
성북구,성북동,2024,5,전세,연립다세대,18,21250.0,22994.4,8995.2,19250.0,25750.0,,,,12,0
성북구,성북동,2024,6,월세,연립다세대,5,13000.0,12782.0,6603.2,10000.0,14910.0,40.0,226.4,433.34,3,0
성북구,성북동,2024,6,전세,연립다세대,22,25400.0,27345.5,6721.8,23000.0,34200.0,,,,20,0
성북구,성북동,2024,7,월세,연립다세대,7,5000.0,10771.4,10881.9,1500.0,22000.0,55.0,54.0,36.84,7,0
성북구,성북동,2024,7,전세,연립다세대,28,24575.0,25305.7,9321.3,19507.5,32250.0,,,,20,0
성북구,성북동,2024,8,월세,연립다세대,8,9750.0,12048.8,12102.1,1575.0,22375.0,32.5,52.38,65.64,7,0
성북구,성북동,2024,8,전세,연립다세대,31,32000.0,41935.5,38713.3,22000.0,36800.0,,,,20,0
성북구,성북동,2024,9,월세,연립다세대,6,5000.0,7666.7,6055.3,3500.0,10250.0,80.0,71.67,31.89,6,0
성북구,성북동,2024,9,전세,연립다세대,18,26500.0,31366.7,20393.2,21000.0,36300.0,,,,15,0
성북구,성북동,2024,10,월세,연립다세대,14,14000.0,13592.9,10490.8,3500.0,21275.0,53.5,124.0,163.94,13,0
성북구,성북동,2024,10,전세,연립다세대,16,24500.0,31818.8,33450.6,20000.0,28000.0,,,,14,0
성북구,성북동,2024,11,월세,연립다세대,7,9000.0,12428.6,10678.8,3500.0,19750.0,60.0,62.43,50.01,5,0
성북구,성북동,2024,11,전세,연립다세대,14,23010.0,25059.3,7281.7,20000.0,26375.0,,,,10,0
성북구,성북동,2024,12,월세,연립다세대,6,20600.0,18000.0,6890.0,20000.0,21350.0,30.0,27.67,22.02,5,0
성북구,성북동,2024,12,전세,연립다세대,14,26000.0,28442.9,11066.8,21275.0,39375.0,,,,8,0
성북구,성북동,2025,1,월세,연립다세대,7,5000.0,9857.1,8395.0,3500.0,18000.0,55.0,59.43,31.02,6,0
성북구,성북동,2025,1,전세,연립다세대,14,30200.0,28464.3,8656.1,22750.0,35000.0,,,,11,0
성북구,성북동,2025,2,월세,연립다세대,11,6000.0,13090.9,11869.7,4000.0,25000.0,50.0,151.09,229.15,8,0
성북구,성북동,2025,2,전세,연립다세대,22,27595.0,27895.0,8586.1,22250.0,32375.0,,,,15,0
성북구,성북동,2025,3,월세,연립다세대,12,20950.0,17950.0,14839.2,2750.0,26250.0,56.5,129.0,171.17,12,0
성북구,성북동,2025,3,전세,연립다세대,16,25500.0,26656.2,7930.9,23000.0,34075.0,,,,13,0
성북구,성북동,2025,4,월세,연립다세대,9,10000.0,12744.4,9990.4,5000.0,21000.0,55.0,52.67,34.26,7,0
성북구,성북동,2025,4,전세,연립다세대,20,22000.0,23672.2,7982.2,19875.0,28940.0,,,,12,0
성북구,성북동,2025,5,월세,연립다세대,5,3000.0,8800.0,14184.5,1000.0,5000.0,50.0,62.0,30.12,4,0
성북구,성북동,2025,5,전세,연립다세대,25,29000.0,29016.0,10609.5,21000.0,35000.0,,,,15,0
성북구,성북동,2025,6,월세,연립다세대,7,8000.0,29442.9,41492.6,4000.0,50000.0,100.0,132.71,103.88,6,0
성북구,성북동,2025,6,전세,연립다세대,26,29000.0,44121.2,44365.1,20750.0,33000.0,,,,23,0
성북구,성북동,2025,7,월세,연립다세대,7,4000.0,4142.9,3023.7,2000.0,5000.0,135.0,132.86,25.2,4,0
성북구,성북동,2025,7,전세,연립다세대,15,27300.0,28340.0,8772.8,25100.0,32650.0,,,,7,0
성북구,성북동,2025,8,월세,연립다세대,10,13500.0,14000.0,9067.6,8250.0,20000.0,50.0,55.1,41.1,6,0
성북구,성북동,2025,8,전세,연립다세대,18,27500.0,30886.1,21418.5,20000.0,34725.0,,,,11,0
성북구,성북동,2025,9,월세,연립다세대,19,5000.0,14315.8,14613.7,3500.0,21500.0,80.0,104.16,128.5,15,0
성북구,성북동,2025,9,전세,연립다세대,18,32750.0,37100.0,27901.5,23625.0,35000.0,,,,12,0
성북구,성북동,2025,10,월세,연립다세대,4,5000.0,5050.0,4001.2,3800.0,6250.0,78.5,71.75,52.33,3,0
성북구,성북동,2025,10,전세,연립다세대,12,28000.0,29108.3,13461.2,22000.0,34125.0,,,,8,0
성북구,성북동,2025,11,월세,연립다세대,3,2000.0,14666.7,22810.8,1500.0,21500.0,85.0,69.0,35.79,2,0
성북구,성북동,2025,11,전세,연립다세대,14,26250.0,26264.3,8495.0,22625.0,32625.0,,,,7,0
성북구,성북동,2025,12,월세,연립다세대,8,5500.0,7437.5,8112.8,1750.0,10000.0,105.0,116.38,87.08,6,0
성북구,성북동,2025,12,전세,연립다세대,17,26000.0,27352.9,10259.4,21000.0,33000.0,,,,8,0
성북구,성북동,2026,1,월세,연립다세대,13,5000.0,11115.4,10283.8,4000.0,20000.0,55.0,59.92,37.93,11,1
성북구,성북동,2026,1,전세,연립다세대,20,23525.0,25532.0,7828.1,20000.0,31250.0,,,,16,1
성북구,성북동,2026,2,월세,연립다세대,5,23000.0,17500.0,13067.1,5000.0,27500.0,70.0,151.2,198.72,5,1
성북구,성북동,2026,2,전세,연립다세대,12,24600.0,28118.3,9015.2,22250.0,31550.0,,,,7,1
성북구,성북동,2026,3,월세,연립다세대,16,5000.0,12843.8,12217.1,4750.0,25000.0,90.0,78.75,53.77,13,1
성북구,성북동,2026,3,전세,연립다세대,14,24000.0,25939.3,9091.8,20000.0,30825.0,,,,11,1
성북구,성북동,2026,4,월세,연립다세대,15,16000.0,15300.0,11532.3,6000.0,23000.0,50.0,54.87,33.85,13,1
성북구,성북동,2026,4,전세,연립다세대,22,23200.0,30361.4,27876.1,16062.5,34000.0,,,,12,1
성북구,성북동,2026,5,월세,연립다세대,13,10000.0,14064.7,13026.1,5000.0,15000.0,50.0,73.62,90.79,10,1
성북구,성북동,2026,5,전세,연립다세대,18,30705.0,44531.7,49461.8,24912.5,34575.0,,,,11,1
성북구,성북동,2026,6,월세,연립다세대,11,10000.0,10063.6,8374.5,2500.0,14300.0,45.0,49.45,31.25,9,1
성북구,성북동,2026,6,전세,연립다세대,16,25400.0,26137.5,11329.0,21750.0,33875.0,,,,8,1
성북구,성북동,2026,7,월세,연립다세대,9,8000.0,12638.9,10849.2,3000.0,21500.0,55.0,140.56,232.48,9,1
성북구,성북동,2026,7,전세,연립다세대,22,29000.0,45307.3,62569.3,23000.0,36350.0,,,,11,1
성북구,성북동,2026,8,월세,연립다세대,5,2000.0,7040.0,7578.1,2000.0,12600.0,60.0,61.0,45.08,3,1
성북구,성북동,2026,8,전세,연립다세대,13,27000.0,27596.9,8780.7,23000.0,32000.0,,,,4,1
성북구,성북동,2026,9,월세,연립다세대,3,5000.0,7300.0,5802.6,4000.0,9450.0,64.0,178.0,236.58,2,1
성북구,성북동,2026,9,전세,연립다세대,4,25000.0,25975.0,4274.2,23500.0,27475.0,,,,2,1
성북구,성북동1가,2021,1,월세,연립다세대,1,2000.0,2000.0,,2000.0,2000.0,75.0,75.0,,0,0
성북구,성북동1가,2021,1,월세,오피스텔,1,2000.0,2000.0,,2000.0,2000.0,70.0,70.0,,0,0
성북구,성북동1가,2021,1,전세,연립다세대,2,27000.0,27000.0,0.0,27000.0,27000.0,,,,0,0
성북구,성북동1가,2021,1,전세,오피스텔,1,17000.0,17000.0,,17000.0,17000.0,,,,0,0
성북구,성북동1가,2021,2,월세,연립다세대,3,7900.0,6690.0,4217.3,4950.0,9035.0,30.0,31.67,7.64,0,0
성북구,성북동1가,2021,2,전세,연립다세대,1,45000.0,45000.0,,45000.0,45000.0,,,,0,0
성북구,성북동1가,2021,3,월세,연립다세대,2,5500.0,5500.0,6364.0,3250.0,7750.0,37.5,37.5,10.61,0,0
성북구,성북동1가,2021,3,전세,연립다세대,1,13500.0,13500.0,,13500.0,13500.0,,,,0,0
성북구,성북동1가,2021,4,월세,연립다세대,1,3000.0,3000.0,,3000.0,3000.0,50.0,50.0,,0,0
성북구,성북동1가,2021,5,월세,연립다세대,1,4000.0,4000.0,,4000.0,4000.0,60.0,60.0,,0,0
성북구,성북동1가,2021,5,월세,오피스텔,1,1000.0,1000.0,,1000.0,1000.0,60.0,60.0,,0,0
성북구,성북동1가,2021,5,전세,연립다세대,2,25150.0,25150.0,3040.6,24075.0,26225.0,,,,0,0
성북구,성북동1가,2021,5,전세,오피스텔,1,16800.0,16800.0,,16800.0,16800.0,,,,0,0
성북구,성북동1가,2021,6,전세,연립다세대,2,21525.0,21525.0,8167.1,18637.5,24412.5,,,,0,0
성북구,성북동1가,2021,7,월세,연립다세대,1,0.0,0.0,,0.0,0.0,22.0,22.0,,0,0
성북구,성북동1가,2021,8,전세,연립다세대,1,13000.0,13000.0,,13000.0,13000.0,,,,0,0
성북구,성북동1가,2021,9,월세,연립다세대,3,1000.0,1666.7,1154.7,1000.0,2000.0,37.0,40.33,16.26,0,0
성북구,성북동1가,2021,10,월세,연립다세대,1,1000.0,1000.0,,1000.0,1000.0,30.0,30.0,,0,0
성북구,성북동1가,2021,11,월세,연립다세대,2,14779.5,14779.5,11526.5,10704.25,18854.75,1.5,1.5,0.71,0,0
성북구,성북동1가,2021,11,월세,오피스텔,1,1000.0,1000.0,,1000.0,1000.0,65.0,65.0,,1,0
성북구,성북동1가,2021,12,월세,연립다세대,3,7900.0,6633.3,3194.3,5450.0,8450.0,27.0,27.0,21.0,1,0
성북구,성북동1가,2021,12,월세,오피스텔,2,750.0,750.0,353.6,625.0,875.0,67.5,67.5,3.54,1,0
성북구,성북동1가,2021,12,전세,연립다세대,1,15400.0,15400.0,,15400.0,15400.0,,,,0,0
성북구,성북동1가,2022,1,월세,연립다세대,2,4000.0,4000.0,2828.4,3000.0,5000.0,45.0,45.0,7.07,2,0
성북구,성북동1가,2022,1,월세,오피스텔,1,1000.0,1000.0,,1000.0,1000.0,65.0,65.0,,1,0
성북구,성북동1가,2022,1,전세,연립다세대,1,32000.0,32000.0,,32000.0,32000.0,,,,1,0
성북구,성북동1가,2022,2,월세,연립다세대,1,2000.0,2000.0,,2000.0,2000.0,70.0,70.0,,1,0
성북구,성북동1가,2022,2,월세,오피스텔,1,1000.0,1000.0,,1000.0,1000.0,75.0,75.0,,1,0
성북구,성북동1가,2022,2,전세,연립다세대,2,22900.0,22900.0,7212.5,20350.0,25450.0,,,,1,0
성북구,성북동1가,2022,3,전세,연립다세대,2,24000.0,24000.0,5656.9,22000.0,26000.0,,,,1,0
성북구,성북동1가,2022,4,월세,연립다세대,2,5750.0,5750.0,6717.5,3375.0,8125.0,35.0,35.0,7.07,1,0
성북구,성북동1가,2022,4,전세,연립다세대,2,18175.0,18175.0,14389.6,13087.5,23262.5,,,,0,0
성북구,성북동1가,2022,5,월세,오피스텔,1,2000.0,2000.0,,2000.0,2000.0,60.0,60.0,,1,0
성북구,성북동1가,2022,5,전세,연립다세대,1,33500.0,33500.0,,33500.0,33500.0,,,,0,0
성북구,성북동1가,2022,6,월세,연립다세대,2,5000.0,5000.0,5656.9,3000.0,7000.0,36.5,36.5,9.19,1,0
성북구,성북동1가,2022,7,월세,연립다세대,1,1000.0,1000.0,,1000.0,1000.0,65.0,65.0,,1,0
성북구,성북동1가,2022,7,전세,연립다세대,2,46800.0,46800.0,0.0,46800.0,46800.0,,,,1,0
성북구,성북동1가,2022,8,월세,연립다세대,4,17500.0,17500.0,19052.6,1000.0,34000.0,42.5,42.5,25.98,3,0
성북구,성북동1가,2022,8,전세,연립다세대,1,39000.0,39000.0,,39000.0,39000.0,,,,1,0
성북구,성북동1가,2022,9,월세,연립다세대,2,1750.0,1750.0,1767.8,1125.0,2375.0,35.0,35.0,7.07,0,0
성북구,성북동1가,2022,9,전세,연립다세대,2,33500.0,33500.0,23334.5,25250.0,41750.0,,,,2,0
성북구,성북동1가,2022,10,월세,연립다세대,3,23000.0,21000.0,8185.4,17500.0,25500.0,10.0,10.0,5.0,1,0
성북구,성북동1가,2022,10,전세,연립다세대,3,28000.0,23263.3,8786.3,20562.5,28332.5,,,,1,0
성북구,성북동1가,2022,11,월세,연립다세대,2,14015.0,14015.0,9878.3,10522.5,17507.5,30.5,30.5,41.72,0,0
성북구,성북동1가,2022,11,전세,연립다세대,1,13000.0,13000.0,,13000.0,13000.0,,,,1,0
성북구,성북동1가,2022,12,월세,연립다세대,3,5000.0,5666.7,3055.1,4000.0,7000.0,48.0,62.33,52.0,3,0
성북구,성북동1가,2022,12,월세,오피스텔,1,1000.0,1000.0,,1000.0,1000.0,65.0,65.0,,1,0
성북구,성북동1가,2023,1,월세,연립다세대,1,8600.0,8600.0,,8600.0,8600.0,27.0,27.0,,0,0
성북구,성북동1가,2023,1,월세,오피스텔,2,1000.0,1000.0,0.0,1000.0,1000.0,72.5,72.5,3.54,2,0
성북구,성북동1가,2023,1,전세,연립다세대,1,17500.0,17500.0,,17500.0,17500.0,,,,1,0
성북구,성북동1가,2023,2,월세,연립다세대,8,8500.0,8062.5,3968.1,5000.0,10000.0,30.0,32.5,10.14,3,0
성북구,성북동1가,2023,2,전세,연립다세대,1,25000.0,25000.0,,25000.0,25000.0,,,,1,0
성북구,성북동1가,2023,5,월세,연립다세대,6,8000.0,11175.0,9338.8,4000.0,14812.5,46.0,36.83,27.31,2,0
성북구,성북동1가,2023,5,월세,오피스텔,1,1000.0,1000.0,,1000.0,1000.0,75.0,75.0,,1,0
성북구,성북동1가,2023,5,전세,연립다세대,2,18500.0,18500.0,6364.0,16250.0,20750.0,,,,0,0
성북구,성북동1가,2023,6,월세,연립다세대,1,3000.0,3000.0,,3000.0,3000.0,51.0,51.0,,1,0
성북구,성북동1가,2023,7,월세,연립다세대,1,4000.0,4000.0,,4000.0,4000.0,60.0,60.0,,1,0
성북구,성북동1가,2023,7,월세,오피스텔,1,1000.0,1000.0,,1000.0,1000.0,70.0,70.0,,1,0
성북구,성북동1가,2023,7,전세,연립다세대,1,28000.0,28000.0,,28000.0,28000.0,,,,1,0
성북구,성북동1가,2023,8,월세,연립다세대,2,8000.0,8000.0,9899.5,4500.0,11500.0,47.5,47.5,31.82,2,0
성북구,성북동1가,2023,8,전세,연립다세대,1,34500.0,34500.0,,34500.0,34500.0,,,,1,0
성북구,성북동1가,2023,9,월세,연립다세대,3,3000.0,3666.7,3055.1,2000.0,5000.0,51.0,50.67,8.5,2,0
성북구,성북동1가,2023,9,전세,연립다세대,1,28000.0,28000.0,,28000.0,28000.0,,,,1,0
성북구,성북동1가,2023,10,월세,연립다세대,4,8800.0,10657.5,4968.3,8207.5,11250.0,24.0,21.25,14.68,1,0
성북구,성북동1가,2023,11,월세,연립다세대,1,1000.0,1000.0,,1000.0,1000.0,67.0,67.0,,1,0
성북구,성북동1가,2023,11,전세,연립다세대,1,28000.0,28000.0,,28000.0,28000.0,,,,1,0
성북구,성북동1가,2023,12,월세,연립다세대,2,5450.0,5450.0,6293.3,3225.0,7675.0,28.5,28.5,16.26,1,0
성북구,성북동1가,2023,12,월세,오피스텔,1,1000.0,1000.0,,1000.0,1000.0,78.0,78.0,,1,0
성북구,성북동1가,2024,1,월세,연립다세대,1,8000.0,8000.0,,8000.0,8000.0,27.0,27.0,,1,0
성북구,성북동1가,2024,1,월세,오피스텔,1,1000.0,1000.0,,1000.0,1000.0,75.0,75.0,,1,0
성북구,성북동1가,2024,1,전세,연립다세대,3,13000.0,17000.0,9643.7,11500.0,20500.0,,,,3,0
성북구,성북동1가,2024,2,월세,연립다세대,2,5500.0,5500.0,6364.0,3250.0,7750.0,31.0,31.0,41.01,1,0
성북구,성북동1가,2024,3,월세,연립다세대,1,10000.0,10000.0,,10000.0,10000.0,34.0,34.0,,0,0
성북구,성북동1가,2024,3,전세,연립다세대,2,65000.0,65000.0,0.0,65000.0,65000.0,,,,2,0
성북구,성북동1가,2024,5,월세,연립다세대,2,5000.0,5000.0,2828.4,4000.0,6000.0,75.0,75.0,35.36,1,0
성북구,성북동1가,2024,5,전세,연립다세대,2,28250.0,28250.0,7424.6,25625.0,30875.0,,,,2,0
성북구,성북동1가,2024,6,월세,연립다세대,1,1000.0,1000.0,,1000.0,1000.0,65.0,65.0,,1,0
성북구,성북동1가,2024,6,전세,연립다세대,1,30000.0,30000.0,,30000.0,30000.0,,,,1,0
성북구,성북동1가,2024,7,월세,연립다세대,4,1000.0,1875.0,2096.6,875.0,2000.0,65.0,60.75,12.74,4,0
성북구,성북동1가,2024,7,월세,오피스텔,1,1000.0,1000.0,,1000.0,1000.0,75.0,75.0,,1,0
성북구,성북동1가,2024,7,전세,연립다세대,1,50000.0,50000.0,,50000.0,50000.0,,,,1,0
성북구,성북동1가,2024,8,월세,연립다세대,2,1250.0,1250.0,353.6,1125.0,1375.0,49.5,49.5,13.44,2,0
성북구,성북동1가,2024,8,전세,연립다세대,2,26750.0,26750.0,353.6,26625.0,26875.0,,,,2,0
성북구,성북동1가,2024,9,월세,연립다세대,1,3000.0,3000.0,,3000.0,3000.0,45.0,45.0,,0,0
성북구,성북동1가,2024,9,월세,오피스텔,1,1000.0,1000.0,,1000.0,1000.0,70.0,70.0,,1,0
성북구,성북동1가,2024,9,전세,연립다세대,1,36000.0,36000.0,,36000.0,36000.0,,,,0,0
성북구,성북동1가,2024,10,월세,연립다세대,3,28000.0,27133.3,17316.3,18700.0,36000.0,10.0,9.33,2.08,1,0
성북구,성북동1가,2024,10,전세,연립다세대,3,13125.0,20376.3,12664.6,13064.5,24062.5,,,,2,0
성북구,성북동1가,2024,11,월세,연립다세대,3,11000.0,14476.7,9286.6,9215.0,18000.0,20.0,17.33,14.19,2,0
성북구,성북동1가,2024,11,월세,오피스텔,2,1500.0,1500.0,707.1,1250.0,1750.0,69.0,69.0,5.66,2,0
성북구,성북동1가,2024,12,월세,연립다세대,5,9390.0,13078.0,9151.5,9000.0,12000.0,30.0,28.4,7.92,3,0
성북구,성북동1가,2024,12,월세,오피스텔,3,1000.0,5666.7,8082.9,1000.0,8000.0,70.0,53.33,33.29,3,0
성북구,성북동1가,2025,1,월세,연립다세대,5,7000.0,10200.0,8228.0,3000.0,18000.0,41.0,39.6,21.01,3,0
성북구,성북동1가,2025,1,월세,오피스텔,1,1000.0,1000.0,,1000.0,1000.0,70.0,70.0,,1,0
성북구,성북동1가,2025,1,전세,연립다세대,1,15500.0,15500.0,,15500.0,15500.0,,,,0,0
성북구,성북동1가,2025,2,월세,연립다세대,4,5500.0,5000.0,3559.0,2500.0,8000.0,47.5,53.25,29.81,4,0
성북구,성북동1가,2025,3,월세,연립다세대,3,10000.0,8333.3,6658.3,5500.0,12000.0,34.0,43.33,28.18,1,0
성북구,성북동1가,2025,4,월세,오피스텔,1,1000.0,1000.0,,1000.0,1000.0,75.0,75.0,,1,0
성북구,성북동1가,2025,4,전세,연립다세대,1,28000.0,28000.0,,28000.0,28000.0,,,,1,0
성북구,성북동1가,2025,5,월세,연립다세대,7,10000.0,9785.7,6531.1,3500.0,15250.0,40.0,40.57,26.86,7,0
성북구,성북동1가,2025,5,월세,오피스텔,2,1000.0,1000.0,0.0,1000.0,1000.0,74.0,74.0,1.41,2,0
성북구,성북동1가,2025,5,전세,연립다세대,4,14500.0,15787.5,5978.9,13000.0,17287.5,,,,3,0
성북구,성북동1가,2025,6,월세,연립다세대,6,3500.0,8050.0,9751.7,3000.0,7750.0,67.5,68.0,36.5,4,0
성북구,성북동1가,2025,7,월세,연립다세대,3,1000.0,1333.3,577.4,1000.0,1500.0,70.0,68.67,7.09,3,0
성북구,성북동1가,2025,7,월세,오피스텔,1,1000.0,1000.0,,1000.0,1000.0,75.0,75.0,,1,0
성북구,성북동1가,2025,8,월세,연립다세대,2,11000.0,11000.0,1414.2,10500.0,11500.0,31.5,31.5,16.26,2,0
성북구,성북동1가,2025,8,전세,연립다세대,1,28000.0,28000.0,,28000.0,28000.0,,,,1,0
성북구,성북동1가,2025,9,월세,연립다세대,3,3000.0,5966.7,6942.9,2000.0,8450.0,48.0,44.0,12.49,0,0
성북구,성북동1가,2025,9,전세,연립다세대,2,31000.0,31000.0,5656.9,29000.0,33000.0,,,,2,0
성북구,성북동1가,2025,10,월세,연립다세대,1,14000.0,14000.0,,14000.0,14000.0,24.0,24.0,,1,0
성북구,성북동1가,2025,10,월세,오피스텔,1,1000.0,1000.0,,1000.0,1000.0,75.0,75.0,,1,0
성북구,성북동1가,2025,10,전세,연립다세대,1,13654.0,13654.0,,13654.0,13654.0,,,,0,0
성북구,성북동1가,2025,11,월세,연립다세대,4,4600.0,7050.0,7992.3,1150.0,10500.0,51.5,55.0,27.68,3,0
성북구,성북동1가,2025,12,월세,연립다세대,1,1000.0,1000.0,,1000.0,1000.0,70.0,70.0,,1,0
성북구,성북동1가,2025,12,월세,오피스텔,1,1000.0,1000.0,,1000.0,1000.0,85.0,85.0,,0,0
성북구,성북동1가,2026,1,월세,연립다세대,5,9650.0,12608.0,6051.6,9390.0,18000.0,28.0,29.0,9.51,3,1
성북구,성북동1가,2026,1,전세,연립다세대,2,30000.0,30000.0,0.0,30000.0,30000.0,,,,2,1
성북구,성북동1가,2026,2,월세,연립다세대,6,3000.0,3333.3,2250.9,1500.0,5250.0,70.0,80.33,32.78,6,1
성북구,성북동1가,2026,3,월세,연립다세대,1,10000.0,10000.0,,10000.0,10000.0,35.0,35.0,,0,1
성북구,성북동1가,2026,3,월세,오피스텔,1,15000.0,15000.0,,15000.0,15000.0,20.0,20.0,,1,1
성북구,성북동1가,2026,4,월세,연립다세대,5,5000.0,8200.0,9471.0,4000.0,5000.0,70.0,70.6,30.36,4,1
성북구,성북동1가,2026,4,전세,연립다세대,2,13650.0,13650.0,0.0,13650.0,13650.0,,,,0,1
성북구,성북동1가,2026,5,월세,연립다세대,1,3000.0,3000.0,,3000.0,3000.0,120.0,120.0,,1,1
성북구,성북동1가,2026,5,월세,오피스텔,1,1000.0,1000.0,,1000.0,1000.0,76.0,76.0,,0,1
성북구,성북동1가,2026,6,월세,연립다세대,4,6500.0,7250.0,5909.0,4000.0,9750.0,44.0,39.75,23.2,4,1
성북구,성북동1가,2026,6,전세,연립다세대,2,27250.0,27250.0,13788.6,22375.0,32125.0,,,,2,1
성북구,성북동1가,2026,7,월세,연립다세대,3,1000.0,3000.0,3464.1,1000.0,4000.0,66.0,65.33,25.01,3,1
성북구,성북동1가,2026,7,월세,오피스텔,1,1000.0,1000.0,,1000.0,1000.0,90.0,90.0,,1,1
성북구,성북동1가,2026,8,월세,연립다세대,1,13000.0,13000.0,,13000.0,13000.0,35.0,35.0,,1,1
성북구,성북동1가,2026,8,월세,오피스텔,1,1000.0,1000.0,,1000.0,1000.0,90.0,90.0,,1,1
성북구,안암동1가,2021,1,월세,연립다세대,2,6250.0,6250.0,1767.8,5625.0,6875.0,10.5,10.5,7.78,0,0
성북구,안암동1가,2021,2,월세,연립다세대,3,1000.0,2666.7,3329.2,750.0,3750.0,50.0,56.67,30.55,0,0
성북구,안암동1가,2021,3,월세,연립다세대,1,1000.0,1000.0,,1000.0,1000.0,58.0,58.0,,0,0
성북구,안암동1가,2021,4,월세,연립다세대,3,9000.0,10166.7,2020.7,9000.0,10750.0,35.0,38.33,5.77,0,0
성북구,안암동1가,2021,5,전세,연립다세대,1,7500.0,7500.0,,7500.0,7500.0,,,,0,0
성북구,안암동1가,2021,6,월세,연립다세대,5,1000.0,1800.0,1095.4,1000.0,3000.0,50.0,48.0,13.04,3,0
성북구,안암동1가,2021,7,전세,연립다세대,1,13000.0,13000.0,,13000.0,13000.0,,,,1,0
성북구,안암동1가,2021,8,월세,연립다세대,5,1000.0,1200.0,447.2,1000.0,1000.0,50.0,48.0,4.47,5,0
성북구,안암동1가,2021,9,월세,연립다세대,1,2000.0,2000.0,,2000.0,2000.0,40.0,40.0,,1,0
성북구,안암동1가,2021,10,전세,연립다세대,1,12000.0,12000.0,,12000.0,12000.0,,,,1,0
성북구,안암동1가,2021,11,월세,연립다세대,3,1000.0,4000.0,5196.2,1000.0,5500.0,50.0,41.67,14.43,3,0
성북구,안암동1가,2021,12,월세,연립다세대,8,1000.0,3125.0,4015.6,1000.0,2750.0,50.0,39.5,22.97,7,0
성북구,안암동1가,2021,12,전세,연립다세대,3,8000.0,8000.0,0.0,8000.0,8000.0,,,,2,0
성북구,안암동1가,2022,1,월세,연립다세대,9,1000.0,4111.1,4196.6,1000.0,8000.0,45.0,40.33,28.1,9,0
성북구,안암동1가,2022,1,전세,연립다세대,1,7500.0,7500.0,,7500.0,7500.0,,,,1,0
성북구,안암동1가,2022,2,월세,연립다세대,3,1000.0,3666.7,4618.8,1000.0,5000.0,40.0,27.0,22.52,2,0
성북구,안암동1가,2022,2,전세,연립다세대,1,11000.0,11000.0,,11000.0,11000.0,,,,0,0
성북구,안암동1가,2022,3,월세,연립다세대,2,1000.0,1000.0,0.0,1000.0,1000.0,52.5,52.5,10.61,2,0
성북구,안암동1가,2022,5,전세,연립다세대,2,24975.0,24975.0,7106.4,22462.5,27487.5,,,,2,0
성북구,안암동1가,2022,6,월세,연립다세대,3,12000.0,9666.7,4041.5,8500.0,12000.0,50.0,61.67,20.21,2,0
성북구,안암동1가,2022,7,월세,연립다세대,4,1000.0,1000.0,0.0,1000.0,1000.0,47.5,50.0,7.07,4,0
성북구,안암동1가,2022,7,전세,연립다세대,1,7000.0,7000.0,,7000.0,7000.0,,,,1,0
성북구,안암동1가,2022,8,월세,연립다세대,1,2000.0,2000.0,,2000.0,2000.0,85.0,85.0,,1,0
성북구,안암동1가,2022,8,전세,연립다세대,2,29400.0,29400.0,0.0,29400.0,29400.0,,,,0,0
성북구,안암동1가,2022,9,월세,연립다세대,1,1000.0,1000.0,,1000.0,1000.0,50.0,50.0,,1,0
성북구,안암동1가,2022,10,전세,연립다세대,1,11000.0,11000.0,,11000.0,11000.0,,,,0,0
성북구,안암동1가,2022,12,월세,연립다세대,2,8862.0,8862.0,11118.5,4931.0,12793.0,35.5,35.5,20.51,2,0
성북구,안암동1가,2022,12,전세,연립다세대,1,20000.0,20000.0,,20000.0,20000.0,,,,1,0
성북구,안암동1가,2023,1,월세,연립다세대,5,1000.0,1400.0,547.7,1000.0,2000.0,50.0,50.4,6.39,4,0
성북구,안암동1가,2023,2,월세,연립다세대,5,2000.0,4200.0,3492.8,2000.0,8000.0,42.0,52.8,23.55,5,0
성북구,안암동1가,2023,3,월세,연립다세대,1,12000.0,12000.0,,12000.0,12000.0,5.0,5.0,,1,0
성북구,안암동1가,2023,4,월세,연립다세대,1,6000.0,6000.0,,6000.0,6000.0,50.0,50.0,,1,0
성북구,안암동1가,2023,5,월세,연립다세대,3,6000.0,6333.3,5507.6,3500.0,9000.0,45.0,37.33,19.66,2,0
성북구,안암동1가,2023,5,전세,연립다세대,3,14000.0,13666.7,577.4,13500.0,14000.0,,,,2,0
성북구,안암동1가,2023,6,월세,연립다세대,2,3225.0,3225.0,318.2,3112.5,3337.5,36.0,36.0,8.49,0,0
성북구,안암동1가,2023,6,전세,연립다세대,1,8000.0,8000.0,,8000.0,8000.0,,,,1,0
성북구,안암동1가,2023,7,월세,연립다세대,2,1000.0,1000.0,0.0,1000.0,1000.0,74.5,74.5,34.65,1,0
성북구,안암동1가,2023,8,월세,연립다세대,1,1000.0,1000.0,,1000.0,1000.0,50.0,50.0,,1,0
성북구,안암동1가,2023,10,월세,연립다세대,2,1000.0,1000.0,0.0,1000.0,1000.0,54.0,54.0,1.41,2,0
성북구,안암동1가,2023,11,월세,연립다세대,2,3250.0,3250.0,3182.0,2125.0,4375.0,70.0,70.0,28.28,2,0
성북구,안암동1가,2023,11,전세,연립다세대,3,10000.0,9333.3,1154.7,9000.0,10000.0,,,,2,0
성북구,안암동1가,2023,12,월세,연립다세대,4,1000.0,875.0,250.0,875.0,1000.0,54.0,54.5,4.2,4,0
성북구,안암동1가,2024,1,월세,연립다세대,1,8000.0,8000.0,,8000.0,8000.0,10.0,10.0,,0,0
성북구,안암동1가,2024,2,월세,연립다세대,7,7500.0,5857.1,4607.2,1500.0,9000.0,15.0,26.86,21.74,3,0
성북구,안암동1가,2024,3,월세,연립다세대,3,3000.0,7000.0,6928.2,3000.0,9000.0,35.0,36.0,3.61,2,0
성북구,안암동1가,2024,4,월세,연립다세대,1,9000.0,9000.0,,9000.0,9000.0,10.0,10.0,,1,0
성북구,안암동1가,2024,5,월세,연립다세대,7,2000.0,2485.7,2113.8,1000.0,3500.0,60.0,61.57,7.59,7,0
성북구,안암동1가,2024,6,월세,연립다세대,1,1000.0,1000.0,,1000.0,1000.0,65.0,65.0,,1,0
성북구,안암동1가,2024,7,월세,연립다세대,4,5500.0,5250.0,4349.3,1750.0,9000.0,26.0,38.25,46.39,2,0
성북구,안암동1가,2024,8,월세,연립다세대,3,2500.0,2500.0,500.0,2250.0,2750.0,60.0,55.0,11.36,2,0
성북구,안암동1가,2024,9,월세,연립다세대,1,3000.0,3000.0,,3000.0,3000.0,64.0,64.0,,1,0
성북구,안암동1가,2024,10,월세,연립다세대,1,1000.0,1000.0,,1000.0,1000.0,58.0,58.0,,1,0
성북구,안암동1가,2024,11,월세,연립다세대,3,3000.0,4496.0,4929.3,1744.0,6500.0,45.0,46.0,6.56,3,0
성북구,안암동1가,2024,12,월세,연립다세대,9,1000.0,3277.8,3784.1,1000.0,5000.0,50.0,45.11,7.99,9,0
성북구,안암동1가,2025,1,월세,연립다세대,7,5000.0,5000.0,4509.2,1000.0,7500.0,50.0,51.43,16.79,7,0
성북구,안암동1가,2025,1,전세,연립다세대,1,19900.0,19900.0,,19900.0,19900.0,,,,0,0
성북구,안암동1가,2025,2,월세,연립다세대,3,3000.0,2333.3,1154.7,2000.0,3000.0,40.0,45.0,13.23,3,0
성북구,안암동1가,2025,3,전세,연립다세대,1,14000.0,14000.0,,14000.0,14000.0,,,,0,0
성북구,안암동1가,2025,5,월세,연립다세대,2,2000.0,2000.0,1414.2,1500.0,2500.0,44.0,44.0,8.49,2,0
성북구,안암동1가,2025,5,전세,연립다세대,1,11000.0,11000.0,,11000.0,11000.0,,,,1,0
성북구,안암동1가,2025,6,월세,연립다세대,7,2000.0,3340.9,2498.8,1500.0,5346.5,48.0,46.29,17.6,4,0
성북구,안암동1가,2025,7,월세,연립다세대,2,8400.0,8400.0,2262.7,7600.0,9200.0,57.0,57.0,32.53,2,0
성북구,안암동1가,2025,8,월세,연립다세대,1,12000.0,12000.0,,12000.0,12000.0,60.0,60.0,,1,0
성북구,안암동1가,2025,10,월세,연립다세대,4,3750.0,7375.0,9286.0,1750.0,9375.0,51.5,50.5,37.19,3,0
성북구,안암동1가,2025,11,월세,연립다세대,3,1000.0,1000.0,0.0,1000.0,1000.0,50.0,53.33,5.77,3,0
성북구,안암동1가,2025,12,월세,연립다세대,12,2000.0,3166.7,2972.1,1000.0,5000.0,54.5,57.33,25.98,12,0
성북구,안암동1가,2025,12,전세,연립다세대,1,20000.0,20000.0,,20000.0,20000.0,,,,0,0
성북구,안암동1가,2026,1,월세,연립다세대,3,5000.0,6666.7,6658.3,3000.0,9500.0,60.0,70.0,26.46,3,1
성북구,안암동1가,2026,1,전세,연립다세대,1,10000.0,10000.0,,10000.0,10000.0,,,,0,1
성북구,안암동1가,2026,2,월세,연립다세대,5,2000.0,3000.0,2345.2,1000.0,5000.0,50.0,53.4,27.53,4,1
성북구,안암동1가,2026,3,월세,연립다세대,2,1500.0,1500.0,707.1,1250.0,1750.0,59.5,59.5,7.78,2,1
성북구,안암동1가,2026,4,월세,연립다세대,3,9000.0,7000.0,3464.1,6000.0,9000.0,15.0,53.33,66.4,1,1
성북구,안암동1가,2026,4,전세,연립다세대,1,10000.0,10000.0,,10000.0,10000.0,,,,1,1
성북구,안암동1가,2026,5,월세,연립다세대,2,10500.0,10500.0,13435.0,5750.0,15250.0,32.0,32.0,39.6,2,1
성북구,안암동1가,2026,6,월세,연립다세대,2,18450.0,18450.0,16334.2,12675.0,24225.0,35.0,35.0,35.36,0,1
성북구,안암동1가,2026,7,월세,연립다세대,3,2000.0,4333.3,4932.9,1500.0,6000.0,52.0,45.67,13.65,2,1
성북구,안암동1가,2026,8,월세,연립다세대,3,5500.0,6166.7,3547.3,4250.0,7750.0,60.0,65.0,27.84,3,1
성북구,안암동1가,2026,9,월세,연립다세대,1,6000.0,6000.0,,6000.0,6000.0,50.0,50.0,,1,1
성북구,안암동2가,2021,1,월세,연립다세대,4,3500.0,3750.0,2500.0,2500.0,4750.0,62.5,60.0,26.77,4,0
성북구,안암동2가,2021,1,월세,오피스텔,2,750.0,750.0,353.6,625.0,875.0,49.0,49.0,5.66,0,0
성북구,안암동2가,2021,1,전세,연립다세대,3,8000.0,8166.7,763.8,7750.0,8500.0,,,,0,0
성북구,안암동2가,2021,2,월세,연립다세대,1,4000.0,4000.0,,4000.0,4000.0,75.0,75.0,,1,0
성북구,안암동2가,2021,2,월세,오피스텔,1,1000.0,1000.0,,1000.0,1000.0,50.0,50.0,,0,0
성북구,안암동2가,2021,3,월세,연립다세대,2,4000.0,4000.0,4242.6,2500.0,5500.0,47.5,47.5,45.96,1,0
성북구,안암동2가,2021,4,월세,연립다세대,1,500.0,500.0,,500.0,500.0,37.0,37.0,,1,0
성북구,안암동2가,2021,5,월세,연립다세대,3,4000.0,3333.3,2081.7,2500.0,4500.0,30.0,33.33,10.41,2,0
성북구,안암동2가,2021,5,월세,오피스텔,1,1000.0,1000.0,,1000.0,1000.0,45.0,45.0,,0,0
성북구,안암동2가,2021,6,월세,연립다세대,5,8000.0,6800.0,2138.9,5000.0,8500.0,10.0,28.0,28.42,5,0
성북구,안암동2가,2021,6,월세,오피스텔,2,1000.0,1000.0,0.0,1000.0,1000.0,50.0,50.0,0.0,2,0
성북구,안암동2가,2021,7,월세,연립다세대,2,6750.0,6750.0,2474.9,5875.0,7625.0,42.5,42.5,45.96,2,0
성북구,안암동2가,2021,7,월세,오피스텔,3,1000.0,1000.0,0.0,1000.0,1000.0,50.0,50.0,0.0,3,0
성북구,안암동2가,2021,7,전세,연립다세대,1,20000.0,20000.0,,20000.0,20000.0,,,,1,0
성북구,안암동2가,2021,8,월세,연립다세대,1,500.0,500.0,,500.0,500.0,45.0,45.0,,1,0
성북구,안암동2가,2021,8,전세,연립다세대,1,28000.0,28000.0,,28000.0,28000.0,,,,1,0
성북구,안암동2가,2021,9,월세,연립다세대,1,500.0,500.0,,500.0,500.0,42.0,42.0,,1,0
성북구,안암동2가,2021,10,월세,오피스텔,2,1000.0,1000.0,0.0,1000.0,1000.0,45.0,45.0,0.0,2,0
성북구,안암동2가,2021,11,월세,연립다세대,5,4500.0,3200.0,2018.7,1000.0,4500.0,16.0,28.2,22.94,5,0
성북구,안암동2가,2021,11,월세,오피스텔,2,1000.0,1000.0,0.0,1000.0,1000.0,47.5,47.5,3.54,2,0
성북구,안암동2가,2021,12,월세,연립다세대,8,1000.0,1750.0,1362.8,1000.0,2250.0,49.0,52.25,16.16,8,0
성북구,안암동2가,2022,1,월세,연립다세대,8,1000.0,1975.0,1704.4,1000.0,2625.0,47.5,41.25,18.71,8,0
성북구,안암동2가,2022,1,월세,오피스텔,1,1000.0,1000.0,,1000.0,1000.0,50.0,50.0,,1,0
성북구,안암동2가,2022,2,월세,연립다세대,10,1000.0,1750.0,1903.9,1000.0,1750.0,56.0,58.7,17.85,10,0
성북구,안암동2가,2022,2,월세,오피스텔,1,1000.0,1000.0,,1000.0,1000.0,50.0,50.0,,1,0
성북구,안암동2가,2022,5,전세,연립다세대,1,18000.0,18000.0,,18000.0,18000.0,,,,0,0
성북구,안암동2가,2022,6,월세,연립다세대,2,1000.0,1000.0,0.0,1000.0,1000.0,70.0,70.0,11.31,1,0
성북구,안암동2가,2022,6,전세,연립다세대,1,26500.0,26500.0,,26500.0,26500.0,,,,1,0
성북구,안암동2가,2022,7,월세,연립다세대,1,2000.0,2000.0,,2000.0,2000.0,40.0,40.0,,1,0
성북구,안암동2가,2022,8,월세,연립다세대,1,2000.0,2000.0,,2000.0,2000.0,80.0,80.0,,1,0
성북구,안암동2가,2022,11,월세,연립다세대,4,1000.0,875.0,250.0,875.0,1000.0,56.0,55.5,9.54,4,0
성북구,안암동2가,2022,11,전세,연립다세대,1,18000.0,18000.0,,18000.0,18000.0,,,,1,0
성북구,안암동2가,2022,12,월세,연립다세대,6,7000.0,5166.7,2857.7,3250.0,7000.0,45.0,48.33,11.25,6,0
성북구,안암동2가,2023,1,월세,연립다세대,3,1000.0,3000.0,3464.1,1000.0,4000.0,58.0,46.0,27.07,3,0
성북구,안암동2가,2023,2,월세,연립다세대,1,500.0,500.0,,500.0,500.0,45.0,45.0,,1,0
성북구,안암동2가,2023,2,전세,연립다세대,1,15000.0,15000.0,,15000.0,15000.0,,,,1,0
성북구,안암동2가,2023,4,월세,연립다세대,1,4500.0,4500.0,,4500.0,4500.0,29.0,29.0,,1,0
성북구,안암동2가,2023,5,월세,오피스텔,2,1000.0,1000.0,0.0,1000.0,1000.0,50.0,50.0,0.0,2,0
성북구,안암동2가,2023,6,월세,연립다세대,1,2000.0,2000.0,,2000.0,2000.0,40.0,40.0,,1,0
성북구,안암동2가,2023,6,전세,연립다세대,1,11000.0,11000.0,,11000.0,11000.0,,,,1,0
성북구,안암동2가,2023,8,월세,연립다세대,2,5000.0,5000.0,2828.4,4000.0,6000.0,50.0,50.0,49.5,2,0
성북구,안암동2가,2023,9,전세,연립다세대,1,12000.0,12000.0,,12000.0,12000.0,,,,1,0
성북구,안암동2가,2023,10,월세,연립다세대,1,500.0,500.0,,500.0,500.0,50.0,50.0,,1,0
성북구,안암동2가,2023,10,전세,연립다세대,1,8500.0,8500.0,,8500.0,8500.0,,,,1,0
성북구,안암동2가,2023,11,월세,연립다세대,6,1500.0,2916.7,2835.8,1000.0,3875.0,62.0,54.83,34.43,5,0
성북구,안암동2가,2023,11,월세,오피스텔,1,1000.0,1000.0,,1000.0,1000.0,50.0,50.0,,1,0
성북구,안암동2가,2023,12,월세,연립다세대,5,1000.0,2000.0,1414.2,1000.0,3000.0,80.0,68.8,18.14,4,0
성북구,안암동2가,2023,12,월세,오피스텔,2,1000.0,1000.0,0.0,1000.0,1000.0,50.0,50.0,0.0,2,0
성북구,안암동2가,2023,12,전세,연립다세대,1,8000.0,8000.0,,8000.0,8000.0,,,,1,0
성북구,안암동2가,2024,1,월세,연립다세대,1,1000.0,1000.0,,1000.0,1000.0,43.0,43.0,,1,0
성북구,안암동2가,2024,1,월세,오피스텔,4,1000.0,1000.0,0.0,1000.0,1000.0,57.5,56.25,4.79,3,0
성북구,안암동2가,2024,1,전세,연립다세대,1,8000.0,8000.0,,8000.0,8000.0,,,,1,0
성북구,안암동2가,2024,2,월세,연립다세대,4,1500.0,1500.0,577.4,1000.0,2000.0,82.5,75.75,26.49,3,0
성북구,안암동2가,2024,2,월세,오피스텔,1,1000.0,1000.0,,1000.0,1000.0,50.0,50.0,,0,0
성북구,안암동2가,2024,2,전세,연립다세대,1,20000.0,20000.0,,20000.0,20000.0,,,,1,0
성북구,안암동2가,2024,3,월세,연립다세대,1,1000.0,1000.0,,1000.0,1000.0,81.0,81.0,,1,0
성북구,안암동2가,2024,3,월세,오피스텔,1,1000.0,1000.0,,1000.0,1000.0,60.0,60.0,,0,0
성북구,안암동2가,2024,3,전세,연립다세대,1,18000.0,18000.0,,18000.0,18000.0,,,,0,0
성북구,안암동2가,2024,4,월세,연립다세대,1,7000.0,7000.0,,7000.0,7000.0,15.0,15.0,,1,0
성북구,안암동2가,2024,5,월세,연립다세대,4,4000.0,4250.0,3774.9,1000.0,7250.0,33.0,35.5,27.33,4,0
성북구,안암동2가,2024,5,월세,오피스텔,1,1000.0,1000.0,,1000.0,1000.0,50.0,50.0,,1,0
성북구,안암동2가,2024,6,월세,오피스텔,2,1000.0,1000.0,0.0,1000.0,1000.0,55.0,55.0,7.07,1,0
성북구,안암동2가,2024,6,전세,연립다세대,1,18000.0,18000.0,,18000.0,18000.0,,,,0,0
성북구,안암동2가,2024,7,월세,연립다세대,3,1000.0,1000.0,0.0,1000.0,1000.0,70.0,66.67,19.22,3,0
성북구,안암동2가,2024,7,월세,오피스텔,1,1000.0,1000.0,,1000.0,1000.0,50.0,50.0,,1,0
성북구,안암동2가,2024,7,전세,연립다세대,1,27600.0,27600.0,,27600.0,27600.0,,,,0,0
성북구,안암동2가,2024,8,월세,연립다세대,1,1000.0,1000.0,,1000.0,1000.0,42.0,42.0,,1,0
성북구,안암동2가,2024,9,월세,오피스텔,1,1000.0,1000.0,,1000.0,1000.0,50.0,50.0,,1,0
성북구,안암동2가,2024,11,월세,연립다세대,5,1000.0,2600.0,2190.9,1000.0,5000.0,60.0,54.6,15.03,5,0
성북구,안암동2가,2024,11,월세,오피스텔,1,1000.0,1000.0,,1000.0,1000.0,50.0,50.0,,1,0
성북구,안암동2가,2024,12,월세,연립다세대,6,1000.0,833.3,258.2,625.0,1000.0,49.5,51.5,10.41,5,0
성북구,안암동2가,2024,12,월세,오피스텔,1,1000.0,1000.0,,1000.0,1000.0,50.0,50.0,,1,0
성북구,안암동2가,2025,1,월세,연립다세대,9,1000.0,2833.3,2979.1,1000.0,5000.0,52.0,40.33,18.91,9,0
성북구,안암동2가,2025,2,월세,연립다세대,3,5000.0,4500.0,3278.7,3000.0,6250.0,55.0,41.67,27.54,3,0
성북구,안암동2가,2025,2,월세,오피스텔,2,1000.0,1000.0,0.0,1000.0,1000.0,50.0,50.0,0.0,1,0
성북구,안암동2가,2025,3,월세,연립다세대,1,100.0,100.0,,100.0,100.0,25.0,25.0,,1,0
성북구,안암동2가,2025,4,월세,연립다세대,1,1000.0,1000.0,,1000.0,1000.0,70.0,70.0,,1,0
성북구,안암동2가,2025,5,월세,연립다세대,1,1000.0,1000.0,,1000.0,1000.0,60.0,60.0,,1,0
성북구,안암동2가,2025,6,월세,연립다세대,1,5000.0,5000.0,,5000.0,5000.0,13.0,13.0,,1,0
성북구,안암동2가,2025,6,월세,오피스텔,4,1000.0,1000.0,0.0,1000.0,1000.0,50.0,50.0,0.0,4,0
성북구,안암동2가,2025,6,전세,연립다세대,1,9000.0,9000.0,,9000.0,9000.0,,,,0,0
성북구,안암동2가,2025,7,월세,연립다세대,5,2000.0,1800.0,447.2,2000.0,2000.0,67.0,70.8,14.62,5,0
성북구,안암동2가,2025,7,월세,오피스텔,1,1000.0,1000.0,,1000.0,1000.0,50.0,50.0,,1,0
성북구,안암동2가,2025,8,월세,연립다세대,2,1500.0,1500.0,707.1,1250.0,1750.0,65.0,65.0,19.8,2,0
성북구,안암동2가,2025,10,월세,연립다세대,2,3750.0,3750.0,1060.7,3375.0,4125.0,59.0,59.0,57.98,1,0
성북구,안암동2가,2025,10,전세,연립다세대,1,28000.0,28000.0,,28000.0,28000.0,,,,0,0
성북구,안암동2가,2025,11,월세,연립다세대,7,2000.0,2071.4,1170.1,1500.0,2000.0,56.0,48.86,24.46,7,0
성북구,안암동2가,2025,11,월세,오피스텔,2,600.0,600.0,565.7,400.0,800.0,100.0,100.0,70.71,2,0
성북구,안암동2가,2025,12,월세,연립다세대,9,1000.0,2444.4,2732.3,1000.0,2000.0,58.0,53.56,24.76,7,0
성북구,안암동2가,2025,12,월세,오피스텔,1,1000.0,1000.0,,1000.0,1000.0,50.0,50.0,,1,0
성북구,안암동2가,2025,12,전세,연립다세대,1,9000.0,9000.0,,9000.0,9000.0,,,,1,0
성북구,안암동2가,2026,1,월세,연립다세대,6,1500.0,1750.0,1084.0,1000.0,2750.0,58.0,61.67,15.2,6,1
성북구,안암동2가,2026,1,월세,오피스텔,7,1000.0,1000.0,0.0,1000.0,1000.0,50.0,50.0,0.0,7,1
성북구,안암동2가,2026,2,월세,연립다세대,4,2000.0,1750.0,500.0,1750.0,2000.0,64.0,72.0,30.08,4,1
성북구,안암동2가,2026,2,월세,오피스텔,3,1000.0,1000.0,0.0,1000.0,1000.0,50.0,50.0,0.0,3,1
성북구,안암동2가,2026,3,월세,연립다세대,4,2000.0,2500.0,1914.9,1000.0,3500.0,62.5,61.25,31.98,4,1
성북구,안암동2가,2026,4,월세,연립다세대,2,2500.0,2500.0,707.1,2250.0,2750.0,95.0,95.0,49.5,2,1
성북구,안암동2가,2026,4,월세,오피스텔,1,1000.0,1000.0,,1000.0,1000.0,50.0,50.0,,1,1
성북구,안암동2가,2026,5,월세,연립다세대,1,4000.0,4000.0,,4000.0,4000.0,100.0,100.0,,1,1
성북구,안암동2가,2026,6,월세,연립다세대,4,1000.0,2500.0,3000.0,1000.0,2500.0,34.0,37.0,22.57,4,1
성북구,안암동2가,2026,6,전세,연립다세대,1,9000.0,9000.0,,9000.0,9000.0,,,,0,1
성북구,안암동2가,2026,7,월세,연립다세대,3,1000.0,2166.7,2020.7,1000.0,2750.0,53.0,46.0,13.89,3,1
성북구,안암동2가,2026,7,월세,오피스텔,1,1000.0,1000.0,,1000.0,1000.0,50.0,50.0,,1,1
성북구,안암동2가,2026,8,월세,연립다세대,4,1000.0,2000.0,2000.0,1000.0,2000.0,52.5,56.25,21.06,1,1
성북구,안암동2가,2026,8,월세,오피스텔,1,1000.0,1000.0,,1000.0,1000.0,50.0,50.0,,1,1
성북구,안암동2가,2026,8,전세,연립다세대,1,22000.0,22000.0,,22000.0,22000.0,,,,1,1
성북구,안암동3가,2021,1,전세,연립다세대,1,22000.0,22000.0,,22000.0,22000.0,,,,0,0
성북구,안암동3가,2021,2,월세,연립다세대,1,1000.0,1000.0,,1000.0,1000.0,60.0,60.0,,0,0
성북구,안암동3가,2021,2,전세,연립다세대,2,33750.0,33750.0,1767.8,33125.0,34375.0,,,,2,0
성북구,안암동3가,2021,3,전세,연립다세대,1,25000.0,25000.0,,25000.0,25000.0,,,,1,0
성북구,안암동3가,2021,4,전세,연립다세대,1,32000.0,32000.0,,32000.0,32000.0,,,,1,0
성북구,안암동3가,2021,5,월세,연립다세대,1,2000.0,2000.0,,2000.0,2000.0,50.0,50.0,,0,0
성북구,안암동3가,2021,6,전세,연립다세대,2,30000.0,30000.0,0.0,30000.0,30000.0,,,,1,0
성북구,안암동3가,2021,7,월세,연립다세대,1,7000.0,7000.0,,7000.0,7000.0,90.0,90.0,,1,0
성북구,안암동3가,2021,7,전세,연립다세대,1,35000.0,35000.0,,35000.0,35000.0,,,,1,0
성북구,안암동3가,2021,8,월세,연립다세대,1,500.0,500.0,,500.0,500.0,40.0,40.0,,1,0
성북구,안암동3가,2021,8,전세,연립다세대,7,20000.0,18500.0,2943.9,17500.0,20250.0,,,,4,0
성북구,안암동3가,2021,9,월세,연립다세대,1,6837.0,6837.0,,6837.0,6837.0,15.0,15.0,,0,0
성북구,안암동3가,2021,9,전세,연립다세대,4,21000.0,22500.0,3000.0,21000.0,22500.0,,,,1,0
성북구,안암동3가,2021,10,월세,연립다세대,3,7000.0,5333.3,2886.8,4500.0,7000.0,90.0,73.33,28.87,3,0
성북구,안암동3가,2021,10,전세,연립다세대,2,27000.0,27000.0,9899.5,23500.0,30500.0,,,,1,0
성북구,안암동3가,2021,11,월세,연립다세대,1,1000.0,1000.0,,1000.0,1000.0,60.0,60.0,,1,0
성북구,안암동3가,2021,11,전세,연립다세대,1,21000.0,21000.0,,21000.0,21000.0,,,,0,0
성북구,안암동3가,2021,12,전세,연립다세대,2,32000.0,32000.0,15556.3,26500.0,37500.0,,,,2,0
성북구,안암동3가,2022,1,월세,연립다세대,2,6105.5,6105.5,5507.7,4158.25,8052.75,64.5,64.5,50.2,1,0
성북구,안암동3가,2022,2,월세,연립다세대,3,10000.0,8666.7,7094.6,5500.0,12500.0,50.0,58.33,14.43,3,0
성북구,안암동3가,2022,2,전세,연립다세대,1,23000.0,23000.0,,23000.0,23000.0,,,,1,0
성북구,안암동3가,2022,3,월세,연립다세대,2,1000.0,1000.0,0.0,1000.0,1000.0,40.0,40.0,0.0,2,0
성북구,안암동3가,2022,3,전세,연립다세대,3,16500.0,20500.0,11056.7,14250.0,24750.0,,,,1,0
성북구,안암동3가,2022,4,전세,연립다세대,6,21000.0,22450.0,8000.9,16025.0,29500.0,,,,2,0
성북구,안암동3가,2022,5,전세,연립다세대,4,23250.0,23625.0,8199.3,20375.0,26500.0,,,,2,0
성북구,안암동3가,2022,6,월세,연립다세대,2,28000.0,28000.0,0.0,28000.0,28000.0,40.0,40.0,0.0,2,0
성북구,안암동3가,2022,6,전세,연립다세대,2,9000.0,9000.0,0.0,9000.0,9000.0,,,,0,0
성북구,안암동3가,2022,7,월세,연립다세대,1,1000.0,1000.0,,1000.0,1000.0,60.0,60.0,,1,0
성북구,안암동3가,2022,7,전세,연립다세대,1,28000.0,28000.0,,28000.0,28000.0,,,,0,0
성북구,안암동3가,2022,8,월세,연립다세대,1,2500.0,2500.0,,2500.0,2500.0,80.0,80.0,,0,0
성북구,안암동3가,2022,8,전세,연립다세대,2,31500.0,31500.0,12020.8,27250.0,35750.0,,,,1,0
성북구,안암동3가,2022,12,월세,연립다세대,2,8500.0,8500.0,2121.3,7750.0,9250.0,21.0,21.0,26.87,0,0
성북구,안암동3가,2022,12,전세,연립다세대,1,20000.0,20000.0,,20000.0,20000.0,,,,1,0
성북구,안암동3가,2023,1,월세,연립다세대,1,1000.0,1000.0,,1000.0,1000.0,65.0,65.0,,1,0
성북구,안암동3가,2023,1,전세,연립다세대,3,21000.0,21500.0,8261.4,17250.0,25500.0,,,,3,0
성북구,안암동3가,2023,2,월세,연립다세대,1,1500.0,1500.0,,1500.0,1500.0,100.0,100.0,,1,0
성북구,안암동3가,2023,2,전세,연립다세대,5,17000.0,18340.0,4452.9,14700.0,22000.0,,,,3,0
성북구,안암동3가,2023,3,월세,연립다세대,1,10000.0,10000.0,,10000.0,10000.0,100.0,100.0,,1,0
성북구,안암동3가,2023,4,전세,연립다세대,2,28000.0,28000.0,0.0,28000.0,28000.0,,,,2,0
성북구,안암동3가,2023,5,전세,연립다세대,1,25000.0,25000.0,,25000.0,25000.0,,,,1,0
성북구,안암동3가,2023,6,월세,연립다세대,1,13000.0,13000.0,,13000.0,13000.0,30.0,30.0,,1,0
성북구,안암동3가,2023,7,월세,연립다세대,1,1000.0,1000.0,,1000.0,1000.0,45.0,45.0,,1,0
성북구,안암동3가,2023,7,전세,연립다세대,1,30000.0,30000.0,,30000.0,30000.0,,,,1,0
성북구,안암동3가,2023,8,전세,연립다세대,1,21000.0,21000.0,,21000.0,21000.0,,,,1,0
성북구,안암동3가,2023,9,월세,연립다세대,1,6979.0,6979.0,,6979.0,6979.0,17.0,17.0,,0,0
성북구,안암동3가,2023,9,전세,연립다세대,1,15000.0,15000.0,,15000.0,15000.0,,,,1,0
성북구,안암동3가,2023,10,월세,연립다세대,2,8500.0,8500.0,9192.4,5250.0,11750.0,55.0,55.0,7.07,2,0
성북구,안암동3가,2023,10,전세,연립다세대,1,29000.0,29000.0,,29000.0,29000.0,,,,0,0
성북구,안암동3가,2023,12,월세,연립다세대,3,1000.0,1000.0,0.0,1000.0,1000.0,45.0,46.67,7.64,3,0
성북구,안암동3가,2023,12,전세,연립다세대,1,34100.0,34100.0,,34100.0,34100.0,,,,0,0
성북구,안암동3가,2024,2,월세,연립다세대,1,10000.0,10000.0,,10000.0,10000.0,40.0,40.0,,1,0
성북구,안암동3가,2024,2,전세,연립다세대,2,27500.0,27500.0,10606.6,23750.0,31250.0,,,,2,0
성북구,안암동3가,2024,3,월세,연립다세대,3,1000.0,4000.0,5196.2,1000.0,5500.0,75.0,53.33,37.53,3,0
성북구,안암동3가,2024,3,전세,연립다세대,1,25000.0,25000.0,,25000.0,25000.0,,,,0,0
성북구,안암동3가,2024,4,월세,연립다세대,2,1000.0,1000.0,0.0,1000.0,1000.0,75.0,75.0,0.0,2,0
성북구,안암동3가,2024,5,월세,연립다세대,5,3000.0,7400.0,11081.5,1000.0,5000.0,60.0,69.0,46.69,5,0
성북구,안암동3가,2024,5,전세,연립다세대,1,9450.0,9450.0,,9450.0,9450.0,,,,0,0
성북구,안암동3가,2024,6,월세,연립다세대,1,1000.0,1000.0,,1000.0,1000.0,45.0,45.0,,1,0
성북구,안암동3가,2024,6,전세,연립다세대,1,31000.0,31000.0,,31000.0,31000.0,,,,1,0
성북구,안암동3가,2024,7,월세,연립다세대,4,21000.0,18250.0,8995.4,14250.0,25000.0,32.5,35.0,12.25,4,0
성북구,안암동3가,2024,7,전세,연립다세대,2,31850.0,31850.0,1626.3,31275.0,32425.0,,,,2,0
성북구,안암동3가,2024,10,전세,연립다세대,2,32000.0,32000.0,11313.7,28000.0,36000.0,,,,1,0
성북구,안암동3가,2024,12,월세,연립다세대,2,13000.0,13000.0,16970.6,7000.0,19000.0,47.5,47.5,10.61,1,0
성북구,안암동3가,2024,12,전세,연립다세대,1,35000.0,35000.0,,35000.0,35000.0,,,,1,0
성북구,안암동3가,2025,1,월세,연립다세대,2,1000.0,1000.0,0.0,1000.0,1000.0,45.0,45.0,0.0,2,0
성북구,안암동3가,2025,1,전세,연립다세대,2,25000.0,25000.0,0.0,25000.0,25000.0,,,,2,0
성북구,안암동3가,2025,2,월세,연립다세대,4,7950.0,7950.0,6870.5,2000.0,13900.0,35.0,42.5,39.48,4,0
성북구,안암동3가,2025,2,전세,연립다세대,2,29000.0,29000.0,8485.3,26000.0,32000.0,,,,1,0
성북구,안암동3가,2025,3,월세,연립다세대,1,4000.0,4000.0,,4000.0,4000.0,120.0,120.0,,1,0
성북구,안암동3가,2025,3,전세,연립다세대,3,30000.0,29333.3,6027.7,26500.0,32500.0,,,,3,0
성북구,안암동3가,2025,4,월세,연립다세대,1,1000.0,1000.0,,1000.0,1000.0,45.0,45.0,,1,0
성북구,안암동3가,2025,5,월세,연립다세대,1,13000.0,13000.0,,13000.0,13000.0,42.0,42.0,,1,0
성북구,안암동3가,2025,6,월세,연립다세대,3,3000.0,3000.0,2000.0,2000.0,4000.0,50.0,75.0,47.7,3,0
성북구,안암동3가,2025,7,월세,연립다세대,1,3000.0,3000.0,,3000.0,3000.0,75.0,75.0,,1,0
성북구,안암동3가,2025,8,월세,연립다세대,2,13500.0,13500.0,4949.7,11750.0,15250.0,30.0,30.0,14.14,1,0
성북구,안암동3가,2025,8,전세,연립다세대,2,13000.0,13000.0,9899.5,9500.0,16500.0,,,,2,0
성북구,안암동3가,2025,9,월세,연립다세대,2,4047.5,4047.5,4309.8,2523.75,5571.25,51.5,51.5,47.38,2,0
성북구,안암동3가,2025,9,전세,연립다세대,1,21000.0,21000.0,,21000.0,21000.0,,,,0,0
성북구,안암동3가,2025,10,월세,연립다세대,3,2000.0,2000.0,1000.0,1500.0,2500.0,63.0,76.0,39.15,2,0
성북구,안암동3가,2025,11,월세,연립다세대,1,2000.0,2000.0,,2000.0,2000.0,50.0,50.0,,1,0
성북구,안암동3가,2025,12,월세,연립다세대,1,3000.0,3000.0,,3000.0,3000.0,85.0,85.0,,1,0
성북구,안암동3가,2026,1,월세,연립다세대,4,10000.0,7750.0,4500.0,7750.0,10000.0,20.0,30.0,20.0,4,1
성북구,안암동3가,2026,1,전세,연립다세대,1,35000.0,35000.0,,35000.0,35000.0,,,,1,1
성북구,안암동3가,2026,2,월세,연립다세대,2,2500.0,2500.0,707.1,2250.0,2750.0,87.5,87.5,45.96,2,1
성북구,안암동3가,2026,2,전세,연립다세대,2,31000.0,31000.0,1414.2,30500.0,31500.0,,,,2,1
성북구,안암동3가,2026,3,월세,연립다세대,2,6500.0,6500.0,7778.2,3750.0,9250.0,60.0,60.0,0.0,2,1
성북구,안암동3가,2026,3,전세,연립다세대,1,16500.0,16500.0,,16500.0,16500.0,,,,1,1
성북구,안암동3가,2026,4,전세,연립다세대,1,20000.0,20000.0,,20000.0,20000.0,,,,1,1
성북구,안암동3가,2026,5,월세,연립다세대,1,27000.0,27000.0,,27000.0,27000.0,45.0,45.0,,0,1
성북구,안암동3가,2026,5,전세,연립다세대,2,32000.0,32000.0,707.1,31750.0,32250.0,,,,0,1
성북구,안암동3가,2026,6,월세,연립다세대,2,1000.0,1000.0,0.0,1000.0,1000.0,62.5,62.5,24.75,2,1
성북구,안암동3가,2026,9,월세,연립다세대,1,25000.0,25000.0,,25000.0,25000.0,30.0,30.0,,0,1
성북구,안암동4가,2021,2,전세,연립다세대,1,15000.0,15000.0,,15000.0,15000.0,,,,0,0
성북구,안암동4가,2021,3,월세,연립다세대,1,1000.0,1000.0,,1000.0,1000.0,40.0,40.0,,0,0
성북구,안암동4가,2021,4,월세,연립다세대,1,3000.0,3000.0,,3000.0,3000.0,50.0,50.0,,0,0
성북구,안암동4가,2021,5,월세,연립다세대,1,9000.0,9000.0,,9000.0,9000.0,60.0,60.0,,0,0
성북구,안암동4가,2021,7,월세,오피스텔,1,3500.0,3500.0,,3500.0,3500.0,30.0,30.0,,1,0
성북구,안암동4가,2021,9,월세,오피스텔,1,2000.0,2000.0,,2000.0,2000.0,45.0,45.0,,1,0
성북구,안암동4가,2021,11,월세,오피스텔,1,1000.0,1000.0,,1000.0,1000.0,55.0,55.0,,1,0
성북구,안암동4가,2021,12,월세,연립다세대,1,1000.0,1000.0,,1000.0,1000.0,55.0,55.0,,1,0
성북구,안암동4가,2021,12,월세,오피스텔,1,1000.0,1000.0,,1000.0,1000.0,54.0,54.0,,1,0
성북구,안암동4가,2022,1,월세,오피스텔,1,1000.0,1000.0,,1000.0,1000.0,45.0,45.0,,1,0
성북구,안암동4가,2022,1,전세,연립다세대,1,25000.0,25000.0,,25000.0,25000.0,,,,1,0
성북구,안암동4가,2022,2,월세,연립다세대,1,2000.0,2000.0,,2000.0,2000.0,60.0,60.0,,1,0
성북구,안암동4가,2022,3,전세,연립다세대,1,30000.0,30000.0,,30000.0,30000.0,,,,1,0
성북구,안암동4가,2022,4,월세,연립다세대,1,6000.0,6000.0,,6000.0,6000.0,90.0,90.0,,1,0
성북구,안암동4가,2022,4,전세,연립다세대,2,12600.0,12600.0,565.7,12400.0,12800.0,,,,1,0
성북구,안암동4가,2022,7,월세,연립다세대,1,1000.0,1000.0,,1000.0,1000.0,50.0,50.0,,1,0
성북구,안암동4가,2022,8,월세,연립다세대,2,1000.0,1000.0,0.0,1000.0,1000.0,53.5,53.5,4.95,2,0
성북구,안암동4가,2022,11,월세,연립다세대,1,3000.0,3000.0,,3000.0,3000.0,45.0,45.0,,1,0
성북구,안암동4가,2022,12,월세,연립다세대,2,3000.0,3000.0,2828.4,2000.0,4000.0,50.0,50.0,7.07,2,0
성북구,안암동4가,2023,1,월세,연립다세대,4,1000.0,3250.0,4839.1,875.0,3375.0,36.0,34.25,11.5,2,0
성북구,안암동4가,2023,2,월세,연립다세대,3,4000.0,6000.0,6245.0,2500.0,8500.0,50.0,50.67,4.04,3,0
성북구,안암동4가,2023,3,월세,연립다세대,2,4350.0,4350.0,1909.2,3675.0,5025.0,51.0,51.0,1.41,2,0
성북구,안암동4가,2023,5,월세,연립다세대,4,5000.0,5000.0,0.0,5000.0,5000.0,50.0,50.0,0.0,4,0
성북구,안암동4가,2023,10,월세,연립다세대,2,3500.0,3500.0,2121.3,2750.0,4250.0,46.0,46.0,5.66,2,0
성북구,안암동4가,2023,12,월세,연립다세대,1,4000.0,4000.0,,4000.0,4000.0,55.0,55.0,,1,0
성북구,안암동4가,2024,1,월세,연립다세대,1,1000.0,1000.0,,1000.0,1000.0,57.0,57.0,,1,0
성북구,안암동4가,2024,1,월세,오피스텔,1,1500.0,1500.0,,1500.0,1500.0,39.0,39.0,,1,0
성북구,안암동4가,2024,4,월세,연립다세대,2,2250.0,2250.0,2474.9,1375.0,3125.0,49.0,49.0,4.24,1,0
성북구,안암동4가,2024,4,전세,연립다세대,1,12810.0,12810.0,,12810.0,12810.0,,,,1,0
성북구,안암동4가,2024,5,월세,연립다세대,1,3000.0,3000.0,,3000.0,3000.0,52.0,52.0,,1,0
성북구,안암동4가,2024,6,월세,연립다세대,1,2000.0,2000.0,,2000.0,2000.0,47.0,47.0,,1,0
성북구,안암동4가,2024,7,월세,연립다세대,3,1000.0,2000.0,1732.1,1000.0,2500.0,49.0,51.0,3.46,2,0
성북구,안암동4가,2024,8,월세,연립다세대,1,3000.0,3000.0,,3000.0,3000.0,52.0,52.0,,1,0
성북구,안암동4가,2024,10,월세,연립다세대,1,2000.0,2000.0,,2000.0,2000.0,39.0,39.0,,0,0
성북구,안암동4가,2024,10,전세,연립다세대,2,11000.0,11000.0,1414.2,10500.0,11500.0,,,,1,0
성북구,안암동4가,2024,11,월세,연립다세대,1,3000.0,3000.0,,3000.0,3000.0,37.0,37.0,,1,0
성북구,안암동4가,2024,11,월세,오피스텔,1,2000.0,2000.0,,2000.0,2000.0,39.0,39.0,,1,0
성북구,안암동4가,2024,12,월세,연립다세대,2,2000.0,2000.0,0.0,2000.0,2000.0,80.0,80.0,0.0,1,0
성북구,안암동4가,2024,12,월세,오피스텔,1,1000.0,1000.0,,1000.0,1000.0,45.0,45.0,,1,0
성북구,안암동4가,2024,12,전세,연립다세대,1,10000.0,10000.0,,10000.0,10000.0,,,,1,0
성북구,안암동4가,2025,1,월세,연립다세대,1,1000.0,1000.0,,1000.0,1000.0,59.0,59.0,,0,0
성북구,안암동4가,2025,1,전세,연립다세대,2,9700.0,9700.0,424.3,9550.0,9850.0,,,,2,0
성북구,안암동4가,2025,2,전세,연립다세대,1,9400.0,9400.0,,9400.0,9400.0,,,,1,0
성북구,안암동4가,2025,5,월세,연립다세대,1,10000.0,10000.0,,10000.0,10000.0,145.0,145.0,,1,0
성북구,안암동4가,2025,6,월세,연립다세대,2,2000.0,2000.0,0.0,2000.0,2000.0,45.0,45.0,0.0,2,0
성북구,안암동4가,2025,6,월세,오피스텔,1,1000.0,1000.0,,1000.0,1000.0,45.0,45.0,,1,0
성북구,안암동4가,2025,8,월세,연립다세대,1,5000.0,5000.0,,5000.0,5000.0,115.0,115.0,,1,0
성북구,안암동4가,2025,12,월세,연립다세대,1,5000.0,5000.0,,5000.0,5000.0,55.0,55.0,,1,0
성북구,안암동4가,2025,12,월세,오피스텔,2,1000.0,1000.0,0.0,1000.0,1000.0,41.5,41.5,3.54,2,0
성북구,안암동4가,2026,1,월세,연립다세대,2,3000.0,3000.0,2828.4,2000.0,4000.0,75.0,75.0,35.36,2,1
성북구,안암동4가,2026,2,월세,연립다세대,1,4000.0,4000.0,,4000.0,4000.0,48.0,48.0,,0,1
성북구,안암동4가,2026,2,월세,오피스텔,1,1000.0,1000.0,,1000.0,1000.0,55.0,55.0,,1,1
성북구,안암동4가,2026,3,월세,오피스텔,1,1000.0,1000.0,,1000.0,1000.0,42.0,42.0,,1,1
성북구,안암동4가,2026,5,월세,연립다세대,1,3000.0,3000.0,,3000.0,3000.0,37.0,37.0,,1,1
성북구,안암동4가,2026,8,월세,연립다세대,1,2500.0,2500.0,,2500.0,2500.0,29.0,29.0,,1,1
성북구,안암동5가,2021,1,월세,연립다세대,18,1000.0,2083.3,2556.7,1000.0,2000.0,55.0,53.67,12.61,11,0
성북구,안암동5가,2021,1,전세,연립다세대,4,11500.0,11250.0,1707.8,10500.0,12250.0,,,,3,0
성북구,안암동5가,2021,2,월세,연립다세대,9,1000.0,1888.9,1166.7,1000.0,3000.0,60.0,53.44,14.38,6,0
성북구,안암동5가,2021,3,월세,연립다세대,2,1500.0,1500.0,707.1,1250.0,1750.0,55.0,55.0,14.14,1,0
성북구,안암동5가,2021,5,월세,연립다세대,2,1000.0,1000.0,0.0,1000.0,1000.0,59.0,59.0,19.8,1,0
성북구,안암동5가,2021,5,전세,연립다세대,2,9250.0,9250.0,4596.2,7625.0,10875.0,,,,1,0
성북구,안암동5가,2021,6,월세,연립다세대,5,1000.0,2600.0,2190.9,1000.0,5000.0,65.0,75.0,24.24,5,0
성북구,안암동5가,2021,6,전세,연립다세대,5,8100.0,7960.0,260.8,8000.0,8100.0,,,,0,0
성북구,안암동5가,2021,7,월세,연립다세대,7,1000.0,2071.4,3284.2,750.0,1000.0,65.0,57.14,21.19,7,0
성북구,안암동5가,2021,8,월세,연립다세대,2,500.0,500.0,707.1,250.0,750.0,66.0,66.0,5.66,2,0
성북구,안암동5가,2021,8,전세,연립다세대,2,12500.0,12500.0,707.1,12250.0,12750.0,,,,2,0
성북구,안암동5가,2021,10,전세,연립다세대,4,11250.0,11125.0,1750.0,10125.0,12250.0,,,,4,0
성북구,안암동5가,2021,11,월세,연립다세대,2,3000.0,3000.0,2828.4,2000.0,4000.0,49.5,49.5,21.92,2,0
성북구,안암동5가,2021,11,전세,연립다세대,3,10500.0,13500.0,5634.7,10250.0,15250.0,,,,2,0
성북구,안암동5가,2021,12,월세,연립다세대,16,1500.0,1562.5,629.2,1000.0,2000.0,59.0,58.94,4.75,14,0
성북구,안암동5가,2021,12,전세,연립다세대,2,12000.0,12000.0,0.0,12000.0,12000.0,,,,2,0
성북구,안암동5가,2022,1,월세,연립다세대,19,1000.0,1342.1,708.1,1000.0,1500.0,55.0,55.68,7.56,19,0
성북구,안암동5가,2022,1,전세,연립다세대,2,15000.0,15000.0,8485.3,12000.0,18000.0,,,,2,0
성북구,안암동5가,2022,2,월세,연립다세대,12,1000.0,1916.7,2609.7,1000.0,1000.0,60.0,62.0,22.94,12,0
성북구,안암동5가,2022,3,월세,연립다세대,1,18000.0,18000.0,,18000.0,18000.0,40.0,40.0,,1,0
성북구,안암동5가,2022,4,월세,연립다세대,1,2000.0,2000.0,,2000.0,2000.0,110.0,110.0,,0,0
성북구,안암동5가,2022,4,전세,연립다세대,2,28250.0,28250.0,30759.1,17375.0,39125.0,,,,2,0
성북구,안암동5가,2022,5,월세,연립다세대,3,1000.0,1000.0,0.0,1000.0,1000.0,65.0,64.0,8.54,3,0
성북구,안암동5가,2022,6,월세,연립다세대,5,1000.0,1400.0,547.7,1000.0,2000.0,60.0,66.6,25.94,5,0
성북구,안암동5가,2022,6,전세,연립다세대,2,37500.0,37500.0,17677.7,31250.0,43750.0,,,,2,0
성북구,안암동5가,2022,7,월세,연립다세대,7,2000.0,5571.4,5503.2,1500.0,9000.0,60.0,69.71,30.12,7,0
성북구,안암동5가,2022,7,전세,연립다세대,2,7250.0,7250.0,4596.2,5625.0,8875.0,,,,0,0
성북구,안암동5가,2022,8,월세,연립다세대,1,13000.0,13000.0,,13000.0,13000.0,35.0,35.0,,1,0
성북구,안암동5가,2022,8,전세,연립다세대,1,16800.0,16800.0,,16800.0,16800.0,,,,0,0
성북구,안암동5가,2022,9,월세,연립다세대,1,1000.0,1000.0,,1000.0,1000.0,65.0,65.0,,1,0
성북구,안암동5가,2022,10,월세,연립다세대,4,1500.0,1500.0,577.4,1000.0,2000.0,110.0,108.75,59.21,4,0
성북구,안암동5가,2022,11,월세,연립다세대,15,1000.0,1366.7,743.2,1000.0,2000.0,160.0,120.47,59.01,13,0
성북구,안암동5가,2022,12,월세,연립다세대,21,1000.0,1476.2,980.8,1000.0,2000.0,63.0,82.43,58.21,19,0
성북구,안암동5가,2022,12,전세,연립다세대,1,11500.0,11500.0,,11500.0,11500.0,,,,0,0
성북구,안암동5가,2023,1,월세,연립다세대,11,1000.0,1545.5,687.6,1000.0,2000.0,63.0,89.36,48.77,10,0
성북구,안암동5가,2023,1,전세,연립다세대,1,4000.0,4000.0,,4000.0,4000.0,,,,0,0
성북구,안암동5가,2023,2,월세,연립다세대,10,1000.0,1400.0,516.4,1000.0,2000.0,65.0,80.8,41.21,10,0
성북구,안암동5가,2023,5,월세,연립다세대,5,1000.0,1000.0,0.0,1000.0,1000.0,66.0,63.8,5.5,5,0
성북구,안암동5가,2023,5,전세,연립다세대,2,9250.0,9250.0,353.6,9125.0,9375.0,,,,1,0
성북구,안암동5가,2023,6,월세,연립다세대,7,1000.0,1142.9,378.0,1000.0,1000.0,58.0,56.29,9.96,7,0
성북구,안암동5가,2023,6,월세,오피스텔,1,1000.0,1000.0,,1000.0,1000.0,72.0,72.0,,1,0
성북구,안암동5가,2023,6,전세,연립다세대,1,40000.0,40000.0,,40000.0,40000.0,,,,1,0
성북구,안암동5가,2023,7,월세,연립다세대,4,1500.0,1750.0,957.4,1000.0,2250.0,66.5,67.0,6.78,4,0
성북구,안암동5가,2023,8,월세,연립다세대,2,1000.0,1000.0,0.0,1000.0,1000.0,112.5,112.5,74.25,2,0
성북구,안암동5가,2023,8,전세,연립다세대,1,14000.0,14000.0,,14000.0,14000.0,,,,1,0
성북구,안암동5가,2023,10,월세,연립다세대,4,1500.0,1500.0,577.4,1000.0,2000.0,68.5,73.25,14.15,4,0
성북구,안암동5가,2023,10,전세,연립다세대,1,14000.0,14000.0,,14000.0,14000.0,,,,0,0
성북구,안암동5가,2023,11,월세,연립다세대,11,1000.0,1700.0,1374.8,1000.0,1500.0,68.0,73.55,28.21,10,0
성북구,안암동5가,2023,11,전세,연립다세대,2,50000.0,50000.0,0.0,50000.0,50000.0,,,,2,0
성북구,안암동5가,2023,12,월세,연립다세대,30,1000.0,1476.7,959.1,1000.0,2000.0,70.0,86.83,37.25,27,0
성북구,안암동5가,2023,12,전세,연립다세대,2,10250.0,10250.0,1767.8,9625.0,10875.0,,,,2,0
성북구,안암동5가,2024,1,월세,연립다세대,18,1000.0,2777.8,4439.9,1000.0,2750.0,68.0,86.33,41.52,17,0
성북구,안암동5가,2024,1,전세,연립다세대,4,9750.0,11825.0,6662.5,6950.0,14625.0,,,,3,0
성북구,안암동5가,2024,2,월세,연립다세대,14,1000.0,1357.1,633.3,1000.0,1750.0,60.0,70.07,23.63,13,0
성북구,안암동5가,2024,2,전세,연립다세대,1,10000.0,10000.0,,10000.0,10000.0,,,,1,0
성북구,안암동5가,2024,3,월세,연립다세대,4,2000.0,2000.0,1154.7,1000.0,3000.0,65.0,87.0,55.91,3,0
성북구,안암동5가,2024,3,전세,연립다세대,2,9000.0,9000.0,0.0,9000.0,9000.0,,,,2,0
성북구,안암동5가,2024,4,월세,연립다세대,2,3500.0,3500.0,2121.3,2750.0,4250.0,62.5,62.5,17.68,2,0
성북구,안암동5가,2024,5,월세,연립다세대,2,3000.0,3000.0,2828.4,2000.0,4000.0,68.5,68.5,16.26,2,0
성북구,안암동5가,2024,6,월세,연립다세대,4,1000.0,1250.0,500.0,1000.0,1250.0,60.0,59.0,10.71,4,0
성북구,안암동5가,2024,6,전세,연립다세대,3,9000.0,9000.0,0.0,9000.0,9000.0,,,,3,0
성북구,안암동5가,2024,7,월세,연립다세대,7,1000.0,1428.6,786.8,1000.0,1500.0,63.0,76.57,40.03,6,0
성북구,안암동5가,2024,8,월세,연립다세대,6,1000.0,1500.0,836.7,1000.0,1750.0,68.5,82.33,41.04,6,0
성북구,안암동5가,2024,8,전세,연립다세대,1,47000.0,47000.0,,47000.0,47000.0,,,,0,0
성북구,안암동5가,2024,9,월세,연립다세대,1,2000.0,2000.0,,2000.0,2000.0,42.0,42.0,,1,0
성북구,안암동5가,2024,10,월세,연립다세대,2,1500.0,1500.0,707.1,1250.0,1750.0,118.5,118.5,72.83,2,0
성북구,안암동5가,2024,10,전세,연립다세대,1,9000.0,9000.0,,9000.0,9000.0,,,,1,0
성북구,안암동5가,2024,11,월세,연립다세대,8,2250.0,2125.0,790.6,1750.0,2625.0,73.0,95.0,38.68,8,0
성북구,안암동5가,2024,12,월세,연립다세대,20,2000.0,2000.0,1256.6,1000.0,2250.0,61.0,66.05,24.01,20,0
성북구,안암동5가,2024,12,전세,연립다세대,2,14000.0,14000.0,0.0,14000.0,14000.0,,,,2,0
성북구,안암동5가,2025,1,월세,연립다세대,13,1000.0,3769.2,9391.1,1000.0,1000.0,60.0,59.46,7.38,13,0
성북구,안암동5가,2025,1,전세,연립다세대,3,9500.0,10166.7,1607.3,9250.0,10750.0,,,,3,0
성북구,안암동5가,2025,2,월세,연립다세대,10,1000.0,1600.0,1075.0,1000.0,1750.0,68.0,76.9,34.18,10,0
성북구,안암동5가,2025,2,전세,연립다세대,2,18000.0,18000.0,0.0,18000.0,18000.0,,,,2,0
성북구,안암동5가,2025,3,월세,연립다세대,3,1000.0,1333.3,577.4,1000.0,1500.0,70.0,78.33,38.19,3,0
성북구,안암동5가,2025,3,전세,연립다세대,1,17000.0,17000.0,,17000.0,17000.0,,,,1,0
성북구,안암동5가,2025,4,월세,연립다세대,1,1000.0,1000.0,,1000.0,1000.0,65.0,65.0,,1,0
성북구,안암동5가,2025,4,전세,연립다세대,1,47000.0,47000.0,,47000.0,47000.0,,,,1,0
성북구,안암동5가,2025,5,월세,연립다세대,1,1000.0,1000.0,,1000.0,1000.0,57.0,57.0,,1,0
성북구,안암동5가,2025,5,전세,연립다세대,1,50000.0,50000.0,,50000.0,50000.0,,,,1,0
성북구,안암동5가,2025,6,월세,연립다세대,10,1000.0,1200.0,632.5,1000.0,1000.0,65.5,66.0,10.7,10,0
성북구,안암동5가,2025,7,월세,연립다세대,12,1000.0,1583.3,793.0,1000.0,2000.0,65.0,61.83,10.06,12,0
성북구,안암동5가,2025,8,월세,연립다세대,4,1000.0,1250.0,500.0,1000.0,1250.0,96.0,106.75,45.19,4,0
성북구,안암동5가,2025,9,월세,연립다세대,1,2000.0,2000.0,,2000.0,2000.0,170.0,170.0,,1,0
성북구,안암동5가,2025,9,전세,연립다세대,1,8500.0,8500.0,,8500.0,8500.0,,,,1,0
성북구,안암동5가,2025,10,월세,연립다세대,1,2000.0,2000.0,,2000.0,2000.0,170.0,170.0,,1,0
성북구,안암동5가,2025,10,전세,연립다세대,1,22000.0,22000.0,,22000.0,22000.0,,,,1,0
성북구,안암동5가,2025,11,월세,연립다세대,16,1000.0,1143.8,557.3,1000.0,1250.0,71.0,70.25,13.43,16,0
성북구,안암동5가,2025,11,전세,연립다세대,1,11000.0,11000.0,,11000.0,11000.0,,,,1,0
성북구,안암동5가,2025,12,월세,연립다세대,16,2000.0,2312.5,2301.3,1000.0,2000.0,69.0,65.62,22.62,16,0
성북구,안암동5가,2026,1,월세,연립다세대,23,1000.0,1326.1,595.6,1000.0,1500.0,64.0,62.65,14.98,23,1
성북구,안암동5가,2026,1,전세,연립다세대,1,13000.0,13000.0,,13000.0,13000.0,,,,1,1
성북구,안암동5가,2026,2,월세,연립다세대,16,1500.0,1875.0,1147.5,1000.0,2250.0,66.0,68.94,23.83,16,1
성북구,안암동5가,2026,3,월세,연립다세대,9,2000.0,3000.0,2783.9,1000.0,5000.0,70.0,80.56,42.68,9,1
성북구,안암동5가,2026,4,월세,연립다세대,1,1000.0,1000.0,,1000.0,1000.0,79.0,79.0,,1,1
성북구,안암동5가,2026,5,월세,연립다세대,5,2000.0,1600.0,547.7,1000.0,2000.0,65.0,61.6,13.69,5,1
성북구,안암동5가,2026,6,월세,연립다세대,17,1000.0,1829.4,2152.3,1000.0,1000.0,65.0,56.47,20.83,17,1
성북구,안암동5가,2026,6,전세,연립다세대,2,28000.0,28000.0,31112.7,17000.0,39000.0,,,,1,1
성북구,안암동5가,2026,7,월세,연립다세대,6,1000.0,1000.0,0.0,1000.0,1000.0,71.5,89.0,34.83,6,1
성북구,안암동5가,2026,8,월세,연립다세대,13,1000.0,1461.5,660.2,1000.0,2000.0,74.0,91.23,39.28,12,1
성북구,안암동5가,2026,8,전세,연립다세대,1,9500.0,9500.0,,9500.0,9500.0,,,,1,1
성북구,안암동5가,2026,9,월세,연립다세대,1,2000.0,2000.0,,2000.0,2000.0,38.0,38.0,,1,1
성북구,장위동,2021,1,월세,연립다세대,13,3200.0,5658.5,6360.3,781.0,7000.0,35.0,35.69,19.33,1,0
성북구,장위동,2021,1,월세,오피스텔,5,500.0,1500.0,1968.5,500.0,1000.0,50.0,45.4,8.71,0,0
성북구,장위동,2021,1,전세,연립다세대,84,17000.0,16590.2,6263.6,14000.0,20000.0,,,,4,0
성북구,장위동,2021,1,전세,오피스텔,1,11000.0,11000.0,,11000.0,11000.0,,,,0,0
성북구,장위동,2021,2,월세,연립다세대,10,2000.0,4543.2,6056.8,1411.5,3000.0,35.0,37.6,19.23,1,0
성북구,장위동,2021,2,월세,오피스텔,2,750.0,750.0,353.6,625.0,875.0,50.0,50.0,0.0,0,0
성북구,장위동,2021,2,전세,연립다세대,80,17000.0,17140.0,4785.5,14000.0,20000.0,,,,2,0
성북구,장위동,2021,2,전세,오피스텔,1,12000.0,12000.0,,12000.0,12000.0,,,,0,0
성북구,장위동,2021,3,월세,연립다세대,14,4000.0,3770.6,2981.0,1549.5,5000.0,35.0,37.57,17.25,0,0
성북구,장위동,2021,3,월세,오피스텔,2,750.0,750.0,353.6,625.0,875.0,43.5,43.5,4.95,0,0
성북구,장위동,2021,3,전세,연립다세대,82,18000.0,17725.9,5377.8,15812.5,21000.0,,,,1,0
성북구,장위동,2021,3,전세,오피스텔,3,9000.0,10000.0,2645.8,8500.0,11000.0,,,,0,0
성북구,장위동,2021,4,월세,연립다세대,24,1986.5,2638.2,2041.5,1464.75,3345.5,25.5,34.67,22.42,0,0
성북구,장위동,2021,4,전세,연립다세대,100,18000.0,17180.2,4768.9,14000.0,20000.0,,,,15,0
성북구,장위동,2021,4,전세,오피스텔,2,12000.0,12000.0,1414.2,11500.0,12500.0,,,,0,0
성북구,장위동,2021,5,월세,연립다세대,20,1556.0,1945.8,1632.6,1000.0,2000.0,23.0,28.6,17.05,0,0
성북구,장위동,2021,5,월세,오피스텔,2,750.0,750.0,353.6,625.0,875.0,46.0,46.0,5.66,0,0
성북구,장위동,2021,5,전세,연립다세대,52,18000.0,18025.4,7242.8,12425.0,22250.0,,,,1,0
성북구,장위동,2021,5,전세,오피스텔,1,10500.0,10500.0,,10500.0,10500.0,,,,0,0
성북구,장위동,2021,6,월세,연립다세대,15,3000.0,4786.6,3651.4,1837.5,7393.0,35.0,33.13,16.93,5,0
성북구,장위동,2021,6,월세,오피스텔,2,400.0,400.0,141.4,350.0,450.0,52.5,52.5,0.71,2,0
성북구,장위동,2021,6,전세,연립다세대,142,18000.0,18064.1,5774.9,14000.0,22762.5,,,,75,0
성북구,장위동,2021,6,전세,오피스텔,2,10750.0,10750.0,353.6,10625.0,10875.0,,,,2,0
성북구,장위동,2021,7,월세,연립다세대,13,4000.0,5500.8,4572.1,2000.0,10000.0,33.0,38.31,19.08,4,0
성북구,장위동,2021,7,월세,오피스텔,4,500.0,512.5,388.1,387.5,625.0,45.5,45.0,2.45,3,0
성북구,장위동,2021,7,전세,연립다세대,95,19000.0,18719.7,5908.8,15200.0,22000.0,,,,59,0
성북구,장위동,2021,7,전세,오피스텔,11,10500.0,10836.4,961.7,10237.5,11500.0,,,,4,0
성북구,장위동,2021,8,월세,연립다세대,12,2539.5,2693.4,1999.2,1000.0,4570.25,27.5,31.08,14.72,4,0
성북구,장위동,2021,8,월세,오피스텔,5,500.0,1700.0,2413.5,500.0,1000.0,37.0,39.6,7.33,2,0
성북구,장위동,2021,8,전세,연립다세대,77,18000.0,18688.3,6471.0,14000.0,23000.0,,,,35,0
성북구,장위동,2021,8,전세,오피스텔,14,10500.0,10455.0,850.6,9975.0,10875.0,,,,4,0
성북구,장위동,2021,9,월세,연립다세대,14,3600.0,4166.5,3813.6,1437.5,5000.0,42.5,42.36,23.72,10,0
성북구,장위동,2021,9,월세,오피스텔,4,500.0,500.0,0.0,500.0,500.0,51.0,50.5,5.26,3,0
성북구,장위동,2021,9,전세,연립다세대,70,19500.0,18915.0,6245.1,15100.0,22000.0,,,,43,0
성북구,장위동,2021,9,전세,오피스텔,7,10500.0,10500.0,288.7,10500.0,10500.0,,,,1,0
성북구,장위동,2021,10,월세,연립다세대,22,4276.0,6162.5,6074.5,1321.5,9700.0,30.0,32.59,18.1,13,0
성북구,장위동,2021,10,월세,오피스텔,9,1000.0,755.6,296.3,500.0,1000.0,50.0,47.89,3.79,5,0
성북구,장위동,2021,10,전세,연립다세대,81,20000.0,17895.7,6040.5,14000.0,21000.0,,,,43,0
성북구,장위동,2021,10,전세,오피스텔,7,11020.0,11317.1,994.7,10750.0,12000.0,,,,2,0
성북구,장위동,2021,11,월세,연립다세대,21,2000.0,3257.9,3176.5,1500.0,4000.0,50.0,46.1,18.92,12,0
성북구,장위동,2021,11,월세,오피스텔,5,1000.0,4114.0,4542.6,1000.0,6570.0,45.0,36.8,19.33,3,0
성북구,장위동,2021,11,전세,연립다세대,69,17500.0,17108.7,5898.0,13000.0,21000.0,,,,38,0
성북구,장위동,2021,11,전세,오피스텔,6,11670.0,11894.2,929.4,11103.75,12750.0,,,,1,0
성북구,장위동,2021,12,월세,연립다세대,13,2000.0,3531.2,3931.4,500.0,5000.0,33.0,41.23,26.84,8,0
성북구,장위동,2021,12,월세,오피스텔,11,1000.0,2044.5,2451.9,500.0,2000.0,44.0,41.36,11.57,10,0
성북구,장위동,2021,12,전세,연립다세대,72,19000.0,18752.1,5751.9,14925.0,23000.0,,,,38,0
성북구,장위동,2021,12,전세,오피스텔,3,11235.0,11375.0,952.7,10867.5,11812.5,,,,0,0
성북구,장위동,2022,1,월세,연립다세대,19,4000.0,6938.4,6349.8,750.0,13000.0,40.0,35.21,16.95,10,0
성북구,장위동,2022,1,월세,오피스텔,3,1000.0,1000.0,0.0,1000.0,1000.0,50.0,48.67,4.16,2,0
성북구,장위동,2022,1,전세,연립다세대,70,18000.0,18150.9,5658.7,14775.0,22750.0,,,,31,0
성북구,장위동,2022,1,전세,오피스텔,1,13000.0,13000.0,,13000.0,13000.0,,,,1,0
성북구,장위동,2022,2,월세,연립다세대,16,4500.0,8225.0,8307.7,1750.0,14125.0,42.0,35.0,19.25,9,0
성북구,장위동,2022,2,월세,오피스텔,2,3500.0,3500.0,3535.5,2250.0,4750.0,44.0,44.0,15.56,2,0
성북구,장위동,2022,2,전세,연립다세대,88,19000.0,19006.0,6639.1,13650.0,24000.0,,,,35,0
성북구,장위동,2022,2,전세,오피스텔,3,11550.0,11850.0,563.5,11525.0,12025.0,,,,3,0
성북구,장위동,2022,3,월세,연립다세대,11,5000.0,5854.9,4874.0,2000.0,9000.0,40.0,38.18,18.3,7,0
성북구,장위동,2022,3,월세,오피스텔,3,1000.0,1166.7,763.8,750.0,1500.0,45.0,46.67,7.64,3,0
성북구,장위동,2022,3,전세,연립다세대,67,18000.0,17695.4,6242.8,13825.0,23000.0,,,,38,0
성북구,장위동,2022,3,전세,오피스텔,3,10500.0,9933.3,981.5,9650.0,10500.0,,,,1,0
성북구,장위동,2022,4,월세,연립다세대,20,4750.0,5530.6,5069.2,1750.0,7286.5,43.0,41.05,16.41,7,0
성북구,장위동,2022,4,월세,오피스텔,5,1000.0,800.0,273.9,500.0,1000.0,50.0,49.8,3.96,5,0
성북구,장위동,2022,4,전세,연립다세대,85,19500.0,18734.5,6797.9,14500.0,24000.0,,,,41,0
성북구,장위동,2022,5,월세,연립다세대,24,6000.0,8754.2,6786.4,3000.0,15000.0,32.5,34.17,17.98,10,0
성북구,장위동,2022,5,월세,오피스텔,4,500.0,625.0,250.0,500.0,625.0,51.5,50.75,4.35,4,0
성북구,장위동,2022,5,전세,연립다세대,60,17000.0,17622.3,7847.4,12450.0,20250.0,,,,33,0
성북구,장위동,2022,5,전세,오피스텔,2,10000.0,10000.0,2828.4,9000.0,11000.0,,,,0,0
성북구,장위동,2022,6,월세,연립다세대,16,1580.0,2221.1,2317.9,976.75,2141.25,37.5,40.44,14.73,8,0
성북구,장위동,2022,6,월세,오피스텔,4,1000.0,1000.0,0.0,1000.0,1000.0,53.0,52.0,3.46,4,0
성북구,장위동,2022,6,전세,연립다세대,55,19000.0,19510.5,7309.2,15000.0,24075.0,,,,22,0
성북구,장위동,2022,7,월세,연립다세대,15,1872.0,6944.5,7703.2,1000.0,11510.0,32.0,33.53,14.22,8,0
성북구,장위동,2022,7,월세,오피스텔,6,1000.0,1761.7,2368.3,625.0,1000.0,50.0,49.0,8.0,6,0
성북구,장위동,2022,7,전세,연립다세대,56,18000.0,17491.1,5394.9,13000.0,22250.0,,,,27,0
성북구,장위동,2022,7,전세,오피스텔,2,14175.0,14175.0,5197.2,12337.5,16012.5,,,,1,0
성북구,장위동,2022,8,월세,연립다세대,14,7350.0,7952.9,4833.2,5000.0,11500.0,30.0,40.93,36.23,5,0
성북구,장위동,2022,8,월세,오피스텔,4,1000.0,1875.0,2096.6,875.0,2000.0,44.5,45.75,7.63,2,0
성북구,장위동,2022,8,전세,연립다세대,60,18000.0,18576.7,6754.4,13487.5,22125.0,,,,30,0
성북구,장위동,2022,8,전세,오피스텔,3,12000.0,11491.0,881.6,11236.5,12000.0,,,,2,0
성북구,장위동,2022,9,월세,연립다세대,15,3000.0,5160.1,4941.3,1500.0,6985.0,40.0,38.67,26.34,10,0
성북구,장위동,2022,9,월세,오피스텔,3,500.0,500.0,0.0,500.0,500.0,47.0,46.33,6.03,2,0
성북구,장위동,2022,9,전세,연립다세대,71,18000.0,18561.1,6164.1,15000.0,22475.0,,,,27,0
성북구,장위동,2022,9,전세,오피스텔,1,12240.0,12240.0,,12240.0,12240.0,,,,0,0
성북구,장위동,2022,10,월세,연립다세대,22,5500.0,6175.4,4750.8,2250.0,9750.0,41.5,43.55,25.65,14,0
성북구,장위동,2022,10,월세,오피스텔,2,1000.0,1000.0,0.0,1000.0,1000.0,49.5,49.5,7.78,2,0
성북구,장위동,2022,10,전세,연립다세대,81,17500.0,17642.6,5659.5,13650.0,22000.0,,,,28,0
성북구,장위동,2022,10,전세,오피스텔,1,11000.0,11000.0,,11000.0,11000.0,,,,0,0
성북구,장위동,2022,11,월세,연립다세대,22,3350.0,6031.8,5271.5,1000.0,12000.0,49.5,55.55,38.47,12,0
성북구,장위동,2022,11,월세,오피스텔,5,1000.0,1900.0,2302.2,1000.0,1000.0,55.0,50.0,12.02,4,0
성북구,장위동,2022,11,전세,연립다세대,53,18000.0,17544.3,5596.0,14000.0,21000.0,,,,30,0
성북구,장위동,2022,12,월세,연립다세대,27,3000.0,5101.5,4203.4,2500.0,6000.0,80.0,68.85,39.25,17,0
성북구,장위동,2022,12,월세,오피스텔,6,1500.0,3658.3,4036.1,1000.0,6087.5,50.0,40.33,23.38,5,0
성북구,장위동,2022,12,전세,연립다세대,56,20000.0,22332.3,10175.7,14000.0,25500.0,,,,30,0
성북구,장위동,2023,1,월세,연립다세대,25,5000.0,5952.4,5244.3,2000.0,8000.0,55.0,52.2,34.91,13,0
성북구,장위동,2023,1,월세,오피스텔,8,1000.0,812.5,258.8,500.0,1000.0,56.0,54.38,6.86,6,0
성북구,장위동,2023,1,전세,연립다세대,50,16000.0,15671.8,5751.7,12000.0,19750.0,,,,28,0
성북구,장위동,2023,1,전세,오피스텔,1,12690.0,12690.0,,12690.0,12690.0,,,,0,0
성북구,장위동,2023,2,월세,연립다세대,18,2959.5,5384.6,5234.7,1625.0,8750.0,45.5,59.33,36.82,13,0
성북구,장위동,2023,2,월세,오피스텔,5,1000.0,800.0,273.9,500.0,1000.0,55.0,54.8,6.14,4,0
성북구,장위동,2023,2,전세,연립다세대,61,19000.0,18448.4,4603.2,16000.0,22000.0,,,,36,0
성북구,장위동,2023,2,전세,오피스텔,3,11550.0,11690.0,749.9,11285.0,12025.0,,,,3,0
성북구,장위동,2023,3,월세,연립다세대,16,2000.0,3955.2,4135.7,1000.0,6250.0,51.5,53.62,28.89,10,0
성북구,장위동,2023,3,월세,오피스텔,1,500.0,500.0,,500.0,500.0,47.0,47.0,,1,0
성북구,장위동,2023,3,전세,연립다세대,70,17250.0,16909.3,5837.5,14025.0,21950.0,,,,38,0
성북구,장위동,2023,3,전세,오피스텔,1,11000.0,11000.0,,11000.0,11000.0,,,,1,0
성북구,장위동,2023,4,월세,연립다세대,17,1500.0,3204.7,4650.7,1000.0,4000.0,45.0,48.35,30.29,10,0
성북구,장위동,2023,4,월세,오피스텔,2,6500.0,6500.0,4949.7,4750.0,8250.0,23.5,23.5,12.02,2,0
성북구,장위동,2023,4,전세,연립다세대,58,18000.0,17650.0,5192.2,14775.0,21000.0,,,,23,0
성북구,장위동,2023,4,전세,오피스텔,2,12325.0,12325.0,1873.8,11662.5,12987.5,,,,1,0
성북구,장위동,2023,5,월세,연립다세대,16,8500.0,7750.0,4167.3,5000.0,11000.0,48.5,44.5,29.78,13,0
성북구,장위동,2023,5,월세,오피스텔,1,500.0,500.0,,500.0,500.0,52.0,52.0,,0,0
성북구,장위동,2023,5,전세,연립다세대,78,17000.0,16963.5,4646.2,14750.0,20000.0,,,,44,0
성북구,장위동,2023,5,전세,오피스텔,1,12000.0,12000.0,,12000.0,12000.0,,,,0,0
성북구,장위동,2023,6,월세,연립다세대,24,3350.0,5491.1,4995.6,2000.0,7278.5,45.0,46.54,27.93,14,0
성북구,장위동,2023,6,월세,오피스텔,4,750.0,1750.0,2179.4,500.0,2000.0,54.0,49.75,9.91,3,0
성북구,장위동,2023,6,전세,연립다세대,71,18000.0,17644.4,5120.9,12800.0,21900.0,,,,36,0
성북구,장위동,2023,6,전세,오피스텔,5,11000.0,10980.0,634.0,10500.0,11000.0,,,,3,0
성북구,장위동,2023,7,월세,연립다세대,30,5000.0,6580.5,5561.1,2482.5,11500.0,47.5,54.57,40.74,16,0
성북구,장위동,2023,7,월세,오피스텔,4,750.0,1250.0,1190.2,500.0,1500.0,56.5,54.75,6.18,3,0
성북구,장위동,2023,7,전세,연립다세대,72,18350.0,18133.8,7626.9,12750.0,22000.0,,,,44,0
성북구,장위동,2023,8,월세,연립다세대,15,3000.0,3818.2,3398.7,1000.0,5000.0,50.0,54.8,27.27,13,0
성북구,장위동,2023,8,월세,오피스텔,7,1000.0,1428.6,1592.4,750.0,1000.0,49.0,50.71,5.68,6,0
성북구,장위동,2023,8,전세,연립다세대,67,18000.0,18089.4,4536.5,15000.0,21000.0,,,,47,0
성북구,장위동,2023,8,전세,오피스텔,5,11500.0,11574.0,425.9,11350.0,12000.0,,,,4,0
성북구,장위동,2023,9,월세,연립다세대,23,4000.0,6450.8,6452.6,2384.5,7482.5,60.0,52.91,41.98,14,0
성북구,장위동,2023,9,월세,오피스텔,10,1000.0,1400.0,1629.6,1000.0,1000.0,56.5,50.9,12.05,8,0
성북구,장위동,2023,9,전세,연립다세대,55,20000.0,18742.7,5906.4,15000.0,21750.0,,,,31,0
성북구,장위동,2023,9,전세,오피스텔,11,11500.0,11281.8,737.3,11000.0,12000.0,,,,4,0
성북구,장위동,2023,10,월세,연립다세대,24,3000.0,4329.2,3425.1,1944.0,5250.0,35.5,49.46,31.62,11,0
성북구,장위동,2023,10,월세,오피스텔,9,1000.0,2772.2,3980.7,500.0,2000.0,52.0,40.11,19.39,5,0
성북구,장위동,2023,10,전세,연립다세대,75,17500.0,16676.4,5858.5,12000.0,20000.0,,,,42,0
성북구,장위동,2023,10,전세,오피스텔,9,11500.0,11468.9,587.5,11020.0,11700.0,,,,6,0
성북구,장위동,2023,11,월세,연립다세대,29,3200.0,5041.1,4790.9,1000.0,9500.0,40.0,38.69,23.45,18,0
성북구,장위동,2023,11,월세,오피스텔,5,1000.0,2900.0,4533.2,1000.0,1000.0,60.0,48.4,23.24,4,0
성북구,장위동,2023,11,전세,연립다세대,58,17000.0,16489.0,4966.0,13000.0,20000.0,,,,33,0
성북구,장위동,2023,11,전세,오피스텔,3,11700.0,11566.7,513.2,11350.0,11850.0,,,,3,0
성북구,장위동,2023,12,월세,연립다세대,27,3000.0,5671.7,6513.2,1000.0,9171.5,50.0,46.48,23.95,22,0
성북구,장위동,2023,12,월세,오피스텔,6,1500.0,3150.0,4571.1,1000.0,2000.0,54.0,46.67,21.31,4,0
성북구,장위동,2023,12,전세,연립다세대,66,17750.0,18674.8,7732.7,13475.0,22300.0,,,,44,0
성북구,장위동,2023,12,전세,오피스텔,4,12000.0,12175.0,350.0,12000.0,12175.0,,,,2,0
성북구,장위동,2024,1,월세,연립다세대,17,5000.0,6046.8,5817.0,1000.0,9000.0,45.0,49.35,37.3,14,0
성북구,장위동,2024,1,월세,오피스텔,7,500.0,2511.1,4101.0,500.0,2000.0,47.0,44.29,19.55,6,0
성북구,장위동,2024,1,전세,연립다세대,82,19400.0,19492.8,7344.3,15187.5,21000.0,,,,54,0
성북구,장위동,2024,2,월세,연립다세대,29,7000.0,8618.6,6737.8,3000.0,12800.0,26.0,41.93,32.89,23,0
성북구,장위동,2024,2,월세,오피스텔,9,1000.0,2130.0,3390.0,1000.0,1000.0,60.0,52.22,18.4,8,0
성북구,장위동,2024,2,전세,연립다세대,65,17500.0,17398.2,6420.3,13000.0,21000.0,,,,46,0
성북구,장위동,2024,2,전세,오피스텔,1,12000.0,12000.0,,12000.0,12000.0,,,,1,0
성북구,장위동,2024,3,월세,연립다세대,28,3000.0,5275.0,5972.7,2000.0,6000.0,60.0,57.86,29.45,23,0
성북구,장위동,2024,3,월세,오피스텔,4,2000.0,2750.0,2362.9,1000.0,3750.0,48.0,46.0,7.12,3,0
성북구,장위동,2024,3,전세,연립다세대,89,17000.0,18251.1,7913.1,13000.0,22500.0,,,,68,0
성북구,장위동,2024,3,전세,오피스텔,1,11500.0,11500.0,,11500.0,11500.0,,,,1,0
성북구,장위동,2024,4,월세,연립다세대,22,11700.0,8589.5,5610.2,3250.0,13000.0,32.5,34.27,24.38,21,0
성북구,장위동,2024,4,월세,오피스텔,3,1000.0,1000.0,0.0,1000.0,1000.0,60.0,61.0,3.61,2,0
성북구,장위동,2024,4,전세,연립다세대,63,18000.0,17299.8,5956.2,13000.0,21000.0,,,,48,0
성북구,장위동,2024,4,전세,오피스텔,3,8800.0,8940.0,720.3,8550.0,9260.0,,,,0,0
성북구,장위동,2024,5,월세,연립다세대,26,4500.0,7195.0,7399.5,1012.5,11755.0,45.0,50.35,38.48,22,0
성북구,장위동,2024,5,월세,오피스텔,2,1000.0,1000.0,0.0,1000.0,1000.0,55.0,55.0,7.07,2,0
성북구,장위동,2024,5,전세,연립다세대,88,16500.0,16424.7,5388.7,13000.0,20000.0,,,,64,0
성북구,장위동,2024,5,전세,오피스텔,1,12000.0,12000.0,,12000.0,12000.0,,,,1,0
성북구,장위동,2024,6,월세,연립다세대,17,5000.0,5407.5,4667.9,2000.0,6377.0,55.0,48.88,26.24,14,0
성북구,장위동,2024,6,월세,오피스텔,7,1000.0,3000.0,4051.7,1000.0,3000.0,60.0,50.71,20.45,6,0
성북구,장위동,2024,6,전세,연립다세대,54,17000.0,17383.3,6505.8,13000.0,21375.0,,,,34,0
성북구,장위동,2024,7,월세,연립다세대,22,6850.0,7575.2,6532.6,1500.0,11750.0,28.0,45.32,39.36,16,0
성북구,장위동,2024,7,월세,오피스텔,9,1000.0,2166.7,3020.8,1000.0,1000.0,60.0,51.89,18.14,7,0
성북구,장위동,2024,7,전세,연립다세대,56,17000.0,16565.2,5851.5,12500.0,20250.0,,,,43,0
성북구,장위동,2024,7,전세,오피스텔,3,11179.0,12643.0,4651.1,10039.5,14514.5,,,,2,0
성북구,장위동,2024,8,월세,연립다세대,42,8649.5,9578.7,8889.8,1000.0,18768.25,34.5,40.48,31.37,38,0
성북구,장위동,2024,8,월세,오피스텔,11,1000.0,3836.4,4411.4,1000.0,7400.0,63.0,52.91,32.86,10,0
성북구,장위동,2024,8,전세,연립다세대,49,18000.0,17108.6,5370.5,14000.0,21000.0,,,,36,0
성북구,장위동,2024,8,전세,오피스텔,1,12000.0,12000.0,,12000.0,12000.0,,,,1,0
성북구,장위동,2024,9,월세,연립다세대,31,3000.0,5904.4,6377.1,1982.5,10000.0,40.0,43.35,28.71,24,0
성북구,장위동,2024,9,월세,오피스텔,7,1000.0,1400.0,1613.5,750.0,1000.0,65.0,59.57,7.89,6,0
성북구,장위동,2024,9,전세,연립다세대,50,18700.0,18409.7,6870.2,13200.0,21925.0,,,,31,0
성북구,장위동,2024,10,월세,연립다세대,25,7000.0,7407.0,6073.1,1000.0,13000.0,40.0,39.32,25.0,19,0
성북구,장위동,2024,10,월세,오피스텔,4,6500.0,7899.5,7529.5,2500.0,11899.5,40.0,55.25,62.82,3,0
성북구,장위동,2024,10,전세,연립다세대,39,20000.0,20194.2,4967.6,18000.0,24000.0,,,,26,0
성북구,장위동,2024,10,전세,오피스텔,3,12100.0,15584.3,6561.5,11800.0,17626.5,,,,2,0
성북구,장위동,2024,11,월세,연립다세대,28,3250.0,6878.6,6937.2,1375.0,13000.0,37.5,44.75,32.19,21,0
성북구,장위동,2024,11,월세,오피스텔,2,750.0,750.0,353.6,625.0,875.0,55.0,55.0,11.31,2,0
성북구,장위동,2024,11,전세,연립다세대,68,17850.0,18461.3,6283.2,13750.0,21000.0,,,,49,0
성북구,장위동,2024,12,월세,연립다세대,15,6000.0,8155.9,6268.1,3500.0,11500.0,25.0,42.53,32.01,10,0
성북구,장위동,2024,12,월세,오피스텔,8,1000.0,3521.2,5038.9,875.0,3292.5,51.5,44.25,20.42,5,0
성북구,장위동,2024,12,전세,연립다세대,69,19000.0,18654.6,5077.5,16275.0,22000.0,,,,48,0
성북구,장위동,2024,12,전세,오피스텔,2,14250.0,14250.0,3889.1,12875.0,15625.0,,,,1,0
성북구,장위동,2025,1,월세,연립다세대,17,4000.0,7067.6,5823.9,3000.0,13000.0,45.0,39.41,25.29,15,0
성북구,장위동,2025,1,월세,오피스텔,10,1000.0,1950.0,2852.4,1000.0,1000.0,60.0,54.5,16.9,8,0
성북구,장위동,2025,1,전세,연립다세대,53,18900.0,19807.1,6555.0,15600.0,21000.0,,,,38,0
성북구,장위동,2025,1,전세,오피스텔,4,11650.0,11400.0,989.9,11125.0,11925.0,,,,4,0
성북구,장위동,2025,2,월세,연립다세대,17,4000.0,7289.6,7497.7,1000.0,13000.0,50.0,56.47,40.7,15,0
성북구,장위동,2025,2,월세,오피스텔,7,1000.0,3428.6,4494.7,750.0,5500.0,50.0,45.86,24.4,6,0
성북구,장위동,2025,2,전세,연립다세대,67,20000.0,20588.3,5571.3,16900.0,25000.0,,,,46,0
성북구,장위동,2025,2,전세,오피스텔,4,12250.0,12125.0,478.7,11875.0,12500.0,,,,4,0
성북구,장위동,2025,3,월세,연립다세대,26,6000.0,7730.8,6179.6,3050.0,12000.0,50.0,45.77,33.34,23,0
성북구,장위동,2025,3,월세,오피스텔,4,1000.0,875.0,250.0,875.0,1000.0,65.0,65.25,3.69,4,0
성북구,장위동,2025,3,전세,연립다세대,73,19453.0,19504.0,6483.1,15000.0,22300.0,,,,51,0
성북구,장위동,2025,3,전세,오피스텔,2,11500.0,11500.0,0.0,11500.0,11500.0,,,,2,0
성북구,장위동,2025,4,월세,연립다세대,21,4000.0,5777.9,5363.0,2000.0,5835.0,50.0,50.05,29.48,15,0
성북구,장위동,2025,4,월세,오피스텔,6,2000.0,3700.0,3862.6,1000.0,4875.0,48.5,41.17,21.58,5,0
성북구,장위동,2025,4,전세,연립다세대,57,19000.0,19525.8,6658.1,15000.0,23000.0,,,,37,0
성북구,장위동,2025,4,전세,오피스텔,2,10200.0,10200.0,2121.3,9450.0,10950.0,,,,2,0
성북구,장위동,2025,5,월세,연립다세대,16,5000.0,8250.0,6787.2,3000.0,14250.0,50.0,49.69,24.53,13,0
성북구,장위동,2025,5,월세,오피스텔,4,1000.0,875.0,250.0,875.0,1000.0,66.5,66.5,3.11,3,0
성북구,장위동,2025,5,전세,연립다세대,57,17700.0,18551.8,6414.3,15000.0,22000.0,,,,34,0
성북구,장위동,2025,5,전세,오피스텔,1,11500.0,11500.0,,11500.0,11500.0,,,,1,0
성북구,장위동,2025,6,월세,연립다세대,22,4044.5,5558.9,4855.8,3000.0,5616.5,52.5,51.64,34.61,18,0
성북구,장위동,2025,6,월세,오피스텔,6,1000.0,1183.3,960.0,1000.0,1000.0,70.0,76.67,24.01,5,0
성북구,장위동,2025,6,전세,연립다세대,71,20000.0,19460.7,6392.8,15575.0,22025.0,,,,51,0
성북구,장위동,2025,6,전세,오피스텔,1,11000.0,11000.0,,11000.0,11000.0,,,,1,0
성북구,장위동,2025,7,월세,연립다세대,17,4865.0,6271.9,6218.8,2000.0,10000.0,35.0,41.24,25.94,13,0
성북구,장위동,2025,7,월세,오피스텔,11,1000.0,2363.6,2793.7,1000.0,3000.0,65.0,59.36,30.59,8,0
성북구,장위동,2025,7,전세,연립다세대,52,20000.0,19589.4,5917.0,15750.0,22625.0,,,,35,0
성북구,장위동,2025,7,전세,오피스텔,3,10500.0,10000.0,1802.8,9250.0,11000.0,,,,2,0
성북구,장위동,2025,8,월세,연립다세대,9,2000.0,5333.3,4905.4,2000.0,11000.0,70.0,60.78,32.47,8,0
성북구,장위동,2025,8,월세,오피스텔,9,1000.0,2922.2,4103.9,1000.0,1000.0,51.0,47.0,22.31,7,0
성북구,장위동,2025,8,전세,연립다세대,56,20000.0,19575.0,5393.5,16750.0,22250.0,,,,32,0
성북구,장위동,2025,8,전세,오피스텔,3,11500.0,10333.3,2020.7,9750.0,11500.0,,,,2,0
성북구,장위동,2025,9,월세,연립다세대,31,3000.0,6315.9,5585.1,2000.0,12500.0,45.0,43.32,25.88,26,0
성북구,장위동,2025,9,월세,오피스텔,7,1000.0,2564.3,3292.0,500.0,3000.0,50.0,51.43,14.06,5,0
성북구,장위동,2025,9,전세,연립다세대,54,20000.0,19671.7,5836.3,16250.0,22000.0,,,,42,0
성북구,장위동,2025,9,전세,오피스텔,4,11700.0,10950.0,2000.8,10625.0,12025.0,,,,4,0
성북구,장위동,2025,10,월세,연립다세대,20,5832.0,7812.3,6796.9,1750.0,13500.0,28.5,36.7,26.67,16,0
성북구,장위동,2025,10,월세,오피스텔,5,1000.0,800.0,273.9,500.0,1000.0,61.0,60.6,5.32,4,0
성북구,장위동,2025,10,전세,연립다세대,58,17250.0,17211.4,5620.6,13650.0,21500.0,,,,33,0
성북구,장위동,2025,10,전세,오피스텔,4,12000.0,11875.0,250.0,11875.0,12000.0,,,,4,0
성북구,장위동,2025,11,월세,연립다세대,22,8700.0,8410.3,5404.5,4250.0,12475.0,42.5,44.45,28.01,19,0
성북구,장위동,2025,11,월세,오피스텔,9,1000.0,977.8,809.0,500.0,1000.0,62.0,61.67,6.2,7,0
성북구,장위동,2025,11,전세,연립다세대,59,20000.0,22234.8,22249.8,17000.0,22500.0,,,,43,0
성북구,장위동,2025,11,전세,오피스텔,1,12000.0,12000.0,,12000.0,12000.0,,,,1,0
성북구,장위동,2025,12,월세,연립다세대,33,5000.0,8007.0,8200.8,2000.0,13000.0,45.0,45.73,32.64,30,0
성북구,장위동,2025,12,월세,오피스텔,10,1000.0,3062.0,3894.8,1000.0,2750.0,55.0,49.7,21.49,8,0
성북구,장위동,2025,12,전세,연립다세대,48,19950.0,20361.8,6817.3,15000.0,24125.0,,,,33,0
성북구,장위동,2025,12,전세,오피스텔,3,10400.0,10400.0,1600.0,9600.0,11200.0,,,,2,0
성북구,장위동,2026,1,월세,연립다세대,23,9000.0,8093.2,6289.1,2000.0,13575.0,40.0,47.91,35.59,18,1
성북구,장위동,2026,1,월세,오피스텔,13,2000.0,3384.6,3577.4,1000.0,3000.0,68.0,67.62,35.86,12,1
성북구,장위동,2026,1,전세,연립다세대,60,18850.0,18916.2,5836.5,15000.0,22681.25,,,,42,1
성북구,장위동,2026,1,전세,오피스텔,1,12000.0,12000.0,,12000.0,12000.0,,,,1,1
성북구,장위동,2026,2,월세,연립다세대,15,9000.0,7500.0,5088.5,2500.0,12500.0,45.0,46.27,27.35,12,1
성북구,장위동,2026,2,월세,오피스텔,14,2000.0,2142.9,1231.5,1000.0,3000.0,85.0,87.07,24.7,12,1
성북구,장위동,2026,2,전세,연립다세대,54,19150.0,19359.6,5812.4,15250.0,22110.0,,,,36,1
성북구,장위동,2026,2,전세,오피스텔,1,9300.0,9300.0,,9300.0,9300.0,,,,1,1
성북구,장위동,2026,3,월세,연립다세대,33,9450.0,9001.9,6801.4,2000.0,14000.0,35.0,38.09,24.75,22,1
성북구,장위동,2026,3,월세,오피스텔,3,1000.0,1000.0,0.0,1000.0,1000.0,70.0,70.0,0.0,3,1
성북구,장위동,2026,3,전세,연립다세대,91,18000.0,18904.1,6485.5,14750.0,22000.0,,,,74,1
성북구,장위동,2026,4,월세,연립다세대,30,5500.0,7276.7,6198.5,2250.0,12000.0,44.5,44.07,29.26,23,1
성북구,장위동,2026,4,월세,오피스텔,6,1000.0,1333.3,816.5,1000.0,1000.0,69.0,71.5,20.35,4,1
성북구,장위동,2026,4,전세,연립다세대,70,18975.0,19224.3,5288.4,16000.0,21925.0,,,,51,1
성북구,장위동,2026,5,월세,연립다세대,25,3000.0,7530.4,9152.7,1000.0,12600.0,40.0,48.36,34.45,16,1
성북구,장위동,2026,5,월세,오피스텔,4,1000.0,1500.0,1000.0,1000.0,1500.0,68.0,77.75,21.55,2,1
성북구,장위동,2026,5,전세,연립다세대,57,18000.0,18609.6,5526.4,15000.0,22000.0,,,,37,1
성북구,장위동,2026,5,전세,오피스텔,1,5500.0,5500.0,,5500.0,5500.0,,,,0,1
성북구,장위동,2026,6,월세,연립다세대,22,3000.0,5652.5,4730.3,2017.5,10550.0,34.5,43.77,32.4,18,1
성북구,장위동,2026,6,월세,오피스텔,5,1000.0,4800.0,8497.1,1000.0,1000.0,56.0,52.6,21.37,4,1
성북구,장위동,2026,6,전세,연립다세대,50,18500.0,19129.1,7451.2,13000.0,24000.0,,,,28,1
성북구,장위동,2026,7,월세,연립다세대,21,8500.0,7324.5,5719.2,1000.0,13000.0,25.0,30.81,17.72,16,1
성북구,장위동,2026,7,월세,오피스텔,3,1000.0,1666.7,1154.7,1000.0,2000.0,70.0,80.0,26.46,3,1
성북구,장위동,2026,7,전세,연립다세대,40,16750.0,17885.9,5010.3,14131.25,22250.0,,,,26,1
성북구,장위동,2026,7,전세,오피스텔,2,18355.0,18355.0,8421.6,15377.5,21332.5,,,,1,1
성북구,장위동,2026,8,월세,연립다세대,14,4000.0,8035.7,7923.6,1625.0,14125.0,48.0,46.86,24.06,13,1
성북구,장위동,2026,8,월세,오피스텔,8,1000.0,2287.5,3641.6,1000.0,1000.0,70.0,62.12,19.13,8,1
성북구,장위동,2026,8,전세,연립다세대,43,20000.0,18553.4,5600.7,15500.0,21750.0,,,,28,1
성북구,장위동,2026,8,전세,오피스텔,1,12000.0,12000.0,,12000.0,12000.0,,,,1,1
성북구,장위동,2026,9,월세,연립다세대,5,13781.0,10633.0,8077.5,3130.0,15000.0,16.0,23.6,20.53,2,1
성북구,장위동,2026,9,전세,연립다세대,15,19000.0,19466.7,5524.2,17250.0,21500.0,,,,11,1
성북구,장위동,2026,9,전세,오피스텔,1,10000.0,10000.0,,10000.0,10000.0,,,,1,1
성북구,정릉동,2021,1,월세,연립다세대,18,2000.0,2590.0,2464.0,625.0,3085.5,41.0,42.39,20.15,1,0
성북구,정릉동,2021,1,전세,연립다세대,26,17425.0,17928.8,9855.8,10250.0,21125.0,,,,0,0
성북구,정릉동,2021,1,전세,오피스텔,1,9000.0,9000.0,,9000.0,9000.0,,,,0,0
성북구,정릉동,2021,2,월세,연립다세대,13,1000.0,1859.7,1685.4,400.0,3184.0,42.0,41.31,19.11,1,0
성북구,정릉동,2021,2,월세,오피스텔,1,1000.0,1000.0,,1000.0,1000.0,46.0,46.0,,0,0
성북구,정릉동,2021,2,전세,연립다세대,38,16500.0,18999.2,10417.6,11250.0,24625.0,,,,2,0
성북구,정릉동,2021,2,전세,오피스텔,2,24850.0,24850.0,353.6,24725.0,24975.0,,,,0,0
성북구,정릉동,2021,3,월세,연립다세대,19,3196.0,4498.6,4931.1,2000.0,4446.0,31.0,35.84,24.41,0,0
성북구,정릉동,2021,3,전세,연립다세대,33,18900.0,20818.2,9095.7,15000.0,24000.0,,,,1,0
성북구,정릉동,2021,3,전세,오피스텔,1,24000.0,24000.0,,24000.0,24000.0,,,,0,0
성북구,정릉동,2021,4,월세,연립다세대,14,2000.0,2671.1,1864.1,1355.0,3888.0,35.0,43.0,36.97,0,0
성북구,정릉동,2021,4,전세,연립다세대,37,18000.0,19892.3,9919.3,12600.0,26500.0,,,,3,0
성북구,정릉동,2021,4,전세,오피스텔,1,24600.0,24600.0,,24600.0,24600.0,,,,0,0
성북구,정릉동,2021,5,월세,연립다세대,23,3000.0,3411.3,3300.2,500.0,4500.0,45.0,47.26,42.02,1,0
성북구,정릉동,2021,5,전세,연립다세대,54,18000.0,17918.0,5265.6,15250.0,20198.75,,,,1,0
성북구,정릉동,2021,5,전세,오피스텔,2,22050.0,22050.0,4313.4,20525.0,23575.0,,,,0,0
성북구,정릉동,2021,6,월세,연립다세대,28,1500.0,2799.6,3299.2,875.0,3097.5,52.0,50.93,27.92,22,0
성북구,정릉동,2021,6,전세,연립다세대,58,20350.0,20545.5,8956.0,14000.0,26760.0,,,,28,0
성북구,정릉동,2021,7,월세,연립다세대,26,4510.5,6302.8,6106.6,1244.75,9750.0,40.0,41.73,21.69,11,0
성북구,정릉동,2021,7,전세,연립다세대,65,19740.0,19921.2,6661.5,15000.0,25200.0,,,,27,0
성북구,정릉동,2021,8,월세,연립다세대,26,4918.0,5378.3,4878.9,1000.0,8875.0,34.0,36.08,21.06,18,0
성북구,정릉동,2021,8,전세,연립다세대,79,19500.0,19424.9,7757.0,13750.0,26300.0,,,,40,0
성북구,정릉동,2021,8,전세,오피스텔,1,18000.0,18000.0,,18000.0,18000.0,,,,0,0
성북구,정릉동,2021,9,월세,연립다세대,12,5000.0,7160.4,6014.4,3000.0,9693.75,51.0,48.58,27.18,7,0
성북구,정릉동,2021,9,월세,오피스텔,1,1000.0,1000.0,,1000.0,1000.0,51.0,51.0,,0,0
성북구,정릉동,2021,9,전세,연립다세대,56,20527.5,21013.5,6845.6,16000.0,25625.0,,,,29,0
성북구,정릉동,2021,9,전세,오피스텔,1,7350.0,7350.0,,7350.0,7350.0,,,,0,0
성북구,정릉동,2021,10,월세,연립다세대,15,2000.0,5226.7,5830.9,1000.0,8100.0,50.0,45.53,26.6,12,0
성북구,정릉동,2021,10,전세,연립다세대,68,19950.0,20502.2,7817.3,15000.0,26000.0,,,,38,0
성북구,정릉동,2021,10,전세,오피스텔,1,18000.0,18000.0,,18000.0,18000.0,,,,1,0
성북구,정릉동,2021,11,월세,연립다세대,26,2000.0,2588.0,2279.0,500.0,4750.0,50.0,54.04,45.75,17,0
성북구,정릉동,2021,11,월세,오피스텔,1,1000.0,1000.0,,1000.0,1000.0,50.0,50.0,,0,0
성북구,정릉동,2021,11,전세,연립다세대,60,14850.0,16325.2,7538.0,9950.0,23000.0,,,,37,0
성북구,정릉동,2021,11,전세,오피스텔,1,8000.0,8000.0,,8000.0,8000.0,,,,0,0
성북구,정릉동,2021,12,월세,연립다세대,41,5000.0,5363.2,4277.0,1000.0,8000.0,40.0,37.9,19.52,27,0
성북구,정릉동,2021,12,월세,오피스텔,1,1000.0,1000.0,,1000.0,1000.0,47.0,47.0,,0,0
성북구,정릉동,2021,12,전세,연립다세대,42,19500.0,20133.9,8383.2,16012.5,22000.0,,,,26,0
성북구,정릉동,2021,12,전세,오피스텔,2,14000.0,14000.0,5656.9,12000.0,16000.0,,,,1,0
성북구,정릉동,2022,1,월세,연립다세대,43,1407.0,3906.5,5430.4,965.0,3000.0,35.0,40.35,26.01,27,0
성북구,정릉동,2022,1,월세,오피스텔,2,2000.0,2000.0,1414.2,1500.0,2500.0,44.0,44.0,5.66,2,0
성북구,정릉동,2022,1,전세,연립다세대,66,18000.0,18326.5,6871.3,13250.0,23375.0,,,,39,0
성북구,정릉동,2022,1,전세,오피스텔,2,17800.0,17800.0,0.0,17800.0,17800.0,,,,2,0
성북구,정릉동,2022,2,월세,연립다세대,62,2833.0,5131.3,5828.7,1000.0,8794.0,30.0,34.24,20.05,39,0
성북구,정릉동,2022,2,월세,오피스텔,1,1000.0,1000.0,,1000.0,1000.0,48.0,48.0,,1,0
성북구,정릉동,2022,2,전세,연립다세대,75,18900.0,18313.5,7426.7,13000.0,22000.0,,,,41,0
성북구,정릉동,2022,3,월세,연립다세대,36,5402.5,7332.8,6296.9,2887.5,10728.0,32.0,36.03,25.25,22,0
성북구,정릉동,2022,3,전세,연립다세대,70,20000.0,19937.1,7636.7,15250.0,23000.0,,,,37,0
성북구,정릉동,2022,4,월세,연립다세대,23,2000.0,5579.4,7287.4,1000.0,7805.0,40.0,46.35,27.33,19,0
성북구,정릉동,2022,4,전세,연립다세대,70,20525.0,19964.1,7055.9,15000.0,24262.5,,,,40,0
성북구,정릉동,2022,4,전세,오피스텔,2,42000.0,42000.0,0.0,42000.0,42000.0,,,,2,0
성북구,정릉동,2022,5,월세,연립다세대,76,4605.0,4802.5,2561.5,3355.0,6120.0,12.5,18.57,16.04,28,0
성북구,정릉동,2022,5,전세,연립다세대,67,19000.0,20587.1,7868.4,15000.0,26000.0,,,,31,0
성북구,정릉동,2022,6,월세,연립다세대,41,3000.0,4205.3,4064.6,1000.0,5263.0,50.0,40.95,28.49,25,0
성북구,정릉동,2022,6,월세,오피스텔,4,1000.0,1500.0,1000.0,1000.0,1500.0,51.5,49.75,3.86,4,0
성북구,정릉동,2022,6,전세,연립다세대,66,23200.0,21286.4,7957.9,15000.0,26650.0,,,,37,0
성북구,정릉동,2022,7,월세,연립다세대,51,4605.0,4326.9,3144.7,1631.5,5343.0,24.0,31.88,27.24,29,0
성북구,정릉동,2022,7,전세,연립다세대,58,17550.0,19653.9,8109.7,13737.5,25100.0,,,,21,0
성북구,정릉동,2022,8,월세,연립다세대,55,2000.0,4207.5,5565.4,1000.0,4935.0,40.0,43.36,19.94,37,0
성북구,정릉동,2022,8,전세,연립다세대,50,16000.0,17289.3,5488.2,13650.0,20000.0,,,,24,0
성북구,정릉동,2022,8,전세,오피스텔,1,8400.0,8400.0,,8400.0,8400.0,,,,0,0
성북구,정릉동,2022,9,월세,연립다세대,36,4570.0,6588.3,7059.5,1950.0,6030.0,17.0,30.67,33.16,15,0
성북구,정릉동,2022,9,전세,연립다세대,50,18000.0,18260.4,5404.1,14042.5,21750.0,,,,22,0
성북구,정릉동,2022,10,월세,연립다세대,23,3500.0,6496.7,7308.3,1000.0,10000.0,40.0,37.74,20.89,15,0
성북구,정릉동,2022,10,월세,오피스텔,1,2000.0,2000.0,,2000.0,2000.0,50.0,50.0,,1,0
성북구,정릉동,2022,10,전세,연립다세대,53,17500.0,20044.6,8646.4,14000.0,28000.0,,,,26,0
성북구,정릉동,2022,11,월세,연립다세대,40,2000.0,4143.9,5351.9,1000.0,4220.0,50.0,54.7,30.61,23,0
성북구,정릉동,2022,11,월세,오피스텔,1,1000.0,1000.0,,1000.0,1000.0,52.0,52.0,,1,0
성북구,정릉동,2022,11,전세,연립다세대,36,17925.0,18685.5,4885.1,16025.0,20175.0,,,,23,0
성북구,정릉동,2022,11,전세,오피스텔,2,8700.0,8700.0,424.3,8550.0,8850.0,,,,1,0
성북구,정릉동,2022,12,월세,연립다세대,44,2000.0,4142.2,4441.8,1000.0,6063.0,42.5,43.52,26.64,31,0
성북구,정릉동,2022,12,월세,오피스텔,4,1000.0,1125.0,629.2,875.0,1250.0,48.0,47.5,2.52,4,0
성북구,정릉동,2022,12,전세,연립다세대,44,17400.0,17998.4,6439.3,13172.5,23000.0,,,,24,0
성북구,정릉동,2022,12,전세,오피스텔,1,30000.0,30000.0,,30000.0,30000.0,,,,1,0
성북구,정릉동,2023,1,월세,연립다세대,57,1000.0,1901.4,2552.9,500.0,2723.0,45.0,48.7,26.4,40,0
성북구,정릉동,2023,1,월세,오피스텔,1,1000.0,1000.0,,1000.0,1000.0,48.0,48.0,,1,0
성북구,정릉동,2023,1,전세,연립다세대,37,14000.0,13600.5,5711.0,8000.0,17850.0,,,,23,0
성북구,정릉동,2023,1,전세,오피스텔,4,9450.0,11825.0,5472.4,9187.5,12087.5,,,,1,0
성북구,정릉동,2023,2,월세,연립다세대,69,3000.0,3946.7,4188.4,1000.0,5000.0,44.0,48.13,26.23,52,0
성북구,정릉동,2023,2,전세,연립다세대,40,16925.0,16159.6,4988.7,12875.0,19211.25,,,,25,0
성북구,정릉동,2023,2,전세,오피스텔,1,18800.0,18800.0,,18800.0,18800.0,,,,1,0
성북구,정릉동,2023,3,월세,연립다세대,48,2000.0,3581.8,3303.2,1000.0,6000.0,45.0,52.33,32.25,31,0
성북구,정릉동,2023,3,월세,오피스텔,3,2000.0,2500.0,866.0,2000.0,2750.0,50.0,66.67,28.87,1,0
성북구,정릉동,2023,3,전세,연립다세대,37,19000.0,18945.9,4342.6,17000.0,21000.0,,,,20,0
성북구,정릉동,2023,3,전세,오피스텔,1,24500.0,24500.0,,24500.0,24500.0,,,,0,0
성북구,정릉동,2023,4,월세,연립다세대,40,3000.0,5184.6,5688.2,1000.0,5665.0,60.0,62.0,33.85,34,0
성북구,정릉동,2023,4,월세,오피스텔,3,2000.0,2500.0,866.0,2000.0,2750.0,100.0,91.67,23.63,3,0
성북구,정릉동,2023,4,전세,연립다세대,32,18500.0,18309.3,4123.8,16000.0,20250.0,,,,25,0
성북구,정릉동,2023,4,전세,오피스텔,1,11000.0,11000.0,,11000.0,11000.0,,,,1,0
성북구,정릉동,2023,5,월세,연립다세대,37,3000.0,5491.8,6530.5,1000.0,10000.0,50.0,51.0,28.66,27,0
성북구,정릉동,2023,5,월세,오피스텔,40,2000.0,2750.0,1219.5,2000.0,3125.0,65.0,65.35,10.91,40,0
성북구,정릉동,2023,5,전세,연립다세대,40,18000.0,19002.8,7005.5,14875.0,23400.0,,,,20,0
성북구,정릉동,2023,6,월세,연립다세대,35,2000.0,3823.6,3872.2,1000.0,5000.0,47.0,51.11,33.54,25,0
성북구,정릉동,2023,6,월세,오피스텔,7,2000.0,2500.0,1322.9,2000.0,2750.0,65.0,65.29,17.19,7,0
성북구,정릉동,2023,6,전세,연립다세대,57,17000.0,16662.2,5573.7,13000.0,20000.0,,,,31,0
성북구,정릉동,2023,6,전세,오피스텔,1,10000.0,10000.0,,10000.0,10000.0,,,,1,0
성북구,정릉동,2023,7,월세,연립다세대,91,1050.0,2788.9,3856.5,1000.0,1600.0,54.0,50.43,21.11,81,0
성북구,정릉동,2023,7,월세,오피스텔,3,1000.0,1833.3,1443.4,1000.0,2250.0,53.0,67.33,28.36,3,0
성북구,정릉동,2023,7,전세,연립다세대,39,17000.0,17176.9,5191.7,13200.0,21000.0,,,,21,0
성북구,정릉동,2023,7,전세,오피스텔,2,13350.0,13350.0,7990.3,10525.0,16175.0,,,,0,0
성북구,정릉동,2023,8,월세,연립다세대,54,1730.0,3970.4,4578.4,1000.0,5000.0,55.0,54.11,27.1,40,0
성북구,정릉동,2023,8,전세,연립다세대,30,17500.0,16849.0,6136.6,13112.5,21750.0,,,,22,0
성북구,정릉동,2023,9,월세,연립다세대,39,2890.0,4414.3,5150.7,1100.0,5000.0,50.0,56.36,34.97,31,0
성북구,정릉동,2023,9,전세,연립다세대,36,19850.0,17788.9,5717.0,11000.0,22000.0,,,,19,0
성북구,정릉동,2023,10,월세,연립다세대,31,5000.0,6462.0,6653.6,1829.5,9985.0,50.0,54.03,41.22,22,0
성북구,정릉동,2023,10,전세,연립다세대,49,16538.0,17745.1,6093.1,13650.0,22000.0,,,,26,0
성북구,정릉동,2023,11,월세,연립다세대,47,2000.0,5445.0,6770.8,1105.0,5490.0,55.0,55.19,35.7,36,0
성북구,정릉동,2023,11,월세,오피스텔,1,2000.0,2000.0,,2000.0,2000.0,65.0,65.0,,1,0
성북구,정릉동,2023,11,전세,연립다세대,30,15000.0,15759.0,6966.2,8875.0,21975.0,,,,19,0
성북구,정릉동,2023,12,월세,연립다세대,73,2000.0,4599.3,5048.2,1000.0,8208.0,52.0,52.82,24.97,60,0
성북구,정릉동,2023,12,월세,오피스텔,5,1000.0,1400.0,894.4,1000.0,1000.0,49.0,48.2,4.38,4,0
성북구,정릉동,2023,12,전세,연립다세대,28,18825.0,17250.0,6680.1,11125.0,20025.0,,,,17,0
성북구,정릉동,2024,1,월세,연립다세대,98,1360.0,3472.3,4532.5,1000.0,4360.0,58.5,54.49,24.82,89,0
성북구,정릉동,2024,1,월세,오피스텔,2,1500.0,1500.0,707.1,1250.0,1750.0,78.5,78.5,37.48,2,0
성북구,정릉동,2024,1,전세,연립다세대,48,16800.0,17707.3,6596.7,14675.0,22325.0,,,,28,0
성북구,정릉동,2024,1,전세,오피스텔,2,9400.0,9400.0,848.5,9100.0,9700.0,,,,1,0
성북구,정릉동,2024,2,월세,연립다세대,75,1360.0,3542.2,4655.8,1000.0,4000.0,48.0,53.05,26.52,71,0
성북구,정릉동,2024,2,월세,오피스텔,1,3500.0,3500.0,,3500.0,3500.0,100.0,100.0,,1,0
성북구,정릉동,2024,2,전세,연립다세대,50,18000.0,18159.3,7188.4,14000.0,22950.0,,,,39,0
성북구,정릉동,2024,2,전세,오피스텔,1,10000.0,10000.0,,10000.0,10000.0,,,,1,0
성북구,정릉동,2024,3,월세,연립다세대,48,3591.5,6082.6,6061.6,1105.0,10000.0,41.5,46.29,27.89,42,0
성북구,정릉동,2024,3,전세,연립다세대,38,18850.0,18932.2,6798.2,12500.0,24000.0,,,,27,0
성북구,정릉동,2024,4,월세,연립다세대,30,4500.0,7929.9,8206.4,2000.0,11500.0,50.0,52.2,43.61,26,0
성북구,정릉동,2024,4,월세,오피스텔,2,1000.0,1000.0,0.0,1000.0,1000.0,54.5,54.5,7.78,1,0
성북구,정릉동,2024,4,전세,연립다세대,49,19000.0,18458.0,7231.6,13000.0,24800.0,,,,38,0
성북구,정릉동,2024,5,월세,연립다세대,97,5457.0,6307.0,4818.4,3522.0,8286.0,20.0,31.53,29.87,90,0
성북구,정릉동,2024,5,전세,연립다세대,53,18300.0,18387.5,6611.7,14000.0,25000.0,,,,36,0
성북구,정릉동,2024,6,월세,연립다세대,54,3228.0,5957.3,6743.9,1000.0,8999.0,40.0,49.48,36.54,50,0
성북구,정릉동,2024,6,월세,오피스텔,2,1250.0,1250.0,1060.7,875.0,1625.0,48.5,48.5,4.95,1,0
성북구,정릉동,2024,6,전세,연립다세대,43,18500.0,19458.6,7200.4,13575.0,26595.0,,,,25,0
성북구,정릉동,2024,7,월세,연립다세대,69,2000.0,4714.7,4948.2,1000.0,7406.0,45.0,42.35,27.3,62,0
성북구,정릉동,2024,7,전세,연립다세대,31,19000.0,18465.0,6082.8,13250.0,22750.0,,,,20,0
성북구,정릉동,2024,7,전세,오피스텔,2,15130.0,15130.0,9715.6,11695.0,18565.0,,,,1,0
성북구,정릉동,2024,8,월세,연립다세대,65,1102.0,3434.4,4653.1,1000.0,4000.0,55.0,55.75,28.66,60,0
성북구,정릉동,2024,8,월세,오피스텔,1,1000.0,1000.0,,1000.0,1000.0,49.0,49.0,,1,0
성북구,정릉동,2024,8,전세,연립다세대,37,16000.0,18795.5,6595.5,14800.0,25000.0,,,,26,0
성북구,정릉동,2024,9,월세,연립다세대,41,4702.0,6184.1,5660.0,1460.0,10000.0,30.0,40.0,38.18,36,0
성북구,정릉동,2024,9,전세,연립다세대,34,13765.0,15284.5,6638.5,10394.0,19000.0,,,,26,0
성북구,정릉동,2024,10,월세,연립다세대,44,7950.0,9345.9,8168.4,1472.5,15250.0,25.5,39.82,32.39,36,0
성북구,정릉동,2024,10,전세,연립다세대,38,17344.0,18034.1,6447.4,13373.0,20750.0,,,,23,0
성북구,정릉동,2024,11,월세,연립다세대,47,2000.0,4688.8,4892.6,1000.0,6999.0,53.0,51.79,33.13,41,0
성북구,정릉동,2024,11,월세,오피스텔,1,3000.0,3000.0,,3000.0,3000.0,60.0,60.0,,1,0
성북구,정릉동,2024,11,전세,연립다세대,27,16500.0,16618.2,7433.5,12000.0,21150.0,,,,19,0
성북구,정릉동,2024,11,전세,오피스텔,2,8720.0,8720.0,678.8,8480.0,8960.0,,,,2,0
성북구,정릉동,2024,12,월세,연립다세대,67,1057.0,3419.1,4657.1,1000.0,4000.0,53.0,54.42,27.41,62,0
성북구,정릉동,2024,12,전세,연립다세대,23,17000.0,18001.3,8014.9,13115.0,22750.0,,,,15,0
성북구,정릉동,2025,1,월세,연립다세대,105,1147.0,3357.2,4329.7,1000.0,5500.0,55.0,59.78,34.19,98,0
성북구,정릉동,2025,1,월세,오피스텔,1,1000.0,1000.0,,1000.0,1000.0,42.0,42.0,,1,0
성북구,정릉동,2025,1,전세,연립다세대,32,15050.0,15549.2,5474.6,12800.0,18500.0,,,,19,0
성북구,정릉동,2025,2,월세,연립다세대,81,1429.0,3772.0,5286.0,500.0,5000.0,52.0,53.47,29.05,77,0
성북구,정릉동,2025,2,전세,연립다세대,32,19700.0,19264.4,6351.6,15000.0,23625.0,,,,21,0
성북구,정릉동,2025,3,월세,연립다세대,28,2894.0,5962.0,6163.9,1000.0,12917.5,49.0,52.82,36.83,20,0
성북구,정릉동,2025,3,전세,연립다세대,28,15500.0,14720.0,5335.9,9750.0,19250.0,,,,20,0
성북구,정릉동,2025,3,전세,오피스텔,2,25250.0,25250.0,353.6,25125.0,25375.0,,,,2,0
성북구,정릉동,2025,4,월세,연립다세대,34,2000.0,6001.6,6730.2,1000.0,10750.0,50.0,50.0,33.82,28,0
성북구,정릉동,2025,4,월세,오피스텔,1,3500.0,3500.0,,3500.0,3500.0,110.0,110.0,,1,0
성북구,정릉동,2025,4,전세,연립다세대,15,20000.0,19945.6,6118.0,18000.0,25000.0,,,,8,0
성북구,정릉동,2025,5,월세,연립다세대,37,5000.0,6488.1,5704.7,2000.0,9000.0,50.0,54.92,36.3,26,0
성북구,정릉동,2025,5,전세,연립다세대,35,20000.0,19428.2,5305.9,15150.0,22750.0,,,,20,0
성북구,정릉동,2025,6,월세,연립다세대,80,1065.0,3473.3,5035.1,830.75,4062.75,40.0,42.24,25.0,71,0
성북구,정릉동,2025,6,월세,오피스텔,3,3000.0,2500.0,1322.9,2000.0,3250.0,110.0,90.0,34.64,3,0
성북구,정릉동,2025,6,전세,연립다세대,25,17000.0,16785.6,6309.3,14800.0,19000.0,,,,14,0
성북구,정릉동,2025,7,월세,연립다세대,53,2000.0,4731.3,4966.5,1000.0,8436.0,52.0,54.75,33.76,48,0
성북구,정릉동,2025,7,월세,오피스텔,1,100.0,100.0,,100.0,100.0,45.0,45.0,,1,0
성북구,정릉동,2025,7,전세,연립다세대,21,18390.0,18440.0,5516.2,15000.0,20000.0,,,,15,0
성북구,정릉동,2025,8,월세,연립다세대,43,1000.0,4030.7,5607.7,1000.0,5000.0,60.0,58.05,28.82,39,0
성북구,정릉동,2025,8,월세,오피스텔,4,3500.0,3050.0,2027.3,2675.0,3875.0,95.0,91.25,19.31,4,0
성북구,정릉동,2025,8,전세,연립다세대,21,15750.0,16520.5,5862.4,14300.0,17500.0,,,,8,0
성북구,정릉동,2025,9,월세,연립다세대,42,3000.0,5465.8,5741.1,1101.5,9125.0,50.0,50.83,29.86,33,0
성북구,정릉동,2025,9,월세,오피스텔,1,100.0,100.0,,100.0,100.0,65.0,65.0,,1,0
성북구,정릉동,2025,9,전세,연립다세대,29,17300.0,16879.3,4286.0,15000.0,18700.0,,,,20,0
성북구,정릉동,2025,10,월세,연립다세대,29,5000.0,5914.9,5616.8,1000.0,9300.0,60.0,56.38,34.15,25,0
성북구,정릉동,2025,10,월세,오피스텔,1,3500.0,3500.0,,3500.0,3500.0,110.0,110.0,,1,0
성북구,정릉동,2025,10,전세,연립다세대,33,17360.0,18844.5,5351.0,15000.0,23900.0,,,,20,0
성북구,정릉동,2025,11,월세,연립다세대,47,1064.0,4193.0,5561.6,1000.0,4750.0,60.0,57.79,29.41,37,0
성북구,정릉동,2025,11,전세,연립다세대,27,11000.0,12156.8,4950.4,7000.0,15250.0,,,,17,0
성북구,정릉동,2025,12,월세,연립다세대,116,3000.0,5499.7,6154.2,1000.0,7632.0,45.0,43.66,23.47,103,0
성북구,정릉동,2025,12,월세,오피스텔,4,1000.0,6050.0,10640.0,800.0,6250.0,52.5,47.5,19.26,4,0
성북구,정릉동,2025,12,전세,연립다세대,23,15000.0,16310.0,4431.1,12500.0,20000.0,,,,17,0
성북구,정릉동,2025,12,전세,오피스텔,2,19850.0,19850.0,2616.3,18925.0,20775.0,,,,2,0
성북구,정릉동,2026,1,월세,연립다세대,90,1000.0,3297.9,5509.7,1000.0,2750.0,53.0,54.3,23.1,84,1
성북구,정릉동,2026,1,월세,오피스텔,1,100.0,100.0,,100.0,100.0,45.0,45.0,,1,1
성북구,정릉동,2026,1,전세,연립다세대,29,17000.0,17422.3,6577.1,12600.0,22000.0,,,,18,1
성북구,정릉동,2026,2,월세,연립다세대,92,1000.0,4031.0,6250.1,537.5,5000.0,49.0,55.09,32.77,75,1
성북구,정릉동,2026,2,월세,오피스텔,1,1000.0,1000.0,,1000.0,1000.0,50.0,50.0,,1,1
성북구,정릉동,2026,2,전세,연립다세대,21,18000.0,18334.1,4551.3,16207.0,20500.0,,,,14,1
성북구,정릉동,2026,3,월세,연립다세대,67,5000.0,8052.8,7798.0,1000.0,13000.0,45.0,50.12,32.27,48,1
성북구,정릉동,2026,3,월세,오피스텔,1,100.0,100.0,,100.0,100.0,45.0,45.0,,1,1
성북구,정릉동,2026,3,전세,연립다세대,27,19750.0,19800.7,5320.6,17160.0,23850.0,,,,18,1
성북구,정릉동,2026,4,월세,연립다세대,31,3000.0,8061.7,9453.3,1000.0,11700.0,50.0,48.94,36.12,22,1
성북구,정릉동,2026,4,전세,연립다세대,24,18150.0,18699.0,5619.5,14607.5,22250.0,,,,17,1
성북구,정릉동,2026,5,월세,연립다세대,80,5472.0,6297.3,5710.1,2850.75,7639.5,36.5,46.26,38.38,41,1
성북구,정릉동,2026,5,전세,연립다세대,30,14650.0,17046.3,6748.5,12032.5,22575.0,,,,20,1
성북구,정릉동,2026,6,월세,연립다세대,65,4700.0,6196.2,6603.1,1064.0,10000.0,50.0,53.89,33.29,54,1
성북구,정릉동,2026,6,월세,오피스텔,1,1000.0,1000.0,,1000.0,1000.0,50.0,50.0,,1,1
성북구,정릉동,2026,6,전세,연립다세대,25,16500.0,17787.2,6999.9,14600.0,24000.0,,,,20,1
성북구,정릉동,2026,7,월세,연립다세대,88,2960.5,4776.4,5303.2,1000.0,6407.75,32.5,40.77,30.56,65,1
성북구,정릉동,2026,7,월세,오피스텔,3,1000.0,1366.7,1484.4,550.0,2000.0,40.0,40.33,12.5,3,1
성북구,정릉동,2026,7,전세,연립다세대,21,15000.0,15690.7,6903.5,10000.0,19000.0,,,,14,1
성북구,정릉동,2026,7,전세,오피스텔,1,30000.0,30000.0,,30000.0,30000.0,,,,1,1
성북구,정릉동,2026,8,월세,연립다세대,41,3000.0,6226.9,6954.0,1000.0,13000.0,54.0,55.59,41.76,32,1
성북구,정릉동,2026,8,월세,오피스텔,1,1000.0,1000.0,,1000.0,1000.0,54.0,54.0,,1,1
성북구,정릉동,2026,8,전세,연립다세대,25,15000.0,15335.0,6413.6,10300.0,17280.0,,,,14,1
성북구,정릉동,2026,9,월세,연립다세대,18,7412.0,8387.6,5756.6,3436.5,12750.0,21.5,33.17,31.04,9,1
성북구,정릉동,2026,9,전세,연립다세대,6,16295.0,16315.0,1821.4,15325.0,17647.5,,,,2,1
성북구,종암동,2021,1,월세,연립다세대,8,2000.0,2287.5,1321.7,2000.0,2250.0,62.5,58.75,20.83,1,0
성북구,종암동,2021,1,전세,연립다세대,16,25000.0,23850.0,3473.1,22500.0,26000.0,,,,2,0
성북구,종암동,2021,2,월세,연립다세대,1,5000.0,5000.0,,5000.0,5000.0,80.0,80.0,,1,0
성북구,종암동,2021,2,전세,연립다세대,12,24500.0,23233.3,12002.9,20175.0,27000.0,,,,0,0
성북구,종암동,2021,3,월세,연립다세대,9,2000.0,4355.6,4476.1,1000.0,10000.0,69.0,58.11,27.69,0,0
성북구,종암동,2021,3,전세,연립다세대,49,25900.0,24422.4,4545.0,24000.0,26900.0,,,,2,0
성북구,종암동,2021,4,월세,연립다세대,7,4540.0,7048.6,6405.4,2500.0,11750.0,25.0,36.71,26.5,0,0
성북구,종암동,2021,4,전세,연립다세대,20,25050.0,22232.5,7781.1,15687.5,27800.0,,,,3,0
성북구,종암동,2021,5,월세,연립다세대,13,4000.0,6461.5,6179.5,1500.0,10000.0,50.0,48.46,20.55,1,0
성북구,종암동,2021,5,전세,연립다세대,15,22000.0,22583.3,5919.8,18500.0,26800.0,,,,0,0
성북구,종암동,2021,6,월세,연립다세대,5,3000.0,4820.0,5427.9,2000.0,5000.0,70.0,54.0,33.8,4,0
성북구,종암동,2021,6,전세,연립다세대,13,25000.0,22800.0,8322.8,18000.0,27000.0,,,,7,0
성북구,종암동,2021,6,전세,오피스텔,1,34000.0,34000.0,,34000.0,34000.0,,,,0,0
성북구,종암동,2021,7,월세,연립다세대,15,4000.0,4763.1,4100.9,1855.0,6000.0,50.0,45.13,32.07,9,0
성북구,종암동,2021,7,전세,연립다세대,15,18000.0,18793.3,10116.4,11500.0,23750.0,,,,8,0
성북구,종암동,2021,8,월세,연립다세대,5,5000.0,4520.0,4124.0,300.0,8000.0,42.0,35.8,21.18,4,0
성북구,종암동,2021,8,전세,연립다세대,15,30000.0,27933.3,9768.5,23000.0,32000.0,,,,10,0
성북구,종암동,2021,9,월세,연립다세대,6,400.0,1209.8,2135.9,300.0,500.0,43.5,54.17,32.66,4,0
성북구,종암동,2021,9,전세,연립다세대,14,16000.0,19178.6,11179.7,9250.0,27875.0,,,,11,0
성북구,종암동,2021,10,월세,연립다세대,5,10000.0,13400.0,9633.3,10000.0,12000.0,30.0,29.0,14.39,2,0
성북구,종암동,2021,10,전세,연립다세대,15,20000.0,20240.0,8201.9,13250.0,28000.0,,,,9,0
성북구,종암동,2021,10,전세,오피스텔,1,28000.0,28000.0,,28000.0,28000.0,,,,0,0
성북구,종암동,2021,11,월세,연립다세대,4,4000.0,4253.8,3543.2,2325.0,5928.75,45.0,47.0,35.72,2,0
성북구,종암동,2021,11,전세,연립다세대,8,18700.0,18937.5,7378.9,16500.0,24075.0,,,,2,0
성북구,종암동,2021,12,월세,연립다세대,8,2000.0,2625.0,2117.1,875.0,4250.0,60.0,67.88,23.43,7,0
성북구,종암동,2021,12,전세,연립다세대,10,20000.0,19780.0,9168.9,11750.0,26950.0,,,,6,0
성북구,종암동,2021,12,전세,오피스텔,1,38000.0,38000.0,,38000.0,38000.0,,,,1,0
성북구,종암동,2022,1,월세,연립다세대,7,2000.0,2363.4,1936.1,1250.0,3000.0,40.0,40.86,16.7,4,0
성북구,종암동,2022,1,전세,연립다세대,14,18825.0,19203.6,7287.8,14775.0,22750.0,,,,8,0
성북구,종암동,2022,2,월세,연립다세대,11,1000.0,1200.0,1292.3,750.0,1000.0,65.0,60.0,20.74,8,0
성북구,종암동,2022,2,전세,연립다세대,15,21000.0,21223.3,5261.5,20000.0,23750.0,,,,9,0
성북구,종암동,2022,3,월세,연립다세대,11,2000.0,4300.0,6769.0,1000.0,3250.0,55.0,54.27,22.57,9,0
성북구,종암동,2022,3,전세,연립다세대,12,26000.0,25700.0,9618.1,17375.0,34250.0,,,,6,0
성북구,종암동,2022,4,월세,연립다세대,6,3000.0,9433.3,12118.9,1125.0,19500.0,51.0,64.5,40.44,6,0
성북구,종암동,2022,4,전세,연립다세대,16,19250.0,19650.0,8076.3,15750.0,24750.0,,,,6,0
성북구,종암동,2022,5,월세,연립다세대,7,3000.0,5657.1,5311.0,2250.0,8500.0,50.0,54.29,31.15,7,0
성북구,종암동,2022,5,전세,연립다세대,12,23125.0,22660.8,11028.1,15500.0,29190.0,,,,6,0
성북구,종암동,2022,6,월세,연립다세대,5,1500.0,1300.0,758.3,500.0,2000.0,75.0,80.0,23.18,4,0
성북구,종암동,2022,6,전세,연립다세대,17,25200.0,26397.1,7153.7,20000.0,32000.0,,,,8,0
성북구,종암동,2022,7,월세,연립다세대,16,2000.0,2874.2,3153.9,500.0,3150.0,55.5,60.38,22.26,12,0
성북구,종암동,2022,7,전세,연립다세대,13,24000.0,22667.3,8120.6,19275.0,25500.0,,,,3,0
성북구,종암동,2022,7,전세,오피스텔,1,33000.0,33000.0,,33000.0,33000.0,,,,1,0
성북구,종암동,2022,8,월세,연립다세대,22,1000.0,3482.0,6403.3,500.0,2625.0,50.0,53.36,24.45,13,0
성북구,종암동,2022,8,전세,연립다세대,16,23500.0,23828.1,8691.5,17787.5,29000.0,,,,4,0
성북구,종암동,2022,9,월세,연립다세대,7,1000.0,3320.0,3771.1,500.0,5370.0,48.0,53.57,21.04,6,0
성북구,종암동,2022,9,전세,연립다세대,14,24600.0,24835.7,9383.1,19475.0,30600.0,,,,9,0
성북구,종암동,2022,10,월세,연립다세대,11,4930.0,5191.5,4339.1,1000.0,7636.5,45.0,45.82,26.49,3,0
성북구,종암동,2022,10,전세,연립다세대,18,26000.0,26055.0,5988.7,23500.0,28975.0,,,,14,0
성북구,종암동,2022,10,전세,오피스텔,1,31500.0,31500.0,,31500.0,31500.0,,,,0,0
성북구,종암동,2022,11,월세,연립다세대,11,1000.0,4054.5,6240.4,1000.0,3000.0,68.0,60.55,25.13,8,0
성북구,종암동,2022,11,전세,연립다세대,6,21000.0,24333.3,9667.8,17000.0,29500.0,,,,6,0
성북구,종암동,2022,12,월세,연립다세대,13,1000.0,4715.4,5798.5,100.0,10000.0,50.0,49.23,18.69,11,0
성북구,종암동,2022,12,전세,연립다세대,7,25900.0,19821.4,10758.2,9100.0,28500.0,,,,5,0
성북구,종암동,2023,1,월세,연립다세대,13,2000.0,6292.3,7217.6,1000.0,11000.0,40.0,44.69,26.28,11,0
성북구,종암동,2023,1,전세,연립다세대,11,20000.0,17954.5,7290.5,11900.0,21750.0,,,,6,0
성북구,종암동,2023,2,월세,연립다세대,20,1000.0,4125.0,5968.4,875.0,4125.0,54.0,57.3,27.75,17,0
성북구,종암동,2023,2,전세,연립다세대,22,20950.0,20235.2,6899.3,16500.0,24000.0,,,,10,0
성북구,종암동,2023,3,월세,연립다세대,12,6000.0,6358.3,5282.5,1000.0,10000.0,50.0,58.5,35.83,9,0
성북구,종암동,2023,3,전세,연립다세대,13,21000.0,20157.7,7645.0,13000.0,26800.0,,,,5,0
성북구,종암동,2023,4,월세,연립다세대,10,2000.0,4540.0,6064.3,1000.0,4500.0,50.0,55.6,31.48,9,0
성북구,종암동,2023,4,전세,연립다세대,17,20000.0,20494.1,5995.4,17400.0,23500.0,,,,7,0
성북구,종암동,2023,5,월세,연립다세대,16,2250.0,4787.5,7396.9,875.0,4250.0,76.0,66.0,33.85,13,0
성북구,종암동,2023,5,전세,연립다세대,12,21250.0,23275.0,5239.6,20250.0,25500.0,,,,7,0
성북구,종암동,2023,6,월세,연립다세대,13,1000.0,3269.2,4008.4,1000.0,5000.0,50.0,62.0,18.11,11,0
성북구,종암동,2023,6,전세,연립다세대,13,20900.0,21523.1,5924.1,20600.0,25000.0,,,,9,0
성북구,종암동,2023,7,월세,연립다세대,12,1000.0,4108.2,5539.6,1000.0,4598.5,55.0,54.17,21.2,10,0
성북구,종암동,2023,7,전세,연립다세대,13,18050.0,19803.8,7388.4,15000.0,25000.0,,,,6,0
성북구,종암동,2023,8,월세,연립다세대,10,3000.0,5840.0,6900.9,625.0,8750.0,46.5,48.6,26.91,7,0
성북구,종암동,2023,8,전세,연립다세대,11,16500.0,19318.2,6406.7,14600.0,23750.0,,,,6,0
성북구,종암동,2023,9,월세,연립다세대,10,3750.0,4830.0,4403.3,1000.0,7875.0,51.5,49.3,27.72,6,0
성북구,종암동,2023,9,전세,연립다세대,9,15000.0,14166.7,4790.4,10000.0,17000.0,,,,8,0
성북구,종암동,2023,10,월세,연립다세대,12,9500.0,8666.7,5432.8,4500.0,12750.0,35.0,45.0,27.27,9,0
성북구,종암동,2023,10,전세,연립다세대,5,23500.0,23100.0,6674.6,18000.0,25000.0,,,,4,0
성북구,종암동,2023,11,월세,연립다세대,16,5000.0,6432.2,6345.8,2000.0,8478.75,47.5,52.06,38.15,12,0
성북구,종암동,2023,11,전세,연립다세대,12,17500.0,18633.3,9022.8,10000.0,23575.0,,,,8,0
성북구,종암동,2023,12,월세,연립다세대,17,2000.0,3973.5,4697.7,1000.0,5000.0,45.0,46.94,26.46,12,0
성북구,종암동,2023,12,전세,연립다세대,17,21000.0,21850.0,8564.5,17000.0,26000.0,,,,11,0
성북구,종암동,2024,1,월세,연립다세대,19,2000.0,4465.8,5003.9,1000.0,7475.0,62.0,61.47,31.45,15,0
성북구,종암동,2024,1,전세,연립다세대,17,22000.0,19758.8,9550.3,15000.0,26000.0,,,,12,0
성북구,종암동,2024,2,월세,연립다세대,16,2000.0,4031.2,4825.2,1750.0,3250.0,75.0,65.69,26.68,14,0
성북구,종암동,2024,2,전세,연립다세대,9,23000.0,20677.8,6886.5,17000.0,25800.0,,,,7,0
성북구,종암동,2024,3,월세,연립다세대,9,2000.0,5477.8,6374.1,1000.0,10000.0,60.0,60.44,21.67,9,0
성북구,종암동,2024,3,전세,연립다세대,4,20000.0,23750.0,9604.7,19250.0,24500.0,,,,1,0
성북구,종암동,2024,4,월세,연립다세대,11,6000.0,7794.1,8031.2,2000.0,10900.0,35.0,40.73,27.54,10,0
성북구,종암동,2024,4,전세,연립다세대,7,24000.0,20482.1,6883.4,16700.0,25400.0,,,,4,0
성북구,종암동,2024,5,월세,연립다세대,14,2000.0,6771.4,9937.9,625.0,12000.0,51.5,55.43,34.28,13,0
성북구,종암동,2024,5,전세,연립다세대,14,25450.0,24871.4,5886.5,21250.0,30000.0,,,,6,0
성북구,종암동,2024,6,월세,연립다세대,10,1250.0,2514.3,3046.8,611.5,2751.75,38.0,55.7,38.33,10,0
성북구,종암동,2024,6,월세,오피스텔,1,5000.0,5000.0,,5000.0,5000.0,80.0,80.0,,1,0
성북구,종암동,2024,6,전세,연립다세대,14,20600.0,21676.1,5930.6,19250.0,23447.5,,,,10,0
성북구,종암동,2024,6,전세,오피스텔,1,21000.0,21000.0,,21000.0,21000.0,,,,1,0
성북구,종암동,2024,7,월세,연립다세대,16,6500.0,7593.4,6733.7,1000.0,12250.0,57.5,56.19,34.12,15,0
성북구,종암동,2024,7,월세,오피스텔,1,500.0,500.0,,500.0,500.0,48.0,48.0,,1,0
성북구,종암동,2024,7,전세,연립다세대,11,24000.0,22509.1,9097.7,20000.0,28350.0,,,,8,0
성북구,종암동,2024,7,전세,오피스텔,1,23000.0,23000.0,,23000.0,23000.0,,,,1,0
성북구,종암동,2024,8,월세,연립다세대,30,1750.0,8540.0,12144.9,1000.0,9500.0,63.0,68.07,40.69,29,0
성북구,종암동,2024,8,전세,연립다세대,7,22900.0,26271.4,10817.4,20000.0,36500.0,,,,6,0
성북구,종암동,2024,9,월세,연립다세대,18,1000.0,5239.3,8473.5,350.0,4826.75,56.0,61.11,30.75,17,0
성북구,종암동,2024,9,전세,연립다세대,15,19250.0,18916.7,9938.2,8600.0,27750.0,,,,11,0
성북구,종암동,2024,9,전세,오피스텔,1,29800.0,29800.0,,29800.0,29800.0,,,,0,0
성북구,종암동,2024,10,월세,연립다세대,11,5000.0,7927.3,7666.6,1500.0,13000.0,50.0,53.18,34.59,10,0
성북구,종암동,2024,10,전세,연립다세대,13,26000.0,22457.3,8327.1,16000.0,27500.0,,,,11,0
성북구,종암동,2024,11,월세,연립다세대,15,8000.0,10534.7,10021.2,2000.0,15000.0,35.0,45.73,31.11,14,0
성북구,종암동,2024,11,전세,연립다세대,17,28500.0,26494.1,7141.0,23000.0,32000.0,,,,14,0
성북구,종암동,2024,12,월세,연립다세대,19,3000.0,5826.3,7430.9,1500.0,6000.0,65.0,67.26,31.34,18,0
성북구,종암동,2024,12,전세,연립다세대,17,20000.0,22539.7,8521.2,16000.0,31500.0,,,,12,0
성북구,종암동,2025,1,월세,연립다세대,21,2000.0,5147.6,8646.3,1000.0,5000.0,53.0,55.19,34.02,20,0
성북구,종암동,2025,1,전세,연립다세대,6,26500.0,25050.0,10842.8,18075.0,34250.0,,,,4,0
성북구,종암동,2025,2,월세,연립다세대,14,1500.0,5864.3,9891.9,1000.0,3625.0,65.0,69.79,37.87,13,0
성북구,종암동,2025,2,전세,연립다세대,11,21600.0,22531.8,3418.8,21200.0,25000.0,,,,7,0
성북구,종암동,2025,2,전세,오피스텔,1,31000.0,31000.0,,31000.0,31000.0,,,,1,0
성북구,종암동,2025,3,월세,연립다세대,11,2500.0,6427.3,9525.7,500.0,7500.0,48.0,60.09,35.92,11,0
성북구,종암동,2025,3,전세,연립다세대,16,19800.0,21312.5,9638.5,16750.0,26100.0,,,,12,0
성북구,종암동,2025,4,월세,연립다세대,9,16000.0,13711.1,9681.4,5000.0,16700.0,25.0,36.11,27.7,6,0
성북구,종암동,2025,4,전세,연립다세대,15,22000.0,23493.3,3916.6,21000.0,24500.0,,,,5,0
성북구,종암동,2025,5,월세,연립다세대,13,12000.0,11515.4,6823.5,5500.0,17700.0,20.0,44.15,43.92,12,0
성북구,종암동,2025,5,전세,연립다세대,10,17500.0,19050.0,8671.6,16200.0,21425.0,,,,7,0
성북구,종암동,2025,6,월세,연립다세대,11,16800.0,13435.5,9357.3,5000.0,20500.0,20.0,33.45,29.05,9,0
성북구,종암동,2025,6,전세,연립다세대,6,24000.0,21150.0,11714.2,11850.0,29625.0,,,,4,0
성북구,종암동,2025,6,전세,오피스텔,1,23000.0,23000.0,,23000.0,23000.0,,,,1,0
성북구,종암동,2025,7,월세,연립다세대,26,1000.0,3423.3,5277.5,1000.0,3000.0,67.0,65.73,33.35,19,0
성북구,종암동,2025,7,전세,연립다세대,16,16600.0,17715.6,6007.3,14650.0,24250.0,,,,11,0
성북구,종암동,2025,8,월세,연립다세대,27,1000.0,3870.9,6109.9,1000.0,3500.0,60.0,61.74,32.78,23,0
성북구,종암동,2025,8,전세,연립다세대,9,16500.0,18438.9,9290.0,13000.0,24000.0,,,,7,0
성북구,종암동,2025,9,월세,연립다세대,10,5000.0,10011.1,10834.9,2608.25,15100.0,60.5,56.6,42.16,9,0
성북구,종암동,2025,9,월세,오피스텔,1,500.0,500.0,,500.0,500.0,55.0,55.0,,1,0
성북구,종암동,2025,9,전세,연립다세대,9,21000.0,23211.1,7085.3,18000.0,24500.0,,,,5,0
성북구,종암동,2025,10,월세,연립다세대,9,3000.0,8233.3,8163.3,1000.0,16000.0,40.0,46.0,39.12,8,0
성북구,종암동,2025,10,전세,연립다세대,9,19900.0,20044.4,4812.0,18000.0,21000.0,,,,8,0
성북구,종암동,2025,11,월세,연립다세대,21,5000.0,7742.9,8855.5,1000.0,14000.0,46.0,53.14,30.36,18,0
성북구,종암동,2025,11,전세,연립다세대,17,23000.0,22467.6,7622.0,19000.0,26200.0,,,,11,0
성북구,종암동,2025,12,월세,연립다세대,12,1000.0,4875.0,7289.0,450.0,6250.0,47.0,53.25,38.19,11,0
성북구,종암동,2025,12,전세,연립다세대,5,19900.0,17837.0,6745.8,15000.0,20000.0,,,,4,0
성북구,종암동,2026,1,월세,연립다세대,29,2000.0,5977.3,7829.9,1000.0,6000.0,55.0,58.24,35.93,25,1
성북구,종암동,2026,1,전세,연립다세대,4,19750.0,21875.0,5662.4,18000.0,23625.0,,,,4,1
성북구,종암동,2026,2,월세,연립다세대,19,1000.0,3042.1,4486.8,1000.0,3000.0,65.0,68.0,37.71,16,1
성북구,종암동,2026,2,전세,연립다세대,7,20000.0,20142.9,5429.2,18500.0,22000.0,,,,5,1
성북구,종암동,2026,3,월세,연립다세대,15,3000.0,9765.3,9488.1,2000.0,16250.0,40.0,47.07,24.92,14,1
성북구,종암동,2026,3,전세,연립다세대,7,21000.0,18800.7,9263.6,10462.5,25100.0,,,,6,1
성북구,종암동,2026,4,월세,연립다세대,10,4500.0,7850.0,8027.9,1000.0,16000.0,62.5,53.0,34.03,9,1
성북구,종암동,2026,4,전세,연립다세대,4,15500.0,13800.0,4114.2,13175.0,16125.0,,,,2,1
성북구,종암동,2026,5,월세,연립다세대,11,5500.0,8545.5,7834.1,2000.0,17000.0,80.0,76.36,47.96,7,1
성북구,종암동,2026,5,전세,연립다세대,8,22000.0,26212.5,11446.1,19750.0,38325.0,,,,5,1
성북구,종암동,2026,6,월세,연립다세대,8,11000.0,13187.5,12374.9,2500.0,23250.0,60.0,64.38,39.14,8,1
성북구,종암동,2026,6,전세,연립다세대,8,20119.5,19439.9,2235.0,17000.0,21157.5,,,,3,1
성북구,종암동,2026,7,월세,연립다세대,20,2050.0,6343.8,9379.0,1000.0,7987.5,48.0,55.55,29.64,17,1
성북구,종암동,2026,7,전세,연립다세대,15,28000.0,27700.0,13836.1,21950.0,36000.0,,,,10,1
성북구,종암동,2026,8,월세,연립다세대,24,1599.0,3133.6,4438.8,300.0,5000.0,41.0,62.5,47.97,13,1
성북구,종암동,2026,8,전세,연립다세대,4,25500.0,26250.0,6130.5,22250.0,29500.0,,,,4,1
성북구,종암동,2026,9,월세,연립다세대,2,18250.0,18250.0,2474.9,17375.0,19125.0,27.5,27.5,17.68,2,1
성북구,종암동,2026,9,전세,연립다세대,3,25000.0,21333.3,9073.8,18000.0,26500.0,,,,2,1
성북구,하월곡동,2021,1,월세,연립다세대,4,1000.0,1000.0,0.0,1000.0,1000.0,60.0,62.5,8.66,1,0
성북구,하월곡동,2021,1,전세,연립다세대,9,21000.0,20933.3,7298.5,14200.0,28000.0,,,,1,0
성북구,하월곡동,2021,1,전세,오피스텔,21,13400.0,15342.9,4622.1,13000.0,14900.0,,,,2,0
성북구,하월곡동,2021,2,월세,연립다세대,4,1000.0,2625.0,3591.1,875.0,2750.0,57.5,55.0,27.07,0,0
성북구,하월곡동,2021,2,전세,연립다세대,2,14600.0,14600.0,565.7,14400.0,14800.0,,,,0,0
성북구,하월곡동,2021,2,전세,오피스텔,2,20650.0,20650.0,8131.7,17775.0,23525.0,,,,0,0
성북구,하월곡동,2021,3,월세,연립다세대,1,10000.0,10000.0,,10000.0,10000.0,60.0,60.0,,0,0
성북구,하월곡동,2021,3,전세,연립다세대,8,25000.0,23812.5,4613.2,23500.0,25750.0,,,,0,0
성북구,하월곡동,2021,3,전세,오피스텔,6,16900.0,18250.0,4031.7,16900.0,16900.0,,,,0,0
성북구,하월곡동,2021,4,월세,연립다세대,2,3500.0,3500.0,2121.3,2750.0,4250.0,77.0,77.0,2.83,0,0
성북구,하월곡동,2021,4,전세,연립다세대,4,26300.0,26550.0,957.4,25800.0,27050.0,,,,0,0
성북구,하월곡동,2021,4,전세,오피스텔,4,15950.0,15225.0,2338.6,14250.0,16925.0,,,,0,0
성북구,하월곡동,2021,5,월세,연립다세대,5,4000.0,4100.0,3286.3,2000.0,4000.0,45.0,52.0,16.81,0,0
성북구,하월곡동,2021,5,월세,오피스텔,1,2000.0,2000.0,,2000.0,2000.0,60.0,60.0,,0,0
성북구,하월곡동,2021,5,전세,연립다세대,7,25800.0,25271.4,2962.4,23250.0,25800.0,,,,0,0
성북구,하월곡동,2021,5,전세,오피스텔,1,19950.0,19950.0,,19950.0,19950.0,,,,0,0
성북구,하월곡동,2021,6,월세,연립다세대,9,1000.0,4055.6,6207.1,1000.0,1000.0,65.0,58.33,25.5,7,0
성북구,하월곡동,2021,6,월세,오피스텔,1,2000.0,2000.0,,2000.0,2000.0,70.0,70.0,,1,0
성북구,하월곡동,2021,6,전세,연립다세대,13,24000.0,22753.8,4456.9,18900.0,25000.0,,,,9,0
성북구,하월곡동,2021,6,전세,오피스텔,2,22250.0,22250.0,11667.3,18125.0,26375.0,,,,2,0
성북구,하월곡동,2021,7,월세,연립다세대,11,6000.0,9381.8,10875.8,1500.0,10000.0,55.0,67.09,25.24,9,0
성북구,하월곡동,2021,7,월세,오피스텔,1,3000.0,3000.0,,3000.0,3000.0,150.0,150.0,,1,0
성북구,하월곡동,2021,7,전세,연립다세대,6,16000.0,15833.3,5947.0,14000.0,19500.0,,,,2,0
성북구,하월곡동,2021,7,전세,오피스텔,4,33750.0,116000.0,167717.5,29375.0,120375.0,,,,4,0
성북구,하월곡동,2021,8,월세,연립다세대,10,3000.0,2832.0,1355.7,2000.0,3000.0,80.0,78.6,14.18,10,0
성북구,하월곡동,2021,8,월세,오피스텔,4,1000.0,1250.0,500.0,1000.0,1250.0,58.5,56.25,5.68,4,0
성북구,하월곡동,2021,8,전세,연립다세대,11,24000.0,25395.5,4001.9,23500.0,28250.0,,,,7,0
성북구,하월곡동,2021,8,전세,오피스텔,4,29500.0,29500.0,577.4,29000.0,30000.0,,,,4,0
성북구,하월곡동,2021,9,월세,연립다세대,3,2000.0,2033.3,1950.2,1050.0,3000.0,70.0,65.0,27.84,2,0
성북구,하월곡동,2021,9,월세,오피스텔,4,2000.0,1750.0,500.0,1750.0,2000.0,65.0,83.75,47.28,4,0
성북구,하월곡동,2021,9,전세,연립다세대,2,30500.0,30500.0,0.0,30500.0,30500.0,,,,2,0
성북구,하월곡동,2021,9,전세,오피스텔,1,29500.0,29500.0,,29500.0,29500.0,,,,1,0
성북구,하월곡동,2021,10,월세,연립다세대,8,4500.0,5776.2,6234.5,1750.0,5982.5,60.0,57.5,26.52,8,0
성북구,하월곡동,2021,10,월세,오피스텔,2,2000.0,2000.0,1414.2,1500.0,2500.0,62.5,62.5,10.61,2,0
성북구,하월곡동,2021,10,전세,연립다세대,5,20000.0,21500.0,5545.3,19500.0,23000.0,,,,3,0
성북구,하월곡동,2021,10,전세,오피스텔,1,13650.0,13650.0,,13650.0,13650.0,,,,1,0
성북구,하월곡동,2021,11,월세,연립다세대,7,4298.0,3882.9,1281.0,4233.5,4374.5,10.0,14.43,11.41,1,0
성북구,하월곡동,2021,11,전세,연립다세대,5,24150.0,20970.0,8484.7,14000.0,28350.0,,,,0,0
성북구,하월곡동,2021,11,전세,오피스텔,2,27665.0,27665.0,2595.1,26747.5,28582.5,,,,1,0
성북구,하월곡동,2021,12,월세,연립다세대,8,2500.0,5719.8,8382.8,875.0,5318.5,37.5,46.62,29.99,5,0
성북구,하월곡동,2021,12,월세,오피스텔,3,3700.0,5566.7,3855.3,3350.0,6850.0,85.0,105.0,67.27,2,0
성북구,하월곡동,2021,12,전세,연립다세대,10,23000.0,23447.5,7787.8,20500.0,30731.25,,,,8,0
성북구,하월곡동,2021,12,전세,오피스텔,3,25830.0,22610.0,7535.0,19915.0,26915.0,,,,1,0
성북구,하월곡동,2022,1,월세,연립다세대,7,1000.0,2857.1,3484.7,1000.0,3000.0,51.0,47.14,17.84,5,0
성북구,하월곡동,2022,1,월세,오피스텔,1,2000.0,2000.0,,2000.0,2000.0,85.0,85.0,,1,0
성북구,하월곡동,2022,1,전세,연립다세대,12,22500.0,20991.7,7908.6,14250.0,24625.0,,,,9,0
성북구,하월곡동,2022,1,전세,오피스텔,10,26950.0,28213.0,12516.8,17375.0,34375.0,,,,8,0
성북구,하월곡동,2022,2,월세,연립다세대,6,1000.0,3000.0,4427.2,1000.0,1750.0,62.5,58.33,28.58,5,0
성북구,하월곡동,2022,2,월세,오피스텔,4,1500.0,2250.0,1893.0,1000.0,2750.0,70.0,87.5,42.72,4,0
성북구,하월곡동,2022,2,전세,연립다세대,9,24500.0,23086.7,8534.9,20055.0,26000.0,,,,8,0
성북구,하월곡동,2022,2,전세,오피스텔,3,16000.0,18700.0,6860.8,14800.0,21250.0,,,,3,0
성북구,하월곡동,2022,3,월세,연립다세대,9,2000.0,2303.1,1251.5,1800.0,2088.0,27.0,46.22,37.28,3,0
성북구,하월곡동,2022,3,월세,오피스텔,4,3000.0,2825.0,2527.7,825.0,5000.0,80.0,85.0,55.83,3,0
성북구,하월곡동,2022,3,전세,연립다세대,9,25000.0,24188.9,7579.8,19500.0,28000.0,,,,3,0
성북구,하월곡동,2022,3,전세,오피스텔,7,16000.0,17857.1,4140.4,16000.0,17500.0,,,,7,0
성북구,하월곡동,2022,4,월세,연립다세대,7,10000.0,9465.4,8074.8,2879.0,15000.0,45.0,40.43,27.53,2,0
성북구,하월곡동,2022,4,월세,오피스텔,5,3000.0,2400.0,894.4,2000.0,3000.0,75.0,81.0,19.49,4,0
성북구,하월곡동,2022,4,전세,연립다세대,7,21000.0,22664.3,6959.3,19800.0,26512.5,,,,0,0
성북구,하월곡동,2022,4,전세,오피스텔,12,25560.0,23041.7,8221.1,15720.0,26975.0,,,,10,0
성북구,하월곡동,2022,5,월세,연립다세대,1,3000.0,3000.0,,3000.0,3000.0,80.0,80.0,,1,0
성북구,하월곡동,2022,5,월세,오피스텔,2,1000.0,1000.0,0.0,1000.0,1000.0,70.0,70.0,7.07,2,0
성북구,하월곡동,2022,5,전세,연립다세대,5,22050.0,23610.0,7624.7,16500.0,30000.0,,,,3,0
성북구,하월곡동,2022,5,전세,오피스텔,5,28800.0,34930.0,9445.7,28350.0,42000.0,,,,1,0
성북구,하월곡동,2022,6,월세,연립다세대,8,1098.0,4861.0,10085.2,250.0,2519.0,27.5,29.25,9.48,4,0
성북구,하월곡동,2022,6,월세,오피스텔,4,2000.0,3000.0,2828.4,1000.0,4000.0,61.0,81.75,45.65,3,0
성북구,하월곡동,2022,6,전세,연립다세대,5,22050.0,24210.0,6719.0,20000.0,26000.0,,,,2,0
성북구,하월곡동,2022,6,전세,오피스텔,1,47000.0,47000.0,,47000.0,47000.0,,,,1,0
성북구,하월곡동,2022,7,월세,연립다세대,3,3000.0,2833.3,2254.6,1750.0,4000.0,42.0,50.67,16.77,3,0
성북구,하월곡동,2022,7,월세,오피스텔,3,1000.0,1000.0,0.0,1000.0,1000.0,58.0,58.67,1.15,2,0
성북구,하월곡동,2022,7,전세,연립다세대,9,27090.0,27885.0,7056.3,24675.0,30450.0,,,,3,0
성북구,하월곡동,2022,7,전세,오피스텔,4,20322.5,25572.5,14314.6,15645.0,30250.0,,,,2,0
성북구,하월곡동,2022,8,월세,연립다세대,3,2000.0,2333.3,577.4,2000.0,2500.0,90.0,90.0,10.0,3,0
성북구,하월곡동,2022,8,월세,오피스텔,3,1000.0,1666.7,1154.7,1000.0,2000.0,60.0,96.67,72.34,2,0
성북구,하월곡동,2022,8,전세,연립다세대,4,25730.0,24865.0,3466.9,23750.0,26845.0,,,,1,0
성북구,하월곡동,2022,8,전세,오피스텔,4,15950.0,16100.0,1635.0,14875.0,17175.0,,,,4,0
성북구,하월곡동,2022,9,월세,연립다세대,3,1000.0,1666.7,1154.7,1000.0,2000.0,90.0,96.67,60.28,3,0
성북구,하월곡동,2022,9,월세,오피스텔,2,11500.0,11500.0,12020.8,7250.0,15750.0,40.0,40.0,28.28,2,0
성북구,하월곡동,2022,9,전세,연립다세대,6,22500.0,20615.0,7419.1,20250.0,25608.75,,,,3,0
성북구,하월곡동,2022,9,전세,오피스텔,2,24000.0,24000.0,5656.9,22000.0,26000.0,,,,2,0
성북구,하월곡동,2022,10,월세,연립다세대,7,1000.0,2778.3,5397.8,624.0,1000.0,40.0,47.57,24.95,3,0
성북구,하월곡동,2022,10,월세,오피스텔,3,5000.0,3666.7,2309.4,3000.0,5000.0,90.0,93.33,5.77,3,0
성북구,하월곡동,2022,10,전세,연립다세대,5,21000.0,22700.0,4466.5,20000.0,25500.0,,,,3,0
성북구,하월곡동,2022,10,전세,오피스텔,5,26000.0,26747.0,10580.3,25000.0,26400.0,,,,3,0
성북구,하월곡동,2022,11,월세,연립다세대,4,1500.0,4625.0,6944.7,875.0,5250.0,45.0,46.75,18.14,3,0
성북구,하월곡동,2022,11,월세,오피스텔,5,3000.0,2600.0,1673.3,1000.0,3000.0,55.0,73.0,28.42,3,0
성북구,하월곡동,2022,11,전세,연립다세대,5,18000.0,16590.0,5806.5,14000.0,19950.0,,,,2,0
성북구,하월곡동,2022,11,전세,오피스텔,3,26400.0,34100.0,13772.1,26150.0,38200.0,,,,0,0
성북구,하월곡동,2022,12,월세,연립다세대,9,3000.0,5833.3,7211.1,1000.0,5000.0,55.0,66.11,28.89,6,0
성북구,하월곡동,2022,12,월세,오피스텔,4,3000.0,3000.0,1633.0,2500.0,3500.0,80.0,103.25,59.66,3,0
성북구,하월곡동,2022,12,전세,연립다세대,6,21450.0,23200.0,6585.7,20250.0,21975.0,,,,3,0
성북구,하월곡동,2022,12,전세,오피스텔,3,16000.0,18533.3,5551.9,15350.0,20450.0,,,,2,0
성북구,하월곡동,2023,1,월세,연립다세대,14,1000.0,3228.6,6495.4,925.0,1750.0,56.5,56.5,23.37,10,0
성북구,하월곡동,2023,1,월세,오피스텔,5,1500.0,2300.0,1717.6,1000.0,3000.0,68.0,87.6,37.43,4,0
성북구,하월곡동,2023,1,전세,연립다세대,3,21000.0,16333.3,8082.9,14000.0,21000.0,,,,3,0
성북구,하월곡동,2023,1,전세,오피스텔,6,13625.0,15025.0,4426.9,12850.0,13687.5,,,,1,0
성북구,하월곡동,2023,2,월세,연립다세대,16,1400.0,2238.3,1626.3,1000.0,3128.25,70.0,72.5,28.34,14,0
성북구,하월곡동,2023,2,월세,오피스텔,4,3500.0,3017.5,2421.0,1517.5,5000.0,92.5,88.75,19.74,3,0
성북구,하월곡동,2023,2,전세,연립다세대,9,22000.0,20855.6,6149.2,20000.0,23000.0,,,,6,0
성북구,하월곡동,2023,2,전세,오피스텔,4,25300.0,27900.0,9087.0,23750.0,29450.0,,,,3,0
성북구,하월곡동,2023,3,월세,연립다세대,7,2000.0,5328.6,6662.5,1000.0,9000.0,70.0,54.57,24.83,7,0
성북구,하월곡동,2023,3,월세,오피스텔,1,5000.0,5000.0,,5000.0,5000.0,95.0,95.0,,1,0
성북구,하월곡동,2023,3,전세,연립다세대,6,21250.0,19750.0,6243.0,16125.0,24500.0,,,,3,0
성북구,하월곡동,2023,3,전세,오피스텔,1,43000.0,43000.0,,43000.0,43000.0,,,,1,0
성북구,하월곡동,2023,4,월세,연립다세대,4,4000.0,7250.0,8655.4,2500.0,8750.0,55.0,50.0,21.6,4,0
성북구,하월곡동,2023,4,월세,오피스텔,2,1500.0,1500.0,707.1,1250.0,1750.0,61.5,61.5,4.95,2,0
성북구,하월곡동,2023,4,전세,연립다세대,5,23000.0,23760.0,2878.9,23000.0,25000.0,,,,4,0
성북구,하월곡동,2023,5,월세,연립다세대,3,2000.0,1666.7,577.4,1500.0,2000.0,85.0,81.67,10.41,2,0
성북구,하월곡동,2023,5,월세,오피스텔,1,1000.0,1000.0,,1000.0,1000.0,67.0,67.0,,1,0
성북구,하월곡동,2023,5,전세,연립다세대,4,18500.0,16625.0,5935.4,15500.0,19625.0,,,,4,0
성북구,하월곡동,2023,5,전세,오피스텔,1,40000.0,40000.0,,40000.0,40000.0,,,,1,0
성북구,하월곡동,2023,6,월세,연립다세대,6,1000.0,3415.7,5678.6,1000.0,1370.5,60.0,52.33,21.69,5,0
성북구,하월곡동,2023,6,월세,오피스텔,2,2500.0,2500.0,2121.3,1750.0,3250.0,87.5,87.5,31.82,2,0
성북구,하월곡동,2023,6,전세,연립다세대,4,20000.0,20875.0,5202.2,18875.0,22000.0,,,,3,0
성북구,하월곡동,2023,6,전세,오피스텔,1,15000.0,15000.0,,15000.0,15000.0,,,,1,0
성북구,하월곡동,2023,7,월세,연립다세대,1,1000.0,1000.0,,1000.0,1000.0,35.0,35.0,,1,0
성북구,하월곡동,2023,7,월세,오피스텔,4,5000.0,5250.0,3685.6,4000.0,6250.0,42.5,40.75,13.12,2,0
성북구,하월곡동,2023,7,전세,연립다세대,8,18800.0,15987.5,7641.3,10000.0,21925.0,,,,7,0
성북구,하월곡동,2023,7,전세,오피스텔,2,26500.0,26500.0,4949.7,24750.0,28250.0,,,,2,0
성북구,하월곡동,2023,8,월세,연립다세대,5,4000.0,3702.0,3077.6,1000.0,5000.0,40.0,46.8,22.55,3,0
성북구,하월곡동,2023,8,월세,오피스텔,6,1000.0,2500.0,3674.2,1000.0,1000.0,75.0,72.5,11.73,6,0
성북구,하월곡동,2023,8,전세,연립다세대,2,21500.0,21500.0,3535.5,20250.0,22750.0,,,,2,0
성북구,하월곡동,2023,8,전세,오피스텔,3,24000.0,24166.7,288.7,24000.0,24250.0,,,,2,0
성북구,하월곡동,2023,9,월세,연립다세대,5,4943.0,3810.8,2033.6,3000.0,5011.0,34.0,53.6,57.83,3,0
성북구,하월곡동,2023,9,월세,오피스텔,3,1000.0,1633.3,1184.6,950.0,2000.0,85.0,90.0,18.03,3,0
성북구,하월곡동,2023,9,전세,연립다세대,9,22000.0,22366.7,8416.4,21000.0,23000.0,,,,4,0
성북구,하월곡동,2023,10,월세,연립다세대,6,5000.0,6500.0,6892.0,2750.0,5750.0,70.0,81.67,72.57,4,0
성북구,하월곡동,2023,10,월세,오피스텔,1,1000.0,1000.0,,1000.0,1000.0,60.0,60.0,,1,0
성북구,하월곡동,2023,10,전세,연립다세대,7,23800.0,23157.1,1892.0,22250.0,23900.0,,,,6,0
성북구,하월곡동,2023,10,전세,오피스텔,1,29000.0,29000.0,,29000.0,29000.0,,,,1,0
성북구,하월곡동,2023,11,월세,연립다세대,13,3000.0,3210.0,1391.7,1975.0,4387.0,24.0,39.08,34.75,4,0
성북구,하월곡동,2023,11,월세,오피스텔,2,5000.0,5000.0,4242.6,3500.0,6500.0,122.5,122.5,60.1,2,0
성북구,하월곡동,2023,11,전세,연립다세대,6,21000.0,21433.3,2210.6,20000.0,22450.0,,,,4,0
성북구,하월곡동,2023,11,전세,오피스텔,4,14500.0,17250.0,5852.3,14000.0,17750.0,,,,4,0
성북구,하월곡동,2023,12,월세,연립다세대,7,5102.0,7014.6,6292.9,1500.0,12500.0,50.0,52.43,32.88,7,0
성북구,하월곡동,2023,12,월세,오피스텔,3,1000.0,1333.3,577.4,1000.0,1500.0,65.0,82.67,32.35,3,0
성북구,하월곡동,2023,12,전세,연립다세대,4,22325.0,23162.5,4283.2,21225.0,24262.5,,,,2,0
성북구,하월곡동,2023,12,전세,오피스텔,3,14000.0,14400.0,964.4,13850.0,14750.0,,,,3,0
성북구,하월곡동,2024,1,월세,연립다세대,10,1000.0,3300.0,6583.6,1000.0,1750.0,70.0,72.3,24.1,10,0
성북구,하월곡동,2024,1,월세,오피스텔,7,1000.0,1285.7,755.9,1000.0,1000.0,72.0,69.71,11.63,6,0
성북구,하월곡동,2024,1,전세,연립다세대,14,22950.0,21721.4,5023.7,19000.0,24400.0,,,,10,0
성북구,하월곡동,2024,1,전세,오피스텔,3,28000.0,27333.3,13012.8,21000.0,34000.0,,,,2,0
성북구,하월곡동,2024,2,월세,연립다세대,11,1000.0,2590.9,4005.1,1000.0,2000.0,85.0,81.91,40.56,11,0
성북구,하월곡동,2024,2,월세,오피스텔,4,2850.0,3175.0,1456.9,2000.0,4025.0,122.5,118.75,63.56,4,0
성북구,하월곡동,2024,2,전세,연립다세대,7,18700.0,19171.4,5629.3,17000.0,24000.0,,,,4,0
성북구,하월곡동,2024,2,전세,오피스텔,8,21250.0,20542.5,4905.5,16660.0,25050.0,,,,7,0
성북구,하월곡동,2024,3,월세,연립다세대,5,2000.0,3800.0,3834.1,1000.0,5000.0,70.0,71.0,20.74,5,0
성북구,하월곡동,2024,3,월세,오피스텔,2,1000.0,1000.0,0.0,1000.0,1000.0,107.5,107.5,31.82,2,0
성북구,하월곡동,2024,3,전세,연립다세대,5,26000.0,23200.0,8167.0,24000.0,28000.0,,,,3,0
성북구,하월곡동,2024,3,전세,오피스텔,4,15900.0,17700.0,4222.2,15600.0,18000.0,,,,3,0
성북구,하월곡동,2024,4,월세,연립다세대,5,1000.0,3460.0,4099.8,1000.0,5000.0,45.0,50.0,9.35,5,0
성북구,하월곡동,2024,4,월세,오피스텔,4,1000.0,1000.0,0.0,1000.0,1000.0,67.5,66.25,10.31,2,0
성북구,하월곡동,2024,4,전세,연립다세대,8,17500.0,18375.0,5804.9,14500.0,23500.0,,,,8,0
성북구,하월곡동,2024,4,전세,오피스텔,1,18000.0,18000.0,,18000.0,18000.0,,,,1,0
성북구,하월곡동,2024,5,월세,연립다세대,6,4584.0,5861.3,3853.3,4042.0,6500.0,52.5,43.83,25.73,3,0
성북구,하월곡동,2024,5,월세,오피스텔,4,2500.0,5500.0,6350.9,2000.0,6000.0,100.0,103.75,38.6,4,0
성북구,하월곡동,2024,5,전세,연립다세대,11,21000.0,23195.5,5927.1,20000.0,27500.0,,,,10,0
성북구,하월곡동,2024,5,전세,오피스텔,2,21500.0,21500.0,9192.4,18250.0,24750.0,,,,2,0
성북구,하월곡동,2024,6,월세,연립다세대,12,1567.5,8986.6,12766.4,1000.0,11403.0,47.5,56.42,35.41,11,0
성북구,하월곡동,2024,6,월세,오피스텔,3,1000.0,2333.3,2309.4,1000.0,3000.0,68.0,68.33,11.5,3,0
성북구,하월곡동,2024,6,전세,연립다세대,7,18000.0,20971.4,5675.0,16900.0,25000.0,,,,7,0
성북구,하월곡동,2024,6,전세,오피스텔,3,25000.0,32666.7,15044.4,24000.0,37500.0,,,,3,0
성북구,하월곡동,2024,7,월세,연립다세대,4,3500.0,7500.0,8346.7,3000.0,8000.0,70.0,58.75,29.55,3,0
성북구,하월곡동,2024,7,월세,오피스텔,4,1500.0,1525.0,1252.7,775.0,2250.0,62.5,70.0,21.21,4,0
성북구,하월곡동,2024,7,전세,연립다세대,14,24587.5,21596.4,6388.3,20000.0,25000.0,,,,11,0
성북구,하월곡동,2024,7,전세,오피스텔,2,31200.0,31200.0,20930.4,23800.0,38600.0,,,,1,0
성북구,하월곡동,2024,8,월세,연립다세대,8,3287.0,4509.2,4041.9,1750.0,6000.0,77.0,67.12,39.0,6,0
성북구,하월곡동,2024,8,월세,오피스텔,4,1500.0,1775.0,1674.1,775.0,2500.0,72.5,78.75,22.5,4,0
성북구,하월곡동,2024,8,전세,연립다세대,8,29000.0,29802.5,4035.6,26490.0,30750.0,,,,4,0
성북구,하월곡동,2024,8,전세,오피스텔,6,23000.0,25133.3,14844.1,17000.0,23000.0,,,,6,0
성북구,하월곡동,2024,9,월세,연립다세대,3,5000.0,5000.0,2000.0,4000.0,6000.0,80.0,71.67,28.43,3,0
성북구,하월곡동,2024,9,월세,오피스텔,4,1500.0,6275.0,10512.0,775.0,7000.0,62.5,51.25,24.28,4,0
성북구,하월곡동,2024,9,전세,연립다세대,5,25200.0,23680.0,3176.8,22000.0,25200.0,,,,5,0
성북구,하월곡동,2024,9,전세,오피스텔,2,46500.0,46500.0,10606.6,42750.0,50250.0,,,,2,0
성북구,하월곡동,2024,10,월세,연립다세대,5,11500.0,10800.0,5751.1,11500.0,15000.0,40.0,35.0,15.0,5,0
성북구,하월곡동,2024,10,월세,오피스텔,3,1000.0,1333.3,577.4,1000.0,1500.0,60.0,61.67,7.64,3,0
성북구,하월곡동,2024,10,전세,연립다세대,6,22475.0,25125.0,7236.4,19162.5,31750.0,,,,4,0
성북구,하월곡동,2024,10,전세,오피스텔,1,13830.0,13830.0,,13830.0,13830.0,,,,1,0
성북구,하월곡동,2024,11,월세,연립다세대,4,750.0,5700.0,10204.2,450.0,6000.0,63.5,55.5,36.02,4,0
성북구,하월곡동,2024,11,월세,오피스텔,7,5000.0,11142.9,12375.1,3500.0,17500.0,65.0,60.0,36.51,5,0
성북구,하월곡동,2024,11,전세,연립다세대,11,18000.0,16863.6,3322.1,16350.0,18800.0,,,,9,0
성북구,하월곡동,2024,11,전세,오피스텔,4,24650.0,26075.0,11157.5,21500.0,29225.0,,,,3,0
성북구,하월곡동,2024,12,월세,연립다세대,11,1773.0,3206.6,5959.6,1000.0,2000.0,70.0,74.82,37.35,10,0
성북구,하월곡동,2024,12,월세,오피스텔,5,3000.0,10600.0,13813.0,1000.0,15000.0,55.0,60.0,37.91,5,0
성북구,하월곡동,2024,12,전세,연립다세대,4,20000.0,19250.0,5188.1,16000.0,23250.0,,,,4,0
성북구,하월곡동,2024,12,전세,오피스텔,6,15400.0,17800.0,5692.7,13450.0,22652.5,,,,6,0
성북구,하월곡동,2025,1,월세,연립다세대,19,1000.0,4431.1,7226.8,750.0,3000.0,70.0,63.37,28.46,17,0
성북구,하월곡동,2025,1,월세,오피스텔,6,3000.0,4016.7,4079.4,3000.0,3000.0,82.5,85.5,56.44,6,0
성북구,하월곡동,2025,1,전세,연립다세대,6,21200.0,22550.0,7588.9,19400.0,23000.0,,,,5,0
성북구,하월곡동,2025,1,전세,오피스텔,4,15450.0,17350.0,6360.6,13875.0,18925.0,,,,3,0
성북구,하월곡동,2025,2,월세,연립다세대,11,1000.0,1681.8,1309.1,1000.0,2000.0,89.0,93.27,35.29,9,0
성북구,하월곡동,2025,2,월세,오피스텔,3,1000.0,1433.3,1401.2,650.0,2000.0,95.0,85.0,21.79,3,0
성북구,하월곡동,2025,2,전세,연립다세대,3,22000.0,21500.0,9260.1,17000.0,26250.0,,,,3,0
성북구,하월곡동,2025,2,전세,오피스텔,1,18000.0,18000.0,,18000.0,18000.0,,,,1,0
성북구,하월곡동,2025,3,월세,연립다세대,8,963.5,4853.4,6969.4,450.0,6750.0,62.5,68.0,44.92,6,0
성북구,하월곡동,2025,3,월세,오피스텔,2,2500.0,2500.0,707.1,2250.0,2750.0,114.0,114.0,76.37,2,0
성북구,하월곡동,2025,3,전세,연립다세대,5,24500.0,23400.0,2485.0,24000.0,24500.0,,,,4,0
성북구,하월곡동,2025,3,전세,오피스텔,2,16400.0,16400.0,848.5,16100.0,16700.0,,,,2,0
성북구,하월곡동,2025,4,월세,연립다세대,4,2695.0,2531.8,1868.8,1550.0,3676.75,42.5,46.25,39.87,2,0
성북구,하월곡동,2025,4,월세,오피스텔,1,10000.0,10000.0,,10000.0,10000.0,90.0,90.0,,1,0
성북구,하월곡동,2025,4,전세,연립다세대,4,24500.0,25150.0,4482.2,22400.0,27250.0,,,,3,0
성북구,하월곡동,2025,4,전세,오피스텔,1,23700.0,23700.0,,23700.0,23700.0,,,,1,0
성북구,하월곡동,2025,5,월세,연립다세대,6,2500.0,2883.3,1855.2,2000.0,4500.0,72.5,68.17,16.19,4,0
성북구,하월곡동,2025,5,월세,오피스텔,2,21000.0,21000.0,5656.9,19000.0,23000.0,7.5,7.5,3.54,2,0
성북구,하월곡동,2025,5,전세,연립다세대,7,22900.0,22714.3,2777.5,21450.0,25000.0,,,,6,0
성북구,하월곡동,2025,6,월세,연립다세대,10,4000.0,7250.0,9034.7,2250.0,7250.0,65.0,66.3,25.13,9,0
성북구,하월곡동,2025,6,월세,오피스텔,5,2000.0,2000.0,1000.0,1000.0,3000.0,60.0,61.0,4.18,5,0
성북구,하월곡동,2025,6,전세,연립다세대,3,19000.0,19000.0,1000.0,18500.0,19500.0,,,,2,0
성북구,하월곡동,2025,6,전세,오피스텔,5,23500.0,23800.0,9167.6,15800.0,26000.0,,,,3,0
성북구,하월곡동,2025,7,월세,연립다세대,8,1500.0,8100.0,10117.5,500.0,18800.0,51.5,43.62,26.62,8,0
성북구,하월곡동,2025,7,월세,오피스텔,7,1000.0,2100.0,3728.3,550.0,1000.0,65.0,59.71,13.19,6,0
성북구,하월곡동,2025,7,전세,연립다세대,4,17900.0,19175.0,2550.0,17900.0,19175.0,,,,4,0
성북구,하월곡동,2025,7,전세,오피스텔,5,24000.0,23480.0,10707.6,15000.0,25400.0,,,,4,0
성북구,하월곡동,2025,8,월세,연립다세대,9,1000.0,3766.7,7147.2,400.0,4000.0,70.0,68.0,30.55,9,0
성북구,하월곡동,2025,8,월세,오피스텔,4,1000.0,1525.0,1703.7,775.0,1750.0,75.0,83.75,24.96,4,0
성북구,하월곡동,2025,8,전세,연립다세대,1,35000.0,35000.0,,35000.0,35000.0,,,,1,0
성북구,하월곡동,2025,9,월세,연립다세대,1,1000.0,1000.0,,1000.0,1000.0,90.0,90.0,,1,0
성북구,하월곡동,2025,9,월세,오피스텔,5,2000.0,2200.0,836.7,2000.0,3000.0,110.0,106.0,23.02,4,0
성북구,하월곡동,2025,9,전세,연립다세대,2,29000.0,29000.0,9899.5,25500.0,32500.0,,,,0,0
성북구,하월곡동,2025,9,전세,오피스텔,4,18750.0,18662.5,7040.8,12787.5,24625.0,,,,3,0
성북구,하월곡동,2025,10,월세,연립다세대,3,5000.0,4000.0,2645.8,3000.0,5500.0,68.0,70.67,8.33,3,0
성북구,하월곡동,2025,10,월세,오피스텔,3,1000.0,1366.7,1484.4,550.0,2000.0,80.0,82.67,16.17,2,0
성북구,하월곡동,2025,10,전세,연립다세대,2,28500.0,28500.0,12020.8,24250.0,32750.0,,,,2,0
성북구,하월곡동,2025,10,전세,오피스텔,3,14700.0,23950.0,18274.4,13425.0,29850.0,,,,3,0
성북구,하월곡동,2025,11,월세,연립다세대,12,1500.0,7324.6,10718.1,875.0,9657.25,50.0,49.75,26.69,10,0
성북구,하월곡동,2025,11,월세,오피스텔,3,5000.0,5333.3,4509.2,3000.0,7500.0,85.0,84.33,16.01,3,0
성북구,하월곡동,2025,11,전세,연립다세대,5,23300.0,24560.0,3189.5,22600.0,25000.0,,,,2,0
성북구,하월곡동,2025,11,전세,오피스텔,3,15500.0,17410.0,4204.1,15000.0,18865.0,,,,2,0
성북구,하월곡동,2025,12,월세,연립다세대,11,1000.0,4550.5,5778.2,500.0,9150.0,45.0,46.36,22.52,9,0
성북구,하월곡동,2025,12,월세,오피스텔,8,2500.0,2625.0,1407.9,1750.0,3250.0,92.5,97.25,34.46,7,0
성북구,하월곡동,2025,12,전세,연립다세대,3,23650.0,26216.7,9756.6,20825.0,30325.0,,,,2,0
성북구,하월곡동,2025,12,전세,오피스텔,4,15400.0,17800.0,5496.7,14850.0,18350.0,,,,3,0
성북구,하월곡동,2026,1,월세,연립다세대,12,1000.0,2875.0,5214.2,1000.0,1250.0,60.0,62.0,24.93,10,1
성북구,하월곡동,2026,1,월세,오피스텔,8,1500.0,4142.5,5012.5,825.0,6687.5,70.0,58.88,34.29,7,1
성북구,하월곡동,2026,1,전세,연립다세대,6,20500.0,20966.7,6771.9,16525.0,25750.0,,,,4,1
성북구,하월곡동,2026,1,전세,오피스텔,4,14450.0,16557.5,5728.2,13582.5,17425.0,,,,4,1
성북구,하월곡동,2026,2,월세,연립다세대,10,1000.0,2910.9,6375.1,625.0,1000.0,64.5,65.1,28.0,9,1
성북구,하월곡동,2026,2,월세,오피스텔,11,1000.0,2072.7,1489.4,1000.0,2900.0,80.0,81.36,21.92,10,1
성북구,하월곡동,2026,2,전세,연립다세대,3,25000.0,25000.0,0.0,25000.0,25000.0,,,,3,1
성북구,하월곡동,2026,3,월세,연립다세대,8,750.0,4031.2,7796.0,300.0,3250.0,68.0,63.88,29.74,7,1
성북구,하월곡동,2026,3,월세,오피스텔,3,1000.0,1333.3,577.4,1000.0,1500.0,84.0,78.0,15.87,3,1
성북구,하월곡동,2026,3,전세,연립다세대,3,18000.0,17333.3,7023.8,14000.0,21000.0,,,,2,1
성북구,하월곡동,2026,3,전세,오피스텔,15,15600.0,17055.0,4157.5,14550.0,15850.0,,,,9,1
성북구,하월곡동,2026,4,월세,연립다세대,8,1500.0,5687.5,6551.6,1000.0,11000.0,55.0,52.62,19.73,7,1
성북구,하월곡동,2026,4,월세,오피스텔,2,3650.0,3650.0,919.2,3325.0,3975.0,59.0,59.0,12.73,2,1
성북구,하월곡동,2026,4,전세,연립다세대,6,23500.0,24333.3,4885.4,23000.0,24750.0,,,,4,1
성북구,하월곡동,2026,4,전세,오피스텔,2,19745.0,19745.0,7431.7,17117.5,22372.5,,,,1,1
성북구,하월곡동,2026,5,월세,연립다세대,8,1451.0,4629.0,6448.8,790.75,5500.0,19.0,36.88,34.78,3,1
성북구,하월곡동,2026,5,월세,오피스텔,1,1000.0,1000.0,,1000.0,1000.0,63.0,63.0,,1,1
성북구,하월곡동,2026,5,전세,연립다세대,3,29200.0,28966.7,6853.0,25600.0,32450.0,,,,0,1
성북구,하월곡동,2026,5,전세,오피스텔,2,14750.0,14750.0,353.6,14625.0,14875.0,,,,2,1
성북구,하월곡동,2026,6,월세,연립다세대,15,2000.0,2242.0,1910.8,707.5,3833.0,37.0,45.13,28.81,12,1
성북구,하월곡동,2026,6,월세,오피스텔,1,3000.0,3000.0,,3000.0,3000.0,125.0,125.0,,1,1
성북구,하월곡동,2026,6,전세,연립다세대,5,23800.0,25050.0,4392.6,23000.0,27000.0,,,,3,1
성북구,하월곡동,2026,6,전세,오피스텔,2,22220.0,22220.0,1385.9,21730.0,22710.0,,,,2,1
성북구,하월곡동,2026,7,월세,연립다세대,8,3000.0,6037.5,10419.6,1000.0,3625.0,72.5,82.0,52.83,5,1
성북구,하월곡동,2026,7,월세,오피스텔,4,1000.0,2000.0,2000.0,1000.0,2000.0,68.0,71.5,14.11,3,1
성북구,하월곡동,2026,7,전세,연립다세대,4,17500.0,19250.0,9429.6,13750.0,23000.0,,,,4,1
성북구,하월곡동,2026,7,전세,오피스텔,2,15350.0,15350.0,495.0,15175.0,15525.0,,,,2,1
성북구,하월곡동,2026,8,월세,연립다세대,9,4079.0,7146.6,8341.5,1701.0,10000.0,53.0,56.11,49.38,6,1
성북구,하월곡동,2026,8,월세,오피스텔,5,3000.0,4460.0,4707.2,2000.0,3000.0,63.0,65.4,41.27,5,1
성북구,하월곡동,2026,8,전세,연립다세대,6,21600.0,21783.3,6071.1,17400.0,24150.0,,,,4,1
성북구,하월곡동,2026,8,전세,오피스텔,1,18000.0,18000.0,,18000.0,18000.0,,,,1,1
성북구,하월곡동,2026,9,월세,연립다세대,3,1000.0,1301.3,1377.0,550.0,1902.0,29.0,37.33,15.31,3,1
성북구,하월곡동,2026,9,전세,연립다세대,1,22500.0,22500.0,,22500.0,22500.0,,,,1,1
성북구,하월곡동,2026,9,전세,오피스텔,1,27000.0,27000.0,,27000.0,27000.0,,,,1,1
